review_id,brand,model,review_text,aspect,aspect_rating,aspect_sentiment,predicted_sentiment,prediction_confidence
7,Samsung,Galaxy A56 5G,I mostly use it for work and messaging. works well enough for routine photos. it is comfortable to carry and use. the screen feels fairly typical for this class.,camera,3,Neutral,Neutral,0.8867969
7,Samsung,Galaxy A56 5G,I mostly use it for work and messaging. works well enough for routine photos. it is comfortable to carry and use. the screen feels fairly typical for this class.,display,3,Neutral,Neutral,0.89815664
9,OnePlus,OnePlus 13,"the finish looks more premium in person. On the other hand, touch response has occasionally felt delayed. I spend a fair amount of time on maps, media, and social apps. apps move along without much waiting. drain is noticeable mainly with demanding apps. I would choose this one again over the alternatives I considered. I have been using it as my main phone.",battery,4,Positive,Neutral,0.77624923
9,OnePlus,OnePlus 13,"the finish looks more premium in person. On the other hand, touch response has occasionally felt delayed. I spend a fair amount of time on maps, media, and social apps. apps move along without much waiting. drain is noticeable mainly with demanding apps. I would choose this one again over the alternatives I considered. I have been using it as my main phone.",performance,5,Positive,Positive,0.9857918
9,OnePlus,OnePlus 13,"the finish looks more premium in person. On the other hand, touch response has occasionally felt delayed. I spend a fair amount of time on maps, media, and social apps. apps move along without much waiting. drain is noticeable mainly with demanding apps. I would choose this one again over the alternatives I considered. I have been using it as my main phone.",design,5,Positive,Positive,0.9865833
9,OnePlus,OnePlus 13,"the finish looks more premium in person. On the other hand, touch response has occasionally felt delayed. I spend a fair amount of time on maps, media, and social apps. apps move along without much waiting. drain is noticeable mainly with demanding apps. I would choose this one again over the alternatives I considered. I have been using it as my main phone.",display,4,Positive,Positive,0.97206897
13,Apple,iPhone 16,"That said, scrolling can feel less fluid than advertised. usually leaves plenty of charge by bedtime. the phone stays responsive under a busy workload. I spend a fair amount of time on maps, media, and social apps. the controls feel thoughtfully placed.",battery,4,Positive,Positive,0.9886736
13,Apple,iPhone 16,"That said, scrolling can feel less fluid than advertised. usually leaves plenty of charge by bedtime. the phone stays responsive under a busy workload. I spend a fair amount of time on maps, media, and social apps. the controls feel thoughtfully placed.",performance,4,Positive,Positive,0.9769901
15,Apple,iPhone 16,"the phone stays responsive under a busy workload. Still, I rarely think about the battery during the day. Most of my use is fairly ordinary rather than demanding. daylight images are generally fine. brightness is okay for my usual use. it is comfortable enough to use.",battery,5,Positive,Positive,0.46043196
15,Apple,iPhone 16,"the phone stays responsive under a busy workload. Still, I rarely think about the battery during the day. Most of my use is fairly ordinary rather than demanding. daylight images are generally fine. brightness is okay for my usual use. it is comfortable enough to use.",design,3,Neutral,Neutral,0.6526142
15,Apple,iPhone 16,"the phone stays responsive under a busy workload. Still, I rarely think about the battery during the day. Most of my use is fairly ordinary rather than demanding. daylight images are generally fine. brightness is okay for my usual use. it is comfortable enough to use.",display,4,Positive,Neutral,0.87870306
18,Samsung,Galaxy S26 Ultra,the panel is decent without being exceptional. usually leaves plenty of charge by bedtime.,battery,4,Positive,Positive,0.98861337
18,Samsung,Galaxy S26 Ultra,the panel is decent without being exceptional. usually leaves plenty of charge by bedtime.,display,5,Positive,Neutral,0.89434135
25,Apple,iPhone 17,"the screen feels fairly typical for this class. That said, the phone can feel sluggish under load. drain is noticeable mainly with demanding apps. I spend a fair amount of time on maps, media, and social apps.",battery,3,Neutral,Neutral,0.88390386
25,Apple,iPhone 17,"the screen feels fairly typical for this class. That said, the phone can feel sluggish under load. drain is noticeable mainly with demanding apps. I spend a fair amount of time on maps, media, and social apps.",performance,4,Positive,Neutral,0.5690462
25,Apple,iPhone 17,"the screen feels fairly typical for this class. That said, the phone can feel sluggish under load. drain is noticeable mainly with demanding apps. I spend a fair amount of time on maps, media, and social apps.",display,4,Positive,Neutral,0.90379524
27,Nothing,Nothing Phone 3,"One catch is that, colors are pleasing without looking excessive. My view of it has remained fairly balanced. handles normal apps without trouble. is adequate unless I use the phone heavily. autofocus has been reliable in everyday use.",camera,4,Positive,Positive,0.9903985
27,Nothing,Nothing Phone 3,"One catch is that, colors are pleasing without looking excessive. My view of it has remained fairly balanced. handles normal apps without trouble. is adequate unless I use the phone heavily. autofocus has been reliable in everyday use.",performance,3,Neutral,Neutral,0.7968908
27,Nothing,Nothing Phone 3,"One catch is that, colors are pleasing without looking excessive. My view of it has remained fairly balanced. handles normal apps without trouble. is adequate unless I use the phone heavily. autofocus has been reliable in everyday use.",display,4,Positive,Positive,0.7569752
28,Google,Pixel 9a,Most of my use is fairly ordinary rather than demanding. I would not buy this phone again. drain has been impressively low. is adequate for most daily tasks. I use it mostly during a normal workday.,battery,4,Positive,Positive,0.9892903
31,Google,Pixel 10 Pro XL,"That said, colors are not always consistent. the design has grown on me. charging has been quick enough for my routine. I spend a fair amount of time on maps, media, and social apps.",battery,5,Positive,Positive,0.99088895
31,Google,Pixel 10 Pro XL,"That said, colors are not always consistent. the design has grown on me. charging has been quick enough for my routine. I spend a fair amount of time on maps, media, and social apps.",performance,4,Positive,Positive,0.68462324
31,Google,Pixel 10 Pro XL,"That said, colors are not always consistent. the design has grown on me. charging has been quick enough for my routine. I spend a fair amount of time on maps, media, and social apps.",design,5,Positive,Positive,0.9899075
31,Google,Pixel 10 Pro XL,"That said, colors are not always consistent. the design has grown on me. charging has been quick enough for my routine. I spend a fair amount of time on maps, media, and social apps.",display,5,Positive,Positive,0.5046669
32,Apple,iPhone 16,"photos have a pleasing amount of detail. My routine includes calls, photos, and some gaming. performance has been consistently strong.",camera,4,Positive,Positive,0.99024385
32,Apple,iPhone 16,"photos have a pleasing amount of detail. My routine includes calls, photos, and some gaming. performance has been consistently strong.",performance,5,Positive,Positive,0.9892296
34,Xiaomi,Xiaomi 15,"One catch is that, drain has been impressively low. photos have a pleasing amount of detail. the handset feels solid and well put together.",battery,4,Positive,Positive,0.68970233
34,Xiaomi,Xiaomi 15,"One catch is that, drain has been impressively low. photos have a pleasing amount of detail. the handset feels solid and well put together.",camera,4,Positive,Positive,0.990547
35,Xiaomi,Xiaomi 15,I would not buy this phone again. autofocus has been reliable in everyday use. I bought it after comparing a few phones in the same range. looks fine indoors and in shade.,camera,4,Positive,Positive,0.9902969
45,OPPO,Reno 13 Pro,colors are pleasing without looking excessive. I am still undecided about whether I would buy it again. nothing about the finish stands out much. I mostly use it for work and messaging. I have been using it as my main phone.,design,3,Neutral,Neutral,0.8695209
45,OPPO,Reno 13 Pro,colors are pleasing without looking excessive. I am still undecided about whether I would buy it again. nothing about the finish stands out much. I mostly use it for work and messaging. I have been using it as my main phone.,display,5,Positive,Positive,0.98753536
46,Xiaomi,Redmi Note 14 Pro+,Most of my use is fairly ordinary rather than demanding. gaming is okay at moderate settings. the buttons do not feel as refined as I expected. The software has been stable for me so far.,performance,3,Neutral,Neutral,0.9010218
46,Xiaomi,Redmi Note 14 Pro+,Most of my use is fairly ordinary rather than demanding. gaming is okay at moderate settings. the buttons do not feel as refined as I expected. The software has been stable for me so far.,design,2,Negative,Negative,0.8903972
47,OnePlus,OnePlus 13R,"autofocus has been reliable in everyday use. One catch is that, charging takes longer than I would like. the finish looks more premium in person. the panel is decent without being exceptional. the phone stays responsive under a busy workload.",battery,4,Positive,Positive,0.8389733
47,OnePlus,OnePlus 13R,"autofocus has been reliable in everyday use. One catch is that, charging takes longer than I would like. the finish looks more premium in person. the panel is decent without being exceptional. the phone stays responsive under a busy workload.",camera,5,Positive,Positive,0.99056226
47,OnePlus,OnePlus 13R,"autofocus has been reliable in everyday use. One catch is that, charging takes longer than I would like. the finish looks more premium in person. the panel is decent without being exceptional. the phone stays responsive under a busy workload.",design,5,Positive,Positive,0.9858118
47,OnePlus,OnePlus 13R,"autofocus has been reliable in everyday use. One catch is that, charging takes longer than I would like. the finish looks more premium in person. the panel is decent without being exceptional. the phone stays responsive under a busy workload.",display,3,Neutral,Neutral,0.8474682
53,Samsung,Galaxy S25 Ultra,"switching between apps feels effortless. My routine includes calls, photos, and some gaming. the controls feel thoughtfully placed. The software has been stable for me so far.",camera,5,Positive,Positive,0.59979206
53,Samsung,Galaxy S25 Ultra,"switching between apps feels effortless. My routine includes calls, photos, and some gaming. the controls feel thoughtfully placed. The software has been stable for me so far.",performance,5,Positive,Positive,0.9868717
54,Nothing,Nothing Phone 3,"works well enough for routine photos. brightness is okay for my usual use. One catch is that, it needs a top-up before the day is over. I mostly use it for work and messaging.",camera,4,Positive,Neutral,0.8876859
54,Nothing,Nothing Phone 3,"works well enough for routine photos. brightness is okay for my usual use. One catch is that, it needs a top-up before the day is over. I mostly use it for work and messaging.",display,3,Neutral,Neutral,0.8896189
58,Samsung,Galaxy S26,switching between apps feels effortless. it is comfortable to carry and use. touch response has been dependable. The software has been stable for me so far.,performance,4,Positive,Positive,0.98693454
58,Samsung,Galaxy S26,switching between apps feels effortless. it is comfortable to carry and use. touch response has been dependable. The software has been stable for me so far.,display,4,Positive,Positive,0.9899108
60,Xiaomi,Xiaomi 15,"That said, scrolling feels fluid on the high refresh rate. drain is noticeable mainly with demanding apps. daylight shots come out crisp and detailed. apps move along without much waiting. feels familiar rather than distinctive. I mostly use it for work and messaging.",battery,3,Neutral,Neutral,0.857491
60,Xiaomi,Xiaomi 15,"That said, scrolling feels fluid on the high refresh rate. drain is noticeable mainly with demanding apps. daylight shots come out crisp and detailed. apps move along without much waiting. feels familiar rather than distinctive. I mostly use it for work and messaging.",performance,4,Positive,Positive,0.97939414
60,Xiaomi,Xiaomi 15,"That said, scrolling feels fluid on the high refresh rate. drain is noticeable mainly with demanding apps. daylight shots come out crisp and detailed. apps move along without much waiting. feels familiar rather than distinctive. I mostly use it for work and messaging.",design,3,Neutral,Positive,0.8283818
60,Xiaomi,Xiaomi 15,"That said, scrolling feels fluid on the high refresh rate. drain is noticeable mainly with demanding apps. daylight shots come out crisp and detailed. apps move along without much waiting. feels familiar rather than distinctive. I mostly use it for work and messaging.",display,4,Positive,Positive,0.93320066
65,Motorola,Razr 60 Ultra,"I have more complaints than I expected to have. My routine includes calls, photos, and some gaming. looks fine indoors and in shade. is fine for browsing and messaging. I have been using it as my main phone.",camera,4,Positive,Neutral,0.5712286
65,Motorola,Razr 60 Ultra,"I have more complaints than I expected to have. My routine includes calls, photos, and some gaming. looks fine indoors and in shade. is fine for browsing and messaging. I have been using it as my main phone.",performance,3,Neutral,Neutral,0.6338031
71,Samsung,Galaxy Z Flip7,"the build is reasonable for the price. the panel looks bright in most situations. At the same time, switching between heavier apps is not always smooth. I spend a fair amount of time on maps, media, and social apps.",performance,5,Positive,Positive,0.5620695
71,Samsung,Galaxy Z Flip7,"the build is reasonable for the price. the panel looks bright in most situations. At the same time, switching between heavier apps is not always smooth. I spend a fair amount of time on maps, media, and social apps.",design,3,Neutral,Neutral,0.9011106
71,Samsung,Galaxy Z Flip7,"the build is reasonable for the price. the panel looks bright in most situations. At the same time, switching between heavier apps is not always smooth. I spend a fair amount of time on maps, media, and social apps.",display,5,Positive,Positive,0.98885393
72,Xiaomi,Xiaomi 15 Ultra,"the panel looks bright in most situations. One catch is that, it needs a top-up before the day is over. I bought it after comparing a few phones in the same range. It has earned a place as my main phone. night shots are cleaner than I expected. switching between apps feels effortless.",performance,5,Positive,Positive,0.9883585
72,Xiaomi,Xiaomi 15 Ultra,"the panel looks bright in most situations. One catch is that, it needs a top-up before the day is over. I bought it after comparing a few phones in the same range. It has earned a place as my main phone. night shots are cleaner than I expected. switching between apps feels effortless.",display,5,Positive,Positive,0.9897076
75,Google,Pixel 10 Pro,"works well enough for routine photos. I have more complaints than I expected to have. I spend a fair amount of time on maps, media, and social apps. gaming is okay at moderate settings.",camera,3,Neutral,Neutral,0.87930155
75,Google,Pixel 10 Pro,"works well enough for routine photos. I have more complaints than I expected to have. I spend a fair amount of time on maps, media, and social apps. gaming is okay at moderate settings.",performance,4,Positive,Neutral,0.8677206
78,Google,Pixel 9a,"the handset feels solid and well put together. My routine includes calls, photos, and some gaming. is fine for browsing and messaging. I am already considering a different phone next time. I use it mostly during a normal workday.",camera,2,Negative,Neutral,0.57324415
78,Google,Pixel 9a,"the handset feels solid and well put together. My routine includes calls, photos, and some gaming. is fine for browsing and messaging. I am already considering a different phone next time. I use it mostly during a normal workday.",performance,3,Neutral,Neutral,0.64456815
82,Apple,iPhone 17,It has earned a place as my main phone. text stays sharp and easy to read. handles normal apps without trouble. I use it mostly during a normal workday.,performance,5,Positive,Positive,0.70253056
95,Google,Pixel 10 Pro XL,It depends on which features matter most to the buyer. nothing about the finish stands out much. I mostly use it for work and messaging. handles normal apps without trouble.,performance,3,Neutral,Neutral,0.837049
95,Google,Pixel 10 Pro XL,It depends on which features matter most to the buyer. nothing about the finish stands out much. I mostly use it for work and messaging. handles normal apps without trouble.,design,5,Positive,Neutral,0.8741153
98,Apple,iPhone 17 Pro Max,"usually leaves plenty of charge by bedtime. colors are pleasing without looking excessive. apps move along without much waiting. I spend a fair amount of time on maps, media, and social apps.",battery,4,Positive,Positive,0.98845184
98,Apple,iPhone 17 Pro Max,"usually leaves plenty of charge by bedtime. colors are pleasing without looking excessive. apps move along without much waiting. I spend a fair amount of time on maps, media, and social apps.",performance,4,Positive,Positive,0.98615533
98,Apple,iPhone 17 Pro Max,"usually leaves plenty of charge by bedtime. colors are pleasing without looking excessive. apps move along without much waiting. I spend a fair amount of time on maps, media, and social apps.",display,4,Positive,Positive,0.99027926
101,Realme,Realme GT 7,"is fine for browsing and messaging. looks fine indoors and in shade. On the other hand, charging has been quick enough for my routine. it is comfortable to carry and use.",battery,4,Positive,Neutral,0.55368423
104,Samsung,Galaxy S25 Ultra,"I would happily buy this phone again. Still, longer gaming sessions can introduce stutter. I spend a fair amount of time on maps, media, and social apps. scrolling feels fluid on the high refresh rate. gets through a normal day for me. I use it mostly during a normal workday.",performance,4,Positive,Positive,0.89115816
104,Samsung,Galaxy S25 Ultra,"I would happily buy this phone again. Still, longer gaming sessions can introduce stutter. I spend a fair amount of time on maps, media, and social apps. scrolling feels fluid on the high refresh rate. gets through a normal day for me. I use it mostly during a normal workday.",display,4,Positive,Positive,0.9910431
110,OnePlus,OnePlus 13,feels familiar rather than distinctive. autofocus has been reliable in everyday use. Most of my use is fairly ordinary rather than demanding.,camera,4,Positive,Positive,0.99076533
111,Google,Pixel 10 Pro,"is fine for browsing and messaging. The strengths make it easy for me to recommend. nothing about the finish stands out much. the panel looks bright in most situations. My routine includes calls, photos, and some gaming. the camera handles portraits with good separation.",camera,5,Positive,Positive,0.98894894
111,Google,Pixel 10 Pro,"is fine for browsing and messaging. The strengths make it easy for me to recommend. nothing about the finish stands out much. the panel looks bright in most situations. My routine includes calls, photos, and some gaming. the camera handles portraits with good separation.",performance,3,Neutral,Positive,0.5578206
111,Google,Pixel 10 Pro,"is fine for browsing and messaging. The strengths make it easy for me to recommend. nothing about the finish stands out much. the panel looks bright in most situations. My routine includes calls, photos, and some gaming. the camera handles portraits with good separation.",design,3,Neutral,Neutral,0.8440923
111,Google,Pixel 10 Pro,"is fine for browsing and messaging. The strengths make it easy for me to recommend. nothing about the finish stands out much. the panel looks bright in most situations. My routine includes calls, photos, and some gaming. the camera handles portraits with good separation.",display,5,Positive,Positive,0.9890809
122,OnePlus,OnePlus 13T,"it is comfortable to carry and use. One catch is that, performance has been less consistent than I hoped. brightness is okay for my usual use.",performance,5,Positive,Neutral,0.6169503
122,OnePlus,OnePlus 13T,"it is comfortable to carry and use. One catch is that, performance has been less consistent than I hoped. brightness is okay for my usual use.",display,4,Positive,Neutral,0.8862043
126,Google,Pixel 9a,"usually leaves plenty of charge by bedtime. One catch is that, the finish looks more premium in person. daylight images are generally fine. I spend a fair amount of time on maps, media, and social apps.",battery,4,Positive,Positive,0.9881576
126,Google,Pixel 9a,"usually leaves plenty of charge by bedtime. One catch is that, the finish looks more premium in person. daylight images are generally fine. I spend a fair amount of time on maps, media, and social apps.",performance,4,Positive,Positive,0.6569234
126,Google,Pixel 9a,"usually leaves plenty of charge by bedtime. One catch is that, the finish looks more premium in person. daylight images are generally fine. I spend a fair amount of time on maps, media, and social apps.",design,2,Negative,Positive,0.67153513
135,Motorola,Razr 60 Ultra,"I mostly use it for work and messaging. feels familiar rather than distinctive. That said, apps move along without much waiting. night shots are usable with some patience.",performance,3,Neutral,Positive,0.5079202
137,OPPO,Find N5,"One catch is that, scrolling feels fluid on the high refresh rate. I spend a fair amount of time on maps, media, and social apps. daylight images are generally fine. apps move along without much waiting. it needs a top-up before the day is over. the handset feels solid and well put together.",performance,4,Positive,Positive,0.9853242
137,OPPO,Find N5,"One catch is that, scrolling feels fluid on the high refresh rate. I spend a fair amount of time on maps, media, and social apps. daylight images are generally fine. apps move along without much waiting. it needs a top-up before the day is over. the handset feels solid and well put together.",design,4,Positive,Positive,0.9025869
137,OPPO,Find N5,"One catch is that, scrolling feels fluid on the high refresh rate. I spend a fair amount of time on maps, media, and social apps. daylight images are generally fine. apps move along without much waiting. it needs a top-up before the day is over. the handset feels solid and well put together.",display,2,Negative,Positive,0.8244747
142,Google,Pixel 9a,"feels familiar rather than distinctive. the camera is capable without being remarkable. switching between heavier apps is not always smooth. I spend a fair amount of time on maps, media, and social apps. On the other hand, the panel looks bright in most situations. gets through a normal day for me.",camera,3,Neutral,Neutral,0.8835149
142,Google,Pixel 9a,"feels familiar rather than distinctive. the camera is capable without being remarkable. switching between heavier apps is not always smooth. I spend a fair amount of time on maps, media, and social apps. On the other hand, the panel looks bright in most situations. gets through a normal day for me.",performance,2,Negative,Negative,0.99295443
142,Google,Pixel 9a,"feels familiar rather than distinctive. the camera is capable without being remarkable. switching between heavier apps is not always smooth. I spend a fair amount of time on maps, media, and social apps. On the other hand, the panel looks bright in most situations. gets through a normal day for me.",display,4,Positive,Negative,0.97949696
148,Samsung,Galaxy S25 Ultra,"On the other hand, switching between heavier apps is not always smooth. I would happily buy this phone again. I mostly use it for work and messaging. the camera handles portraits with good separation. the design has grown on me. text stays sharp and easy to read.",camera,4,Positive,Positive,0.9899856
148,Samsung,Galaxy S25 Ultra,"On the other hand, switching between heavier apps is not always smooth. I would happily buy this phone again. I mostly use it for work and messaging. the camera handles portraits with good separation. the design has grown on me. text stays sharp and easy to read.",performance,4,Positive,Positive,0.9020472
148,Samsung,Galaxy S25 Ultra,"On the other hand, switching between heavier apps is not always smooth. I would happily buy this phone again. I mostly use it for work and messaging. the camera handles portraits with good separation. the design has grown on me. text stays sharp and easy to read.",design,4,Positive,Positive,0.98942727
153,Motorola,Moto G Power 2025,I rarely think about the battery during the day. the design is functional and straightforward. multitasking is acceptable for my routine.,battery,5,Positive,Positive,0.9758179
153,Motorola,Moto G Power 2025,I rarely think about the battery during the day. the design is functional and straightforward. multitasking is acceptable for my routine.,performance,3,Neutral,Neutral,0.82665116
153,Motorola,Moto G Power 2025,I rarely think about the battery during the day. the design is functional and straightforward. multitasking is acceptable for my routine.,design,3,Neutral,Neutral,0.90107864
154,Nothing,Phone 2a Plus,is adequate for most daily tasks. I rarely think about the battery during the day. switching between apps feels effortless. My view of it has remained fairly balanced.,battery,4,Positive,Positive,0.9845969
154,Nothing,Phone 2a Plus,is adequate for most daily tasks. I rarely think about the battery during the day. switching between apps feels effortless. My view of it has remained fairly balanced.,performance,4,Positive,Positive,0.98782873
156,Motorola,Moto G Power 2025,"apps can hesitate at awkward times. some parts of the finish seem easy to mark. charging has been quick enough for my routine. outdoor brightness can be limiting. That said, photos have a pleasing amount of detail. I mostly use it for work and messaging. The software has been stable for me so far.",battery,4,Positive,Positive,0.99070686
156,Motorola,Moto G Power 2025,"apps can hesitate at awkward times. some parts of the finish seem easy to mark. charging has been quick enough for my routine. outdoor brightness can be limiting. That said, photos have a pleasing amount of detail. I mostly use it for work and messaging. The software has been stable for me so far.",camera,3,Neutral,Negative,0.7744519
156,Motorola,Moto G Power 2025,"apps can hesitate at awkward times. some parts of the finish seem easy to mark. charging has been quick enough for my routine. outdoor brightness can be limiting. That said, photos have a pleasing amount of detail. I mostly use it for work and messaging. The software has been stable for me so far.",performance,1,Negative,Negative,0.99239916
156,Motorola,Moto G Power 2025,"apps can hesitate at awkward times. some parts of the finish seem easy to mark. charging has been quick enough for my routine. outdoor brightness can be limiting. That said, photos have a pleasing amount of detail. I mostly use it for work and messaging. The software has been stable for me so far.",design,2,Negative,Negative,0.99008906
156,Motorola,Moto G Power 2025,"apps can hesitate at awkward times. some parts of the finish seem easy to mark. charging has been quick enough for my routine. outdoor brightness can be limiting. That said, photos have a pleasing amount of detail. I mostly use it for work and messaging. The software has been stable for me so far.",display,2,Negative,Negative,0.9935549
160,Nothing,Phone 2a Plus,"I spend a fair amount of time on maps, media, and social apps. battery performance has been about what I expected. the design is functional and straightforward. is adequate for most daily tasks.",battery,3,Neutral,Neutral,0.8879563
160,Nothing,Phone 2a Plus,"I spend a fair amount of time on maps, media, and social apps. battery performance has been about what I expected. the design is functional and straightforward. is adequate for most daily tasks.",performance,1,Negative,Positive,0.46079433
160,Nothing,Phone 2a Plus,"I spend a fair amount of time on maps, media, and social apps. battery performance has been about what I expected. the design is functional and straightforward. is adequate for most daily tasks.",design,3,Neutral,Neutral,0.901245
161,Motorola,Moto G Power 2025,"multitasking is acceptable for my routine. holds up really well through a long day. My routine includes calls, photos, and some gaming. night shots are usable with some patience. looks fine indoors and in shade. I regret some parts of the purchase.",camera,3,Neutral,Neutral,0.75844806
161,Motorola,Moto G Power 2025,"multitasking is acceptable for my routine. holds up really well through a long day. My routine includes calls, photos, and some gaming. night shots are usable with some patience. looks fine indoors and in shade. I regret some parts of the purchase.",performance,3,Neutral,Neutral,0.8568208
170,OPPO,Find N5,"colors are pleasing without looking excessive. At the same time, the finish looks more premium in person. charging speed is fairly ordinary. is fine for browsing and messaging.",battery,2,Negative,Neutral,0.9078133
170,OPPO,Find N5,"colors are pleasing without looking excessive. At the same time, the finish looks more premium in person. charging speed is fairly ordinary. is fine for browsing and messaging.",design,4,Positive,Neutral,0.55328876
170,OPPO,Find N5,"colors are pleasing without looking excessive. At the same time, the finish looks more premium in person. charging speed is fairly ordinary. is fine for browsing and messaging.",display,4,Positive,Positive,0.9883046
174,OnePlus,OnePlus 13,"I spend a fair amount of time on maps, media, and social apps. daylight shots come out crisp and detailed. gaming is okay at moderate settings. the panel looks bright in most situations. the design has grown on me.",performance,5,Positive,Neutral,0.8734122
174,OnePlus,OnePlus 13,"I spend a fair amount of time on maps, media, and social apps. daylight shots come out crisp and detailed. gaming is okay at moderate settings. the panel looks bright in most situations. the design has grown on me.",design,4,Positive,Positive,0.9875606
174,OnePlus,OnePlus 13,"I spend a fair amount of time on maps, media, and social apps. daylight shots come out crisp and detailed. gaming is okay at moderate settings. the panel looks bright in most situations. the design has grown on me.",display,4,Positive,Positive,0.9856124
177,Xiaomi,Redmi Note 14 Pro+,"On the other hand, the phone stays responsive under a busy workload. it is comfortable enough to use. battery performance has been about what I expected. I mostly use it for work and messaging. touch response has been dependable.",battery,3,Neutral,Neutral,0.88845253
177,Xiaomi,Redmi Note 14 Pro+,"On the other hand, the phone stays responsive under a busy workload. it is comfortable enough to use. battery performance has been about what I expected. I mostly use it for work and messaging. touch response has been dependable.",performance,1,Negative,Positive,0.9200708
177,Xiaomi,Redmi Note 14 Pro+,"On the other hand, the phone stays responsive under a busy workload. it is comfortable enough to use. battery performance has been about what I expected. I mostly use it for work and messaging. touch response has been dependable.",display,4,Positive,Positive,0.9904503
178,Xiaomi,Xiaomi 15 Ultra,the phone stays responsive under a busy workload. I am neither especially impressed nor disappointed. I bought it after comparing a few phones in the same range. touch response has been dependable. I have been using it as my main phone.,display,4,Positive,Positive,0.9906957
181,Motorola,Razr 60 Ultra,"the handset feels solid and well put together. the panel looks bright in most situations. Still, switching between heavier apps is not always smooth. The software has been stable for me so far.",performance,2,Negative,Positive,0.79645574
181,Motorola,Razr 60 Ultra,"the handset feels solid and well put together. the panel looks bright in most situations. Still, switching between heavier apps is not always smooth. The software has been stable for me so far.",display,4,Positive,Positive,0.98931867
182,Motorola,Motorola Edge 60 Pro,"is adequate for most daily tasks. the design has grown on me. One catch is that, charging has been quick enough for my routine. performance is neither especially quick nor slow. I would hesitate to recommend it in this price range. autofocus is okay for everyday subjects. I mostly use it for work and messaging.",battery,3,Neutral,Neutral,0.583844
182,Motorola,Motorola Edge 60 Pro,"is adequate for most daily tasks. the design has grown on me. One catch is that, charging has been quick enough for my routine. performance is neither especially quick nor slow. I would hesitate to recommend it in this price range. autofocus is okay for everyday subjects. I mostly use it for work and messaging.",camera,3,Neutral,Neutral,0.8734072
182,Motorola,Motorola Edge 60 Pro,"is adequate for most daily tasks. the design has grown on me. One catch is that, charging has been quick enough for my routine. performance is neither especially quick nor slow. I would hesitate to recommend it in this price range. autofocus is okay for everyday subjects. I mostly use it for work and messaging.",performance,3,Neutral,Neutral,0.8682169
182,Motorola,Motorola Edge 60 Pro,"is adequate for most daily tasks. the design has grown on me. One catch is that, charging has been quick enough for my routine. performance is neither especially quick nor slow. I would hesitate to recommend it in this price range. autofocus is okay for everyday subjects. I mostly use it for work and messaging.",design,5,Positive,Positive,0.9884925
183,Samsung,Galaxy S25 Ultra,It has earned a place as my main phone. Most of my use is fairly ordinary rather than demanding. daylight shots come out crisp and detailed. switching between apps feels effortless.,performance,5,Positive,Positive,0.987211
183,Samsung,Galaxy S25 Ultra,It has earned a place as my main phone. Most of my use is fairly ordinary rather than demanding. daylight shots come out crisp and detailed. switching between apps feels effortless.,design,4,Positive,Positive,0.9398602
187,Apple,iPhone 16,the design is functional and straightforward. autofocus has been reliable in everyday use.,camera,4,Positive,Positive,0.9903605
187,Apple,iPhone 16,the design is functional and straightforward. autofocus has been reliable in everyday use.,design,3,Neutral,Neutral,0.90128875
188,Samsung,Galaxy A56 5G,"the controls feel thoughtfully placed. My routine includes calls, photos, and some gaming. On the other hand, it needs a top-up before the day is over. I would happily buy this phone again. the panel looks bright in most situations. autofocus has been reliable in everyday use. gaming is okay at moderate settings. I use it mostly during a normal workday.",camera,4,Positive,Positive,0.9904875
188,Samsung,Galaxy A56 5G,"the controls feel thoughtfully placed. My routine includes calls, photos, and some gaming. On the other hand, it needs a top-up before the day is over. I would happily buy this phone again. the panel looks bright in most situations. autofocus has been reliable in everyday use. gaming is okay at moderate settings. I use it mostly during a normal workday.",performance,3,Neutral,Neutral,0.8300002
188,Samsung,Galaxy A56 5G,"the controls feel thoughtfully placed. My routine includes calls, photos, and some gaming. On the other hand, it needs a top-up before the day is over. I would happily buy this phone again. the panel looks bright in most situations. autofocus has been reliable in everyday use. gaming is okay at moderate settings. I use it mostly during a normal workday.",display,4,Positive,Positive,0.9880574
192,Samsung,Galaxy S26 Ultra,"I would choose this one again over the alternatives I considered. One catch is that, overnight loss is higher than I expected. autofocus has been reliable in everyday use. scrolling feels fluid on the high refresh rate.",camera,5,Positive,Positive,0.99057907
192,Samsung,Galaxy S26 Ultra,"I would choose this one again over the alternatives I considered. One catch is that, overnight loss is higher than I expected. autofocus has been reliable in everyday use. scrolling feels fluid on the high refresh rate.",display,5,Positive,Positive,0.99077994
196,OnePlus,OnePlus 13,"the camera is capable without being remarkable. the controls feel thoughtfully placed. I spend a fair amount of time on maps, media, and social apps. charging has been quick enough for my routine.",battery,4,Positive,Positive,0.99078745
196,OnePlus,OnePlus 13,"the camera is capable without being remarkable. the controls feel thoughtfully placed. I spend a fair amount of time on maps, media, and social apps. charging has been quick enough for my routine.",camera,5,Positive,Neutral,0.8774168
196,OnePlus,OnePlus 13,"the camera is capable without being remarkable. the controls feel thoughtfully placed. I spend a fair amount of time on maps, media, and social apps. charging has been quick enough for my routine.",performance,5,Positive,Positive,0.5890596
198,Google,Pixel 10,"it is comfortable to carry and use. the phone stays responsive under a busy workload. text stays sharp and easy to read. That said, overnight loss is higher than I expected. works well enough for routine photos. I spend a fair amount of time on maps, media, and social apps.",camera,3,Neutral,Neutral,0.83091384
198,Google,Pixel 10,"it is comfortable to carry and use. the phone stays responsive under a busy workload. text stays sharp and easy to read. That said, overnight loss is higher than I expected. works well enough for routine photos. I spend a fair amount of time on maps, media, and social apps.",performance,4,Positive,Positive,0.9710292
200,Samsung,Galaxy S25 Ultra,photos have a pleasing amount of detail. the finish looks more premium in person. battery performance has been about what I expected. It has earned a place as my main phone. I bought it after comparing a few phones in the same range. colors are pleasing without looking excessive.,battery,4,Positive,Neutral,0.87621844
200,Samsung,Galaxy S25 Ultra,photos have a pleasing amount of detail. the finish looks more premium in person. battery performance has been about what I expected. It has earned a place as my main phone. I bought it after comparing a few phones in the same range. colors are pleasing without looking excessive.,camera,5,Positive,Positive,0.99030393
200,Samsung,Galaxy S25 Ultra,photos have a pleasing amount of detail. the finish looks more premium in person. battery performance has been about what I expected. It has earned a place as my main phone. I bought it after comparing a few phones in the same range. colors are pleasing without looking excessive.,performance,5,Positive,Positive,0.958656
200,Samsung,Galaxy S25 Ultra,photos have a pleasing amount of detail. the finish looks more premium in person. battery performance has been about what I expected. It has earned a place as my main phone. I bought it after comparing a few phones in the same range. colors are pleasing without looking excessive.,design,4,Positive,Positive,0.9870018
200,Samsung,Galaxy S25 Ultra,photos have a pleasing amount of detail. the finish looks more premium in person. battery performance has been about what I expected. It has earned a place as my main phone. I bought it after comparing a few phones in the same range. colors are pleasing without looking excessive.,display,4,Positive,Positive,0.9887029
207,Nothing,Phone 2a Plus,"My routine includes calls, photos, and some gaming. daylight shots come out crisp and detailed. usually leaves plenty of charge by bedtime.",battery,5,Positive,Positive,0.9881958
207,Nothing,Phone 2a Plus,"My routine includes calls, photos, and some gaming. daylight shots come out crisp and detailed. usually leaves plenty of charge by bedtime.",camera,4,Positive,Positive,0.98330325
207,Nothing,Phone 2a Plus,"My routine includes calls, photos, and some gaming. daylight shots come out crisp and detailed. usually leaves plenty of charge by bedtime.",performance,4,Positive,Positive,0.7879916
207,Nothing,Phone 2a Plus,"My routine includes calls, photos, and some gaming. daylight shots come out crisp and detailed. usually leaves plenty of charge by bedtime.",design,3,Neutral,Positive,0.8499725
209,Realme,Realme 14 Pro+,"On the other hand, switching between apps feels effortless. the camera is capable without being remarkable. the panel is decent without being exceptional. I would hesitate to recommend it in this price range. I spend a fair amount of time on maps, media, and social apps. drain has been impressively low. I use it mostly during a normal workday.",battery,4,Positive,Positive,0.9894198
209,Realme,Realme 14 Pro+,"On the other hand, switching between apps feels effortless. the camera is capable without being remarkable. the panel is decent without being exceptional. I would hesitate to recommend it in this price range. I spend a fair amount of time on maps, media, and social apps. drain has been impressively low. I use it mostly during a normal workday.",camera,3,Neutral,Neutral,0.88537663
209,Realme,Realme 14 Pro+,"On the other hand, switching between apps feels effortless. the camera is capable without being remarkable. the panel is decent without being exceptional. I would hesitate to recommend it in this price range. I spend a fair amount of time on maps, media, and social apps. drain has been impressively low. I use it mostly during a normal workday.",performance,3,Neutral,Neutral,0.5645298
209,Realme,Realme 14 Pro+,"On the other hand, switching between apps feels effortless. the camera is capable without being remarkable. the panel is decent without being exceptional. I would hesitate to recommend it in this price range. I spend a fair amount of time on maps, media, and social apps. drain has been impressively low. I use it mostly during a normal workday.",display,3,Neutral,Neutral,0.897085
215,OPPO,Reno 13 Pro,"My routine includes calls, photos, and some gaming. text stays sharp and easy to read. it is comfortable enough to use.",camera,3,Neutral,Positive,0.43766725
215,OPPO,Reno 13 Pro,"My routine includes calls, photos, and some gaming. text stays sharp and easy to read. it is comfortable enough to use.",performance,4,Positive,Positive,0.6930868
218,Motorola,Razr 60 Ultra,"I can see why someone would like it, but I also see the drawbacks. One catch is that, charging takes longer than I would like. the design has grown on me. is adequate for most daily tasks.",battery,3,Neutral,Positive,0.45764995
218,Motorola,Razr 60 Ultra,"I can see why someone would like it, but I also see the drawbacks. One catch is that, charging takes longer than I would like. the design has grown on me. is adequate for most daily tasks.",design,4,Positive,Positive,0.988851
224,Motorola,Razr 60 Ultra,"I bought it after comparing a few phones in the same range. the handset feels solid and well put together. apps move along without much waiting. On the other hand, touch response has occasionally felt delayed. I have been using it as my main phone.",performance,4,Positive,Positive,0.9862131
224,Motorola,Razr 60 Ultra,"I bought it after comparing a few phones in the same range. the handset feels solid and well put together. apps move along without much waiting. On the other hand, touch response has occasionally felt delayed. I have been using it as my main phone.",display,4,Positive,Positive,0.94269437
226,Motorola,Moto G Power 2025,"is fine for browsing and messaging. drain is noticeable mainly with demanding apps. the panel is decent without being exceptional. I spend a fair amount of time on maps, media, and social apps. I use it mostly during a normal workday.",battery,4,Positive,Neutral,0.8887222
226,Motorola,Moto G Power 2025,"is fine for browsing and messaging. drain is noticeable mainly with demanding apps. the panel is decent without being exceptional. I spend a fair amount of time on maps, media, and social apps. I use it mostly during a normal workday.",performance,3,Neutral,Neutral,0.6958934
226,Motorola,Moto G Power 2025,"is fine for browsing and messaging. drain is noticeable mainly with demanding apps. the panel is decent without being exceptional. I spend a fair amount of time on maps, media, and social apps. I use it mostly during a normal workday.",display,3,Neutral,Neutral,0.89933455
231,OnePlus,OnePlus 13,"I spend a fair amount of time on maps, media, and social apps. One catch is that, the design feels a little dated beside newer phones. The strengths make it easy for me to recommend. the panel looks bright in most situations. holds up really well through a long day. I have been using it as my main phone.",performance,5,Positive,Positive,0.8710292
231,OnePlus,OnePlus 13,"I spend a fair amount of time on maps, media, and social apps. One catch is that, the design feels a little dated beside newer phones. The strengths make it easy for me to recommend. the panel looks bright in most situations. holds up really well through a long day. I have been using it as my main phone.",design,3,Neutral,Positive,0.88300645
231,OnePlus,OnePlus 13,"I spend a fair amount of time on maps, media, and social apps. One catch is that, the design feels a little dated beside newer phones. The strengths make it easy for me to recommend. the panel looks bright in most situations. holds up really well through a long day. I have been using it as my main phone.",display,5,Positive,Positive,0.9888832
233,Realme,Realme 14 Pro+,battery performance has been about what I expected. I have more complaints than I expected to have. Most of my use is fairly ordinary rather than demanding. the camera is capable without being remarkable. handles normal apps without trouble.,battery,3,Neutral,Neutral,0.8862108
233,Realme,Realme 14 Pro+,battery performance has been about what I expected. I have more complaints than I expected to have. Most of my use is fairly ordinary rather than demanding. the camera is capable without being remarkable. handles normal apps without trouble.,camera,3,Neutral,Neutral,0.8861969
233,Realme,Realme 14 Pro+,battery performance has been about what I expected. I have more complaints than I expected to have. Most of my use is fairly ordinary rather than demanding. the camera is capable without being remarkable. handles normal apps without trouble.,performance,3,Neutral,Neutral,0.6855219
243,Apple,iPhone 16,"switching between apps feels effortless. touch response has been dependable. Most of my use is fairly ordinary rather than demanding. On the other hand, I rarely think about the battery during the day.",battery,3,Neutral,Positive,0.69973916
243,Apple,iPhone 16,"switching between apps feels effortless. touch response has been dependable. Most of my use is fairly ordinary rather than demanding. On the other hand, I rarely think about the battery during the day.",performance,4,Positive,Positive,0.9870178
243,Apple,iPhone 16,"switching between apps feels effortless. touch response has been dependable. Most of my use is fairly ordinary rather than demanding. On the other hand, I rarely think about the battery during the day.",display,4,Positive,Positive,0.99073774
244,Apple,iPhone 17,"night shots are cleaner than I expected. I spend a fair amount of time on maps, media, and social apps. One catch is that, the phone stays responsive under a busy workload. gets through a normal day for me.",performance,4,Positive,Positive,0.93615544
245,Xiaomi,Xiaomi 15,"multitasking is acceptable for my routine. the camera handles portraits with good separation. I bought it after comparing a few phones in the same range. One catch is that, the buttons do not feel as refined as I expected.",camera,4,Positive,Positive,0.989795
245,Xiaomi,Xiaomi 15,"multitasking is acceptable for my routine. the camera handles portraits with good separation. I bought it after comparing a few phones in the same range. One catch is that, the buttons do not feel as refined as I expected.",performance,3,Neutral,Neutral,0.82575953
245,Xiaomi,Xiaomi 15,"multitasking is acceptable for my routine. the camera handles portraits with good separation. I bought it after comparing a few phones in the same range. One catch is that, the buttons do not feel as refined as I expected.",design,4,Positive,Neutral,0.504335
256,OPPO,Reno 13 Pro,"the controls feel thoughtfully placed. battery life has been one of my complaints. At the same time, colors are pleasing without looking excessive. I have been using it as my main phone.",battery,2,Negative,Negative,0.993457
256,OPPO,Reno 13 Pro,"the controls feel thoughtfully placed. battery life has been one of my complaints. At the same time, colors are pleasing without looking excessive. I have been using it as my main phone.",display,3,Neutral,Positive,0.56102085
262,OnePlus,OnePlus 13,the phone stays responsive under a busy workload. it is comfortable enough to use. My view of it has remained fairly balanced. drain has been impressively low. Most of my use is fairly ordinary rather than demanding. brightness is okay for my usual use.,battery,5,Positive,Positive,0.99022245
262,OnePlus,OnePlus 13,the phone stays responsive under a busy workload. it is comfortable enough to use. My view of it has remained fairly balanced. drain has been impressively low. Most of my use is fairly ordinary rather than demanding. brightness is okay for my usual use.,display,4,Positive,Neutral,0.8702772
263,Apple,iPhone 16e,"I bought it after comparing a few phones in the same range. multitasking is acceptable for my routine. Still, holds up really well through a long day. the design is functional and straightforward.",performance,5,Positive,Neutral,0.88238806
263,Apple,iPhone 16e,"I bought it after comparing a few phones in the same range. multitasking is acceptable for my routine. Still, holds up really well through a long day. the design is functional and straightforward.",design,3,Neutral,Neutral,0.89789236
270,Nothing,Phone 3a Pro,"It is a reasonable choice, although there are clear alternatives. handles normal apps without trouble. night shots are usable with some patience. Most of my use is fairly ordinary rather than demanding. Still, overnight loss is higher than I expected. it is comfortable to carry and use.",performance,4,Positive,Neutral,0.81120574
273,Motorola,Moto G Power 2025,"autofocus is okay for everyday subjects. I bought it after comparing a few phones in the same range. That said, the panel looks bright in most situations. the handset feels bulkier than expected.",camera,3,Neutral,Neutral,0.8855616
273,Motorola,Moto G Power 2025,"autofocus is okay for everyday subjects. I bought it after comparing a few phones in the same range. That said, the panel looks bright in most situations. the handset feels bulkier than expected.",display,3,Neutral,Neutral,0.48910576
277,Realme,Realme GT 7,"I rarely think about the battery during the day. On the other hand, touch response has occasionally felt delayed. performance has been consistently strong. It has earned a place as my main phone.",battery,5,Positive,Positive,0.9867399
277,Realme,Realme GT 7,"I rarely think about the battery during the day. On the other hand, touch response has occasionally felt delayed. performance has been consistently strong. It has earned a place as my main phone.",performance,4,Positive,Positive,0.99015385
277,Realme,Realme GT 7,"I rarely think about the battery during the day. On the other hand, touch response has occasionally felt delayed. performance has been consistently strong. It has earned a place as my main phone.",display,4,Positive,Positive,0.90450215
286,Xiaomi,Xiaomi 15 Ultra,"it is comfortable enough to use. Still, switching between heavier apps is not always smooth. I mostly use it for work and messaging. I could recommend it, but only with some reservations. drain has been impressively low. The software has been stable for me so far.",battery,4,Positive,Positive,0.9899455
286,Xiaomi,Xiaomi 15 Ultra,"it is comfortable enough to use. Still, switching between heavier apps is not always smooth. I mostly use it for work and messaging. I could recommend it, but only with some reservations. drain has been impressively low. The software has been stable for me so far.",performance,3,Neutral,Positive,0.6087275
296,Motorola,Motorola Edge 60 Pro,"At the same time, performance has been less consistent than I hoped. Most of my use is fairly ordinary rather than demanding. it is comfortable to carry and use. usually leaves plenty of charge by bedtime. The software has been stable for me so far.",battery,4,Positive,Positive,0.9884321
296,Motorola,Motorola Edge 60 Pro,"At the same time, performance has been less consistent than I hoped. Most of my use is fairly ordinary rather than demanding. it is comfortable to carry and use. usually leaves plenty of charge by bedtime. The software has been stable for me so far.",performance,5,Positive,Positive,0.5720049
298,Apple,iPhone 17 Pro Max,night shots are cleaner than I expected. usually leaves plenty of charge by bedtime. The strengths make it easy for me to recommend. the panel looks bright in most situations. I have been using it as my main phone.,battery,4,Positive,Positive,0.9887948
298,Apple,iPhone 17 Pro Max,night shots are cleaner than I expected. usually leaves plenty of charge by bedtime. The strengths make it easy for me to recommend. the panel looks bright in most situations. I have been using it as my main phone.,display,4,Positive,Positive,0.99012065
302,OPPO,Find X8 Pro,photos have a pleasing amount of detail. I would recommend it to someone shopping in this range. touch response has been dependable.,camera,5,Positive,Positive,0.9901928
302,OPPO,Find X8 Pro,photos have a pleasing amount of detail. I would recommend it to someone shopping in this range. touch response has been dependable.,display,4,Positive,Positive,0.9904819
303,Motorola,Razr 60 Ultra,"the panel looks bright in most situations. night shots are usable with some patience. I would call the purchase acceptable rather than exciting. I bought it after comparing a few phones in the same range. At the same time, charging takes longer than I would like. switching between apps feels effortless. feels familiar rather than distinctive.",battery,3,Neutral,Positive,0.8912613
303,Motorola,Razr 60 Ultra,"the panel looks bright in most situations. night shots are usable with some patience. I would call the purchase acceptable rather than exciting. I bought it after comparing a few phones in the same range. At the same time, charging takes longer than I would like. switching between apps feels effortless. feels familiar rather than distinctive.",performance,5,Positive,Positive,0.9852609
303,Motorola,Razr 60 Ultra,"the panel looks bright in most situations. night shots are usable with some patience. I would call the purchase acceptable rather than exciting. I bought it after comparing a few phones in the same range. At the same time, charging takes longer than I would like. switching between apps feels effortless. feels familiar rather than distinctive.",display,4,Positive,Positive,0.9862124
305,Google,Pixel 10 Pro,"photos have a pleasing amount of detail. handles normal apps without trouble. I bought it after comparing a few phones in the same range. Still, scrolling can feel less fluid than advertised.",camera,5,Positive,Positive,0.98965096
305,Google,Pixel 10 Pro,"photos have a pleasing amount of detail. handles normal apps without trouble. I bought it after comparing a few phones in the same range. Still, scrolling can feel less fluid than advertised.",performance,3,Neutral,Neutral,0.6797309
306,OPPO,Find N5,"the design is functional and straightforward. Most of my use is fairly ordinary rather than demanding. I would call the purchase acceptable rather than exciting. At the same time, overnight loss is higher than I expected. night shots are usable with some patience. the panel is decent without being exceptional.",design,4,Positive,Neutral,0.9031316
306,OPPO,Find N5,"the design is functional and straightforward. Most of my use is fairly ordinary rather than demanding. I would call the purchase acceptable rather than exciting. At the same time, overnight loss is higher than I expected. night shots are usable with some patience. the panel is decent without being exceptional.",display,4,Positive,Neutral,0.8886447
312,Apple,iPhone 16,"the build is reasonable for the price. I would choose this one again over the alternatives I considered. photos have a pleasing amount of detail. I mostly use it for work and messaging. Still, the panel looks less convincing at an angle.",camera,5,Positive,Positive,0.99035966
312,Apple,iPhone 16,"the build is reasonable for the price. I would choose this one again over the alternatives I considered. photos have a pleasing amount of detail. I mostly use it for work and messaging. Still, the panel looks less convincing at an angle.",design,5,Positive,Neutral,0.883081
312,Apple,iPhone 16,"the build is reasonable for the price. I would choose this one again over the alternatives I considered. photos have a pleasing amount of detail. I mostly use it for work and messaging. Still, the panel looks less convincing at an angle.",display,5,Positive,Positive,0.98938656
315,Motorola,Motorola Edge 60 Pro,"the handset feels solid and well put together. I can see why someone would like it, but I also see the drawbacks. colors are pleasing without looking excessive. I bought it after comparing a few phones in the same range. drain has been impressively low. On the other hand, performance has been consistently strong.",battery,4,Positive,Positive,0.9896299
315,Motorola,Motorola Edge 60 Pro,"the handset feels solid and well put together. I can see why someone would like it, but I also see the drawbacks. colors are pleasing without looking excessive. I bought it after comparing a few phones in the same range. drain has been impressively low. On the other hand, performance has been consistently strong.",performance,4,Positive,Positive,0.62624013
315,Motorola,Motorola Edge 60 Pro,"the handset feels solid and well put together. I can see why someone would like it, but I also see the drawbacks. colors are pleasing without looking excessive. I bought it after comparing a few phones in the same range. drain has been impressively low. On the other hand, performance has been consistently strong.",display,4,Positive,Positive,0.98944306
316,Xiaomi,Xiaomi 15,daylight shots come out crisp and detailed. performance has been consistently strong. the handset feels solid and well put together. It has been money well spent. Most of my use is fairly ordinary rather than demanding.,performance,5,Positive,Positive,0.990148
316,Xiaomi,Xiaomi 15,daylight shots come out crisp and detailed. performance has been consistently strong. the handset feels solid and well put together. It has been money well spent. Most of my use is fairly ordinary rather than demanding.,design,5,Positive,Positive,0.94676054
321,Samsung,Galaxy S26 Ultra,"It has been money well spent. looks fine indoors and in shade. I spend a fair amount of time on maps, media, and social apps. At the same time, apps can hesitate at awkward times. the controls feel thoughtfully placed. The software has been stable for me so far.",performance,5,Positive,Positive,0.973708
322,Nothing,Phone 2a Plus,gets through a normal day for me. portraits can have uneven edge separation. brightness is okay for my usual use. I have been using it as my main phone.,camera,2,Negative,Negative,0.99420387
322,Nothing,Phone 2a Plus,gets through a normal day for me. portraits can have uneven edge separation. brightness is okay for my usual use. I have been using it as my main phone.,display,3,Neutral,Neutral,0.89132
325,Nothing,Phone 2a Plus,"the shape is not especially comfortable for me. One catch is that, I rarely think about the battery during the day. the camera output is less consistent than expected. touch response has been dependable.",battery,4,Positive,Positive,0.68894684
325,Nothing,Phone 2a Plus,"the shape is not especially comfortable for me. One catch is that, I rarely think about the battery during the day. the camera output is less consistent than expected. touch response has been dependable.",camera,1,Negative,Negative,0.99457777
325,Nothing,Phone 2a Plus,"the shape is not especially comfortable for me. One catch is that, I rarely think about the battery during the day. the camera output is less consistent than expected. touch response has been dependable.",display,4,Positive,Positive,0.9906453
328,Google,Pixel 10 Pro,"the controls feel thoughtfully placed. drain is noticeable mainly with demanding apps. At the same time, daylight shots come out crisp and detailed. I mostly use it for work and messaging.",battery,3,Neutral,Neutral,0.88699913
328,Google,Pixel 10 Pro,"the controls feel thoughtfully placed. drain is noticeable mainly with demanding apps. At the same time, daylight shots come out crisp and detailed. I mostly use it for work and messaging.",performance,3,Neutral,Positive,0.65396327
328,Google,Pixel 10 Pro,"the controls feel thoughtfully placed. drain is noticeable mainly with demanding apps. At the same time, daylight shots come out crisp and detailed. I mostly use it for work and messaging.",design,5,Positive,Positive,0.92922354
329,Google,Pixel 10,gets through a normal day for me. Most of my use is fairly ordinary rather than demanding. nothing about the finish stands out much. I have been using it as my main phone.,design,3,Neutral,Neutral,0.8730053
332,Samsung,Galaxy S25 Ultra,the panel looks bright in most situations. photos have a pleasing amount of detail. Most of my use is fairly ordinary rather than demanding. I would choose this one again over the alternatives I considered. charging has been quick enough for my routine.,battery,5,Positive,Positive,0.9911144
332,Samsung,Galaxy S25 Ultra,the panel looks bright in most situations. photos have a pleasing amount of detail. Most of my use is fairly ordinary rather than demanding. I would choose this one again over the alternatives I considered. charging has been quick enough for my routine.,camera,5,Positive,Positive,0.9905629
332,Samsung,Galaxy S25 Ultra,the panel looks bright in most situations. photos have a pleasing amount of detail. Most of my use is fairly ordinary rather than demanding. I would choose this one again over the alternatives I considered. charging has been quick enough for my routine.,display,4,Positive,Positive,0.988955
337,OPPO,Find X8 Pro,"Most of my use is fairly ordinary rather than demanding. photos have a pleasing amount of detail. That said, drain becomes noticeable with ordinary use. it is comfortable enough to use. brightness is okay for my usual use.",battery,5,Positive,Positive,0.45832
337,OPPO,Find X8 Pro,"Most of my use is fairly ordinary rather than demanding. photos have a pleasing amount of detail. That said, drain becomes noticeable with ordinary use. it is comfortable enough to use. brightness is okay for my usual use.",camera,4,Positive,Positive,0.9902092
337,OPPO,Find X8 Pro,"Most of my use is fairly ordinary rather than demanding. photos have a pleasing amount of detail. That said, drain becomes noticeable with ordinary use. it is comfortable enough to use. brightness is okay for my usual use.",display,4,Positive,Neutral,0.6281517
338,Apple,iPhone 17,charging has been quick enough for my routine. nothing about the finish stands out much.,battery,4,Positive,Positive,0.9905323
338,Apple,iPhone 17,charging has been quick enough for my routine. nothing about the finish stands out much.,design,3,Neutral,Neutral,0.873727
339,Apple,iPhone 17 Pro Max,"switching between apps feels effortless. the camera handles portraits with good separation. That said, the design feels a little dated beside newer phones. I mostly use it for work and messaging.",camera,5,Positive,Positive,0.9900417
339,Apple,iPhone 17 Pro Max,"switching between apps feels effortless. the camera handles portraits with good separation. That said, the design feels a little dated beside newer phones. I mostly use it for work and messaging.",performance,5,Positive,Positive,0.98441285
339,Apple,iPhone 17 Pro Max,"switching between apps feels effortless. the camera handles portraits with good separation. That said, the design feels a little dated beside newer phones. I mostly use it for work and messaging.",design,4,Positive,Positive,0.8726281
353,OPPO,Find X8 Pro,"On the other hand, apps can hesitate at awkward times. I am pleased with the purchase overall. holds up really well through a long day. night shots are cleaner than I expected.",performance,4,Positive,Positive,0.96618205
358,Realme,Realme 14 Pro+,usually leaves plenty of charge by bedtime. I mostly use it for work and messaging. brightness is okay for my usual use. the design has grown on me. works well enough for routine photos.,battery,5,Positive,Positive,0.98799443
358,Realme,Realme 14 Pro+,usually leaves plenty of charge by bedtime. I mostly use it for work and messaging. brightness is okay for my usual use. the design has grown on me. works well enough for routine photos.,camera,3,Neutral,Neutral,0.8507584
358,Realme,Realme 14 Pro+,usually leaves plenty of charge by bedtime. I mostly use it for work and messaging. brightness is okay for my usual use. the design has grown on me. works well enough for routine photos.,design,4,Positive,Positive,0.9888582
358,Realme,Realme 14 Pro+,usually leaves plenty of charge by bedtime. I mostly use it for work and messaging. brightness is okay for my usual use. the design has grown on me. works well enough for routine photos.,display,4,Positive,Neutral,0.8885047
361,Google,Pixel 9a,"The compromises are difficult to overlook. gets through a normal day for me. At the same time, the finish looks more premium in person. daylight shots come out crisp and detailed. I bought it after comparing a few phones in the same range. switching between heavier apps is not always smooth. touch response has been dependable.",performance,2,Negative,Negative,0.9922552
361,Google,Pixel 9a,"The compromises are difficult to overlook. gets through a normal day for me. At the same time, the finish looks more premium in person. daylight shots come out crisp and detailed. I bought it after comparing a few phones in the same range. switching between heavier apps is not always smooth. touch response has been dependable.",design,4,Positive,Neutral,0.4562238
361,Google,Pixel 9a,"The compromises are difficult to overlook. gets through a normal day for me. At the same time, the finish looks more premium in person. daylight shots come out crisp and detailed. I bought it after comparing a few phones in the same range. switching between heavier apps is not always smooth. touch response has been dependable.",display,4,Positive,Positive,0.9902132
365,Samsung,Galaxy S26 Ultra,"autofocus has been reliable in everyday use. it is comfortable to carry and use. One catch is that, battery life has been one of my complaints. the phone stays responsive under a busy workload. My routine includes calls, photos, and some gaming.",battery,4,Positive,Positive,0.77809787
365,Samsung,Galaxy S26 Ultra,"autofocus has been reliable in everyday use. it is comfortable to carry and use. One catch is that, battery life has been one of my complaints. the phone stays responsive under a busy workload. My routine includes calls, photos, and some gaming.",camera,5,Positive,Positive,0.99074066
365,Samsung,Galaxy S26 Ultra,"autofocus has been reliable in everyday use. it is comfortable to carry and use. One catch is that, battery life has been one of my complaints. the phone stays responsive under a busy workload. My routine includes calls, photos, and some gaming.",performance,5,Positive,Positive,0.9612059
373,Nothing,Phone 3a Pro,"I mostly use it for work and messaging. At the same time, the handset feels solid and well put together. the camera output is less consistent than expected. I rarely think about the battery during the day.",battery,4,Positive,Positive,0.98606455
373,Nothing,Phone 3a Pro,"I mostly use it for work and messaging. At the same time, the handset feels solid and well put together. the camera output is less consistent than expected. I rarely think about the battery during the day.",camera,2,Negative,Negative,0.9946102
375,Apple,iPhone 17 Pro,"the finish looks more premium in person. Still, the phone can feel sluggish under load. My routine includes calls, photos, and some gaming. the camera handles portraits with good separation. holds up really well through a long day.",camera,4,Positive,Positive,0.9899311
375,Apple,iPhone 17 Pro,"the finish looks more premium in person. Still, the phone can feel sluggish under load. My routine includes calls, photos, and some gaming. the camera handles portraits with good separation. holds up really well through a long day.",performance,4,Positive,Positive,0.6932083
375,Apple,iPhone 17 Pro,"the finish looks more premium in person. Still, the phone can feel sluggish under load. My routine includes calls, photos, and some gaming. the camera handles portraits with good separation. holds up really well through a long day.",design,4,Positive,Positive,0.9859481
394,OnePlus,OnePlus 13T,games stay smooth during longer sessions. touch response has been dependable. Most of my use is fairly ordinary rather than demanding. I rarely think about the battery during the day.,battery,5,Positive,Positive,0.98836285
394,OnePlus,OnePlus 13T,games stay smooth during longer sessions. touch response has been dependable. Most of my use is fairly ordinary rather than demanding. I rarely think about the battery during the day.,performance,4,Positive,Positive,0.9877445
394,OnePlus,OnePlus 13T,games stay smooth during longer sessions. touch response has been dependable. Most of my use is fairly ordinary rather than demanding. I rarely think about the battery during the day.,display,5,Positive,Positive,0.9907452
400,Xiaomi,Redmi Note 14 Pro+,"colors are pleasing without looking excessive. performance is neither especially quick nor slow. I rarely think about the battery during the day. My routine includes calls, photos, and some gaming.",battery,5,Positive,Positive,0.98388404
400,Xiaomi,Redmi Note 14 Pro+,"colors are pleasing without looking excessive. performance is neither especially quick nor slow. I rarely think about the battery during the day. My routine includes calls, photos, and some gaming.",camera,2,Negative,Positive,0.48226798
400,Xiaomi,Redmi Note 14 Pro+,"colors are pleasing without looking excessive. performance is neither especially quick nor slow. I rarely think about the battery during the day. My routine includes calls, photos, and some gaming.",performance,5,Positive,Neutral,0.8669833
400,Xiaomi,Redmi Note 14 Pro+,"colors are pleasing without looking excessive. performance is neither especially quick nor slow. I rarely think about the battery during the day. My routine includes calls, photos, and some gaming.",display,4,Positive,Positive,0.98935694
409,OnePlus,OnePlus 13R,"autofocus is okay for everyday subjects. drain has been impressively low. feels familiar rather than distinctive. Still, switching between heavier apps is not always smooth. text stays sharp and easy to read. I use it mostly during a normal workday.",battery,4,Positive,Positive,0.99013597
409,OnePlus,OnePlus 13R,"autofocus is okay for everyday subjects. drain has been impressively low. feels familiar rather than distinctive. Still, switching between heavier apps is not always smooth. text stays sharp and easy to read. I use it mostly during a normal workday.",camera,4,Positive,Neutral,0.8838178
409,OnePlus,OnePlus 13R,"autofocus is okay for everyday subjects. drain has been impressively low. feels familiar rather than distinctive. Still, switching between heavier apps is not always smooth. text stays sharp and easy to read. I use it mostly during a normal workday.",performance,4,Positive,Positive,0.8178441
415,Apple,iPhone 16e,I would hesitate to recommend it in this price range. performance is neither especially quick nor slow. drain becomes noticeable with ordinary use. daylight images are generally fine. Most of my use is fairly ordinary rather than demanding.,battery,2,Negative,Negative,0.9930807
415,Apple,iPhone 16e,I would hesitate to recommend it in this price range. performance is neither especially quick nor slow. drain becomes noticeable with ordinary use. daylight images are generally fine. Most of my use is fairly ordinary rather than demanding.,performance,3,Neutral,Neutral,0.89397013
415,Apple,iPhone 16e,I would hesitate to recommend it in this price range. performance is neither especially quick nor slow. drain becomes noticeable with ordinary use. daylight images are generally fine. Most of my use is fairly ordinary rather than demanding.,design,3,Neutral,Neutral,0.8336654
417,Realme,Realme 14 Pro+,"That said, some photos lose detail when the light drops. multitasking is acceptable for my routine. drain has been impressively low. My view of it has remained fairly balanced. I spend a fair amount of time on maps, media, and social apps. the design is functional and straightforward. looks fine indoors and in shade.",battery,4,Positive,Positive,0.9898893
417,Realme,Realme 14 Pro+,"That said, some photos lose detail when the light drops. multitasking is acceptable for my routine. drain has been impressively low. My view of it has remained fairly balanced. I spend a fair amount of time on maps, media, and social apps. the design is functional and straightforward. looks fine indoors and in shade.",camera,2,Negative,Neutral,0.48639345
417,Realme,Realme 14 Pro+,"That said, some photos lose detail when the light drops. multitasking is acceptable for my routine. drain has been impressively low. My view of it has remained fairly balanced. I spend a fair amount of time on maps, media, and social apps. the design is functional and straightforward. looks fine indoors and in shade.",performance,4,Positive,Neutral,0.817213
417,Realme,Realme 14 Pro+,"That said, some photos lose detail when the light drops. multitasking is acceptable for my routine. drain has been impressively low. My view of it has remained fairly balanced. I spend a fair amount of time on maps, media, and social apps. the design is functional and straightforward. looks fine indoors and in shade.",design,4,Positive,Neutral,0.8961235
418,Google,Pixel 10 Pro,the camera handles portraits with good separation. switching between apps feels effortless.,camera,4,Positive,Positive,0.99036646
418,Google,Pixel 10 Pro,the camera handles portraits with good separation. switching between apps feels effortless.,performance,4,Positive,Positive,0.98020566
421,OPPO,Reno 13 Pro,"the build is reasonable for the price. holds up really well through a long day. On the other hand, the phone stays responsive under a busy workload.",design,3,Neutral,Neutral,0.9059494
422,Google,Pixel 9a,I mostly use it for work and messaging. holds up really well through a long day. portraits can have uneven edge separation. brightness is okay for my usual use. The compromises are difficult to overlook. switching between heavier apps is not always smooth.,camera,2,Negative,Negative,0.9944239
422,Google,Pixel 9a,I mostly use it for work and messaging. holds up really well through a long day. portraits can have uneven edge separation. brightness is okay for my usual use. The compromises are difficult to overlook. switching between heavier apps is not always smooth.,performance,2,Negative,Negative,0.99384993
422,Google,Pixel 9a,I mostly use it for work and messaging. holds up really well through a long day. portraits can have uneven edge separation. brightness is okay for my usual use. The compromises are difficult to overlook. switching between heavier apps is not always smooth.,display,3,Neutral,Neutral,0.8986307
436,Realme,Realme GT 7,"One catch is that, night shots often need another try. the controls feel thoughtfully placed. performance has been consistently strong. touch response has been dependable. I spend a fair amount of time on maps, media, and social apps. I use it mostly during a normal workday.",performance,4,Positive,Positive,0.98974293
436,Realme,Realme GT 7,"One catch is that, night shots often need another try. the controls feel thoughtfully placed. performance has been consistently strong. touch response has been dependable. I spend a fair amount of time on maps, media, and social apps. I use it mostly during a normal workday.",display,4,Positive,Positive,0.98977435
437,Apple,iPhone 16,"the screen feels fairly typical for this class. At the same time, performance has been consistently strong. The weaknesses make it hard for me to recommend. photos have a pleasing amount of detail. feels familiar rather than distinctive.",camera,4,Positive,Positive,0.9904259
437,Apple,iPhone 16,"the screen feels fairly typical for this class. At the same time, performance has been consistently strong. The weaknesses make it hard for me to recommend. photos have a pleasing amount of detail. feels familiar rather than distinctive.",performance,4,Positive,Neutral,0.5687392
437,Apple,iPhone 16,"the screen feels fairly typical for this class. At the same time, performance has been consistently strong. The weaknesses make it hard for me to recommend. photos have a pleasing amount of detail. feels familiar rather than distinctive.",display,3,Neutral,Neutral,0.8773707
439,OPPO,Find N5,"is fine for browsing and messaging. daylight images are generally fine. I spend a fair amount of time on maps, media, and social apps. The compromises are difficult to overlook.",performance,3,Neutral,Neutral,0.7604054
439,OPPO,Find N5,"is fine for browsing and messaging. daylight images are generally fine. I spend a fair amount of time on maps, media, and social apps. The compromises are difficult to overlook.",design,3,Neutral,Neutral,0.8017567
446,Motorola,Motorola Edge 60 Pro,"scrolling feels fluid on the high refresh rate. On the other hand, games stay smooth during longer sessions. the controls feel thoughtfully placed. the camera is capable without being remarkable. The software has been stable for me so far.",camera,3,Neutral,Neutral,0.86675704
446,Motorola,Motorola Edge 60 Pro,"scrolling feels fluid on the high refresh rate. On the other hand, games stay smooth during longer sessions. the controls feel thoughtfully placed. the camera is capable without being remarkable. The software has been stable for me so far.",performance,3,Neutral,Positive,0.81804484
446,Motorola,Motorola Edge 60 Pro,"scrolling feels fluid on the high refresh rate. On the other hand, games stay smooth during longer sessions. the controls feel thoughtfully placed. the camera is capable without being remarkable. The software has been stable for me so far.",display,4,Positive,Positive,0.99059826
447,Google,Pixel 10 Pro,"On the other hand, holds up really well through a long day. the handset feels bulkier than expected. daylight shots come out crisp and detailed. Most of my use is fairly ordinary rather than demanding. switching between heavier apps is not always smooth. I have been using it as my main phone.",performance,2,Negative,Negative,0.99266464
447,Google,Pixel 10 Pro,"On the other hand, holds up really well through a long day. the handset feels bulkier than expected. daylight shots come out crisp and detailed. Most of my use is fairly ordinary rather than demanding. switching between heavier apps is not always smooth. I have been using it as my main phone.",design,2,Negative,Neutral,0.49203047
451,OPPO,Reno 13 Pro,"My routine includes calls, photos, and some gaming. usually leaves plenty of charge by bedtime. the panel looks less convincing at an angle. the controls feel thoughtfully placed. The software has been stable for me so far.",battery,4,Positive,Positive,0.9886968
451,OPPO,Reno 13 Pro,"My routine includes calls, photos, and some gaming. usually leaves plenty of charge by bedtime. the panel looks less convincing at an angle. the controls feel thoughtfully placed. The software has been stable for me so far.",camera,4,Positive,Neutral,0.42886457
451,OPPO,Reno 13 Pro,"My routine includes calls, photos, and some gaming. usually leaves plenty of charge by bedtime. the panel looks less convincing at an angle. the controls feel thoughtfully placed. The software has been stable for me so far.",performance,3,Neutral,Positive,0.5165665
451,OPPO,Reno 13 Pro,"My routine includes calls, photos, and some gaming. usually leaves plenty of charge by bedtime. the panel looks less convincing at an angle. the controls feel thoughtfully placed. The software has been stable for me so far.",display,2,Negative,Negative,0.99362844
459,Apple,iPhone 17 Pro Max,the panel looks bright in most situations. It has been money well spent. Most of my use is fairly ordinary rather than demanding. daylight shots come out crisp and detailed. nothing about the finish stands out much.,design,4,Positive,Neutral,0.84098333
459,Apple,iPhone 17 Pro Max,the panel looks bright in most situations. It has been money well spent. Most of my use is fairly ordinary rather than demanding. daylight shots come out crisp and detailed. nothing about the finish stands out much.,display,4,Positive,Positive,0.9881414
466,Xiaomi,Xiaomi 15 Ultra,It has been money well spent. it is comfortable to carry and use. drain has been impressively low. I bought it after comparing a few phones in the same range.,battery,4,Positive,Positive,0.9904799
470,Samsung,Galaxy A56 5G,"apps move along without much waiting. the camera is capable without being remarkable. I spend a fair amount of time on maps, media, and social apps. Still, usually leaves plenty of charge by bedtime. I would choose a different model if I were buying again.",battery,2,Negative,Positive,0.453397
470,Samsung,Galaxy A56 5G,"apps move along without much waiting. the camera is capable without being remarkable. I spend a fair amount of time on maps, media, and social apps. Still, usually leaves plenty of charge by bedtime. I would choose a different model if I were buying again.",camera,3,Neutral,Neutral,0.878309
470,Samsung,Galaxy A56 5G,"apps move along without much waiting. the camera is capable without being remarkable. I spend a fair amount of time on maps, media, and social apps. Still, usually leaves plenty of charge by bedtime. I would choose a different model if I were buying again.",performance,4,Positive,Positive,0.9756035
472,Realme,Realme GT 7 Pro,"gaming is okay at moderate settings. it is comfortable enough to use. At the same time, some photos lose detail when the light drops. colors are pleasing without looking excessive. charging has been quick enough for my routine.",battery,4,Positive,Positive,0.9905539
472,Realme,Realme GT 7 Pro,"gaming is okay at moderate settings. it is comfortable enough to use. At the same time, some photos lose detail when the light drops. colors are pleasing without looking excessive. charging has been quick enough for my routine.",camera,3,Neutral,Positive,0.5398229
472,Realme,Realme GT 7 Pro,"gaming is okay at moderate settings. it is comfortable enough to use. At the same time, some photos lose detail when the light drops. colors are pleasing without looking excessive. charging has been quick enough for my routine.",performance,5,Positive,Neutral,0.8300546
472,Realme,Realme GT 7 Pro,"gaming is okay at moderate settings. it is comfortable enough to use. At the same time, some photos lose detail when the light drops. colors are pleasing without looking excessive. charging has been quick enough for my routine.",design,3,Neutral,Positive,0.6488518
472,Realme,Realme GT 7 Pro,"gaming is okay at moderate settings. it is comfortable enough to use. At the same time, some photos lose detail when the light drops. colors are pleasing without looking excessive. charging has been quick enough for my routine.",display,5,Positive,Positive,0.98947877
474,Motorola,Razr 60 Ultra,"drain becomes noticeable with ordinary use. photos have a pleasing amount of detail. On the other hand, text stays sharp and easy to read. the design has grown on me. I spend a fair amount of time on maps, media, and social apps. I have been using it as my main phone.",battery,2,Negative,Negative,0.9925876
474,Motorola,Razr 60 Ultra,"drain becomes noticeable with ordinary use. photos have a pleasing amount of detail. On the other hand, text stays sharp and easy to read. the design has grown on me. I spend a fair amount of time on maps, media, and social apps. I have been using it as my main phone.",camera,5,Positive,Positive,0.9904552
474,Motorola,Razr 60 Ultra,"drain becomes noticeable with ordinary use. photos have a pleasing amount of detail. On the other hand, text stays sharp and easy to read. the design has grown on me. I spend a fair amount of time on maps, media, and social apps. I have been using it as my main phone.",performance,4,Positive,Positive,0.7195563
474,Motorola,Razr 60 Ultra,"drain becomes noticeable with ordinary use. photos have a pleasing amount of detail. On the other hand, text stays sharp and easy to read. the design has grown on me. I spend a fair amount of time on maps, media, and social apps. I have been using it as my main phone.",design,5,Positive,Positive,0.98956686
480,Google,Pixel 10 Pro,"My routine includes calls, photos, and some gaming. gaming is okay at moderate settings. autofocus has been reliable in everyday use. Still, the design has grown on me. My view of it has remained fairly balanced. is adequate unless I use the phone heavily. The software has been stable for me so far.",camera,5,Positive,Positive,0.99039966
480,Google,Pixel 10 Pro,"My routine includes calls, photos, and some gaming. gaming is okay at moderate settings. autofocus has been reliable in everyday use. Still, the design has grown on me. My view of it has remained fairly balanced. is adequate unless I use the phone heavily. The software has been stable for me so far.",performance,3,Neutral,Neutral,0.88455963
480,Google,Pixel 10 Pro,"My routine includes calls, photos, and some gaming. gaming is okay at moderate settings. autofocus has been reliable in everyday use. Still, the design has grown on me. My view of it has remained fairly balanced. is adequate unless I use the phone heavily. The software has been stable for me so far.",design,4,Positive,Neutral,0.51817036
487,Google,Pixel 9a,"charging has been quick enough for my routine. night shots are cleaner than I expected. the finish looks more premium in person. My routine includes calls, photos, and some gaming. Still, the phone can feel sluggish under load.",battery,4,Positive,Positive,0.9905219
487,Google,Pixel 9a,"charging has been quick enough for my routine. night shots are cleaner than I expected. the finish looks more premium in person. My routine includes calls, photos, and some gaming. Still, the phone can feel sluggish under load.",camera,4,Positive,Positive,0.9825257
487,Google,Pixel 9a,"charging has been quick enough for my routine. night shots are cleaner than I expected. the finish looks more premium in person. My routine includes calls, photos, and some gaming. Still, the phone can feel sluggish under load.",performance,3,Neutral,Positive,0.8255957
487,Google,Pixel 9a,"charging has been quick enough for my routine. night shots are cleaner than I expected. the finish looks more premium in person. My routine includes calls, photos, and some gaming. Still, the phone can feel sluggish under load.",design,5,Positive,Positive,0.98601544
488,Samsung,Galaxy Z Flip7,"My routine includes calls, photos, and some gaming. apps move along without much waiting. the panel is decent without being exceptional.",camera,4,Positive,Positive,0.574935
488,Samsung,Galaxy Z Flip7,"My routine includes calls, photos, and some gaming. apps move along without much waiting. the panel is decent without being exceptional.",performance,4,Positive,Positive,0.9845707
488,Samsung,Galaxy Z Flip7,"My routine includes calls, photos, and some gaming. apps move along without much waiting. the panel is decent without being exceptional.",display,3,Neutral,Neutral,0.8808481
495,Motorola,Motorola Edge 60 Pro,"scrolling feels fluid on the high refresh rate. is fine for browsing and messaging. I would choose this one again over the alternatives I considered. That said, portraits can have uneven edge separation. charging has been quick enough for my routine. The software has been stable for me so far.",battery,5,Positive,Positive,0.99102247
495,Motorola,Motorola Edge 60 Pro,"scrolling feels fluid on the high refresh rate. is fine for browsing and messaging. I would choose this one again over the alternatives I considered. That said, portraits can have uneven edge separation. charging has been quick enough for my routine. The software has been stable for me so far.",camera,5,Positive,Positive,0.7003768
495,Motorola,Motorola Edge 60 Pro,"scrolling feels fluid on the high refresh rate. is fine for browsing and messaging. I would choose this one again over the alternatives I considered. That said, portraits can have uneven edge separation. charging has been quick enough for my routine. The software has been stable for me so far.",display,4,Positive,Positive,0.99055266
499,Apple,iPhone 17 Pro,"night shots are cleaner than I expected. Still, performance has been less consistent than I hoped. scrolling feels fluid on the high refresh rate.",performance,5,Positive,Positive,0.9314642
499,Apple,iPhone 17 Pro,"night shots are cleaner than I expected. Still, performance has been less consistent than I hoped. scrolling feels fluid on the high refresh rate.",display,5,Positive,Positive,0.99070054
503,Motorola,Razr 60 Ultra,"At the same time, the controls feel thoughtfully placed. gaming is okay at moderate settings. night shots are usable with some patience. is adequate for most daily tasks.",performance,3,Neutral,Neutral,0.8939233
504,Motorola,Moto G Power 2025,holds up really well through a long day. handles normal apps without trouble. Most of my use is fairly ordinary rather than demanding. feels familiar rather than distinctive. the camera output is less consistent than expected. The software has been stable for me so far.,camera,2,Negative,Negative,0.9945293
504,Motorola,Moto G Power 2025,holds up really well through a long day. handles normal apps without trouble. Most of my use is fairly ordinary rather than demanding. feels familiar rather than distinctive. the camera output is less consistent than expected. The software has been stable for me so far.,performance,3,Neutral,Neutral,0.8152143
510,Nothing,Nothing Phone 3,"I would hesitate to recommend it in this price range. My routine includes calls, photos, and some gaming. battery performance has been about what I expected. works well enough for routine photos. On the other hand, scrolling feels fluid on the high refresh rate. The software has been stable for me so far.",battery,3,Neutral,Neutral,0.8917662
510,Nothing,Nothing Phone 3,"I would hesitate to recommend it in this price range. My routine includes calls, photos, and some gaming. battery performance has been about what I expected. works well enough for routine photos. On the other hand, scrolling feels fluid on the high refresh rate. The software has been stable for me so far.",camera,3,Neutral,Neutral,0.8877224
510,Nothing,Nothing Phone 3,"I would hesitate to recommend it in this price range. My routine includes calls, photos, and some gaming. battery performance has been about what I expected. works well enough for routine photos. On the other hand, scrolling feels fluid on the high refresh rate. The software has been stable for me so far.",performance,4,Positive,Neutral,0.59408987
510,Nothing,Nothing Phone 3,"I would hesitate to recommend it in this price range. My routine includes calls, photos, and some gaming. battery performance has been about what I expected. works well enough for routine photos. On the other hand, scrolling feels fluid on the high refresh rate. The software has been stable for me so far.",display,3,Neutral,Neutral,0.80043554
514,OPPO,Find X8 Pro,apps move along without much waiting. I have very few regrets about choosing it. text stays sharp and easy to read. the camera handles portraits with good separation. I have been using it as my main phone.,camera,5,Positive,Positive,0.99032813
514,OPPO,Find X8 Pro,apps move along without much waiting. I have very few regrets about choosing it. text stays sharp and easy to read. the camera handles portraits with good separation. I have been using it as my main phone.,performance,4,Positive,Positive,0.9833709
520,Realme,Realme GT 7,"One catch is that, the shape is not especially comfortable for me. brightness is okay for my usual use. charging has been quick enough for my routine.",battery,4,Positive,Positive,0.9904929
520,Realme,Realme GT 7,"One catch is that, the shape is not especially comfortable for me. brightness is okay for my usual use. charging has been quick enough for my routine.",display,5,Positive,Neutral,0.8887264
536,Xiaomi,Redmi Note 14 Pro+,performance is neither especially quick nor slow. the camera output is less consistent than expected. I bought it after comparing a few phones in the same range. The software has been stable for me so far.,camera,1,Negative,Negative,0.99459404
536,Xiaomi,Redmi Note 14 Pro+,performance is neither especially quick nor slow. the camera output is less consistent than expected. I bought it after comparing a few phones in the same range. The software has been stable for me so far.,performance,3,Neutral,Neutral,0.86567706
543,OPPO,Reno 13 Pro,"feels familiar rather than distinctive. works well enough for routine photos. On the other hand, holds up really well through a long day. performance has been less consistent than I hoped. the panel looks bright in most situations.",camera,3,Neutral,Neutral,0.88847166
543,OPPO,Reno 13 Pro,"feels familiar rather than distinctive. works well enough for routine photos. On the other hand, holds up really well through a long day. performance has been less consistent than I hoped. the panel looks bright in most situations.",performance,2,Negative,Negative,0.9937888
543,OPPO,Reno 13 Pro,"feels familiar rather than distinctive. works well enough for routine photos. On the other hand, holds up really well through a long day. performance has been less consistent than I hoped. the panel looks bright in most situations.",display,4,Positive,Positive,0.9889902
547,Apple,iPhone 17 Pro Max,performance has been consistently strong. it is comfortable enough to use. the camera handles portraits with good separation.,camera,4,Positive,Positive,0.9895159
547,Apple,iPhone 17 Pro Max,performance has been consistently strong. it is comfortable enough to use. the camera handles portraits with good separation.,performance,5,Positive,Positive,0.98948634
553,Apple,iPhone 17,"My routine includes calls, photos, and some gaming. apps move along without much waiting. it needs a top-up before the day is over. I have more complaints than I expected to have.",camera,4,Positive,Positive,0.50940335
553,Apple,iPhone 17,"My routine includes calls, photos, and some gaming. apps move along without much waiting. it needs a top-up before the day is over. I have more complaints than I expected to have.",performance,4,Positive,Positive,0.982612
560,Xiaomi,Redmi Note 14 Pro+,Most of my use is fairly ordinary rather than demanding. handles normal apps without trouble. daylight shots come out crisp and detailed. the finish looks more premium in person. I use it mostly during a normal workday.,performance,3,Neutral,Positive,0.7474745
560,Xiaomi,Redmi Note 14 Pro+,Most of my use is fairly ordinary rather than demanding. handles normal apps without trouble. daylight shots come out crisp and detailed. the finish looks more premium in person. I use it mostly during a normal workday.,design,4,Positive,Positive,0.9836731
563,Motorola,Motorola Edge 60 Pro,"the design feels a little dated beside newer phones. the screen feels fairly typical for this class. I would choose a different model if I were buying again. At the same time, apps move along without much waiting. The software has been stable for me so far.",performance,5,Positive,Neutral,0.5199335
563,Motorola,Motorola Edge 60 Pro,"the design feels a little dated beside newer phones. the screen feels fairly typical for this class. I would choose a different model if I were buying again. At the same time, apps move along without much waiting. The software has been stable for me so far.",design,2,Negative,Negative,0.9934999
563,Motorola,Motorola Edge 60 Pro,"the design feels a little dated beside newer phones. the screen feels fairly typical for this class. I would choose a different model if I were buying again. At the same time, apps move along without much waiting. The software has been stable for me so far.",display,3,Neutral,Neutral,0.90854424
564,Samsung,Galaxy Z Flip7,games stay smooth during longer sessions. nothing about the finish stands out much. I mostly use it for work and messaging. drain is noticeable mainly with demanding apps.,battery,3,Neutral,Neutral,0.88509154
564,Samsung,Galaxy Z Flip7,games stay smooth during longer sessions. nothing about the finish stands out much. I mostly use it for work and messaging. drain is noticeable mainly with demanding apps.,performance,4,Positive,Positive,0.9857428
564,Samsung,Galaxy Z Flip7,games stay smooth during longer sessions. nothing about the finish stands out much. I mostly use it for work and messaging. drain is noticeable mainly with demanding apps.,design,4,Positive,Neutral,0.86626244
573,Samsung,Galaxy S25 Ultra,"It has been money well spent. My routine includes calls, photos, and some gaming. the handset feels solid and well put together. That said, the phone can feel sluggish under load. drain has been impressively low.",battery,4,Positive,Positive,0.990099
573,Samsung,Galaxy S25 Ultra,"It has been money well spent. My routine includes calls, photos, and some gaming. the handset feels solid and well put together. That said, the phone can feel sluggish under load. drain has been impressively low.",camera,4,Positive,Positive,0.7933541
573,Samsung,Galaxy S25 Ultra,"It has been money well spent. My routine includes calls, photos, and some gaming. the handset feels solid and well put together. That said, the phone can feel sluggish under load. drain has been impressively low.",performance,4,Positive,Positive,0.92284536
576,Apple,iPhone 16e,performance is neither especially quick nor slow. some photos lose detail when the light drops. the controls feel thoughtfully placed. Most of my use is fairly ordinary rather than demanding. I would hesitate to recommend it in this price range. I have been using it as my main phone.,camera,1,Negative,Negative,0.9939506
576,Apple,iPhone 16e,performance is neither especially quick nor slow. some photos lose detail when the light drops. the controls feel thoughtfully placed. Most of my use is fairly ordinary rather than demanding. I would hesitate to recommend it in this price range. I have been using it as my main phone.,performance,3,Neutral,Neutral,0.868871
576,Apple,iPhone 16e,performance is neither especially quick nor slow. some photos lose detail when the light drops. the controls feel thoughtfully placed. Most of my use is fairly ordinary rather than demanding. I would hesitate to recommend it in this price range. I have been using it as my main phone.,design,4,Positive,Positive,0.87173116
577,Apple,iPhone 16e,"I would choose a different model if I were buying again. multitasking is acceptable for my routine. night shots are usable with some patience. I spend a fair amount of time on maps, media, and social apps.",performance,3,Neutral,Neutral,0.8416678
582,Xiaomi,Xiaomi 15,"the design is functional and straightforward. Still, scrolling can feel less fluid than advertised. holds up really well through a long day. the camera handles portraits with good separation. My routine includes calls, photos, and some gaming.",camera,5,Positive,Positive,0.9902416
582,Xiaomi,Xiaomi 15,"the design is functional and straightforward. Still, scrolling can feel less fluid than advertised. holds up really well through a long day. the camera handles portraits with good separation. My routine includes calls, photos, and some gaming.",performance,4,Positive,Neutral,0.5075938
582,Xiaomi,Xiaomi 15,"the design is functional and straightforward. Still, scrolling can feel less fluid than advertised. holds up really well through a long day. the camera handles portraits with good separation. My routine includes calls, photos, and some gaming.",design,3,Neutral,Neutral,0.8933513
585,Realme,Realme GT 7 Pro,games stay smooth during longer sessions. daylight shots come out crisp and detailed. text stays sharp and easy to read. I bought it after comparing a few phones in the same range. The software has been stable for me so far.,performance,4,Positive,Positive,0.9875618
585,Realme,Realme GT 7 Pro,games stay smooth during longer sessions. daylight shots come out crisp and detailed. text stays sharp and easy to read. I bought it after comparing a few phones in the same range. The software has been stable for me so far.,design,5,Positive,Positive,0.9198571
603,OPPO,Find X8 Pro,touch response has been dependable. it is comfortable to carry and use. I mostly use it for work and messaging. The strengths make it easy for me to recommend. I rarely think about the battery during the day.,battery,5,Positive,Positive,0.9864283
603,OPPO,Find X8 Pro,touch response has been dependable. it is comfortable to carry and use. I mostly use it for work and messaging. The strengths make it easy for me to recommend. I rarely think about the battery during the day.,display,4,Positive,Positive,0.9904186
605,Google,Pixel 10 Pro XL,"I spend a fair amount of time on maps, media, and social apps. On the other hand, touch response has occasionally felt delayed. the design has grown on me. The strengths make it easy for me to recommend. the phone stays responsive under a busy workload.",performance,5,Positive,Positive,0.97162896
605,Google,Pixel 10 Pro XL,"I spend a fair amount of time on maps, media, and social apps. On the other hand, touch response has occasionally felt delayed. the design has grown on me. The strengths make it easy for me to recommend. the phone stays responsive under a busy workload.",design,4,Positive,Positive,0.9894287
605,Google,Pixel 10 Pro XL,"I spend a fair amount of time on maps, media, and social apps. On the other hand, touch response has occasionally felt delayed. the design has grown on me. The strengths make it easy for me to recommend. the phone stays responsive under a busy workload.",display,4,Positive,Positive,0.9072681
607,Motorola,Razr 60 Ultra,daylight images are generally fine. handles normal apps without trouble.,performance,3,Neutral,Neutral,0.8118891
607,Motorola,Razr 60 Ultra,daylight images are generally fine. handles normal apps without trouble.,design,5,Positive,Neutral,0.7477383
608,Nothing,Phone 3a Pro,"One catch is that, it is comfortable to carry and use. photos have a pleasing amount of detail. colors are pleasing without looking excessive. Most of my use is fairly ordinary rather than demanding. handles normal apps without trouble. battery performance has been about what I expected. I have been using it as my main phone.",battery,4,Positive,Neutral,0.88233465
608,Nothing,Phone 3a Pro,"One catch is that, it is comfortable to carry and use. photos have a pleasing amount of detail. colors are pleasing without looking excessive. Most of my use is fairly ordinary rather than demanding. handles normal apps without trouble. battery performance has been about what I expected. I have been using it as my main phone.",camera,4,Positive,Positive,0.99050176
608,Nothing,Phone 3a Pro,"One catch is that, it is comfortable to carry and use. photos have a pleasing amount of detail. colors are pleasing without looking excessive. Most of my use is fairly ordinary rather than demanding. handles normal apps without trouble. battery performance has been about what I expected. I have been using it as my main phone.",performance,3,Neutral,Positive,0.66329944
608,Nothing,Phone 3a Pro,"One catch is that, it is comfortable to carry and use. photos have a pleasing amount of detail. colors are pleasing without looking excessive. Most of my use is fairly ordinary rather than demanding. handles normal apps without trouble. battery performance has been about what I expected. I have been using it as my main phone.",display,5,Positive,Positive,0.98947453
614,Realme,Realme GT 7 Pro,the handset feels solid and well put together. games stay smooth during longer sessions. daylight images are generally fine. colors are pleasing without looking excessive. I mostly use it for work and messaging.,performance,4,Positive,Positive,0.9885923
614,Realme,Realme GT 7 Pro,the handset feels solid and well put together. games stay smooth during longer sessions. daylight images are generally fine. colors are pleasing without looking excessive. I mostly use it for work and messaging.,design,4,Positive,Positive,0.9117868
614,Realme,Realme GT 7 Pro,the handset feels solid and well put together. games stay smooth during longer sessions. daylight images are generally fine. colors are pleasing without looking excessive. I mostly use it for work and messaging.,display,4,Positive,Positive,0.9893439
654,Realme,Realme 14 Pro+,"Still, switching between apps feels effortless. feels familiar rather than distinctive. works well enough for routine photos. Most of my use is fairly ordinary rather than demanding. is adequate for most daily tasks. The software has been stable for me so far.",camera,3,Neutral,Neutral,0.8971366
654,Realme,Realme 14 Pro+,"Still, switching between apps feels effortless. feels familiar rather than distinctive. works well enough for routine photos. Most of my use is fairly ordinary rather than demanding. is adequate for most daily tasks. The software has been stable for me so far.",performance,3,Neutral,Neutral,0.7140817
666,Samsung,Galaxy A56 5G,charging speed is fairly ordinary. nothing about the finish stands out much. I have been using it as my main phone.,battery,3,Neutral,Neutral,0.91228765
666,Samsung,Galaxy A56 5G,charging speed is fairly ordinary. nothing about the finish stands out much. I have been using it as my main phone.,design,3,Neutral,Neutral,0.87277645
667,Realme,Realme GT 7 Pro,charging has been quick enough for my routine. I would recommend it to someone shopping in this range. performance has been consistently strong. scrolling feels fluid on the high refresh rate. I mostly use it for work and messaging.,battery,5,Positive,Positive,0.9906268
667,Realme,Realme GT 7 Pro,charging has been quick enough for my routine. I would recommend it to someone shopping in this range. performance has been consistently strong. scrolling feels fluid on the high refresh rate. I mostly use it for work and messaging.,performance,4,Positive,Positive,0.990375
667,Realme,Realme GT 7 Pro,charging has been quick enough for my routine. I would recommend it to someone shopping in this range. performance has been consistently strong. scrolling feels fluid on the high refresh rate. I mostly use it for work and messaging.,display,4,Positive,Positive,0.990949
669,Nothing,Phone 2a Plus,handles normal apps without trouble. the controls feel thoughtfully placed. some photos lose detail when the light drops. I mostly use it for work and messaging. outdoor brightness can be limiting. I use it mostly during a normal workday.,camera,2,Negative,Negative,0.99395186
669,Nothing,Phone 2a Plus,handles normal apps without trouble. the controls feel thoughtfully placed. some photos lose detail when the light drops. I mostly use it for work and messaging. outdoor brightness can be limiting. I use it mostly during a normal workday.,performance,3,Neutral,Neutral,0.6953953
669,Nothing,Phone 2a Plus,handles normal apps without trouble. the controls feel thoughtfully placed. some photos lose detail when the light drops. I mostly use it for work and messaging. outdoor brightness can be limiting. I use it mostly during a normal workday.,design,5,Positive,Positive,0.9553856
669,Nothing,Phone 2a Plus,handles normal apps without trouble. the controls feel thoughtfully placed. some photos lose detail when the light drops. I mostly use it for work and messaging. outdoor brightness can be limiting. I use it mostly during a normal workday.,display,1,Negative,Negative,0.9938976
677,OPPO,Find X8 Pro,"On the other hand, holds up really well through a long day. Most of my use is fairly ordinary rather than demanding. the build is reasonable for the price. colors are pleasing without looking excessive. switching between apps feels effortless.",performance,4,Positive,Positive,0.98455566
677,OPPO,Find X8 Pro,"On the other hand, holds up really well through a long day. Most of my use is fairly ordinary rather than demanding. the build is reasonable for the price. colors are pleasing without looking excessive. switching between apps feels effortless.",design,3,Neutral,Neutral,0.89673555
677,OPPO,Find X8 Pro,"On the other hand, holds up really well through a long day. Most of my use is fairly ordinary rather than demanding. the build is reasonable for the price. colors are pleasing without looking excessive. switching between apps feels effortless.",display,4,Positive,Positive,0.9896861
682,Samsung,Galaxy A56 5G,the controls feel thoughtfully placed. portraits can have uneven edge separation. I am already considering a different phone next time. The software has been stable for me so far.,camera,2,Negative,Negative,0.9941591
688,Samsung,Galaxy S26,"I spend a fair amount of time on maps, media, and social apps. colors are pleasing without looking excessive. battery performance has been about what I expected. Still, the shape is not especially comfortable for me. I use it mostly during a normal workday.",battery,5,Positive,Neutral,0.8833047
688,Samsung,Galaxy S26,"I spend a fair amount of time on maps, media, and social apps. colors are pleasing without looking excessive. battery performance has been about what I expected. Still, the shape is not especially comfortable for me. I use it mostly during a normal workday.",performance,3,Neutral,Positive,0.80737793
688,Samsung,Galaxy S26,"I spend a fair amount of time on maps, media, and social apps. colors are pleasing without looking excessive. battery performance has been about what I expected. Still, the shape is not especially comfortable for me. I use it mostly during a normal workday.",display,5,Positive,Positive,0.98910785
692,Samsung,Galaxy S26,"the phone stays responsive under a busy workload. At the same time, touch response has been dependable. the finish looks more premium in person. I mostly use it for work and messaging. night shots are cleaner than I expected.",design,4,Positive,Positive,0.9861777
692,Samsung,Galaxy S26,"the phone stays responsive under a busy workload. At the same time, touch response has been dependable. the finish looks more premium in person. I mostly use it for work and messaging. night shots are cleaner than I expected.",display,4,Positive,Positive,0.98105985
694,Google,Pixel 9a,"On the other hand, scrolling feels fluid on the high refresh rate. drain is noticeable mainly with demanding apps. daylight images are generally fine. The compromises are difficult to overlook. multitasking is acceptable for my routine. I bought it after comparing a few phones in the same range.",battery,3,Neutral,Neutral,0.8932414
694,Google,Pixel 9a,"On the other hand, scrolling feels fluid on the high refresh rate. drain is noticeable mainly with demanding apps. daylight images are generally fine. The compromises are difficult to overlook. multitasking is acceptable for my routine. I bought it after comparing a few phones in the same range.",performance,3,Neutral,Neutral,0.83619153
694,Google,Pixel 9a,"On the other hand, scrolling feels fluid on the high refresh rate. drain is noticeable mainly with demanding apps. daylight images are generally fine. The compromises are difficult to overlook. multitasking is acceptable for my routine. I bought it after comparing a few phones in the same range.",design,3,Neutral,Neutral,0.83709776
694,Google,Pixel 9a,"On the other hand, scrolling feels fluid on the high refresh rate. drain is noticeable mainly with demanding apps. daylight images are generally fine. The compromises are difficult to overlook. multitasking is acceptable for my routine. I bought it after comparing a few phones in the same range.",display,4,Positive,Neutral,0.79911363
703,Samsung,Galaxy S25 Ultra,the phone stays responsive under a busy workload. the camera handles portraits with good separation. it is comfortable to carry and use. I use it mostly during a normal workday.,camera,5,Positive,Positive,0.98995775
706,OPPO,Reno 13 Pro,is adequate unless I use the phone heavily. the controls feel thoughtfully placed. Most of my use is fairly ordinary rather than demanding. the camera handles portraits with good separation. It depends on which features matter most to the buyer. the panel is decent without being exceptional.,camera,4,Positive,Positive,0.9895092
706,OPPO,Reno 13 Pro,is adequate unless I use the phone heavily. the controls feel thoughtfully placed. Most of my use is fairly ordinary rather than demanding. the camera handles portraits with good separation. It depends on which features matter most to the buyer. the panel is decent without being exceptional.,display,3,Neutral,Neutral,0.8852334
718,Apple,iPhone 17,drain is noticeable mainly with demanding apps. switching between apps feels effortless.,battery,3,Neutral,Neutral,0.89101136
718,Apple,iPhone 17,drain is noticeable mainly with demanding apps. switching between apps feels effortless.,performance,5,Positive,Positive,0.98405355
731,Google,Pixel 9a,"handles normal apps without trouble. holds up really well through a long day. the screen feels fairly typical for this class. the design is functional and straightforward. At the same time, autofocus has been reliable in everyday use.",camera,3,Neutral,Neutral,0.66581714
731,Google,Pixel 9a,"handles normal apps without trouble. holds up really well through a long day. the screen feels fairly typical for this class. the design is functional and straightforward. At the same time, autofocus has been reliable in everyday use.",performance,3,Neutral,Neutral,0.83762616
731,Google,Pixel 9a,"handles normal apps without trouble. holds up really well through a long day. the screen feels fairly typical for this class. the design is functional and straightforward. At the same time, autofocus has been reliable in everyday use.",design,3,Neutral,Neutral,0.9001126
731,Google,Pixel 9a,"handles normal apps without trouble. holds up really well through a long day. the screen feels fairly typical for this class. the design is functional and straightforward. At the same time, autofocus has been reliable in everyday use.",display,3,Neutral,Neutral,0.9058635
733,Apple,iPhone 17 Pro Max,looks fine indoors and in shade. drain has been impressively low. I mostly use it for work and messaging. the controls feel thoughtfully placed. apps move along without much waiting.,battery,5,Positive,Positive,0.9903537
733,Apple,iPhone 17 Pro Max,looks fine indoors and in shade. drain has been impressively low. I mostly use it for work and messaging. the controls feel thoughtfully placed. apps move along without much waiting.,performance,5,Positive,Positive,0.98638153
734,OnePlus,OnePlus 13T,"charging has been quick enough for my routine. it is comfortable to carry and use. performance has been consistently strong. photos have a pleasing amount of detail. I bought it after comparing a few phones in the same range. That said, scrolling feels fluid on the high refresh rate. My view of it has remained fairly balanced. I have been using it as my main phone.",battery,4,Positive,Positive,0.99071795
734,OnePlus,OnePlus 13T,"charging has been quick enough for my routine. it is comfortable to carry and use. performance has been consistently strong. photos have a pleasing amount of detail. I bought it after comparing a few phones in the same range. That said, scrolling feels fluid on the high refresh rate. My view of it has remained fairly balanced. I have been using it as my main phone.",camera,4,Positive,Positive,0.99027926
734,OnePlus,OnePlus 13T,"charging has been quick enough for my routine. it is comfortable to carry and use. performance has been consistently strong. photos have a pleasing amount of detail. I bought it after comparing a few phones in the same range. That said, scrolling feels fluid on the high refresh rate. My view of it has remained fairly balanced. I have been using it as my main phone.",performance,5,Positive,Positive,0.9900547
734,OnePlus,OnePlus 13T,"charging has been quick enough for my routine. it is comfortable to carry and use. performance has been consistently strong. photos have a pleasing amount of detail. I bought it after comparing a few phones in the same range. That said, scrolling feels fluid on the high refresh rate. My view of it has remained fairly balanced. I have been using it as my main phone.",display,4,Positive,Positive,0.98913145
743,Realme,Realme GT 7,I bought it after comparing a few phones in the same range. charging has been quick enough for my routine. the buttons do not feel as refined as I expected. The software has been stable for me so far.,battery,4,Positive,Positive,0.9909581
743,Realme,Realme GT 7,I bought it after comparing a few phones in the same range. charging has been quick enough for my routine. the buttons do not feel as refined as I expected. The software has been stable for me so far.,design,2,Negative,Negative,0.9858348
745,Google,Pixel 9a,"the camera is capable without being remarkable. usually leaves plenty of charge by bedtime. I bought it after comparing a few phones in the same range. That said, the controls feel thoughtfully placed.",battery,4,Positive,Positive,0.98868424
745,Google,Pixel 9a,"the camera is capable without being remarkable. usually leaves plenty of charge by bedtime. I bought it after comparing a few phones in the same range. That said, the controls feel thoughtfully placed.",camera,3,Neutral,Neutral,0.8825647
747,Samsung,Galaxy Z Flip7,"Still, scrolling feels fluid on the high refresh rate. it needs a top-up before the day is over. It is a reasonable choice, although there are clear alternatives. multitasking is acceptable for my routine. the controls feel thoughtfully placed. The software has been stable for me so far.",performance,4,Positive,Neutral,0.85293245
747,Samsung,Galaxy Z Flip7,"Still, scrolling feels fluid on the high refresh rate. it needs a top-up before the day is over. It is a reasonable choice, although there are clear alternatives. multitasking is acceptable for my routine. the controls feel thoughtfully placed. The software has been stable for me so far.",display,4,Positive,Neutral,0.57798797
748,Nothing,Nothing Phone 3,"games stay smooth during longer sessions. text stays sharp and easy to read. autofocus occasionally misses the moment. That said, the handset feels bulkier than expected.",camera,2,Negative,Negative,0.9943961
748,Nothing,Nothing Phone 3,"games stay smooth during longer sessions. text stays sharp and easy to read. autofocus occasionally misses the moment. That said, the handset feels bulkier than expected.",performance,4,Positive,Positive,0.9877152
759,OPPO,Reno 13 Pro,holds up really well through a long day. the camera is capable without being remarkable. the panel is decent without being exceptional. multitasking is acceptable for my routine. I am already considering a different phone next time. The software has been stable for me so far.,camera,3,Neutral,Neutral,0.89349425
759,OPPO,Reno 13 Pro,holds up really well through a long day. the camera is capable without being remarkable. the panel is decent without being exceptional. multitasking is acceptable for my routine. I am already considering a different phone next time. The software has been stable for me so far.,performance,3,Neutral,Neutral,0.88325393
759,OPPO,Reno 13 Pro,holds up really well through a long day. the camera is capable without being remarkable. the panel is decent without being exceptional. multitasking is acceptable for my routine. I am already considering a different phone next time. The software has been stable for me so far.,display,3,Neutral,Neutral,0.90430725
761,OnePlus,OnePlus 13,holds up really well through a long day. performance has been consistently strong. I mostly use it for work and messaging. I use it mostly during a normal workday.,performance,5,Positive,Positive,0.990427
766,Apple,iPhone 17 Pro,"I spend a fair amount of time on maps, media, and social apps. it is comfortable to carry and use. the phone stays responsive under a busy workload.",performance,5,Positive,Positive,0.98233885
767,Google,Pixel 10 Pro XL,"the panel looks bright in most situations. photos have a pleasing amount of detail. That said, performance has been less consistent than I hoped. holds up really well through a long day. I spend a fair amount of time on maps, media, and social apps. I would recommend it to someone shopping in this range. I have been using it as my main phone.",camera,5,Positive,Positive,0.990607
767,Google,Pixel 10 Pro XL,"the panel looks bright in most situations. photos have a pleasing amount of detail. That said, performance has been less consistent than I hoped. holds up really well through a long day. I spend a fair amount of time on maps, media, and social apps. I would recommend it to someone shopping in this range. I have been using it as my main phone.",performance,5,Positive,Positive,0.642671
767,Google,Pixel 10 Pro XL,"the panel looks bright in most situations. photos have a pleasing amount of detail. That said, performance has been less consistent than I hoped. holds up really well through a long day. I spend a fair amount of time on maps, media, and social apps. I would recommend it to someone shopping in this range. I have been using it as my main phone.",display,4,Positive,Positive,0.9889704
770,Motorola,Moto G Power 2025,I rarely think about the battery during the day. I bought it after comparing a few phones in the same range. the panel looks less convincing at an angle.,battery,4,Positive,Positive,0.98502016
770,Motorola,Moto G Power 2025,I rarely think about the battery during the day. I bought it after comparing a few phones in the same range. the panel looks less convincing at an angle.,display,2,Negative,Negative,0.99384624
776,Realme,Realme GT 7 Pro,"On the other hand, holds up really well through a long day. the finish looks more premium in person. autofocus has been reliable in everyday use. I would call the purchase acceptable rather than exciting. I use it mostly during a normal workday.",camera,4,Positive,Positive,0.99058086
776,Realme,Realme GT 7 Pro,"On the other hand, holds up really well through a long day. the finish looks more premium in person. autofocus has been reliable in everyday use. I would call the purchase acceptable rather than exciting. I use it mostly during a normal workday.",design,4,Positive,Positive,0.9846918
779,OnePlus,OnePlus 13T,"touch response has been dependable. apps move along without much waiting. Still, portraits can have uneven edge separation. nothing about the finish stands out much. I am pleased with the purchase overall. charging has been quick enough for my routine.",battery,4,Positive,Positive,0.9910851
779,OnePlus,OnePlus 13T,"touch response has been dependable. apps move along without much waiting. Still, portraits can have uneven edge separation. nothing about the finish stands out much. I am pleased with the purchase overall. charging has been quick enough for my routine.",camera,4,Positive,Positive,0.8174495
779,OnePlus,OnePlus 13T,"touch response has been dependable. apps move along without much waiting. Still, portraits can have uneven edge separation. nothing about the finish stands out much. I am pleased with the purchase overall. charging has been quick enough for my routine.",performance,4,Positive,Positive,0.9857481
779,OnePlus,OnePlus 13T,"touch response has been dependable. apps move along without much waiting. Still, portraits can have uneven edge separation. nothing about the finish stands out much. I am pleased with the purchase overall. charging has been quick enough for my routine.",design,5,Positive,Neutral,0.7775289
779,OnePlus,OnePlus 13T,"touch response has been dependable. apps move along without much waiting. Still, portraits can have uneven edge separation. nothing about the finish stands out much. I am pleased with the purchase overall. charging has been quick enough for my routine.",display,4,Positive,Positive,0.99050105
791,Apple,iPhone 16,"I would choose a different model if I were buying again. the handset feels solid and well put together. autofocus is okay for everyday subjects. is adequate for most daily tasks. Still, apps move along without much waiting.",camera,4,Positive,Neutral,0.88349825
791,Apple,iPhone 16,"I would choose a different model if I were buying again. the handset feels solid and well put together. autofocus is okay for everyday subjects. is adequate for most daily tasks. Still, apps move along without much waiting.",performance,5,Positive,Neutral,0.48484793
800,Apple,iPhone 16e,"On the other hand, I rarely think about the battery during the day. It depends on which features matter most to the buyer. handles normal apps without trouble. the panel is decent without being exceptional. I use it mostly during a normal workday.",battery,3,Neutral,Neutral,0.657119
800,Apple,iPhone 16e,"On the other hand, I rarely think about the battery during the day. It depends on which features matter most to the buyer. handles normal apps without trouble. the panel is decent without being exceptional. I use it mostly during a normal workday.",performance,3,Neutral,Neutral,0.8612468
800,Apple,iPhone 16e,"On the other hand, I rarely think about the battery during the day. It depends on which features matter most to the buyer. handles normal apps without trouble. the panel is decent without being exceptional. I use it mostly during a normal workday.",display,5,Positive,Neutral,0.88802636
802,Motorola,Moto G Power 2025,"I mostly use it for work and messaging. That said, outdoor brightness can be limiting. it is comfortable to carry and use. holds up really well through a long day.",display,3,Neutral,Positive,0.48341134
805,OnePlus,OnePlus 13R,night shots are usable with some patience. charging has been quick enough for my routine. Most of my use is fairly ordinary rather than demanding. the build is reasonable for the price. I would not buy this phone again. The software has been stable for me so far.,battery,5,Positive,Positive,0.9905194
805,OnePlus,OnePlus 13R,night shots are usable with some patience. charging has been quick enough for my routine. Most of my use is fairly ordinary rather than demanding. the build is reasonable for the price. I would not buy this phone again. The software has been stable for me so far.,design,3,Neutral,Neutral,0.8994795
810,Motorola,Moto G Power 2025,"Still, games stay smooth during longer sessions. scrolling can feel less fluid than advertised. I rarely think about the battery during the day.",battery,4,Positive,Positive,0.98741156
810,Motorola,Moto G Power 2025,"Still, games stay smooth during longer sessions. scrolling can feel less fluid than advertised. I rarely think about the battery during the day.",performance,1,Negative,Positive,0.7154593
814,Nothing,Nothing Phone 3,performance has been consistently strong. Most of my use is fairly ordinary rather than demanding. the controls feel thoughtfully placed. I have been using it as my main phone.,performance,4,Positive,Positive,0.98968774
818,Realme,Realme 14 Pro+,charging has been quick enough for my routine. autofocus has been reliable in everyday use. looks fine indoors and in shade. gaming is okay at moderate settings.,battery,4,Positive,Positive,0.9903611
818,Realme,Realme 14 Pro+,charging has been quick enough for my routine. autofocus has been reliable in everyday use. looks fine indoors and in shade. gaming is okay at moderate settings.,camera,4,Positive,Positive,0.9906412
818,Realme,Realme 14 Pro+,charging has been quick enough for my routine. autofocus has been reliable in everyday use. looks fine indoors and in shade. gaming is okay at moderate settings.,performance,3,Neutral,Neutral,0.86036927
819,Samsung,Galaxy A56 5G,touch response has been dependable. the build is reasonable for the price. I bought it after comparing a few phones in the same range. autofocus occasionally misses the moment.,camera,2,Negative,Negative,0.9943932
819,Samsung,Galaxy A56 5G,touch response has been dependable. the build is reasonable for the price. I bought it after comparing a few phones in the same range. autofocus occasionally misses the moment.,design,3,Neutral,Neutral,0.9023851
819,Samsung,Galaxy A56 5G,touch response has been dependable. the build is reasonable for the price. I bought it after comparing a few phones in the same range. autofocus occasionally misses the moment.,display,5,Positive,Positive,0.9903493
823,Nothing,Phone 3a Pro,"It is a reasonable choice, although there are clear alternatives. the controls feel thoughtfully placed. I spend a fair amount of time on maps, media, and social apps. charging has been quick enough for my routine. At the same time, the panel looks bright in most situations.",battery,4,Positive,Positive,0.99100786
823,Nothing,Phone 3a Pro,"It is a reasonable choice, although there are clear alternatives. the controls feel thoughtfully placed. I spend a fair amount of time on maps, media, and social apps. charging has been quick enough for my routine. At the same time, the panel looks bright in most situations.",performance,3,Neutral,Neutral,0.58235145
823,Nothing,Phone 3a Pro,"It is a reasonable choice, although there are clear alternatives. the controls feel thoughtfully placed. I spend a fair amount of time on maps, media, and social apps. charging has been quick enough for my routine. At the same time, the panel looks bright in most situations.",display,4,Positive,Positive,0.5197185
825,Xiaomi,Xiaomi 15 Ultra,"games stay smooth during longer sessions. I am already considering a different phone next time. My routine includes calls, photos, and some gaming. feels familiar rather than distinctive.",camera,5,Positive,Neutral,0.48687485
825,Xiaomi,Xiaomi 15 Ultra,"games stay smooth during longer sessions. I am already considering a different phone next time. My routine includes calls, photos, and some gaming. feels familiar rather than distinctive.",performance,4,Positive,Positive,0.98642665
826,Samsung,Galaxy A56 5G,daylight images are generally fine. scrolling feels fluid on the high refresh rate. gaming is okay at moderate settings.,performance,3,Neutral,Neutral,0.8419094
826,Samsung,Galaxy A56 5G,daylight images are generally fine. scrolling feels fluid on the high refresh rate. gaming is okay at moderate settings.,design,4,Positive,Positive,0.6118741
826,Samsung,Galaxy A56 5G,daylight images are generally fine. scrolling feels fluid on the high refresh rate. gaming is okay at moderate settings.,display,4,Positive,Positive,0.990651
827,OPPO,Find X8 Pro,"I would recommend it to someone shopping in this range. Still, performance has been less consistent than I hoped. text stays sharp and easy to read. photos have a pleasing amount of detail.",camera,5,Positive,Positive,0.9906861
827,OPPO,Find X8 Pro,"I would recommend it to someone shopping in this range. Still, performance has been less consistent than I hoped. text stays sharp and easy to read. photos have a pleasing amount of detail.",performance,5,Positive,Positive,0.74028957
828,Samsung,Galaxy S26 Ultra,performance has been consistently strong. charging has been quick enough for my routine. the controls feel thoughtfully placed. colors are pleasing without looking excessive. I would recommend it to someone shopping in this range.,battery,5,Positive,Positive,0.991076
828,Samsung,Galaxy S26 Ultra,performance has been consistently strong. charging has been quick enough for my routine. the controls feel thoughtfully placed. colors are pleasing without looking excessive. I would recommend it to someone shopping in this range.,performance,4,Positive,Positive,0.9894098
828,Samsung,Galaxy S26 Ultra,performance has been consistently strong. charging has been quick enough for my routine. the controls feel thoughtfully placed. colors are pleasing without looking excessive. I would recommend it to someone shopping in this range.,display,5,Positive,Positive,0.990131
832,Google,Pixel 10 Pro,"My view of it has remained fairly balanced. looks fine indoors and in shade. autofocus is okay for everyday subjects. That said, switching between apps feels effortless.",camera,3,Neutral,Neutral,0.8842487
832,Google,Pixel 10 Pro,"My view of it has remained fairly balanced. looks fine indoors and in shade. autofocus is okay for everyday subjects. That said, switching between apps feels effortless.",performance,4,Positive,Positive,0.49453235
833,Realme,Realme GT 7,"night shots are usable with some patience. I am neither especially impressed nor disappointed. apps move along without much waiting. battery performance has been about what I expected. the shape is not especially comfortable for me. I spend a fair amount of time on maps, media, and social apps. I have been using it as my main phone.",battery,5,Positive,Neutral,0.8828685
833,Realme,Realme GT 7,"night shots are usable with some patience. I am neither especially impressed nor disappointed. apps move along without much waiting. battery performance has been about what I expected. the shape is not especially comfortable for me. I spend a fair amount of time on maps, media, and social apps. I have been using it as my main phone.",performance,4,Positive,Positive,0.98129314
834,Xiaomi,Redmi Note 14 Pro+,"nothing about the finish stands out much. On the other hand, scrolling feels fluid on the high refresh rate. daylight shots come out crisp and detailed. multitasking is acceptable for my routine. I rarely think about the battery during the day.",battery,4,Positive,Positive,0.9850818
834,Xiaomi,Redmi Note 14 Pro+,"nothing about the finish stands out much. On the other hand, scrolling feels fluid on the high refresh rate. daylight shots come out crisp and detailed. multitasking is acceptable for my routine. I rarely think about the battery during the day.",performance,5,Positive,Positive,0.5417988
834,Xiaomi,Redmi Note 14 Pro+,"nothing about the finish stands out much. On the other hand, scrolling feels fluid on the high refresh rate. daylight shots come out crisp and detailed. multitasking is acceptable for my routine. I rarely think about the battery during the day.",design,2,Negative,Neutral,0.8436015
834,Xiaomi,Redmi Note 14 Pro+,"nothing about the finish stands out much. On the other hand, scrolling feels fluid on the high refresh rate. daylight shots come out crisp and detailed. multitasking is acceptable for my routine. I rarely think about the battery during the day.",display,3,Neutral,Positive,0.92051125
845,Samsung,Galaxy Z Flip7,"looks fine indoors and in shade. switching between apps feels effortless. the controls feel thoughtfully placed. One catch is that, some photos lose detail when the light drops.",camera,5,Positive,Positive,0.5382359
845,Samsung,Galaxy Z Flip7,"looks fine indoors and in shade. switching between apps feels effortless. the controls feel thoughtfully placed. One catch is that, some photos lose detail when the light drops.",performance,4,Positive,Positive,0.9866851
845,Samsung,Galaxy Z Flip7,"looks fine indoors and in shade. switching between apps feels effortless. the controls feel thoughtfully placed. One catch is that, some photos lose detail when the light drops.",design,4,Positive,Positive,0.978929
847,OnePlus,OnePlus 13T,"I rarely think about the battery during the day. daylight images are generally fine. One catch is that, apps move along without much waiting. I spend a fair amount of time on maps, media, and social apps. The software has been stable for me so far.",battery,4,Positive,Positive,0.98150694
847,OnePlus,OnePlus 13T,"I rarely think about the battery during the day. daylight images are generally fine. One catch is that, apps move along without much waiting. I spend a fair amount of time on maps, media, and social apps. The software has been stable for me so far.",performance,4,Positive,Positive,0.8106348
847,OnePlus,OnePlus 13T,"I rarely think about the battery during the day. daylight images are generally fine. One catch is that, apps move along without much waiting. I spend a fair amount of time on maps, media, and social apps. The software has been stable for me so far.",design,4,Positive,Positive,0.6172265
854,Google,Pixel 9a,the panel looks bright in most situations. daylight images are generally fine. gets through a normal day for me.,design,5,Positive,Neutral,0.48031417
854,Google,Pixel 9a,the panel looks bright in most situations. daylight images are generally fine. gets through a normal day for me.,display,4,Positive,Positive,0.9810121
859,Nothing,Nothing Phone 3,"Most of my use is fairly ordinary rather than demanding. the design has grown on me. I could recommend it, but only with some reservations. the camera is capable without being remarkable. One catch is that, usually leaves plenty of charge by bedtime.",battery,4,Positive,Positive,0.44623217
859,Nothing,Nothing Phone 3,"Most of my use is fairly ordinary rather than demanding. the design has grown on me. I could recommend it, but only with some reservations. the camera is capable without being remarkable. One catch is that, usually leaves plenty of charge by bedtime.",camera,3,Neutral,Neutral,0.881326
859,Nothing,Nothing Phone 3,"Most of my use is fairly ordinary rather than demanding. the design has grown on me. I could recommend it, but only with some reservations. the camera is capable without being remarkable. One catch is that, usually leaves plenty of charge by bedtime.",design,4,Positive,Positive,0.9886331
860,Apple,iPhone 16,"battery performance has been about what I expected. Most of my use is fairly ordinary rather than demanding. Still, longer gaming sessions can introduce stutter. the finish looks more premium in person. is adequate for most daily tasks.",battery,3,Neutral,Neutral,0.8694009
860,Apple,iPhone 16,"battery performance has been about what I expected. Most of my use is fairly ordinary rather than demanding. Still, longer gaming sessions can introduce stutter. the finish looks more premium in person. is adequate for most daily tasks.",performance,4,Positive,Positive,0.8467728
860,Apple,iPhone 16,"battery performance has been about what I expected. Most of my use is fairly ordinary rather than demanding. Still, longer gaming sessions can introduce stutter. the finish looks more premium in person. is adequate for most daily tasks.",design,4,Positive,Positive,0.9872433
874,Motorola,Moto G Power 2025,"I bought it after comparing a few phones in the same range. performance has been less consistent than I hoped. holds up really well through a long day. Still, autofocus has been reliable in everyday use.",camera,3,Neutral,Neutral,0.47115842
874,Motorola,Moto G Power 2025,"I bought it after comparing a few phones in the same range. performance has been less consistent than I hoped. holds up really well through a long day. Still, autofocus has been reliable in everyday use.",performance,2,Negative,Negative,0.9941293
879,Nothing,Phone 2a Plus,I mostly use it for work and messaging. the camera is capable without being remarkable. the panel is decent without being exceptional.,camera,3,Neutral,Neutral,0.8945265
879,Nothing,Phone 2a Plus,I mostly use it for work and messaging. the camera is capable without being remarkable. the panel is decent without being exceptional.,display,3,Neutral,Neutral,0.90221894
881,OPPO,Reno 13 Pro,charging has been quick enough for my routine. nothing about the finish stands out much. I mostly use it for work and messaging. the camera handles portraits with good separation. colors are pleasing without looking excessive.,battery,4,Positive,Positive,0.9907019
881,OPPO,Reno 13 Pro,charging has been quick enough for my routine. nothing about the finish stands out much. I mostly use it for work and messaging. the camera handles portraits with good separation. colors are pleasing without looking excessive.,camera,4,Positive,Positive,0.9903944
881,OPPO,Reno 13 Pro,charging has been quick enough for my routine. nothing about the finish stands out much. I mostly use it for work and messaging. the camera handles portraits with good separation. colors are pleasing without looking excessive.,design,3,Neutral,Neutral,0.8570879
881,OPPO,Reno 13 Pro,charging has been quick enough for my routine. nothing about the finish stands out much. I mostly use it for work and messaging. the camera handles portraits with good separation. colors are pleasing without looking excessive.,display,4,Positive,Positive,0.9897569
882,Google,Pixel 10,"On the other hand, holds up really well through a long day. the panel is decent without being exceptional. I regret some parts of the purchase. performance has been consistently strong.",performance,4,Positive,Positive,0.9894707
882,Google,Pixel 10,"On the other hand, holds up really well through a long day. the panel is decent without being exceptional. I regret some parts of the purchase. performance has been consistently strong.",display,3,Neutral,Neutral,0.9018452
886,OnePlus,OnePlus 13R,"Most of my use is fairly ordinary rather than demanding. the phone stays responsive under a busy workload. night shots are usable with some patience. I rarely think about the battery during the day. At the same time, touch response has occasionally felt delayed. I use it mostly during a normal workday.",battery,4,Positive,Positive,0.9849267
886,OnePlus,OnePlus 13R,"Most of my use is fairly ordinary rather than demanding. the phone stays responsive under a busy workload. night shots are usable with some patience. I rarely think about the battery during the day. At the same time, touch response has occasionally felt delayed. I use it mostly during a normal workday.",display,4,Positive,Positive,0.84636706
888,Google,Pixel 10 Pro,"games stay smooth during longer sessions. My routine includes calls, photos, and some gaming. it needs a top-up before the day is over. At the same time, text stays sharp and easy to read. I use it mostly during a normal workday.",camera,5,Positive,Positive,0.6130583
888,Google,Pixel 10 Pro,"games stay smooth during longer sessions. My routine includes calls, photos, and some gaming. it needs a top-up before the day is over. At the same time, text stays sharp and easy to read. I use it mostly during a normal workday.",performance,4,Positive,Positive,0.98804176
896,Samsung,Galaxy S26 Ultra,"games stay smooth during longer sessions. I have very few regrets about choosing it. That said, it needs a top-up before the day is over. I spend a fair amount of time on maps, media, and social apps. the panel looks bright in most situations.",performance,5,Positive,Positive,0.9881909
896,Samsung,Galaxy S26 Ultra,"games stay smooth during longer sessions. I have very few regrets about choosing it. That said, it needs a top-up before the day is over. I spend a fair amount of time on maps, media, and social apps. the panel looks bright in most situations.",display,5,Positive,Positive,0.98880565
898,Google,Pixel 9a,"is adequate unless I use the phone heavily. the phone can feel sluggish under load. My routine includes calls, photos, and some gaming. The compromises are difficult to overlook. I use it mostly during a normal workday.",camera,4,Positive,Negative,0.6275255
898,Google,Pixel 9a,"is adequate unless I use the phone heavily. the phone can feel sluggish under load. My routine includes calls, photos, and some gaming. The compromises are difficult to overlook. I use it mostly during a normal workday.",performance,2,Negative,Negative,0.9920608
905,OnePlus,OnePlus 13T,"performance has been consistently strong. My routine includes calls, photos, and some gaming. drain is noticeable mainly with demanding apps. That said, some photos lose detail when the light drops.",battery,3,Neutral,Neutral,0.8773409
905,OnePlus,OnePlus 13T,"performance has been consistently strong. My routine includes calls, photos, and some gaming. drain is noticeable mainly with demanding apps. That said, some photos lose detail when the light drops.",camera,3,Neutral,Positive,0.45735624
905,OnePlus,OnePlus 13T,"performance has been consistently strong. My routine includes calls, photos, and some gaming. drain is noticeable mainly with demanding apps. That said, some photos lose detail when the light drops.",performance,5,Positive,Positive,0.98903745
905,OnePlus,OnePlus 13T,"performance has been consistently strong. My routine includes calls, photos, and some gaming. drain is noticeable mainly with demanding apps. That said, some photos lose detail when the light drops.",design,3,Neutral,Positive,0.47367787
906,Motorola,Motorola Edge 60 Pro,"charging has been quick enough for my routine. I spend a fair amount of time on maps, media, and social apps. On the other hand, some parts of the finish seem easy to mark. daylight shots come out crisp and detailed. It has earned a place as my main phone.",battery,5,Positive,Positive,0.9904349
906,Motorola,Motorola Edge 60 Pro,"charging has been quick enough for my routine. I spend a fair amount of time on maps, media, and social apps. On the other hand, some parts of the finish seem easy to mark. daylight shots come out crisp and detailed. It has earned a place as my main phone.",performance,4,Positive,Positive,0.9493525
906,Motorola,Motorola Edge 60 Pro,"charging has been quick enough for my routine. I spend a fair amount of time on maps, media, and social apps. On the other hand, some parts of the finish seem easy to mark. daylight shots come out crisp and detailed. It has earned a place as my main phone.",design,4,Positive,Positive,0.93707454
910,Apple,iPhone 17 Pro,multitasking is acceptable for my routine. colors are pleasing without looking excessive. daylight shots come out crisp and detailed.,performance,5,Positive,Neutral,0.69523823
910,Apple,iPhone 17 Pro,multitasking is acceptable for my routine. colors are pleasing without looking excessive. daylight shots come out crisp and detailed.,design,5,Positive,Positive,0.79789966
910,Apple,iPhone 17 Pro,multitasking is acceptable for my routine. colors are pleasing without looking excessive. daylight shots come out crisp and detailed.,display,4,Positive,Positive,0.99014646
914,Samsung,Galaxy A56 5G,portraits can have uneven edge separation. battery performance has been about what I expected. I would not buy this phone again.,battery,4,Positive,Neutral,0.890581
914,Samsung,Galaxy A56 5G,portraits can have uneven edge separation. battery performance has been about what I expected. I would not buy this phone again.,camera,2,Negative,Negative,0.9941459
914,Samsung,Galaxy A56 5G,portraits can have uneven edge separation. battery performance has been about what I expected. I would not buy this phone again.,performance,4,Positive,Neutral,0.4837755
920,Motorola,Motorola Edge 60 Pro,"handles normal apps without trouble. It depends on which features matter most to the buyer. My routine includes calls, photos, and some gaming. That said, the controls feel thoughtfully placed. photos have a pleasing amount of detail. battery performance has been about what I expected. the screen feels fairly typical for this class. The software has been stable for me so far.",battery,3,Neutral,Neutral,0.8821439
920,Motorola,Motorola Edge 60 Pro,"handles normal apps without trouble. It depends on which features matter most to the buyer. My routine includes calls, photos, and some gaming. That said, the controls feel thoughtfully placed. photos have a pleasing amount of detail. battery performance has been about what I expected. the screen feels fairly typical for this class. The software has been stable for me so far.",camera,4,Positive,Positive,0.9903717
920,Motorola,Motorola Edge 60 Pro,"handles normal apps without trouble. It depends on which features matter most to the buyer. My routine includes calls, photos, and some gaming. That said, the controls feel thoughtfully placed. photos have a pleasing amount of detail. battery performance has been about what I expected. the screen feels fairly typical for this class. The software has been stable for me so far.",performance,3,Neutral,Neutral,0.63417464
920,Motorola,Motorola Edge 60 Pro,"handles normal apps without trouble. It depends on which features matter most to the buyer. My routine includes calls, photos, and some gaming. That said, the controls feel thoughtfully placed. photos have a pleasing amount of detail. battery performance has been about what I expected. the screen feels fairly typical for this class. The software has been stable for me so far.",display,5,Positive,Neutral,0.74217856
924,Motorola,Moto G Power 2025,some parts of the finish seem easy to mark. longer gaming sessions can introduce stutter. is adequate for most daily tasks. the camera output is less consistent than expected.,camera,2,Negative,Negative,0.9945707
924,Motorola,Moto G Power 2025,some parts of the finish seem easy to mark. longer gaming sessions can introduce stutter. is adequate for most daily tasks. the camera output is less consistent than expected.,performance,1,Negative,Negative,0.99349195
924,Motorola,Moto G Power 2025,some parts of the finish seem easy to mark. longer gaming sessions can introduce stutter. is adequate for most daily tasks. the camera output is less consistent than expected.,design,2,Negative,Negative,0.9908283
927,OPPO,Reno 13 Pro,"looks fine indoors and in shade. the phone stays responsive under a busy workload. holds up really well through a long day. My routine includes calls, photos, and some gaming. Still, photos have a pleasing amount of detail.",camera,3,Neutral,Positive,0.45033064
927,OPPO,Reno 13 Pro,"looks fine indoors and in shade. the phone stays responsive under a busy workload. holds up really well through a long day. My routine includes calls, photos, and some gaming. Still, photos have a pleasing amount of detail.",performance,4,Positive,Positive,0.8932071
929,Samsung,Galaxy S26,I bought it after comparing a few phones in the same range. the finish looks more premium in person. gaming is okay at moderate settings. The software has been stable for me so far.,performance,3,Neutral,Neutral,0.8818516
929,Samsung,Galaxy S26,I bought it after comparing a few phones in the same range. the finish looks more premium in person. gaming is okay at moderate settings. The software has been stable for me so far.,design,5,Positive,Positive,0.98535895
932,Samsung,Galaxy S26,"text stays sharp and easy to read. night shots are cleaner than I expected. My routine includes calls, photos, and some gaming. charging has been quick enough for my routine. I use it mostly during a normal workday.",battery,4,Positive,Positive,0.99065465
932,Samsung,Galaxy S26,"text stays sharp and easy to read. night shots are cleaner than I expected. My routine includes calls, photos, and some gaming. charging has been quick enough for my routine. I use it mostly during a normal workday.",camera,4,Positive,Positive,0.9831836
932,Samsung,Galaxy S26,"text stays sharp and easy to read. night shots are cleaner than I expected. My routine includes calls, photos, and some gaming. charging has been quick enough for my routine. I use it mostly during a normal workday.",performance,4,Positive,Positive,0.86975926
950,Samsung,Galaxy S25 Ultra,"One catch is that, overnight loss is higher than I expected. I mostly use it for work and messaging. looks fine indoors and in shade. switching between apps feels effortless. daylight shots come out crisp and detailed.",performance,5,Positive,Positive,0.9863646
950,Samsung,Galaxy S25 Ultra,"One catch is that, overnight loss is higher than I expected. I mostly use it for work and messaging. looks fine indoors and in shade. switching between apps feels effortless. daylight shots come out crisp and detailed.",design,5,Positive,Positive,0.8761054
955,Realme,Realme 14 Pro+,usually leaves plenty of charge by bedtime. brightness is okay for my usual use. the build is reasonable for the price. I bought it after comparing a few phones in the same range.,battery,5,Positive,Positive,0.98766774
955,Realme,Realme 14 Pro+,usually leaves plenty of charge by bedtime. brightness is okay for my usual use. the build is reasonable for the price. I bought it after comparing a few phones in the same range.,design,3,Neutral,Neutral,0.900924
955,Realme,Realme 14 Pro+,usually leaves plenty of charge by bedtime. brightness is okay for my usual use. the build is reasonable for the price. I bought it after comparing a few phones in the same range.,display,3,Neutral,Neutral,0.8934515
966,OnePlus,OnePlus 13T,night shots are usable with some patience. Most of my use is fairly ordinary rather than demanding. nothing about the finish stands out much. the panel looks bright in most situations. I have been using it as my main phone.,design,3,Neutral,Neutral,0.86228293
966,OnePlus,OnePlus 13T,night shots are usable with some patience. Most of my use is fairly ordinary rather than demanding. nothing about the finish stands out much. the panel looks bright in most situations. I have been using it as my main phone.,display,4,Positive,Positive,0.9896359
967,OnePlus,OnePlus 13,"the finish looks more premium in person. the phone stays responsive under a busy workload. looks fine indoors and in shade. I spend a fair amount of time on maps, media, and social apps.",performance,5,Positive,Positive,0.95655626
967,OnePlus,OnePlus 13,"the finish looks more premium in person. the phone stays responsive under a busy workload. looks fine indoors and in shade. I spend a fair amount of time on maps, media, and social apps.",design,5,Positive,Positive,0.98641264
983,Apple,iPhone 16e,"The compromises are difficult to overlook. scrolling feels fluid on the high refresh rate. performance has been consistently strong. overnight loss is higher than I expected. My routine includes calls, photos, and some gaming. I use it mostly during a normal workday.",camera,3,Neutral,Neutral,0.4567252
983,Apple,iPhone 16e,"The compromises are difficult to overlook. scrolling feels fluid on the high refresh rate. performance has been consistently strong. overnight loss is higher than I expected. My routine includes calls, photos, and some gaming. I use it mostly during a normal workday.",performance,4,Positive,Positive,0.9888747
983,Apple,iPhone 16e,"The compromises are difficult to overlook. scrolling feels fluid on the high refresh rate. performance has been consistently strong. overnight loss is higher than I expected. My routine includes calls, photos, and some gaming. I use it mostly during a normal workday.",display,4,Positive,Positive,0.9908551
988,Realme,Realme GT 7 Pro,the buttons do not feel as refined as I expected. Most of my use is fairly ordinary rather than demanding. daylight shots come out crisp and detailed.,design,2,Negative,Negative,0.6022529
997,Samsung,Galaxy S25 Ultra,"autofocus has been reliable in everyday use. Still, the buttons do not feel as refined as I expected. is adequate unless I use the phone heavily. I am pleased with the purchase overall.",camera,4,Positive,Positive,0.9905212
997,Samsung,Galaxy S25 Ultra,"autofocus has been reliable in everyday use. Still, the buttons do not feel as refined as I expected. is adequate unless I use the phone heavily. I am pleased with the purchase overall.",design,3,Neutral,Positive,0.89901805
1009,Google,Pixel 10 Pro XL,"My routine includes calls, photos, and some gaming. photos have a pleasing amount of detail. the design has grown on me. battery performance has been about what I expected. On the other hand, scrolling can feel less fluid than advertised. The software has been stable for me so far.",battery,3,Neutral,Neutral,0.8858717
1009,Google,Pixel 10 Pro XL,"My routine includes calls, photos, and some gaming. photos have a pleasing amount of detail. the design has grown on me. battery performance has been about what I expected. On the other hand, scrolling can feel less fluid than advertised. The software has been stable for me so far.",camera,5,Positive,Positive,0.9903244
1009,Google,Pixel 10 Pro XL,"My routine includes calls, photos, and some gaming. photos have a pleasing amount of detail. the design has grown on me. battery performance has been about what I expected. On the other hand, scrolling can feel less fluid than advertised. The software has been stable for me so far.",performance,4,Positive,Positive,0.7135358
1009,Google,Pixel 10 Pro XL,"My routine includes calls, photos, and some gaming. photos have a pleasing amount of detail. the design has grown on me. battery performance has been about what I expected. On the other hand, scrolling can feel less fluid than advertised. The software has been stable for me so far.",design,5,Positive,Positive,0.98936474
1018,Nothing,Phone 2a Plus,gaming is okay at moderate settings. I have more complaints than I expected to have. the panel is decent without being exceptional. I mostly use it for work and messaging. some photos lose detail when the light drops.,camera,2,Negative,Negative,0.9938735
1018,Nothing,Phone 2a Plus,gaming is okay at moderate settings. I have more complaints than I expected to have. the panel is decent without being exceptional. I mostly use it for work and messaging. some photos lose detail when the light drops.,performance,3,Neutral,Neutral,0.89260244
1018,Nothing,Phone 2a Plus,gaming is okay at moderate settings. I have more complaints than I expected to have. the panel is decent without being exceptional. I mostly use it for work and messaging. some photos lose detail when the light drops.,design,3,Neutral,Neutral,0.8329124
1018,Nothing,Phone 2a Plus,gaming is okay at moderate settings. I have more complaints than I expected to have. the panel is decent without being exceptional. I mostly use it for work and messaging. some photos lose detail when the light drops.,display,3,Neutral,Neutral,0.90422475
1020,Apple,iPhone 17,"I bought it after comparing a few phones in the same range. games stay smooth during longer sessions. the design has grown on me. One catch is that, overnight loss is higher than I expected. I have very few regrets about choosing it.",performance,4,Positive,Positive,0.98741865
1020,Apple,iPhone 17,"I bought it after comparing a few phones in the same range. games stay smooth during longer sessions. the design has grown on me. One catch is that, overnight loss is higher than I expected. I have very few regrets about choosing it.",design,4,Positive,Positive,0.98969346
1022,OnePlus,OnePlus 13R,the camera handles portraits with good separation. the panel is decent without being exceptional. I mostly use it for work and messaging. I use it mostly during a normal workday.,camera,5,Positive,Positive,0.9890464
1022,OnePlus,OnePlus 13R,the camera handles portraits with good separation. the panel is decent without being exceptional. I mostly use it for work and messaging. I use it mostly during a normal workday.,display,4,Positive,Neutral,0.9039796
1025,Apple,iPhone 16,"autofocus is okay for everyday subjects. drain has been impressively low. Still, apps move along without much waiting. I spend a fair amount of time on maps, media, and social apps.",battery,4,Positive,Positive,0.99002725
1025,Apple,iPhone 16,"autofocus is okay for everyday subjects. drain has been impressively low. Still, apps move along without much waiting. I spend a fair amount of time on maps, media, and social apps.",camera,3,Neutral,Neutral,0.8805831
1025,Apple,iPhone 16,"autofocus is okay for everyday subjects. drain has been impressively low. Still, apps move along without much waiting. I spend a fair amount of time on maps, media, and social apps.",performance,4,Positive,Positive,0.75446784
1036,OnePlus,OnePlus 13,"scrolling feels fluid on the high refresh rate. the handset feels solid and well put together. The strengths make it easy for me to recommend. One catch is that, performance has been less consistent than I hoped.",performance,4,Positive,Positive,0.8062045
1036,OnePlus,OnePlus 13,"scrolling feels fluid on the high refresh rate. the handset feels solid and well put together. The strengths make it easy for me to recommend. One catch is that, performance has been less consistent than I hoped.",display,5,Positive,Positive,0.9906782
1037,Nothing,Phone 3a Pro,the panel is decent without being exceptional. drain is noticeable mainly with demanding apps.,battery,2,Negative,Neutral,0.89478135
1037,Nothing,Phone 3a Pro,the panel is decent without being exceptional. drain is noticeable mainly with demanding apps.,performance,3,Neutral,Neutral,0.69197476
1037,Nothing,Phone 3a Pro,the panel is decent without being exceptional. drain is noticeable mainly with demanding apps.,display,3,Neutral,Neutral,0.9006897
1044,Nothing,Phone 2a Plus,is adequate for most daily tasks. I bought it after comparing a few phones in the same range. I rarely think about the battery during the day.,battery,4,Positive,Positive,0.9871595
1048,OnePlus,OnePlus 13,"I mostly use it for work and messaging. charging speed is fairly ordinary. I have very few regrets about choosing it. That said, the shape is not especially comfortable for me. the camera is capable without being remarkable. switching between apps feels effortless. brightness is okay for my usual use.",battery,5,Positive,Neutral,0.9092289
1048,OnePlus,OnePlus 13,"I mostly use it for work and messaging. charging speed is fairly ordinary. I have very few regrets about choosing it. That said, the shape is not especially comfortable for me. the camera is capable without being remarkable. switching between apps feels effortless. brightness is okay for my usual use.",camera,3,Neutral,Neutral,0.8526526
1048,OnePlus,OnePlus 13,"I mostly use it for work and messaging. charging speed is fairly ordinary. I have very few regrets about choosing it. That said, the shape is not especially comfortable for me. the camera is capable without being remarkable. switching between apps feels effortless. brightness is okay for my usual use.",performance,5,Positive,Positive,0.978445
1048,OnePlus,OnePlus 13,"I mostly use it for work and messaging. charging speed is fairly ordinary. I have very few regrets about choosing it. That said, the shape is not especially comfortable for me. the camera is capable without being remarkable. switching between apps feels effortless. brightness is okay for my usual use.",display,5,Positive,Neutral,0.86733603
1051,OnePlus,OnePlus 13T,it is comfortable to carry and use. the panel looks bright in most situations. Most of my use is fairly ordinary rather than demanding. I would choose this one again over the alternatives I considered. daylight shots come out crisp and detailed. I use it mostly during a normal workday.,design,4,Positive,Positive,0.94209635
1051,OnePlus,OnePlus 13T,it is comfortable to carry and use. the panel looks bright in most situations. Most of my use is fairly ordinary rather than demanding. I would choose this one again over the alternatives I considered. daylight shots come out crisp and detailed. I use it mostly during a normal workday.,display,4,Positive,Positive,0.9892753
1061,Nothing,Phone 2a Plus,"The weaknesses make it hard for me to recommend. touch response has been dependable. the design feels a little dated beside newer phones. My routine includes calls, photos, and some gaming. the camera is capable without being remarkable. I have been using it as my main phone.",camera,3,Neutral,Neutral,0.8716594
1061,Nothing,Phone 2a Plus,"The weaknesses make it hard for me to recommend. touch response has been dependable. the design feels a little dated beside newer phones. My routine includes calls, photos, and some gaming. the camera is capable without being remarkable. I have been using it as my main phone.",performance,2,Negative,Neutral,0.47231856
1061,Nothing,Phone 2a Plus,"The weaknesses make it hard for me to recommend. touch response has been dependable. the design feels a little dated beside newer phones. My routine includes calls, photos, and some gaming. the camera is capable without being remarkable. I have been using it as my main phone.",design,2,Negative,Negative,0.9929762
1061,Nothing,Phone 2a Plus,"The weaknesses make it hard for me to recommend. touch response has been dependable. the design feels a little dated beside newer phones. My routine includes calls, photos, and some gaming. the camera is capable without being remarkable. I have been using it as my main phone.",display,4,Positive,Positive,0.9893555
1062,Samsung,Galaxy S26,text stays sharp and easy to read. charging speed is fairly ordinary. I would recommend it to someone shopping in this range. I use it mostly during a normal workday.,battery,4,Positive,Neutral,0.9080689
1064,Xiaomi,Redmi Note 14 Pro+,"I mostly use it for work and messaging. the camera output is less consistent than expected. performance has been consistently strong. At the same time, touch response has been dependable. The weaknesses make it hard for me to recommend.",camera,2,Negative,Negative,0.9946155
1064,Xiaomi,Redmi Note 14 Pro+,"I mostly use it for work and messaging. the camera output is less consistent than expected. performance has been consistently strong. At the same time, touch response has been dependable. The weaknesses make it hard for me to recommend.",performance,4,Positive,Positive,0.988298
1064,Xiaomi,Redmi Note 14 Pro+,"I mostly use it for work and messaging. the camera output is less consistent than expected. performance has been consistently strong. At the same time, touch response has been dependable. The weaknesses make it hard for me to recommend.",display,3,Neutral,Neutral,0.5453133
1075,Nothing,Nothing Phone 3,I would hesitate to recommend it in this price range. is adequate unless I use the phone heavily. daylight images are generally fine. I use it mostly during a normal workday.,design,4,Positive,Neutral,0.79227465
1076,Nothing,Phone 2a Plus,"it is comfortable enough to use. I spend a fair amount of time on maps, media, and social apps. charging has been quick enough for my routine. night shots often need another try. handles normal apps without trouble. That said, colors are pleasing without looking excessive. The software has been stable for me so far.",battery,4,Positive,Positive,0.99050444
1076,Nothing,Phone 2a Plus,"it is comfortable enough to use. I spend a fair amount of time on maps, media, and social apps. charging has been quick enough for my routine. night shots often need another try. handles normal apps without trouble. That said, colors are pleasing without looking excessive. The software has been stable for me so far.",performance,3,Neutral,Neutral,0.7112925
1076,Nothing,Phone 2a Plus,"it is comfortable enough to use. I spend a fair amount of time on maps, media, and social apps. charging has been quick enough for my routine. night shots often need another try. handles normal apps without trouble. That said, colors are pleasing without looking excessive. The software has been stable for me so far.",display,2,Negative,Negative,0.9730847
1077,Samsung,Galaxy A56 5G,"I am still undecided about whether I would buy it again. battery performance has been about what I expected. the panel looks bright in most situations. I spend a fair amount of time on maps, media, and social apps.",battery,4,Positive,Neutral,0.88313603
1077,Samsung,Galaxy A56 5G,"I am still undecided about whether I would buy it again. battery performance has been about what I expected. the panel looks bright in most situations. I spend a fair amount of time on maps, media, and social apps.",performance,3,Neutral,Positive,0.80273175
1077,Samsung,Galaxy A56 5G,"I am still undecided about whether I would buy it again. battery performance has been about what I expected. the panel looks bright in most situations. I spend a fair amount of time on maps, media, and social apps.",display,4,Positive,Positive,0.98919
1081,Apple,iPhone 17,"games stay smooth during longer sessions. drain is noticeable mainly with demanding apps. the panel looks bright in most situations. At the same time, the camera handles portraits with good separation.",battery,3,Neutral,Neutral,0.87426096
1081,Apple,iPhone 17,"games stay smooth during longer sessions. drain is noticeable mainly with demanding apps. the panel looks bright in most situations. At the same time, the camera handles portraits with good separation.",camera,5,Positive,Positive,0.5754726
1081,Apple,iPhone 17,"games stay smooth during longer sessions. drain is noticeable mainly with demanding apps. the panel looks bright in most situations. At the same time, the camera handles portraits with good separation.",performance,4,Positive,Positive,0.9857728
1081,Apple,iPhone 17,"games stay smooth during longer sessions. drain is noticeable mainly with demanding apps. the panel looks bright in most situations. At the same time, the camera handles portraits with good separation.",display,4,Positive,Positive,0.98866314
1084,Realme,Realme GT 7,"handles normal apps without trouble. That said, daylight shots come out crisp and detailed. My view of it has remained fairly balanced. the controls feel thoughtfully placed. drain has been impressively low. brightness is okay for my usual use. I use it mostly during a normal workday.",battery,4,Positive,Positive,0.9900059
1084,Realme,Realme GT 7,"handles normal apps without trouble. That said, daylight shots come out crisp and detailed. My view of it has remained fairly balanced. the controls feel thoughtfully placed. drain has been impressively low. brightness is okay for my usual use. I use it mostly during a normal workday.",performance,4,Positive,Neutral,0.5346367
1084,Realme,Realme GT 7,"handles normal apps without trouble. That said, daylight shots come out crisp and detailed. My view of it has remained fairly balanced. the controls feel thoughtfully placed. drain has been impressively low. brightness is okay for my usual use. I use it mostly during a normal workday.",design,4,Positive,Positive,0.95662594
1084,Realme,Realme GT 7,"handles normal apps without trouble. That said, daylight shots come out crisp and detailed. My view of it has remained fairly balanced. the controls feel thoughtfully placed. drain has been impressively low. brightness is okay for my usual use. I use it mostly during a normal workday.",display,3,Neutral,Neutral,0.86556995
1088,Nothing,Phone 3a Pro,"brightness is okay for my usual use. Still, it needs a top-up before the day is over. I mostly use it for work and messaging. gaming is okay at moderate settings. the design has grown on me. I use it mostly during a normal workday.",performance,3,Neutral,Neutral,0.8800755
1088,Nothing,Phone 3a Pro,"brightness is okay for my usual use. Still, it needs a top-up before the day is over. I mostly use it for work and messaging. gaming is okay at moderate settings. the design has grown on me. I use it mostly during a normal workday.",design,4,Positive,Positive,0.9887638
1088,Nothing,Phone 3a Pro,"brightness is okay for my usual use. Still, it needs a top-up before the day is over. I mostly use it for work and messaging. gaming is okay at moderate settings. the design has grown on me. I use it mostly during a normal workday.",display,3,Neutral,Neutral,0.88145083
1094,Realme,Realme GT 7 Pro,Most of my use is fairly ordinary rather than demanding. it is comfortable to carry and use. performance has been consistently strong. usually leaves plenty of charge by bedtime.,battery,4,Positive,Positive,0.9880314
1094,Realme,Realme GT 7 Pro,Most of my use is fairly ordinary rather than demanding. it is comfortable to carry and use. performance has been consistently strong. usually leaves plenty of charge by bedtime.,performance,5,Positive,Positive,0.9901648
1104,OPPO,Find N5,drain is noticeable mainly with demanding apps. looks fine indoors and in shade. I mostly use it for work and messaging. some photos lose detail when the light drops. handles normal apps without trouble.,battery,3,Neutral,Neutral,0.89797145
1104,OPPO,Find N5,drain is noticeable mainly with demanding apps. looks fine indoors and in shade. I mostly use it for work and messaging. some photos lose detail when the light drops. handles normal apps without trouble.,camera,2,Negative,Negative,0.9935009
1104,OPPO,Find N5,drain is noticeable mainly with demanding apps. looks fine indoors and in shade. I mostly use it for work and messaging. some photos lose detail when the light drops. handles normal apps without trouble.,performance,3,Neutral,Neutral,0.785773
1104,OPPO,Find N5,drain is noticeable mainly with demanding apps. looks fine indoors and in shade. I mostly use it for work and messaging. some photos lose detail when the light drops. handles normal apps without trouble.,design,4,Positive,Neutral,0.7875768
1115,OnePlus,OnePlus 13T,the handset feels solid and well put together. It has earned a place as my main phone. performance has been consistently strong. I mostly use it for work and messaging. I use it mostly during a normal workday.,performance,5,Positive,Positive,0.9903161
1116,Nothing,Phone 3a Pro,"Most of my use is fairly ordinary rather than demanding. That said, drain becomes noticeable with ordinary use. the design has grown on me. the screen feels fairly typical for this class. the camera handles portraits with good separation. I have been using it as my main phone.",battery,4,Positive,Neutral,0.44255495
1116,Nothing,Phone 3a Pro,"Most of my use is fairly ordinary rather than demanding. That said, drain becomes noticeable with ordinary use. the design has grown on me. the screen feels fairly typical for this class. the camera handles portraits with good separation. I have been using it as my main phone.",camera,4,Positive,Positive,0.9894928
1116,Nothing,Phone 3a Pro,"Most of my use is fairly ordinary rather than demanding. That said, drain becomes noticeable with ordinary use. the design has grown on me. the screen feels fairly typical for this class. the camera handles portraits with good separation. I have been using it as my main phone.",design,4,Positive,Positive,0.98805225
1116,Nothing,Phone 3a Pro,"Most of my use is fairly ordinary rather than demanding. That said, drain becomes noticeable with ordinary use. the design has grown on me. the screen feels fairly typical for this class. the camera handles portraits with good separation. I have been using it as my main phone.",display,4,Positive,Neutral,0.90024865
1117,OnePlus,OnePlus 13R,"One catch is that, colors are not always consistent. the camera handles portraits with good separation. drain has been impressively low. handles normal apps without trouble. I would happily buy this phone again. I mostly use it for work and messaging. feels familiar rather than distinctive.",battery,4,Positive,Positive,0.98809296
1117,OnePlus,OnePlus 13R,"One catch is that, colors are not always consistent. the camera handles portraits with good separation. drain has been impressively low. handles normal apps without trouble. I would happily buy this phone again. I mostly use it for work and messaging. feels familiar rather than distinctive.",camera,5,Positive,Positive,0.98821217
1117,OnePlus,OnePlus 13R,"One catch is that, colors are not always consistent. the camera handles portraits with good separation. drain has been impressively low. handles normal apps without trouble. I would happily buy this phone again. I mostly use it for work and messaging. feels familiar rather than distinctive.",performance,5,Positive,Neutral,0.48978233
1117,OnePlus,OnePlus 13R,"One catch is that, colors are not always consistent. the camera handles portraits with good separation. drain has been impressively low. handles normal apps without trouble. I would happily buy this phone again. I mostly use it for work and messaging. feels familiar rather than distinctive.",display,5,Positive,Positive,0.6215636
1128,Xiaomi,Xiaomi 15,"performance has been consistently strong. overnight loss is higher than I expected. My routine includes calls, photos, and some gaming. The compromises are difficult to overlook.",camera,5,Positive,Positive,0.5187735
1128,Xiaomi,Xiaomi 15,"performance has been consistently strong. overnight loss is higher than I expected. My routine includes calls, photos, and some gaming. The compromises are difficult to overlook.",performance,4,Positive,Positive,0.9871296
1130,Realme,Realme 14 Pro+,"is adequate unless I use the phone heavily. I would not buy this phone again. the panel is decent without being exceptional. I spend a fair amount of time on maps, media, and social apps.",performance,4,Positive,Neutral,0.4955233
1130,Realme,Realme 14 Pro+,"is adequate unless I use the phone heavily. I would not buy this phone again. the panel is decent without being exceptional. I spend a fair amount of time on maps, media, and social apps.",display,3,Neutral,Neutral,0.8986388
1132,Samsung,Galaxy S26,"At the same time, the shape is not especially comfortable for me. brightness is okay for my usual use. the camera handles portraits with good separation. performance has been consistently strong. I rarely think about the battery during the day. I mostly use it for work and messaging.",battery,4,Positive,Positive,0.9831408
1132,Samsung,Galaxy S26,"At the same time, the shape is not especially comfortable for me. brightness is okay for my usual use. the camera handles portraits with good separation. performance has been consistently strong. I rarely think about the battery during the day. I mostly use it for work and messaging.",camera,4,Positive,Positive,0.98963135
1132,Samsung,Galaxy S26,"At the same time, the shape is not especially comfortable for me. brightness is okay for my usual use. the camera handles portraits with good separation. performance has been consistently strong. I rarely think about the battery during the day. I mostly use it for work and messaging.",performance,5,Positive,Positive,0.9900558
1132,Samsung,Galaxy S26,"At the same time, the shape is not especially comfortable for me. brightness is okay for my usual use. the camera handles portraits with good separation. performance has been consistently strong. I rarely think about the battery during the day. I mostly use it for work and messaging.",display,5,Positive,Neutral,0.8864969
1136,Apple,iPhone 16,"the phone stays responsive under a busy workload. Still, scrolling feels fluid on the high refresh rate. daylight shots come out crisp and detailed. My view of it has remained fairly balanced. holds up really well through a long day. feels familiar rather than distinctive.",design,3,Neutral,Positive,0.81105745
1136,Apple,iPhone 16,"the phone stays responsive under a busy workload. Still, scrolling feels fluid on the high refresh rate. daylight shots come out crisp and detailed. My view of it has remained fairly balanced. holds up really well through a long day. feels familiar rather than distinctive.",display,4,Positive,Positive,0.9477686
1138,OnePlus,OnePlus 13,"I would choose this one again over the alternatives I considered. touch response has been dependable. On the other hand, the handset feels bulkier than expected. gaming is okay at moderate settings.",performance,4,Positive,Neutral,0.7228759
1138,OnePlus,OnePlus 13,"I would choose this one again over the alternatives I considered. touch response has been dependable. On the other hand, the handset feels bulkier than expected. gaming is okay at moderate settings.",display,4,Positive,Positive,0.99005497
1139,Realme,Realme GT 7,"I am still undecided about whether I would buy it again. At the same time, charging takes longer than I would like. the panel is decent without being exceptional. the phone stays responsive under a busy workload. Most of my use is fairly ordinary rather than demanding. it is comfortable to carry and use. I use it mostly during a normal workday.",battery,4,Positive,Positive,0.7273306
1139,Realme,Realme GT 7,"I am still undecided about whether I would buy it again. At the same time, charging takes longer than I would like. the panel is decent without being exceptional. the phone stays responsive under a busy workload. Most of my use is fairly ordinary rather than demanding. it is comfortable to carry and use. I use it mostly during a normal workday.",display,3,Neutral,Neutral,0.89393604
1150,Motorola,Moto G Power 2025,switching between heavier apps is not always smooth. I bought it after comparing a few phones in the same range. charging speed is fairly ordinary. night shots are usable with some patience.,battery,3,Neutral,Neutral,0.9108768
1150,Motorola,Moto G Power 2025,switching between heavier apps is not always smooth. I bought it after comparing a few phones in the same range. charging speed is fairly ordinary. night shots are usable with some patience.,performance,2,Negative,Negative,0.9930736
1152,Samsung,Galaxy S26,"It depends on which features matter most to the buyer. My routine includes calls, photos, and some gaming. charging has been quick enough for my routine. autofocus has been reliable in everyday use.",battery,4,Positive,Positive,0.9905409
1152,Samsung,Galaxy S26,"It depends on which features matter most to the buyer. My routine includes calls, photos, and some gaming. charging has been quick enough for my routine. autofocus has been reliable in everyday use.",camera,4,Positive,Positive,0.9908325
1152,Samsung,Galaxy S26,"It depends on which features matter most to the buyer. My routine includes calls, photos, and some gaming. charging has been quick enough for my routine. autofocus has been reliable in everyday use.",performance,4,Positive,Positive,0.54053265
1168,Samsung,Galaxy S25 Ultra,"the panel looks bright in most situations. That said, longer gaming sessions can introduce stutter. it is comfortable to carry and use. I bought it after comparing a few phones in the same range. I would call the purchase acceptable rather than exciting. I use it mostly during a normal workday.",performance,4,Positive,Positive,0.7027944
1168,Samsung,Galaxy S25 Ultra,"the panel looks bright in most situations. That said, longer gaming sessions can introduce stutter. it is comfortable to carry and use. I bought it after comparing a few phones in the same range. I would call the purchase acceptable rather than exciting. I use it mostly during a normal workday.",display,4,Positive,Positive,0.9894119
1171,Nothing,Nothing Phone 3,"it is comfortable to carry and use. I bought it after comparing a few phones in the same range. works well enough for routine photos. One catch is that, overnight loss is higher than I expected.",camera,3,Neutral,Neutral,0.8876062
1179,Google,Pixel 10,"the design is functional and straightforward. looks fine indoors and in shade. That said, the camera handles portraits with good separation. I use it mostly during a normal workday.",camera,4,Positive,Neutral,0.5301069
1179,Google,Pixel 10,"the design is functional and straightforward. looks fine indoors and in shade. That said, the camera handles portraits with good separation. I use it mostly during a normal workday.",design,3,Neutral,Neutral,0.9016519
1181,Apple,iPhone 16e,"I spend a fair amount of time on maps, media, and social apps. night shots are usable with some patience. performance is neither especially quick nor slow.",performance,3,Neutral,Neutral,0.86786574
1183,Apple,iPhone 17 Pro Max,"holds up really well through a long day. That said, colors are not always consistent. Most of my use is fairly ordinary rather than demanding. the camera handles portraits with good separation. apps move along without much waiting.",camera,5,Positive,Positive,0.99027747
1183,Apple,iPhone 17 Pro Max,"holds up really well through a long day. That said, colors are not always consistent. Most of my use is fairly ordinary rather than demanding. the camera handles portraits with good separation. apps move along without much waiting.",performance,5,Positive,Positive,0.97364104
1183,Apple,iPhone 17 Pro Max,"holds up really well through a long day. That said, colors are not always consistent. Most of my use is fairly ordinary rather than demanding. the camera handles portraits with good separation. apps move along without much waiting.",display,4,Positive,Positive,0.76963603
1186,Google,Pixel 9a,I bought it after comparing a few phones in the same range. the design is functional and straightforward. switching between apps feels effortless. I rarely think about the battery during the day. I use it mostly during a normal workday.,battery,4,Positive,Positive,0.98734903
1186,Google,Pixel 9a,I bought it after comparing a few phones in the same range. the design is functional and straightforward. switching between apps feels effortless. I rarely think about the battery during the day. I use it mostly during a normal workday.,performance,4,Positive,Positive,0.98727536
1186,Google,Pixel 9a,I bought it after comparing a few phones in the same range. the design is functional and straightforward. switching between apps feels effortless. I rarely think about the battery during the day. I use it mostly during a normal workday.,design,3,Neutral,Neutral,0.90031755
1194,Realme,Realme GT 7 Pro,"touch response has been dependable. That said, drain has been impressively low. My routine includes calls, photos, and some gaming. the phone stays responsive under a busy workload.",battery,4,Positive,Positive,0.8251724
1194,Realme,Realme GT 7 Pro,"touch response has been dependable. That said, drain has been impressively low. My routine includes calls, photos, and some gaming. the phone stays responsive under a busy workload.",camera,4,Positive,Positive,0.71689177
1194,Realme,Realme GT 7 Pro,"touch response has been dependable. That said, drain has been impressively low. My routine includes calls, photos, and some gaming. the phone stays responsive under a busy workload.",performance,4,Positive,Positive,0.97130805
1194,Realme,Realme GT 7 Pro,"touch response has been dependable. That said, drain has been impressively low. My routine includes calls, photos, and some gaming. the phone stays responsive under a busy workload.",display,4,Positive,Positive,0.99052083
1197,Samsung,Galaxy S26 Ultra,"holds up really well through a long day. On the other hand, touch response has occasionally felt delayed. the build is reasonable for the price. photos have a pleasing amount of detail. I mostly use it for work and messaging. I would recommend it to someone shopping in this range. switching between apps feels effortless.",camera,5,Positive,Positive,0.9905415
1197,Samsung,Galaxy S26 Ultra,"holds up really well through a long day. On the other hand, touch response has occasionally felt delayed. the build is reasonable for the price. photos have a pleasing amount of detail. I mostly use it for work and messaging. I would recommend it to someone shopping in this range. switching between apps feels effortless.",performance,5,Positive,Positive,0.9867857
1197,Samsung,Galaxy S26 Ultra,"holds up really well through a long day. On the other hand, touch response has occasionally felt delayed. the build is reasonable for the price. photos have a pleasing amount of detail. I mostly use it for work and messaging. I would recommend it to someone shopping in this range. switching between apps feels effortless.",design,4,Positive,Neutral,0.8897614
1197,Samsung,Galaxy S26 Ultra,"holds up really well through a long day. On the other hand, touch response has occasionally felt delayed. the build is reasonable for the price. photos have a pleasing amount of detail. I mostly use it for work and messaging. I would recommend it to someone shopping in this range. switching between apps feels effortless.",display,5,Positive,Positive,0.98968095
1198,Realme,Realme GT 7 Pro,"On the other hand, autofocus occasionally misses the moment. I would call the purchase acceptable rather than exciting. is adequate unless I use the phone heavily. performance has been consistently strong. I mostly use it for work and messaging.",camera,5,Positive,Positive,0.45198068
1198,Realme,Realme GT 7 Pro,"On the other hand, autofocus occasionally misses the moment. I would call the purchase acceptable rather than exciting. is adequate unless I use the phone heavily. performance has been consistently strong. I mostly use it for work and messaging.",performance,4,Positive,Positive,0.99010146
1199,Samsung,Galaxy S25 Ultra,charging has been quick enough for my routine. daylight shots come out crisp and detailed. I mostly use it for work and messaging. the phone stays responsive under a busy workload. It depends on which features matter most to the buyer.,battery,4,Positive,Positive,0.99075973
1199,Samsung,Galaxy S25 Ultra,charging has been quick enough for my routine. daylight shots come out crisp and detailed. I mostly use it for work and messaging. the phone stays responsive under a busy workload. It depends on which features matter most to the buyer.,design,5,Positive,Positive,0.88138616
1208,Nothing,Phone 2a Plus,"usually leaves plenty of charge by bedtime. switching between heavier apps is not always smooth. autofocus is okay for everyday subjects. I spend a fair amount of time on maps, media, and social apps. scrolling feels fluid on the high refresh rate. I use it mostly during a normal workday.",battery,5,Positive,Positive,0.987955
1208,Nothing,Phone 2a Plus,"usually leaves plenty of charge by bedtime. switching between heavier apps is not always smooth. autofocus is okay for everyday subjects. I spend a fair amount of time on maps, media, and social apps. scrolling feels fluid on the high refresh rate. I use it mostly during a normal workday.",camera,3,Neutral,Neutral,0.883592
1208,Nothing,Phone 2a Plus,"usually leaves plenty of charge by bedtime. switching between heavier apps is not always smooth. autofocus is okay for everyday subjects. I spend a fair amount of time on maps, media, and social apps. scrolling feels fluid on the high refresh rate. I use it mostly during a normal workday.",performance,2,Negative,Negative,0.9931183
1208,Nothing,Phone 2a Plus,"usually leaves plenty of charge by bedtime. switching between heavier apps is not always smooth. autofocus is okay for everyday subjects. I spend a fair amount of time on maps, media, and social apps. scrolling feels fluid on the high refresh rate. I use it mostly during a normal workday.",display,4,Positive,Positive,0.9909574
1210,Motorola,Motorola Edge 60 Pro,"drain is noticeable mainly with demanding apps. the panel looks bright in most situations. switching between apps feels effortless. One catch is that, the handset feels bulkier than expected. I mostly use it for work and messaging. The strengths make it easy for me to recommend. The software has been stable for me so far.",battery,4,Positive,Neutral,0.8419707
1210,Motorola,Motorola Edge 60 Pro,"drain is noticeable mainly with demanding apps. the panel looks bright in most situations. switching between apps feels effortless. One catch is that, the handset feels bulkier than expected. I mostly use it for work and messaging. The strengths make it easy for me to recommend. The software has been stable for me so far.",performance,4,Positive,Positive,0.98886055
1210,Motorola,Motorola Edge 60 Pro,"drain is noticeable mainly with demanding apps. the panel looks bright in most situations. switching between apps feels effortless. One catch is that, the handset feels bulkier than expected. I mostly use it for work and messaging. The strengths make it easy for me to recommend. The software has been stable for me so far.",display,4,Positive,Positive,0.98939556
1211,Apple,iPhone 16e,"One catch is that, drain has been impressively low. night shots are cleaner than I expected. games stay smooth during longer sessions. I spend a fair amount of time on maps, media, and social apps. the panel looks less convincing at an angle. I use it mostly during a normal workday.",battery,3,Neutral,Positive,0.83253205
1211,Apple,iPhone 16e,"One catch is that, drain has been impressively low. night shots are cleaner than I expected. games stay smooth during longer sessions. I spend a fair amount of time on maps, media, and social apps. the panel looks less convincing at an angle. I use it mostly during a normal workday.",performance,4,Positive,Positive,0.98733985
1211,Apple,iPhone 16e,"One catch is that, drain has been impressively low. night shots are cleaner than I expected. games stay smooth during longer sessions. I spend a fair amount of time on maps, media, and social apps. the panel looks less convincing at an angle. I use it mostly during a normal workday.",display,2,Negative,Negative,0.98901784
1215,Apple,iPhone 16,battery life has been one of my complaints. switching between apps feels effortless.,battery,2,Negative,Negative,0.9935087
1215,Apple,iPhone 16,battery life has been one of my complaints. switching between apps feels effortless.,performance,4,Positive,Positive,0.98424155
1223,Realme,Realme 14 Pro+,"the finish looks more premium in person. the panel is decent without being exceptional. My view of it has remained fairly balanced. Still, the phone can feel sluggish under load. I use it mostly during a normal workday.",design,5,Positive,Positive,0.98527443
1223,Realme,Realme 14 Pro+,"the finish looks more premium in person. the panel is decent without being exceptional. My view of it has remained fairly balanced. Still, the phone can feel sluggish under load. I use it mostly during a normal workday.",display,3,Neutral,Neutral,0.8945423
1227,Apple,iPhone 17 Pro Max,"daylight shots come out crisp and detailed. the panel is decent without being exceptional. drain is noticeable mainly with demanding apps. Most of my use is fairly ordinary rather than demanding. That said, the handset feels bulkier than expected. performance is neither especially quick nor slow.",battery,4,Positive,Neutral,0.87590474
1227,Apple,iPhone 17 Pro Max,"daylight shots come out crisp and detailed. the panel is decent without being exceptional. drain is noticeable mainly with demanding apps. Most of my use is fairly ordinary rather than demanding. That said, the handset feels bulkier than expected. performance is neither especially quick nor slow.",performance,5,Positive,Neutral,0.8002723
1227,Apple,iPhone 17 Pro Max,"daylight shots come out crisp and detailed. the panel is decent without being exceptional. drain is noticeable mainly with demanding apps. Most of my use is fairly ordinary rather than demanding. That said, the handset feels bulkier than expected. performance is neither especially quick nor slow.",design,5,Positive,Neutral,0.64558685
1227,Apple,iPhone 17 Pro Max,"daylight shots come out crisp and detailed. the panel is decent without being exceptional. drain is noticeable mainly with demanding apps. Most of my use is fairly ordinary rather than demanding. That said, the handset feels bulkier than expected. performance is neither especially quick nor slow.",display,5,Positive,Neutral,0.87134707
1230,Xiaomi,Redmi Note 14 Pro+,"I bought it after comparing a few phones in the same range. holds up really well through a long day. On the other hand, outdoor brightness can be limiting. it is comfortable to carry and use.",display,4,Positive,Positive,0.46945253
1245,Google,Pixel 10 Pro XL,"the design is functional and straightforward. autofocus has been reliable in everyday use. My routine includes calls, photos, and some gaming. I have been using it as my main phone.",camera,4,Positive,Positive,0.99053043
1245,Google,Pixel 10 Pro XL,"the design is functional and straightforward. autofocus has been reliable in everyday use. My routine includes calls, photos, and some gaming. I have been using it as my main phone.",performance,4,Positive,Neutral,0.4558997
1245,Google,Pixel 10 Pro XL,"the design is functional and straightforward. autofocus has been reliable in everyday use. My routine includes calls, photos, and some gaming. I have been using it as my main phone.",design,5,Positive,Neutral,0.8998336
1255,OnePlus,OnePlus 13R,"the design has grown on me. It has earned a place as my main phone. games stay smooth during longer sessions. My routine includes calls, photos, and some gaming.",camera,3,Neutral,Positive,0.83130705
1255,OnePlus,OnePlus 13R,"the design has grown on me. It has earned a place as my main phone. games stay smooth during longer sessions. My routine includes calls, photos, and some gaming.",performance,5,Positive,Positive,0.98742336
1255,OnePlus,OnePlus 13R,"the design has grown on me. It has earned a place as my main phone. games stay smooth during longer sessions. My routine includes calls, photos, and some gaming.",design,5,Positive,Positive,0.9894274
1257,Nothing,Phone 2a Plus,"the design has grown on me. I rarely think about the battery during the day. the phone can feel sluggish under load. autofocus occasionally misses the moment. I spend a fair amount of time on maps, media, and social apps. At the same time, scrolling feels fluid on the high refresh rate.",battery,4,Positive,Positive,0.9823032
1257,Nothing,Phone 2a Plus,"the design has grown on me. I rarely think about the battery during the day. the phone can feel sluggish under load. autofocus occasionally misses the moment. I spend a fair amount of time on maps, media, and social apps. At the same time, scrolling feels fluid on the high refresh rate.",camera,2,Negative,Negative,0.99436414
1257,Nothing,Phone 2a Plus,"the design has grown on me. I rarely think about the battery during the day. the phone can feel sluggish under load. autofocus occasionally misses the moment. I spend a fair amount of time on maps, media, and social apps. At the same time, scrolling feels fluid on the high refresh rate.",performance,2,Negative,Negative,0.90532523
1257,Nothing,Phone 2a Plus,"the design has grown on me. I rarely think about the battery during the day. the phone can feel sluggish under load. autofocus occasionally misses the moment. I spend a fair amount of time on maps, media, and social apps. At the same time, scrolling feels fluid on the high refresh rate.",design,4,Positive,Positive,0.98969966
1257,Nothing,Phone 2a Plus,"the design has grown on me. I rarely think about the battery during the day. the phone can feel sluggish under load. autofocus occasionally misses the moment. I spend a fair amount of time on maps, media, and social apps. At the same time, scrolling feels fluid on the high refresh rate.",display,4,Positive,Positive,0.46991506
1259,Nothing,Phone 3a Pro,"On the other hand, the design feels a little dated beside newer phones. daylight shots come out crisp and detailed. games stay smooth during longer sessions. The software has been stable for me so far.",performance,4,Positive,Positive,0.9871666
1259,Nothing,Phone 3a Pro,"On the other hand, the design feels a little dated beside newer phones. daylight shots come out crisp and detailed. games stay smooth during longer sessions. The software has been stable for me so far.",design,2,Negative,Positive,0.8800649
1261,Google,Pixel 10,multitasking is acceptable for my routine. text stays sharp and easy to read. I bought it after comparing a few phones in the same range. The weaknesses make it hard for me to recommend.,performance,3,Neutral,Neutral,0.8005664
1279,Apple,iPhone 16e,"performance is neither especially quick nor slow. On the other hand, daylight shots come out crisp and detailed. I rarely think about the battery during the day. the handset feels bulkier than expected.",battery,4,Positive,Positive,0.9844322
1279,Apple,iPhone 16e,"performance is neither especially quick nor slow. On the other hand, daylight shots come out crisp and detailed. I rarely think about the battery during the day. the handset feels bulkier than expected.",performance,3,Neutral,Neutral,0.8533861
1279,Apple,iPhone 16e,"performance is neither especially quick nor slow. On the other hand, daylight shots come out crisp and detailed. I rarely think about the battery during the day. the handset feels bulkier than expected.",design,2,Negative,Positive,0.6234909
1282,OnePlus,OnePlus 13T,"I spend a fair amount of time on maps, media, and social apps. night shots are usable with some patience. I rarely think about the battery during the day. The weaknesses make it hard for me to recommend. the panel is decent without being exceptional.",battery,4,Positive,Positive,0.98443973
1282,OnePlus,OnePlus 13T,"I spend a fair amount of time on maps, media, and social apps. night shots are usable with some patience. I rarely think about the battery during the day. The weaknesses make it hard for me to recommend. the panel is decent without being exceptional.",performance,5,Positive,Neutral,0.44478726
1282,OnePlus,OnePlus 13T,"I spend a fair amount of time on maps, media, and social apps. night shots are usable with some patience. I rarely think about the battery during the day. The weaknesses make it hard for me to recommend. the panel is decent without being exceptional.",display,3,Neutral,Neutral,0.8753952
1284,Samsung,Galaxy S26,text stays sharp and easy to read. the camera handles portraits with good separation. the design is functional and straightforward.,camera,4,Positive,Positive,0.98894566
1284,Samsung,Galaxy S26,text stays sharp and easy to read. the camera handles portraits with good separation. the design is functional and straightforward.,design,5,Positive,Neutral,0.89892304
1285,Realme,Realme 14 Pro+,"the build is reasonable for the price. charging has been quick enough for my routine. I bought it after comparing a few phones in the same range. handles normal apps without trouble. The weaknesses make it hard for me to recommend. the screen feels fairly typical for this class. On the other hand, the camera handles portraits with good separation.",battery,4,Positive,Positive,0.9904805
1285,Realme,Realme 14 Pro+,"the build is reasonable for the price. charging has been quick enough for my routine. I bought it after comparing a few phones in the same range. handles normal apps without trouble. The weaknesses make it hard for me to recommend. the screen feels fairly typical for this class. On the other hand, the camera handles portraits with good separation.",camera,3,Neutral,Neutral,0.7331779
1285,Realme,Realme 14 Pro+,"the build is reasonable for the price. charging has been quick enough for my routine. I bought it after comparing a few phones in the same range. handles normal apps without trouble. The weaknesses make it hard for me to recommend. the screen feels fairly typical for this class. On the other hand, the camera handles portraits with good separation.",performance,4,Positive,Neutral,0.8288062
1285,Realme,Realme 14 Pro+,"the build is reasonable for the price. charging has been quick enough for my routine. I bought it after comparing a few phones in the same range. handles normal apps without trouble. The weaknesses make it hard for me to recommend. the screen feels fairly typical for this class. On the other hand, the camera handles portraits with good separation.",design,2,Negative,Neutral,0.90524644
1285,Realme,Realme 14 Pro+,"the build is reasonable for the price. charging has been quick enough for my routine. I bought it after comparing a few phones in the same range. handles normal apps without trouble. The weaknesses make it hard for me to recommend. the screen feels fairly typical for this class. On the other hand, the camera handles portraits with good separation.",display,3,Neutral,Neutral,0.8956984
1292,Samsung,Galaxy A56 5G,"My routine includes calls, photos, and some gaming. the finish looks more premium in person. works well enough for routine photos. I would call the purchase acceptable rather than exciting.",camera,4,Positive,Neutral,0.8367757
1292,Samsung,Galaxy A56 5G,"My routine includes calls, photos, and some gaming. the finish looks more premium in person. works well enough for routine photos. I would call the purchase acceptable rather than exciting.",performance,3,Neutral,Positive,0.46042034
1292,Samsung,Galaxy A56 5G,"My routine includes calls, photos, and some gaming. the finish looks more premium in person. works well enough for routine photos. I would call the purchase acceptable rather than exciting.",design,4,Positive,Positive,0.97360116
1296,Samsung,Galaxy S25 Ultra,"Still, night shots often need another try. I mostly use it for work and messaging. the panel looks bright in most situations. games stay smooth during longer sessions. I have been using it as my main phone.",performance,4,Positive,Positive,0.9886098
1296,Samsung,Galaxy S25 Ultra,"Still, night shots often need another try. I mostly use it for work and messaging. the panel looks bright in most situations. games stay smooth during longer sessions. I have been using it as my main phone.",display,4,Positive,Positive,0.98925054
1313,Motorola,Moto G Power 2025,"On the other hand, colors are pleasing without looking excessive. I spend a fair amount of time on maps, media, and social apps. holds up really well through a long day. handles normal apps without trouble. autofocus occasionally misses the moment. I have been using it as my main phone.",camera,2,Negative,Negative,0.99441093
1313,Motorola,Moto G Power 2025,"On the other hand, colors are pleasing without looking excessive. I spend a fair amount of time on maps, media, and social apps. holds up really well through a long day. handles normal apps without trouble. autofocus occasionally misses the moment. I have been using it as my main phone.",performance,3,Neutral,Neutral,0.699862
1313,Motorola,Moto G Power 2025,"On the other hand, colors are pleasing without looking excessive. I spend a fair amount of time on maps, media, and social apps. holds up really well through a long day. handles normal apps without trouble. autofocus occasionally misses the moment. I have been using it as my main phone.",display,3,Neutral,Neutral,0.49055177
1316,Xiaomi,Xiaomi 15 Ultra,"On the other hand, the shape is not especially comfortable for me. I have very few regrets about choosing it. night shots are cleaner than I expected. scrolling feels fluid on the high refresh rate. games stay smooth during longer sessions. The software has been stable for me so far.",performance,5,Positive,Positive,0.9872915
1316,Xiaomi,Xiaomi 15 Ultra,"On the other hand, the shape is not especially comfortable for me. I have very few regrets about choosing it. night shots are cleaner than I expected. scrolling feels fluid on the high refresh rate. games stay smooth during longer sessions. The software has been stable for me so far.",display,4,Positive,Positive,0.9908552
1317,Xiaomi,Redmi Note 14 Pro+,"daylight images are generally fine. I rarely think about the battery during the day. That said, the design has grown on me. My routine includes calls, photos, and some gaming.",battery,4,Positive,Positive,0.9828639
1317,Xiaomi,Redmi Note 14 Pro+,"daylight images are generally fine. I rarely think about the battery during the day. That said, the design has grown on me. My routine includes calls, photos, and some gaming.",camera,3,Neutral,Neutral,0.80790913
1317,Xiaomi,Redmi Note 14 Pro+,"daylight images are generally fine. I rarely think about the battery during the day. That said, the design has grown on me. My routine includes calls, photos, and some gaming.",performance,2,Negative,Positive,0.53517973
1317,Xiaomi,Redmi Note 14 Pro+,"daylight images are generally fine. I rarely think about the battery during the day. That said, the design has grown on me. My routine includes calls, photos, and some gaming.",design,5,Positive,Positive,0.5483569
1323,OPPO,Reno 13 Pro,the handset feels solid and well put together. the panel looks bright in most situations. I also check email on it every day.,display,4,Positive,Positive,0.9896568
1333,Motorola,Motorola Edge 60 Pro,"One catch is that, the controls feel thoughtfully placed. gaming is okay at moderate settings. I regret some parts of the purchase. night shots are usable with some patience.",performance,3,Neutral,Neutral,0.8955153
1337,Xiaomi,Xiaomi 15,"My routine includes calls, photos, and some gaming. apps move along without much waiting. I could recommend it, but only with some reservations. the controls feel thoughtfully placed.",camera,3,Neutral,Positive,0.6251801
1337,Xiaomi,Xiaomi 15,"My routine includes calls, photos, and some gaming. apps move along without much waiting. I could recommend it, but only with some reservations. the controls feel thoughtfully placed.",performance,4,Positive,Positive,0.9861224
1345,Google,Pixel 9a,multitasking is acceptable for my routine. is adequate unless I use the phone heavily. I mostly use it for work and messaging. I am already considering a different phone next time.,performance,3,Neutral,Neutral,0.8727376
1346,OnePlus,OnePlus 13R,the screen feels fairly typical for this class. I am pleased with the purchase overall. charging has been quick enough for my routine. The software has been stable for me so far.,battery,5,Positive,Positive,0.9908761
1346,OnePlus,OnePlus 13R,the screen feels fairly typical for this class. I am pleased with the purchase overall. charging has been quick enough for my routine. The software has been stable for me so far.,display,4,Positive,Neutral,0.90077424
1347,Samsung,Galaxy Z Flip7,"colors are pleasing without looking excessive. I would choose a different model if I were buying again. handles normal apps without trouble. is adequate unless I use the phone heavily. I spend a fair amount of time on maps, media, and social apps. autofocus is okay for everyday subjects. I use it mostly during a normal workday.",camera,3,Neutral,Neutral,0.87791294
1347,Samsung,Galaxy Z Flip7,"colors are pleasing without looking excessive. I would choose a different model if I were buying again. handles normal apps without trouble. is adequate unless I use the phone heavily. I spend a fair amount of time on maps, media, and social apps. autofocus is okay for everyday subjects. I use it mostly during a normal workday.",performance,3,Neutral,Neutral,0.8340106
1347,Samsung,Galaxy Z Flip7,"colors are pleasing without looking excessive. I would choose a different model if I were buying again. handles normal apps without trouble. is adequate unless I use the phone heavily. I spend a fair amount of time on maps, media, and social apps. autofocus is okay for everyday subjects. I use it mostly during a normal workday.",display,5,Positive,Positive,0.9882316
1360,Realme,Realme GT 7 Pro,"My routine includes calls, photos, and some gaming. daylight shots come out crisp and detailed. switching between apps feels effortless. I could recommend it, but only with some reservations.",camera,4,Positive,Positive,0.9837626
1360,Realme,Realme GT 7 Pro,"My routine includes calls, photos, and some gaming. daylight shots come out crisp and detailed. switching between apps feels effortless. I could recommend it, but only with some reservations.",performance,4,Positive,Positive,0.98727465
1360,Realme,Realme GT 7 Pro,"My routine includes calls, photos, and some gaming. daylight shots come out crisp and detailed. switching between apps feels effortless. I could recommend it, but only with some reservations.",design,4,Positive,Positive,0.8907862
1362,Realme,Realme GT 7,"night shots are cleaner than I expected. it is comfortable enough to use. I have more complaints than I expected to have. the phone stays responsive under a busy workload. Still, usually leaves plenty of charge by bedtime. I have been using it as my main phone.",battery,4,Positive,Positive,0.9413091
1364,OnePlus,OnePlus 13,I would happily buy this phone again. holds up really well through a long day. the panel looks bright in most situations. night shots are cleaner than I expected.,display,4,Positive,Positive,0.98958594
1370,OnePlus,OnePlus 13R,the handset feels solid and well put together. apps move along without much waiting. the panel looks bright in most situations.,performance,5,Positive,Positive,0.98561424
1370,OnePlus,OnePlus 13R,the handset feels solid and well put together. apps move along without much waiting. the panel looks bright in most situations.,display,5,Positive,Positive,0.98927057
1371,Xiaomi,Redmi Note 14 Pro+,"I rarely think about the battery during the day. That said, the camera handles portraits with good separation. I regret some parts of the purchase. the panel is decent without being exceptional.",battery,4,Positive,Positive,0.9794322
1371,Xiaomi,Redmi Note 14 Pro+,"I rarely think about the battery during the day. That said, the camera handles portraits with good separation. I regret some parts of the purchase. the panel is decent without being exceptional.",camera,2,Negative,Neutral,0.5767942
1371,Xiaomi,Redmi Note 14 Pro+,"I rarely think about the battery during the day. That said, the camera handles portraits with good separation. I regret some parts of the purchase. the panel is decent without being exceptional.",display,3,Neutral,Neutral,0.8947411
1376,Nothing,Phone 3a Pro,"it is comfortable to carry and use. I spend a fair amount of time on maps, media, and social apps. I would call the purchase acceptable rather than exciting. charging speed is fairly ordinary. colors are pleasing without looking excessive. On the other hand, some photos lose detail when the light drops. apps move along without much waiting. The software has been stable for me so far.",battery,3,Neutral,Neutral,0.89700073
1376,Nothing,Phone 3a Pro,"it is comfortable to carry and use. I spend a fair amount of time on maps, media, and social apps. I would call the purchase acceptable rather than exciting. charging speed is fairly ordinary. colors are pleasing without looking excessive. On the other hand, some photos lose detail when the light drops. apps move along without much waiting. The software has been stable for me so far.",camera,2,Negative,Positive,0.6723735
1376,Nothing,Phone 3a Pro,"it is comfortable to carry and use. I spend a fair amount of time on maps, media, and social apps. I would call the purchase acceptable rather than exciting. charging speed is fairly ordinary. colors are pleasing without looking excessive. On the other hand, some photos lose detail when the light drops. apps move along without much waiting. The software has been stable for me so far.",performance,4,Positive,Positive,0.9868689
1376,Nothing,Phone 3a Pro,"it is comfortable to carry and use. I spend a fair amount of time on maps, media, and social apps. I would call the purchase acceptable rather than exciting. charging speed is fairly ordinary. colors are pleasing without looking excessive. On the other hand, some photos lose detail when the light drops. apps move along without much waiting. The software has been stable for me so far.",design,4,Positive,Neutral,0.48964638
1376,Nothing,Phone 3a Pro,"it is comfortable to carry and use. I spend a fair amount of time on maps, media, and social apps. I would call the purchase acceptable rather than exciting. charging speed is fairly ordinary. colors are pleasing without looking excessive. On the other hand, some photos lose detail when the light drops. apps move along without much waiting. The software has been stable for me so far.",display,4,Positive,Positive,0.99006456
1377,Xiaomi,Redmi Note 14 Pro+,"performance is neither especially quick nor slow. On the other hand, usually leaves plenty of charge by bedtime. the camera output is less consistent than expected. looks fine indoors and in shade. it is comfortable enough to use. The software has been stable for me so far.",battery,2,Negative,Neutral,0.45424953
1377,Xiaomi,Redmi Note 14 Pro+,"performance is neither especially quick nor slow. On the other hand, usually leaves plenty of charge by bedtime. the camera output is less consistent than expected. looks fine indoors and in shade. it is comfortable enough to use. The software has been stable for me so far.",camera,2,Negative,Negative,0.99460125
1377,Xiaomi,Redmi Note 14 Pro+,"performance is neither especially quick nor slow. On the other hand, usually leaves plenty of charge by bedtime. the camera output is less consistent than expected. looks fine indoors and in shade. it is comfortable enough to use. The software has been stable for me so far.",performance,3,Neutral,Neutral,0.8708123
1388,Apple,iPhone 17 Pro Max,"the camera handles portraits with good separation. One catch is that, overnight loss is higher than I expected. I would recommend it to someone shopping in this range. apps move along without much waiting. I bought it after comparing a few phones in the same range. the handset feels solid and well put together.",camera,5,Positive,Positive,0.99011105
1388,Apple,iPhone 17 Pro Max,"the camera handles portraits with good separation. One catch is that, overnight loss is higher than I expected. I would recommend it to someone shopping in this range. apps move along without much waiting. I bought it after comparing a few phones in the same range. the handset feels solid and well put together.",performance,5,Positive,Positive,0.9760498
1389,Motorola,Moto G Power 2025,"charging has been quick enough for my routine. On the other hand, performance has been consistently strong. autofocus occasionally misses the moment. colors are pleasing without looking excessive. My routine includes calls, photos, and some gaming.",battery,5,Positive,Positive,0.9904483
1389,Motorola,Moto G Power 2025,"charging has been quick enough for my routine. On the other hand, performance has been consistently strong. autofocus occasionally misses the moment. colors are pleasing without looking excessive. My routine includes calls, photos, and some gaming.",camera,1,Negative,Negative,0.9944193
1389,Motorola,Moto G Power 2025,"charging has been quick enough for my routine. On the other hand, performance has been consistently strong. autofocus occasionally misses the moment. colors are pleasing without looking excessive. My routine includes calls, photos, and some gaming.",performance,1,Negative,Positive,0.51647514
1389,Motorola,Moto G Power 2025,"charging has been quick enough for my routine. On the other hand, performance has been consistently strong. autofocus occasionally misses the moment. colors are pleasing without looking excessive. My routine includes calls, photos, and some gaming.",display,4,Positive,Positive,0.98974
1418,Samsung,Galaxy S26,"I am already considering a different phone next time. photos have a pleasing amount of detail. battery performance has been about what I expected. My routine includes calls, photos, and some gaming.",battery,3,Neutral,Neutral,0.88410366
1418,Samsung,Galaxy S26,"I am already considering a different phone next time. photos have a pleasing amount of detail. battery performance has been about what I expected. My routine includes calls, photos, and some gaming.",camera,4,Positive,Positive,0.990284
1418,Samsung,Galaxy S26,"I am already considering a different phone next time. photos have a pleasing amount of detail. battery performance has been about what I expected. My routine includes calls, photos, and some gaming.",performance,5,Positive,Positive,0.41872895
1420,Apple,iPhone 17 Pro,"At the same time, scrolling can feel less fluid than advertised. the design has grown on me. usually leaves plenty of charge by bedtime. I use it mostly during a normal workday.",battery,5,Positive,Positive,0.9887904
1420,Apple,iPhone 17 Pro,"At the same time, scrolling can feel less fluid than advertised. the design has grown on me. usually leaves plenty of charge by bedtime. I use it mostly during a normal workday.",design,5,Positive,Positive,0.9898867
1425,Apple,iPhone 16,"colors are pleasing without looking excessive. battery performance has been about what I expected. I spend a fair amount of time on maps, media, and social apps. I use it mostly during a normal workday.",battery,4,Positive,Neutral,0.8853884
1425,Apple,iPhone 16,"colors are pleasing without looking excessive. battery performance has been about what I expected. I spend a fair amount of time on maps, media, and social apps. I use it mostly during a normal workday.",performance,5,Positive,Positive,0.7882528
1425,Apple,iPhone 16,"colors are pleasing without looking excessive. battery performance has been about what I expected. I spend a fair amount of time on maps, media, and social apps. I use it mostly during a normal workday.",display,4,Positive,Positive,0.98905635
1429,Google,Pixel 10 Pro,"the design has grown on me. On the other hand, touch response has occasionally felt delayed. autofocus has been reliable in everyday use. The software has been stable for me so far.",camera,5,Positive,Positive,0.9905468
1429,Google,Pixel 10 Pro,"the design has grown on me. On the other hand, touch response has occasionally felt delayed. autofocus has been reliable in everyday use. The software has been stable for me so far.",design,4,Positive,Positive,0.98979306
1429,Google,Pixel 10 Pro,"the design has grown on me. On the other hand, touch response has occasionally felt delayed. autofocus has been reliable in everyday use. The software has been stable for me so far.",display,4,Positive,Positive,0.54529953
1432,Apple,iPhone 17 Pro Max,"My routine includes calls, photos, and some gaming. Still, some photos lose detail when the light drops. It has been money well spent. holds up really well through a long day. scrolling feels fluid on the high refresh rate.",camera,5,Positive,Positive,0.6342727
1432,Apple,iPhone 17 Pro Max,"My routine includes calls, photos, and some gaming. Still, some photos lose detail when the light drops. It has been money well spent. holds up really well through a long day. scrolling feels fluid on the high refresh rate.",performance,5,Positive,Positive,0.8951253
1432,Apple,iPhone 17 Pro Max,"My routine includes calls, photos, and some gaming. Still, some photos lose detail when the light drops. It has been money well spent. holds up really well through a long day. scrolling feels fluid on the high refresh rate.",design,4,Positive,Positive,0.9244698
1432,Apple,iPhone 17 Pro Max,"My routine includes calls, photos, and some gaming. Still, some photos lose detail when the light drops. It has been money well spent. holds up really well through a long day. scrolling feels fluid on the high refresh rate.",display,5,Positive,Positive,0.9907328
1434,Nothing,Nothing Phone 3,games stay smooth during longer sessions. I would choose this one again over the alternatives I considered. autofocus has been reliable in everyday use. Most of my use is fairly ordinary rather than demanding. The software has been stable for me so far.,camera,5,Positive,Positive,0.9905037
1434,Nothing,Nothing Phone 3,games stay smooth during longer sessions. I would choose this one again over the alternatives I considered. autofocus has been reliable in everyday use. Most of my use is fairly ordinary rather than demanding. The software has been stable for me so far.,performance,5,Positive,Positive,0.9882755
1438,Google,Pixel 10 Pro,"it is comfortable enough to use. daylight shots come out crisp and detailed. I bought it after comparing a few phones in the same range. Still, drain has been impressively low. I have been using it as my main phone.",battery,3,Neutral,Positive,0.6992927
1438,Google,Pixel 10 Pro,"it is comfortable enough to use. daylight shots come out crisp and detailed. I bought it after comparing a few phones in the same range. Still, drain has been impressively low. I have been using it as my main phone.",design,3,Neutral,Positive,0.8226213
1439,Realme,Realme 14 Pro+,it is comfortable enough to use. autofocus is okay for everyday subjects. drain is noticeable mainly with demanding apps. The compromises are difficult to overlook. the panel looks less convincing at an angle.,battery,3,Neutral,Neutral,0.89703965
1439,Realme,Realme 14 Pro+,it is comfortable enough to use. autofocus is okay for everyday subjects. drain is noticeable mainly with demanding apps. The compromises are difficult to overlook. the panel looks less convincing at an angle.,camera,3,Neutral,Neutral,0.8967913
1439,Realme,Realme 14 Pro+,it is comfortable enough to use. autofocus is okay for everyday subjects. drain is noticeable mainly with demanding apps. The compromises are difficult to overlook. the panel looks less convincing at an angle.,performance,5,Positive,Neutral,0.685887
1439,Realme,Realme 14 Pro+,it is comfortable enough to use. autofocus is okay for everyday subjects. drain is noticeable mainly with demanding apps. The compromises are difficult to overlook. the panel looks less convincing at an angle.,display,2,Negative,Negative,0.9936539
1444,OPPO,Reno 13 Pro,"autofocus is okay for everyday subjects. My routine includes calls, photos, and some gaming. the panel looks bright in most situations.",camera,3,Neutral,Neutral,0.88263065
1444,OPPO,Reno 13 Pro,"autofocus is okay for everyday subjects. My routine includes calls, photos, and some gaming. the panel looks bright in most situations.",performance,4,Positive,Positive,0.50903237
1444,OPPO,Reno 13 Pro,"autofocus is okay for everyday subjects. My routine includes calls, photos, and some gaming. the panel looks bright in most situations.",display,4,Positive,Positive,0.9889721
1449,OnePlus,OnePlus 13T,I would call the purchase acceptable rather than exciting. autofocus occasionally misses the moment. text stays sharp and easy to read. I have been using it as my main phone.,camera,2,Negative,Negative,0.9943784
1451,Apple,iPhone 16,the finish looks more premium in person. the camera handles portraits with good separation. scrolling feels fluid on the high refresh rate. I mostly use it for work and messaging.,camera,5,Positive,Positive,0.9901224
1451,Apple,iPhone 16,the finish looks more premium in person. the camera handles portraits with good separation. scrolling feels fluid on the high refresh rate. I mostly use it for work and messaging.,design,4,Positive,Positive,0.98622304
1451,Apple,iPhone 16,the finish looks more premium in person. the camera handles portraits with good separation. scrolling feels fluid on the high refresh rate. I mostly use it for work and messaging.,display,4,Positive,Positive,0.9907845
1459,Nothing,Phone 2a Plus,"One catch is that, performance has been consistently strong. I mostly use it for work and messaging. the controls feel thoughtfully placed. autofocus occasionally misses the moment.",camera,2,Negative,Negative,0.9943263
1459,Nothing,Phone 2a Plus,"One catch is that, performance has been consistently strong. I mostly use it for work and messaging. the controls feel thoughtfully placed. autofocus occasionally misses the moment.",performance,4,Positive,Neutral,0.4450969
1463,OPPO,Reno 13 Pro,apps move along without much waiting. Most of my use is fairly ordinary rather than demanding. nothing about the finish stands out much. The weaknesses make it hard for me to recommend. autofocus has been reliable in everyday use.,camera,4,Positive,Positive,0.9905562
1463,OPPO,Reno 13 Pro,apps move along without much waiting. Most of my use is fairly ordinary rather than demanding. nothing about the finish stands out much. The weaknesses make it hard for me to recommend. autofocus has been reliable in everyday use.,performance,4,Positive,Positive,0.9756109
1463,OPPO,Reno 13 Pro,apps move along without much waiting. Most of my use is fairly ordinary rather than demanding. nothing about the finish stands out much. The weaknesses make it hard for me to recommend. autofocus has been reliable in everyday use.,design,3,Neutral,Neutral,0.86350214
1476,Motorola,Moto G Power 2025,"switching between apps feels effortless. I spend a fair amount of time on maps, media, and social apps. battery performance has been about what I expected. Still, colors are pleasing without looking excessive. The software has been stable for me so far.",battery,3,Neutral,Neutral,0.8786863
1476,Motorola,Moto G Power 2025,"switching between apps feels effortless. I spend a fair amount of time on maps, media, and social apps. battery performance has been about what I expected. Still, colors are pleasing without looking excessive. The software has been stable for me so far.",performance,4,Positive,Positive,0.98611045
1476,Motorola,Moto G Power 2025,"switching between apps feels effortless. I spend a fair amount of time on maps, media, and social apps. battery performance has been about what I expected. Still, colors are pleasing without looking excessive. The software has been stable for me so far.",display,1,Negative,Positive,0.8198665
1479,Realme,Realme GT 7,Most of my use is fairly ordinary rather than demanding. handles normal apps without trouble. The strengths make it easy for me to recommend. daylight shots come out crisp and detailed.,performance,5,Positive,Positive,0.59723556
1479,Realme,Realme GT 7,Most of my use is fairly ordinary rather than demanding. handles normal apps without trouble. The strengths make it easy for me to recommend. daylight shots come out crisp and detailed.,design,3,Neutral,Positive,0.74105066
1482,Nothing,Nothing Phone 3,"At the same time, daylight shots come out crisp and detailed. I mostly use it for work and messaging. brightness is okay for my usual use. the build is reasonable for the price. usually leaves plenty of charge by bedtime. multitasking is acceptable for my routine.",battery,4,Positive,Positive,0.98580617
1482,Nothing,Nothing Phone 3,"At the same time, daylight shots come out crisp and detailed. I mostly use it for work and messaging. brightness is okay for my usual use. the build is reasonable for the price. usually leaves plenty of charge by bedtime. multitasking is acceptable for my routine.",performance,3,Neutral,Neutral,0.7994849
1482,Nothing,Nothing Phone 3,"At the same time, daylight shots come out crisp and detailed. I mostly use it for work and messaging. brightness is okay for my usual use. the build is reasonable for the price. usually leaves plenty of charge by bedtime. multitasking is acceptable for my routine.",design,3,Neutral,Neutral,0.8919527
1482,Nothing,Nothing Phone 3,"At the same time, daylight shots come out crisp and detailed. I mostly use it for work and messaging. brightness is okay for my usual use. the build is reasonable for the price. usually leaves plenty of charge by bedtime. multitasking is acceptable for my routine.",display,3,Neutral,Neutral,0.8891333
1485,OPPO,Find N5,"the controls feel thoughtfully placed. battery life has been one of my complaints. That said, the panel looks bright in most situations.",battery,2,Negative,Negative,0.99347234
1485,OPPO,Find N5,"the controls feel thoughtfully placed. battery life has been one of my complaints. That said, the panel looks bright in most situations.",display,4,Positive,Positive,0.5785784
1489,Nothing,Phone 3a Pro,It has been money well spent. the finish looks more premium in person. I mostly use it for work and messaging. apps move along without much waiting.,performance,5,Positive,Positive,0.98735607
1489,Nothing,Phone 3a Pro,It has been money well spent. the finish looks more premium in person. I mostly use it for work and messaging. apps move along without much waiting.,design,5,Positive,Positive,0.9870416
1503,Xiaomi,Xiaomi 15,works well enough for routine photos. handles normal apps without trouble.,camera,3,Neutral,Neutral,0.8748958
1503,Xiaomi,Xiaomi 15,works well enough for routine photos. handles normal apps without trouble.,performance,3,Neutral,Neutral,0.83790183
1505,Realme,Realme GT 7 Pro,"One catch is that, scrolling feels fluid on the high refresh rate. I spend a fair amount of time on maps, media, and social apps. apps move along without much waiting. the finish looks more premium in person.",performance,4,Positive,Positive,0.9846319
1505,Realme,Realme GT 7 Pro,"One catch is that, scrolling feels fluid on the high refresh rate. I spend a fair amount of time on maps, media, and social apps. apps move along without much waiting. the finish looks more premium in person.",design,4,Positive,Positive,0.98741525
1505,Realme,Realme GT 7 Pro,"One catch is that, scrolling feels fluid on the high refresh rate. I spend a fair amount of time on maps, media, and social apps. apps move along without much waiting. the finish looks more premium in person.",display,4,Positive,Positive,0.9228116
1513,Samsung,Galaxy Z Flip7,"Most of my use is fairly ordinary rather than demanding. it is comfortable to carry and use. At the same time, the camera handles portraits with good separation. apps can hesitate at awkward times.",camera,3,Neutral,Neutral,0.52237856
1513,Samsung,Galaxy Z Flip7,"Most of my use is fairly ordinary rather than demanding. it is comfortable to carry and use. At the same time, the camera handles portraits with good separation. apps can hesitate at awkward times.",performance,2,Negative,Negative,0.98221415
1518,Samsung,Galaxy S25 Ultra,"I would happily buy this phone again. it is comfortable to carry and use. I spend a fair amount of time on maps, media, and social apps. the panel looks bright in most situations.",performance,4,Positive,Positive,0.9226094
1518,Samsung,Galaxy S25 Ultra,"I would happily buy this phone again. it is comfortable to carry and use. I spend a fair amount of time on maps, media, and social apps. the panel looks bright in most situations.",display,5,Positive,Positive,0.98898834
1521,OnePlus,OnePlus 13T,"That said, it needs a top-up before the day is over. Most of my use is fairly ordinary rather than demanding. the controls feel thoughtfully placed. the panel looks bright in most situations. I have very few regrets about choosing it.",display,4,Positive,Positive,0.989656
1533,Apple,iPhone 17 Pro,it is comfortable to carry and use. photos have a pleasing amount of detail. the screen feels fairly typical for this class.,camera,4,Positive,Positive,0.9906523
1533,Apple,iPhone 17 Pro,it is comfortable to carry and use. photos have a pleasing amount of detail. the screen feels fairly typical for this class.,display,4,Positive,Neutral,0.8589221
1537,Motorola,Moto G Power 2025,the design feels a little dated beside newer phones. charging speed is fairly ordinary. the phone can feel sluggish under load.,battery,3,Neutral,Neutral,0.9121416
1537,Motorola,Moto G Power 2025,the design feels a little dated beside newer phones. charging speed is fairly ordinary. the phone can feel sluggish under load.,design,2,Negative,Negative,0.99334854
1539,Nothing,Phone 2a Plus,apps can hesitate at awkward times. battery performance has been about what I expected.,battery,3,Neutral,Neutral,0.8865485
1539,Nothing,Phone 2a Plus,apps can hesitate at awkward times. battery performance has been about what I expected.,performance,2,Negative,Negative,0.9898942
1540,Apple,iPhone 16e,"I spend a fair amount of time on maps, media, and social apps. daylight images are generally fine. On the other hand, colors are pleasing without looking excessive. games stay smooth during longer sessions. I use it mostly during a normal workday.",performance,4,Positive,Positive,0.98857224
1540,Apple,iPhone 16e,"I spend a fair amount of time on maps, media, and social apps. daylight images are generally fine. On the other hand, colors are pleasing without looking excessive. games stay smooth during longer sessions. I use it mostly during a normal workday.",design,2,Negative,Positive,0.70108163
1540,Apple,iPhone 16e,"I spend a fair amount of time on maps, media, and social apps. daylight images are generally fine. On the other hand, colors are pleasing without looking excessive. games stay smooth during longer sessions. I use it mostly during a normal workday.",display,3,Neutral,Neutral,0.5385314
1541,Nothing,Nothing Phone 3,daylight shots come out crisp and detailed. It depends on which features matter most to the buyer. I rarely think about the battery during the day.,battery,4,Positive,Positive,0.9867443
1541,Nothing,Nothing Phone 3,daylight shots come out crisp and detailed. It depends on which features matter most to the buyer. I rarely think about the battery during the day.,design,4,Positive,Positive,0.84466314
1543,Xiaomi,Xiaomi 15,usually leaves plenty of charge by bedtime. The strengths make it easy for me to recommend. I bought it after comparing a few phones in the same range. night shots are cleaner than I expected.,battery,5,Positive,Positive,0.9886851
1544,Realme,Realme GT 7,"charging speed is fairly ordinary. My routine includes calls, photos, and some gaming. performance is neither especially quick nor slow. the screen feels fairly typical for this class. On the other hand, the camera output is less consistent than expected.",battery,3,Neutral,Neutral,0.91159326
1544,Realme,Realme GT 7,"charging speed is fairly ordinary. My routine includes calls, photos, and some gaming. performance is neither especially quick nor slow. the screen feels fairly typical for this class. On the other hand, the camera output is less consistent than expected.",camera,3,Neutral,Neutral,0.55405885
1544,Realme,Realme GT 7,"charging speed is fairly ordinary. My routine includes calls, photos, and some gaming. performance is neither especially quick nor slow. the screen feels fairly typical for this class. On the other hand, the camera output is less consistent than expected.",performance,5,Positive,Neutral,0.8726081
1544,Realme,Realme GT 7,"charging speed is fairly ordinary. My routine includes calls, photos, and some gaming. performance is neither especially quick nor slow. the screen feels fairly typical for this class. On the other hand, the camera output is less consistent than expected.",display,3,Neutral,Neutral,0.90122986
1563,Samsung,Galaxy S26,performance has been consistently strong. it is comfortable to carry and use. Most of my use is fairly ordinary rather than demanding.,performance,5,Positive,Positive,0.9896416
1568,Realme,Realme GT 7 Pro,"I mostly use it for work and messaging. That said, scrolling feels fluid on the high refresh rate. performance has been consistently strong. the design is functional and straightforward. the camera handles portraits with good separation. It depends on which features matter most to the buyer. I use it mostly during a normal workday.",camera,5,Positive,Positive,0.9892866
1568,Realme,Realme GT 7 Pro,"I mostly use it for work and messaging. That said, scrolling feels fluid on the high refresh rate. performance has been consistently strong. the design is functional and straightforward. the camera handles portraits with good separation. It depends on which features matter most to the buyer. I use it mostly during a normal workday.",performance,4,Positive,Positive,0.9896326
1568,Realme,Realme GT 7 Pro,"I mostly use it for work and messaging. That said, scrolling feels fluid on the high refresh rate. performance has been consistently strong. the design is functional and straightforward. the camera handles portraits with good separation. It depends on which features matter most to the buyer. I use it mostly during a normal workday.",design,3,Neutral,Neutral,0.8969315
1568,Realme,Realme GT 7 Pro,"I mostly use it for work and messaging. That said, scrolling feels fluid on the high refresh rate. performance has been consistently strong. the design is functional and straightforward. the camera handles portraits with good separation. It depends on which features matter most to the buyer. I use it mostly during a normal workday.",display,5,Positive,Positive,0.49061295
1570,OnePlus,OnePlus 13R,"the camera output is less consistent than expected. My routine includes calls, photos, and some gaming. the panel is decent without being exceptional. I use it mostly during a normal workday.",camera,2,Negative,Negative,0.9943453
1570,OnePlus,OnePlus 13R,"the camera output is less consistent than expected. My routine includes calls, photos, and some gaming. the panel is decent without being exceptional. I use it mostly during a normal workday.",performance,4,Positive,Neutral,0.54060584
1570,OnePlus,OnePlus 13R,"the camera output is less consistent than expected. My routine includes calls, photos, and some gaming. the panel is decent without being exceptional. I use it mostly during a normal workday.",display,4,Positive,Neutral,0.89892507
1574,Google,Pixel 10 Pro XL,I would not buy this phone again. performance is neither especially quick nor slow. the screen feels fairly typical for this class. holds up really well through a long day. Most of my use is fairly ordinary rather than demanding.,performance,3,Neutral,Neutral,0.895418
1574,Google,Pixel 10 Pro XL,I would not buy this phone again. performance is neither especially quick nor slow. the screen feels fairly typical for this class. holds up really well through a long day. Most of my use is fairly ordinary rather than demanding.,display,4,Positive,Neutral,0.9059681
1576,Nothing,Phone 2a Plus,drain is noticeable mainly with demanding apps. outdoor brightness can be limiting. I bought it after comparing a few phones in the same range.,battery,5,Positive,Neutral,0.89833015
1576,Nothing,Phone 2a Plus,drain is noticeable mainly with demanding apps. outdoor brightness can be limiting. I bought it after comparing a few phones in the same range.,performance,4,Positive,Negative,0.7077966
1576,Nothing,Phone 2a Plus,drain is noticeable mainly with demanding apps. outdoor brightness can be limiting. I bought it after comparing a few phones in the same range.,display,2,Negative,Negative,0.9936352
1581,Apple,iPhone 17,"I would recommend it to someone shopping in this range. colors are pleasing without looking excessive. One catch is that, switching between heavier apps is not always smooth. I rarely think about the battery during the day. I bought it after comparing a few phones in the same range. The software has been stable for me so far.",battery,4,Positive,Positive,0.9875081
1581,Apple,iPhone 17,"I would recommend it to someone shopping in this range. colors are pleasing without looking excessive. One catch is that, switching between heavier apps is not always smooth. I rarely think about the battery during the day. I bought it after comparing a few phones in the same range. The software has been stable for me so far.",performance,5,Positive,Positive,0.8862148
1581,Apple,iPhone 17,"I would recommend it to someone shopping in this range. colors are pleasing without looking excessive. One catch is that, switching between heavier apps is not always smooth. I rarely think about the battery during the day. I bought it after comparing a few phones in the same range. The software has been stable for me so far.",display,5,Positive,Positive,0.9899573
1583,OnePlus,OnePlus 13T,"battery performance has been about what I expected. the phone stays responsive under a busy workload. That said, autofocus occasionally misses the moment. the controls feel thoughtfully placed.",battery,4,Positive,Neutral,0.8636002
1583,OnePlus,OnePlus 13T,"battery performance has been about what I expected. the phone stays responsive under a busy workload. That said, autofocus occasionally misses the moment. the controls feel thoughtfully placed.",camera,3,Neutral,Positive,0.51972055
1583,OnePlus,OnePlus 13T,"battery performance has been about what I expected. the phone stays responsive under a busy workload. That said, autofocus occasionally misses the moment. the controls feel thoughtfully placed.",performance,4,Positive,Positive,0.9527115
1587,Motorola,Motorola Edge 60 Pro,some photos lose detail when the light drops. I mostly use it for work and messaging. the handset feels solid and well put together. I would hesitate to recommend it in this price range.,camera,2,Negative,Negative,0.99365497
1587,Motorola,Motorola Edge 60 Pro,some photos lose detail when the light drops. I mostly use it for work and messaging. the handset feels solid and well put together. I would hesitate to recommend it in this price range.,design,4,Positive,Neutral,0.59415257
1588,Samsung,Galaxy Z Flip7,"charging takes longer than I would like. It is a reasonable choice, although there are clear alternatives. the handset feels solid and well put together. At the same time, daylight shots come out crisp and detailed. I bought it after comparing a few phones in the same range.",battery,2,Negative,Negative,0.99401504
1588,Samsung,Galaxy Z Flip7,"charging takes longer than I would like. It is a reasonable choice, although there are clear alternatives. the handset feels solid and well put together. At the same time, daylight shots come out crisp and detailed. I bought it after comparing a few phones in the same range.",design,5,Positive,Neutral,0.5840826
1589,Samsung,Galaxy A56 5G,"One catch is that, holds up really well through a long day. It is a reasonable choice, although there are clear alternatives. performance is neither especially quick nor slow. autofocus is okay for everyday subjects. the handset feels solid and well put together. I have been using it as my main phone.",camera,3,Neutral,Neutral,0.8667451
1589,Samsung,Galaxy A56 5G,"One catch is that, holds up really well through a long day. It is a reasonable choice, although there are clear alternatives. performance is neither especially quick nor slow. autofocus is okay for everyday subjects. the handset feels solid and well put together. I have been using it as my main phone.",performance,4,Positive,Neutral,0.88576996
1594,Apple,iPhone 17,"Most of my use is fairly ordinary rather than demanding. handles normal apps without trouble. On the other hand, charging has been quick enough for my routine. daylight images are generally fine. the screen feels fairly typical for this class. it is comfortable to carry and use.",battery,3,Neutral,Neutral,0.5030211
1594,Apple,iPhone 17,"Most of my use is fairly ordinary rather than demanding. handles normal apps without trouble. On the other hand, charging has been quick enough for my routine. daylight images are generally fine. the screen feels fairly typical for this class. it is comfortable to carry and use.",performance,3,Neutral,Neutral,0.78468984
1594,Apple,iPhone 17,"Most of my use is fairly ordinary rather than demanding. handles normal apps without trouble. On the other hand, charging has been quick enough for my routine. daylight images are generally fine. the screen feels fairly typical for this class. it is comfortable to carry and use.",design,4,Positive,Neutral,0.68338233
1594,Apple,iPhone 17,"Most of my use is fairly ordinary rather than demanding. handles normal apps without trouble. On the other hand, charging has been quick enough for my routine. daylight images are generally fine. the screen feels fairly typical for this class. it is comfortable to carry and use.",display,3,Neutral,Neutral,0.8808362
1597,Apple,iPhone 17 Pro,"At the same time, apps move along without much waiting. the controls feel thoughtfully placed. holds up really well through a long day. the camera handles portraits with good separation. I could recommend it, but only with some reservations. I have been using it as my main phone.",camera,4,Positive,Positive,0.99028933
1597,Apple,iPhone 17 Pro,"At the same time, apps move along without much waiting. the controls feel thoughtfully placed. holds up really well through a long day. the camera handles portraits with good separation. I could recommend it, but only with some reservations. I have been using it as my main phone.",performance,5,Positive,Positive,0.8205589
1607,Xiaomi,Xiaomi 15,"The strengths make it easy for me to recommend. daylight shots come out crisp and detailed. Still, apps can hesitate at awkward times. touch response has been dependable. My routine includes calls, photos, and some gaming. the handset feels solid and well put together. The software has been stable for me so far.",camera,4,Positive,Positive,0.9851953
1607,Xiaomi,Xiaomi 15,"The strengths make it easy for me to recommend. daylight shots come out crisp and detailed. Still, apps can hesitate at awkward times. touch response has been dependable. My routine includes calls, photos, and some gaming. the handset feels solid and well put together. The software has been stable for me so far.",performance,5,Positive,Positive,0.9488434
1607,Xiaomi,Xiaomi 15,"The strengths make it easy for me to recommend. daylight shots come out crisp and detailed. Still, apps can hesitate at awkward times. touch response has been dependable. My routine includes calls, photos, and some gaming. the handset feels solid and well put together. The software has been stable for me so far.",design,4,Positive,Positive,0.9167736
1607,Xiaomi,Xiaomi 15,"The strengths make it easy for me to recommend. daylight shots come out crisp and detailed. Still, apps can hesitate at awkward times. touch response has been dependable. My routine includes calls, photos, and some gaming. the handset feels solid and well put together. The software has been stable for me so far.",display,4,Positive,Positive,0.98966086
1612,Apple,iPhone 16e,"the phone stays responsive under a busy workload. That said, colors are not always consistent. I bought it after comparing a few phones in the same range. the controls feel thoughtfully placed. some photos lose detail when the light drops. I have been using it as my main phone.",camera,2,Negative,Negative,0.9935638
1612,Apple,iPhone 16e,"the phone stays responsive under a busy workload. That said, colors are not always consistent. I bought it after comparing a few phones in the same range. the controls feel thoughtfully placed. some photos lose detail when the light drops. I have been using it as my main phone.",design,4,Positive,Positive,0.94106907
1612,Apple,iPhone 16e,"the phone stays responsive under a busy workload. That said, colors are not always consistent. I bought it after comparing a few phones in the same range. the controls feel thoughtfully placed. some photos lose detail when the light drops. I have been using it as my main phone.",display,3,Neutral,Positive,0.6418432
1614,Google,Pixel 9a,photos have a pleasing amount of detail. text stays sharp and easy to read. performance is neither especially quick nor slow. I bought it after comparing a few phones in the same range. I have been using it as my main phone.,camera,4,Positive,Positive,0.990044
1614,Google,Pixel 9a,photos have a pleasing amount of detail. text stays sharp and easy to read. performance is neither especially quick nor slow. I bought it after comparing a few phones in the same range. I have been using it as my main phone.,performance,3,Neutral,Neutral,0.852354
1618,Xiaomi,Redmi Note 14 Pro+,"One catch is that, scrolling feels fluid on the high refresh rate. daylight images are generally fine. I spend a fair amount of time on maps, media, and social apps. apps can hesitate at awkward times. I have more complaints than I expected to have.",performance,2,Negative,Negative,0.9927429
1618,Xiaomi,Redmi Note 14 Pro+,"One catch is that, scrolling feels fluid on the high refresh rate. daylight images are generally fine. I spend a fair amount of time on maps, media, and social apps. apps can hesitate at awkward times. I have more complaints than I expected to have.",design,2,Negative,Neutral,0.67923313
1618,Xiaomi,Redmi Note 14 Pro+,"One catch is that, scrolling feels fluid on the high refresh rate. daylight images are generally fine. I spend a fair amount of time on maps, media, and social apps. apps can hesitate at awkward times. I have more complaints than I expected to have.",display,3,Neutral,Neutral,0.7431567
1620,Apple,iPhone 17 Pro Max,"the handset feels solid and well put together. At the same time, scrolling can feel less fluid than advertised. It has been money well spent. daylight shots come out crisp and detailed.",design,5,Positive,Positive,0.9522713
1622,Samsung,Galaxy S26 Ultra,is adequate unless I use the phone heavily. I bought it after comparing a few phones in the same range. I would recommend it to someone shopping in this range. daylight shots come out crisp and detailed. feels familiar rather than distinctive. the screen feels fairly typical for this class. The software has been stable for me so far.,design,5,Positive,Positive,0.72968066
1622,Samsung,Galaxy S26 Ultra,is adequate unless I use the phone heavily. I bought it after comparing a few phones in the same range. I would recommend it to someone shopping in this range. daylight shots come out crisp and detailed. feels familiar rather than distinctive. the screen feels fairly typical for this class. The software has been stable for me so far.,display,4,Positive,Neutral,0.5894888
1625,Apple,iPhone 17 Pro Max,"I bought it after comparing a few phones in the same range. the controls feel thoughtfully placed. battery performance has been about what I expected. At the same time, scrolling can feel less fluid than advertised.",battery,3,Neutral,Neutral,0.8840021
1625,Apple,iPhone 17 Pro Max,"I bought it after comparing a few phones in the same range. the controls feel thoughtfully placed. battery performance has been about what I expected. At the same time, scrolling can feel less fluid than advertised.",performance,5,Positive,Positive,0.6915701
1630,OPPO,Find N5,"autofocus occasionally misses the moment. it is comfortable to carry and use. I spend a fair amount of time on maps, media, and social apps. touch response has been dependable.",camera,2,Negative,Negative,0.9942427
1630,OPPO,Find N5,"autofocus occasionally misses the moment. it is comfortable to carry and use. I spend a fair amount of time on maps, media, and social apps. touch response has been dependable.",performance,3,Neutral,Positive,0.9252538
1630,OPPO,Find N5,"autofocus occasionally misses the moment. it is comfortable to carry and use. I spend a fair amount of time on maps, media, and social apps. touch response has been dependable.",display,4,Positive,Positive,0.99067557
1634,Apple,iPhone 17 Pro Max,"Most of my use is fairly ordinary rather than demanding. One catch is that, charging takes longer than I would like. night shots are cleaner than I expected. handles normal apps without trouble.",battery,5,Positive,Positive,0.8876828
1634,Apple,iPhone 17 Pro Max,"Most of my use is fairly ordinary rather than demanding. One catch is that, charging takes longer than I would like. night shots are cleaner than I expected. handles normal apps without trouble.",performance,5,Positive,Positive,0.65007836
1642,OPPO,Find X8 Pro,text stays sharp and easy to read. performance has been consistently strong. I would recommend it to someone shopping in this range. The software has been stable for me so far.,performance,5,Positive,Positive,0.9906669
1643,Samsung,Galaxy S25 Ultra,"On the other hand, touch response has occasionally felt delayed. holds up really well through a long day. I spend a fair amount of time on maps, media, and social apps. daylight shots come out crisp and detailed. switching between apps feels effortless. the design has grown on me. I have been using it as my main phone.",performance,5,Positive,Positive,0.9865783
1643,Samsung,Galaxy S25 Ultra,"On the other hand, touch response has occasionally felt delayed. holds up really well through a long day. I spend a fair amount of time on maps, media, and social apps. daylight shots come out crisp and detailed. switching between apps feels effortless. the design has grown on me. I have been using it as my main phone.",design,5,Positive,Positive,0.98899764
1643,Samsung,Galaxy S25 Ultra,"On the other hand, touch response has occasionally felt delayed. holds up really well through a long day. I spend a fair amount of time on maps, media, and social apps. daylight shots come out crisp and detailed. switching between apps feels effortless. the design has grown on me. I have been using it as my main phone.",display,5,Positive,Positive,0.93305576
1644,Xiaomi,Xiaomi 15,"feels familiar rather than distinctive. looks fine indoors and in shade. is fine for browsing and messaging. I spend a fair amount of time on maps, media, and social apps. That said, the camera output is less consistent than expected. drain has been impressively low. It has been money well spent. I use it mostly during a normal workday.",battery,5,Positive,Positive,0.98997074
1644,Xiaomi,Xiaomi 15,"feels familiar rather than distinctive. looks fine indoors and in shade. is fine for browsing and messaging. I spend a fair amount of time on maps, media, and social apps. That said, the camera output is less consistent than expected. drain has been impressively low. It has been money well spent. I use it mostly during a normal workday.",camera,5,Positive,Positive,0.7535235
1644,Xiaomi,Xiaomi 15,"feels familiar rather than distinctive. looks fine indoors and in shade. is fine for browsing and messaging. I spend a fair amount of time on maps, media, and social apps. That said, the camera output is less consistent than expected. drain has been impressively low. It has been money well spent. I use it mostly during a normal workday.",performance,3,Neutral,Positive,0.7148826
1647,Samsung,Galaxy S26 Ultra,the camera handles portraits with good separation. gets through a normal day for me. Most of my use is fairly ordinary rather than demanding. I have been using it as my main phone.,camera,5,Positive,Positive,0.9891621
1650,Samsung,Galaxy A56 5G,works well enough for routine photos. holds up really well through a long day. The software has been stable for me so far.,camera,3,Neutral,Neutral,0.88625824
1653,Xiaomi,Xiaomi 15 Ultra,colors are pleasing without looking excessive. multitasking is acceptable for my routine. I mostly use it for work and messaging. The strengths make it easy for me to recommend. charging has been quick enough for my routine.,battery,5,Positive,Positive,0.99075127
1653,Xiaomi,Xiaomi 15 Ultra,colors are pleasing without looking excessive. multitasking is acceptable for my routine. I mostly use it for work and messaging. The strengths make it easy for me to recommend. charging has been quick enough for my routine.,performance,5,Positive,Neutral,0.8099745
1653,Xiaomi,Xiaomi 15 Ultra,colors are pleasing without looking excessive. multitasking is acceptable for my routine. I mostly use it for work and messaging. The strengths make it easy for me to recommend. charging has been quick enough for my routine.,display,4,Positive,Positive,0.98901457
1659,OPPO,Find X8 Pro,"charging speed is fairly ordinary. autofocus has been reliable in everyday use. brightness is okay for my usual use. I spend a fair amount of time on maps, media, and social apps. It has earned a place as my main phone. I use it mostly during a normal workday.",battery,4,Positive,Neutral,0.9076487
1659,OPPO,Find X8 Pro,"charging speed is fairly ordinary. autofocus has been reliable in everyday use. brightness is okay for my usual use. I spend a fair amount of time on maps, media, and social apps. It has earned a place as my main phone. I use it mostly during a normal workday.",camera,5,Positive,Positive,0.9902298
1659,OPPO,Find X8 Pro,"charging speed is fairly ordinary. autofocus has been reliable in everyday use. brightness is okay for my usual use. I spend a fair amount of time on maps, media, and social apps. It has earned a place as my main phone. I use it mostly during a normal workday.",performance,4,Positive,Positive,0.8530663
1659,OPPO,Find X8 Pro,"charging speed is fairly ordinary. autofocus has been reliable in everyday use. brightness is okay for my usual use. I spend a fair amount of time on maps, media, and social apps. It has earned a place as my main phone. I use it mostly during a normal workday.",display,4,Positive,Neutral,0.8788973
1664,Apple,iPhone 16,"At the same time, it needs a top-up before the day is over. I mostly use it for work and messaging. the panel looks bright in most situations. the handset feels solid and well put together. switching between apps feels effortless. It has been money well spent.",performance,4,Positive,Positive,0.988724
1664,Apple,iPhone 16,"At the same time, it needs a top-up before the day is over. I mostly use it for work and messaging. the panel looks bright in most situations. the handset feels solid and well put together. switching between apps feels effortless. It has been money well spent.",display,5,Positive,Positive,0.9898807
1676,Samsung,Galaxy S25 Ultra,"I spend a fair amount of time on maps, media, and social apps. The strengths make it easy for me to recommend. daylight images are generally fine. the build is reasonable for the price.",performance,5,Positive,Positive,0.7205819
1676,Samsung,Galaxy S25 Ultra,"I spend a fair amount of time on maps, media, and social apps. The strengths make it easy for me to recommend. daylight images are generally fine. the build is reasonable for the price.",design,5,Positive,Neutral,0.8846113
1682,Samsung,Galaxy S26 Ultra,apps move along without much waiting. I bought it after comparing a few phones in the same range. usually leaves plenty of charge by bedtime.,battery,4,Positive,Positive,0.9894191
1682,Samsung,Galaxy S26 Ultra,apps move along without much waiting. I bought it after comparing a few phones in the same range. usually leaves plenty of charge by bedtime.,performance,5,Positive,Positive,0.9863332
1684,Nothing,Phone 2a Plus,"I would hesitate to recommend it in this price range. On the other hand, the design has grown on me. longer gaming sessions can introduce stutter. outdoor brightness can be limiting. I rarely think about the battery during the day.",battery,5,Positive,Positive,0.98406684
1684,Nothing,Phone 2a Plus,"I would hesitate to recommend it in this price range. On the other hand, the design has grown on me. longer gaming sessions can introduce stutter. outdoor brightness can be limiting. I rarely think about the battery during the day.",performance,2,Negative,Negative,0.992677
1684,Nothing,Phone 2a Plus,"I would hesitate to recommend it in this price range. On the other hand, the design has grown on me. longer gaming sessions can introduce stutter. outdoor brightness can be limiting. I rarely think about the battery during the day.",design,3,Neutral,Neutral,0.59070957
1684,Nothing,Phone 2a Plus,"I would hesitate to recommend it in this price range. On the other hand, the design has grown on me. longer gaming sessions can introduce stutter. outdoor brightness can be limiting. I rarely think about the battery during the day.",display,2,Negative,Negative,0.9939049
1685,Motorola,Moto G Power 2025,"autofocus occasionally misses the moment. I bought it after comparing a few phones in the same range. One catch is that, the handset feels solid and well put together. the phone can feel sluggish under load. the panel looks less convincing at an angle.",camera,1,Negative,Negative,0.99422306
1685,Motorola,Moto G Power 2025,"autofocus occasionally misses the moment. I bought it after comparing a few phones in the same range. One catch is that, the handset feels solid and well put together. the phone can feel sluggish under load. the panel looks less convincing at an angle.",display,2,Negative,Negative,0.9934924
1692,Samsung,Galaxy S26,"Most of my use is fairly ordinary rather than demanding. autofocus is okay for everyday subjects. the handset feels solid and well put together. At the same time, performance has been consistently strong.",camera,3,Neutral,Neutral,0.8935088
1692,Samsung,Galaxy S26,"Most of my use is fairly ordinary rather than demanding. autofocus is okay for everyday subjects. the handset feels solid and well put together. At the same time, performance has been consistently strong.",performance,5,Positive,Neutral,0.46271396
1695,Apple,iPhone 17 Pro,"I rarely think about the battery during the day. On the other hand, portraits can have uneven edge separation. games stay smooth during longer sessions. My routine includes calls, photos, and some gaming.",battery,4,Positive,Positive,0.98577034
1695,Apple,iPhone 17 Pro,"I rarely think about the battery during the day. On the other hand, portraits can have uneven edge separation. games stay smooth during longer sessions. My routine includes calls, photos, and some gaming.",camera,4,Positive,Positive,0.5359723
1695,Apple,iPhone 17 Pro,"I rarely think about the battery during the day. On the other hand, portraits can have uneven edge separation. games stay smooth during longer sessions. My routine includes calls, photos, and some gaming.",performance,5,Positive,Positive,0.9881628
1699,Nothing,Phone 3a Pro,"the design has grown on me. That said, the panel looks bright in most situations. I mostly use it for work and messaging. performance has been consistently strong. daylight images are generally fine. I have been using it as my main phone.",performance,4,Positive,Positive,0.989933
1699,Nothing,Phone 3a Pro,"the design has grown on me. That said, the panel looks bright in most situations. I mostly use it for work and messaging. performance has been consistently strong. daylight images are generally fine. I have been using it as my main phone.",design,5,Positive,Positive,0.9895461
1699,Nothing,Phone 3a Pro,"the design has grown on me. That said, the panel looks bright in most situations. I mostly use it for work and messaging. performance has been consistently strong. daylight images are generally fine. I have been using it as my main phone.",display,2,Negative,Neutral,0.7604153
1703,Nothing,Phone 2a Plus,the controls feel thoughtfully placed. I mostly use it for work and messaging. multitasking is acceptable for my routine. I regret some parts of the purchase. works well enough for routine photos.,camera,3,Neutral,Neutral,0.8790649
1703,Nothing,Phone 2a Plus,the controls feel thoughtfully placed. I mostly use it for work and messaging. multitasking is acceptable for my routine. I regret some parts of the purchase. works well enough for routine photos.,performance,1,Negative,Neutral,0.8736954
1717,Realme,Realme GT 7 Pro,photos have a pleasing amount of detail. scrolling feels fluid on the high refresh rate. is fine for browsing and messaging. The software has been stable for me so far.,camera,4,Positive,Positive,0.9902378
1717,Realme,Realme GT 7 Pro,photos have a pleasing amount of detail. scrolling feels fluid on the high refresh rate. is fine for browsing and messaging. The software has been stable for me so far.,display,5,Positive,Positive,0.99080807
1721,Xiaomi,Xiaomi 15 Ultra,I would call the purchase acceptable rather than exciting. I mostly use it for work and messaging. the build is reasonable for the price. games stay smooth during longer sessions.,performance,5,Positive,Positive,0.9877791
1721,Xiaomi,Xiaomi 15 Ultra,I would call the purchase acceptable rather than exciting. I mostly use it for work and messaging. the build is reasonable for the price. games stay smooth during longer sessions.,design,3,Neutral,Neutral,0.8993187
1724,Apple,iPhone 17 Pro Max,"night shots are usable with some patience. At the same time, outdoor brightness can be limiting. holds up really well through a long day. the controls feel thoughtfully placed. I would happily buy this phone again. I use it mostly during a normal workday.",display,5,Positive,Positive,0.6574108
1760,Apple,iPhone 17 Pro,"The strengths make it easy for me to recommend. colors are pleasing without looking excessive. My routine includes calls, photos, and some gaming. usually leaves plenty of charge by bedtime. At the same time, portraits can have uneven edge separation. I have been using it as my main phone.",battery,4,Positive,Positive,0.9883908
1760,Apple,iPhone 17 Pro,"The strengths make it easy for me to recommend. colors are pleasing without looking excessive. My routine includes calls, photos, and some gaming. usually leaves plenty of charge by bedtime. At the same time, portraits can have uneven edge separation. I have been using it as my main phone.",camera,5,Positive,Positive,0.67561984
1760,Apple,iPhone 17 Pro,"The strengths make it easy for me to recommend. colors are pleasing without looking excessive. My routine includes calls, photos, and some gaming. usually leaves plenty of charge by bedtime. At the same time, portraits can have uneven edge separation. I have been using it as my main phone.",performance,4,Positive,Positive,0.8442188
1760,Apple,iPhone 17 Pro,"The strengths make it easy for me to recommend. colors are pleasing without looking excessive. My routine includes calls, photos, and some gaming. usually leaves plenty of charge by bedtime. At the same time, portraits can have uneven edge separation. I have been using it as my main phone.",display,5,Positive,Positive,0.99047405
1762,Nothing,Phone 2a Plus,drain has been impressively low. the panel is decent without being exceptional. the camera is capable without being remarkable. The software has been stable for me so far.,battery,4,Positive,Positive,0.9880745
1762,Nothing,Phone 2a Plus,drain has been impressively low. the panel is decent without being exceptional. the camera is capable without being remarkable. The software has been stable for me so far.,camera,3,Neutral,Neutral,0.89775926
1762,Nothing,Phone 2a Plus,drain has been impressively low. the panel is decent without being exceptional. the camera is capable without being remarkable. The software has been stable for me so far.,display,3,Neutral,Neutral,0.9040771
1763,Samsung,Galaxy Z Flip7,"overnight loss is higher than I expected. handles normal apps without trouble. My routine includes calls, photos, and some gaming. the design has grown on me.",camera,4,Positive,Neutral,0.6363748
1763,Samsung,Galaxy Z Flip7,"overnight loss is higher than I expected. handles normal apps without trouble. My routine includes calls, photos, and some gaming. the design has grown on me.",performance,3,Neutral,Neutral,0.79298615
1763,Samsung,Galaxy Z Flip7,"overnight loss is higher than I expected. handles normal apps without trouble. My routine includes calls, photos, and some gaming. the design has grown on me.",design,4,Positive,Positive,0.9895846
1767,Realme,Realme GT 7,"One catch is that, portraits can have uneven edge separation. It has been money well spent. gets through a normal day for me. Most of my use is fairly ordinary rather than demanding. games stay smooth during longer sessions.",camera,3,Neutral,Positive,0.8605176
1767,Realme,Realme GT 7,"One catch is that, portraits can have uneven edge separation. It has been money well spent. gets through a normal day for me. Most of my use is fairly ordinary rather than demanding. games stay smooth during longer sessions.",performance,4,Positive,Positive,0.98776406
1775,Xiaomi,Xiaomi 15 Ultra,"At the same time, the handset feels solid and well put together. looks fine indoors and in shade. My routine includes calls, photos, and some gaming. daylight shots come out crisp and detailed. the phone stays responsive under a busy workload.",camera,4,Positive,Positive,0.98468834
1775,Xiaomi,Xiaomi 15 Ultra,"At the same time, the handset feels solid and well put together. looks fine indoors and in shade. My routine includes calls, photos, and some gaming. daylight shots come out crisp and detailed. the phone stays responsive under a busy workload.",performance,4,Positive,Positive,0.9068441
1775,Xiaomi,Xiaomi 15 Ultra,"At the same time, the handset feels solid and well put together. looks fine indoors and in shade. My routine includes calls, photos, and some gaming. daylight shots come out crisp and detailed. the phone stays responsive under a busy workload.",design,3,Neutral,Positive,0.84851795
1779,Xiaomi,Redmi Note 14 Pro+,"performance is neither especially quick nor slow. That said, the finish looks more premium in person. My routine includes calls, photos, and some gaming. I rarely think about the battery during the day.",battery,4,Positive,Positive,0.9868956
1779,Xiaomi,Redmi Note 14 Pro+,"performance is neither especially quick nor slow. That said, the finish looks more premium in person. My routine includes calls, photos, and some gaming. I rarely think about the battery during the day.",camera,2,Negative,Neutral,0.45754132
1779,Xiaomi,Redmi Note 14 Pro+,"performance is neither especially quick nor slow. That said, the finish looks more premium in person. My routine includes calls, photos, and some gaming. I rarely think about the battery during the day.",performance,3,Neutral,Neutral,0.83794725
1779,Xiaomi,Redmi Note 14 Pro+,"performance is neither especially quick nor slow. That said, the finish looks more premium in person. My routine includes calls, photos, and some gaming. I rarely think about the battery during the day.",design,2,Negative,Neutral,0.52898115
1781,Samsung,Galaxy S26 Ultra,It has earned a place as my main phone. photos have a pleasing amount of detail. is fine for browsing and messaging. The software has been stable for me so far.,camera,5,Positive,Positive,0.99025714
1784,Apple,iPhone 17 Pro Max,"At the same time, the shape is not especially comfortable for me. autofocus has been reliable in everyday use. switching between apps feels effortless. My routine includes calls, photos, and some gaming. I would recommend it to someone shopping in this range.",camera,5,Positive,Positive,0.99050176
1784,Apple,iPhone 17 Pro Max,"At the same time, the shape is not especially comfortable for me. autofocus has been reliable in everyday use. switching between apps feels effortless. My routine includes calls, photos, and some gaming. I would recommend it to someone shopping in this range.",performance,5,Positive,Positive,0.9881263
1791,Google,Pixel 10 Pro XL,"That said, the handset feels bulkier than expected. photos have a pleasing amount of detail. colors are pleasing without looking excessive. the phone stays responsive under a busy workload. I am pleased with the purchase overall. I rarely think about the battery during the day. I have been using it as my main phone.",battery,4,Positive,Positive,0.9872212
1791,Google,Pixel 10 Pro XL,"That said, the handset feels bulkier than expected. photos have a pleasing amount of detail. colors are pleasing without looking excessive. the phone stays responsive under a busy workload. I am pleased with the purchase overall. I rarely think about the battery during the day. I have been using it as my main phone.",camera,4,Positive,Positive,0.99066013
1791,Google,Pixel 10 Pro XL,"That said, the handset feels bulkier than expected. photos have a pleasing amount of detail. colors are pleasing without looking excessive. the phone stays responsive under a busy workload. I am pleased with the purchase overall. I rarely think about the battery during the day. I have been using it as my main phone.",display,5,Positive,Positive,0.98917586
1801,Nothing,Nothing Phone 3,"My routine includes calls, photos, and some gaming. At the same time, drain becomes noticeable with ordinary use. the handset feels solid and well put together. colors are pleasing without looking excessive.",battery,5,Positive,Positive,0.73315716
1801,Nothing,Nothing Phone 3,"My routine includes calls, photos, and some gaming. At the same time, drain becomes noticeable with ordinary use. the handset feels solid and well put together. colors are pleasing without looking excessive.",camera,3,Neutral,Positive,0.66368634
1801,Nothing,Nothing Phone 3,"My routine includes calls, photos, and some gaming. At the same time, drain becomes noticeable with ordinary use. the handset feels solid and well put together. colors are pleasing without looking excessive.",performance,5,Positive,Positive,0.81552964
1801,Nothing,Nothing Phone 3,"My routine includes calls, photos, and some gaming. At the same time, drain becomes noticeable with ordinary use. the handset feels solid and well put together. colors are pleasing without looking excessive.",display,4,Positive,Positive,0.9900855
1802,Realme,Realme GT 7 Pro,"is adequate for most daily tasks. games stay smooth during longer sessions. It has earned a place as my main phone. I spend a fair amount of time on maps, media, and social apps. I use it mostly during a normal workday.",performance,4,Positive,Positive,0.98895615
1810,OPPO,Find X8 Pro,"the panel looks bright in most situations. games stay smooth during longer sessions. autofocus has been reliable in everyday use. On the other hand, some parts of the finish seem easy to mark. holds up really well through a long day. I spend a fair amount of time on maps, media, and social apps.",camera,4,Positive,Positive,0.99052376
1810,OPPO,Find X8 Pro,"the panel looks bright in most situations. games stay smooth during longer sessions. autofocus has been reliable in everyday use. On the other hand, some parts of the finish seem easy to mark. holds up really well through a long day. I spend a fair amount of time on maps, media, and social apps.",performance,4,Positive,Positive,0.9882754
1810,OPPO,Find X8 Pro,"the panel looks bright in most situations. games stay smooth during longer sessions. autofocus has been reliable in everyday use. On the other hand, some parts of the finish seem easy to mark. holds up really well through a long day. I spend a fair amount of time on maps, media, and social apps.",design,3,Neutral,Positive,0.8248578
1810,OPPO,Find X8 Pro,"the panel looks bright in most situations. games stay smooth during longer sessions. autofocus has been reliable in everyday use. On the other hand, some parts of the finish seem easy to mark. holds up really well through a long day. I spend a fair amount of time on maps, media, and social apps.",display,4,Positive,Positive,0.988831
1812,Samsung,Galaxy Z Flip7,"daylight shots come out crisp and detailed. the finish looks more premium in person. I can see why someone would like it, but I also see the drawbacks. drain has been impressively low. I bought it after comparing a few phones in the same range.",battery,4,Positive,Positive,0.99086154
1812,Samsung,Galaxy Z Flip7,"daylight shots come out crisp and detailed. the finish looks more premium in person. I can see why someone would like it, but I also see the drawbacks. drain has been impressively low. I bought it after comparing a few phones in the same range.",design,4,Positive,Positive,0.98469573
1813,Samsung,Galaxy S26 Ultra,"That said, the design has grown on me. the camera handles portraits with good separation. I am neither especially impressed nor disappointed. colors are pleasing without looking excessive. switching between apps feels effortless. My routine includes calls, photos, and some gaming.",camera,5,Positive,Positive,0.9897988
1813,Samsung,Galaxy S26 Ultra,"That said, the design has grown on me. the camera handles portraits with good separation. I am neither especially impressed nor disappointed. colors are pleasing without looking excessive. switching between apps feels effortless. My routine includes calls, photos, and some gaming.",performance,4,Positive,Positive,0.9624571
1813,Samsung,Galaxy S26 Ultra,"That said, the design has grown on me. the camera handles portraits with good separation. I am neither especially impressed nor disappointed. colors are pleasing without looking excessive. switching between apps feels effortless. My routine includes calls, photos, and some gaming.",design,4,Positive,Positive,0.56774503
1813,Samsung,Galaxy S26 Ultra,"That said, the design has grown on me. the camera handles portraits with good separation. I am neither especially impressed nor disappointed. colors are pleasing without looking excessive. switching between apps feels effortless. My routine includes calls, photos, and some gaming.",display,4,Positive,Positive,0.98945415
1820,Samsung,Galaxy S26,"I spend a fair amount of time on maps, media, and social apps. drain has been impressively low. At the same time, colors are not always consistent. autofocus has been reliable in everyday use.",battery,4,Positive,Positive,0.9898835
1820,Samsung,Galaxy S26,"I spend a fair amount of time on maps, media, and social apps. drain has been impressively low. At the same time, colors are not always consistent. autofocus has been reliable in everyday use.",camera,5,Positive,Positive,0.9906723
1820,Samsung,Galaxy S26,"I spend a fair amount of time on maps, media, and social apps. drain has been impressively low. At the same time, colors are not always consistent. autofocus has been reliable in everyday use.",performance,4,Positive,Positive,0.8112547
1820,Samsung,Galaxy S26,"I spend a fair amount of time on maps, media, and social apps. drain has been impressively low. At the same time, colors are not always consistent. autofocus has been reliable in everyday use.",display,5,Positive,Positive,0.54891187
1824,Apple,iPhone 16,"the panel looks bright in most situations. I spend a fair amount of time on maps, media, and social apps. I would happily buy this phone again. games stay smooth during longer sessions. night shots are usable with some patience. One catch is that, battery life has been one of my complaints.",battery,4,Positive,Positive,0.8941053
1824,Apple,iPhone 16,"the panel looks bright in most situations. I spend a fair amount of time on maps, media, and social apps. I would happily buy this phone again. games stay smooth during longer sessions. night shots are usable with some patience. One catch is that, battery life has been one of my complaints.",performance,4,Positive,Positive,0.9885337
1824,Apple,iPhone 16,"the panel looks bright in most situations. I spend a fair amount of time on maps, media, and social apps. I would happily buy this phone again. games stay smooth during longer sessions. night shots are usable with some patience. One catch is that, battery life has been one of my complaints.",display,4,Positive,Positive,0.9874369
1827,Samsung,Galaxy A56 5G,"night shots are usable with some patience. I bought it after comparing a few phones in the same range. That said, text stays sharp and easy to read. drain is noticeable mainly with demanding apps.",battery,3,Neutral,Neutral,0.8722874
1827,Samsung,Galaxy A56 5G,"night shots are usable with some patience. I bought it after comparing a few phones in the same range. That said, text stays sharp and easy to read. drain is noticeable mainly with demanding apps.",performance,4,Positive,Neutral,0.5551417
1841,Samsung,Galaxy A56 5G,Most of my use is fairly ordinary rather than demanding. autofocus has been reliable in everyday use. apps move along without much waiting. I rarely think about the battery during the day. I have been using it as my main phone.,battery,4,Positive,Positive,0.9877587
1841,Samsung,Galaxy A56 5G,Most of my use is fairly ordinary rather than demanding. autofocus has been reliable in everyday use. apps move along without much waiting. I rarely think about the battery during the day. I have been using it as my main phone.,camera,4,Positive,Positive,0.99077374
1841,Samsung,Galaxy A56 5G,Most of my use is fairly ordinary rather than demanding. autofocus has been reliable in everyday use. apps move along without much waiting. I rarely think about the battery during the day. I have been using it as my main phone.,performance,5,Positive,Positive,0.98575526
1850,Samsung,Galaxy Z Flip7,"Most of my use is fairly ordinary rather than demanding. the panel looks bright in most situations. At the same time, games stay smooth during longer sessions. The compromises are difficult to overlook. the design has grown on me. is adequate unless I use the phone heavily. I use it mostly during a normal workday.",performance,3,Neutral,Neutral,0.67028797
1850,Samsung,Galaxy Z Flip7,"Most of my use is fairly ordinary rather than demanding. the panel looks bright in most situations. At the same time, games stay smooth during longer sessions. The compromises are difficult to overlook. the design has grown on me. is adequate unless I use the phone heavily. I use it mostly during a normal workday.",design,5,Positive,Positive,0.9887638
1850,Samsung,Galaxy Z Flip7,"Most of my use is fairly ordinary rather than demanding. the panel looks bright in most situations. At the same time, games stay smooth during longer sessions. The compromises are difficult to overlook. the design has grown on me. is adequate unless I use the phone heavily. I use it mostly during a normal workday.",display,4,Positive,Positive,0.9891612
1855,OPPO,Reno 13 Pro,"charging speed is fairly ordinary. I mostly use it for work and messaging. is fine for browsing and messaging. One catch is that, the camera handles portraits with good separation.",battery,3,Neutral,Neutral,0.9139735
1855,OPPO,Reno 13 Pro,"charging speed is fairly ordinary. I mostly use it for work and messaging. is fine for browsing and messaging. One catch is that, the camera handles portraits with good separation.",camera,3,Neutral,Neutral,0.6259264
1857,Nothing,Phone 3a Pro,"autofocus is okay for everyday subjects. the finish looks more premium in person. I would hesitate to recommend it in this price range. At the same time, colors are pleasing without looking excessive.",camera,3,Neutral,Neutral,0.8856244
1857,Nothing,Phone 3a Pro,"autofocus is okay for everyday subjects. the finish looks more premium in person. I would hesitate to recommend it in this price range. At the same time, colors are pleasing without looking excessive.",design,4,Positive,Positive,0.980287
1857,Nothing,Phone 3a Pro,"autofocus is okay for everyday subjects. the finish looks more premium in person. I would hesitate to recommend it in this price range. At the same time, colors are pleasing without looking excessive.",display,4,Positive,Positive,0.74318945
1863,Apple,iPhone 16e,"longer gaming sessions can introduce stutter. I have more complaints than I expected to have. night shots often need another try. colors are pleasing without looking excessive. it needs a top-up before the day is over. At the same time, the controls feel thoughtfully placed. I use it mostly during a normal workday.",performance,2,Negative,Negative,0.99235123
1863,Apple,iPhone 16e,"longer gaming sessions can introduce stutter. I have more complaints than I expected to have. night shots often need another try. colors are pleasing without looking excessive. it needs a top-up before the day is over. At the same time, the controls feel thoughtfully placed. I use it mostly during a normal workday.",display,5,Positive,Positive,0.9841673
1872,Google,Pixel 10,"charging speed is fairly ordinary. daylight shots come out crisp and detailed. One catch is that, colors are pleasing without looking excessive. Most of my use is fairly ordinary rather than demanding. I have been using it as my main phone.",battery,3,Neutral,Neutral,0.9103425
1872,Google,Pixel 10,"charging speed is fairly ordinary. daylight shots come out crisp and detailed. One catch is that, colors are pleasing without looking excessive. Most of my use is fairly ordinary rather than demanding. I have been using it as my main phone.",design,5,Positive,Positive,0.6721529
1872,Google,Pixel 10,"charging speed is fairly ordinary. daylight shots come out crisp and detailed. One catch is that, colors are pleasing without looking excessive. Most of my use is fairly ordinary rather than demanding. I have been using it as my main phone.",display,5,Positive,Positive,0.9681934
1877,Google,Pixel 10 Pro XL,scrolling feels fluid on the high refresh rate. photos have a pleasing amount of detail. I mostly use it for work and messaging.,camera,5,Positive,Positive,0.9906336
1877,Google,Pixel 10 Pro XL,scrolling feels fluid on the high refresh rate. photos have a pleasing amount of detail. I mostly use it for work and messaging.,display,4,Positive,Positive,0.9907669
1881,Apple,iPhone 17,"the finish looks more premium in person. Still, photos have a pleasing amount of detail. apps move along without much waiting. touch response has been dependable. is adequate unless I use the phone heavily. I mostly use it for work and messaging.",camera,5,Positive,Positive,0.7177877
1881,Apple,iPhone 17,"the finish looks more premium in person. Still, photos have a pleasing amount of detail. apps move along without much waiting. touch response has been dependable. is adequate unless I use the phone heavily. I mostly use it for work and messaging.",performance,5,Positive,Positive,0.9863131
1881,Apple,iPhone 17,"the finish looks more premium in person. Still, photos have a pleasing amount of detail. apps move along without much waiting. touch response has been dependable. is adequate unless I use the phone heavily. I mostly use it for work and messaging.",design,4,Positive,Positive,0.98595536
1881,Apple,iPhone 17,"the finish looks more premium in person. Still, photos have a pleasing amount of detail. apps move along without much waiting. touch response has been dependable. is adequate unless I use the phone heavily. I mostly use it for work and messaging.",display,4,Positive,Positive,0.9901073
1888,OnePlus,OnePlus 13R,Most of my use is fairly ordinary rather than demanding. the screen feels fairly typical for this class. the finish looks more premium in person. gaming is okay at moderate settings.,performance,4,Positive,Neutral,0.8279126
1888,OnePlus,OnePlus 13R,Most of my use is fairly ordinary rather than demanding. the screen feels fairly typical for this class. the finish looks more premium in person. gaming is okay at moderate settings.,design,4,Positive,Positive,0.98506075
1888,OnePlus,OnePlus 13R,Most of my use is fairly ordinary rather than demanding. the screen feels fairly typical for this class. the finish looks more premium in person. gaming is okay at moderate settings.,display,3,Neutral,Neutral,0.8986411
1898,Samsung,Galaxy S25 Ultra,"It has been money well spent. the finish looks more premium in person. Most of my use is fairly ordinary rather than demanding. games stay smooth during longer sessions. On the other hand, scrolling can feel less fluid than advertised. I have been using it as my main phone.",performance,4,Positive,Positive,0.98894405
1898,Samsung,Galaxy S25 Ultra,"It has been money well spent. the finish looks more premium in person. Most of my use is fairly ordinary rather than demanding. games stay smooth during longer sessions. On the other hand, scrolling can feel less fluid than advertised. I have been using it as my main phone.",design,4,Positive,Positive,0.98638004
1899,Motorola,Moto G Power 2025,switching between heavier apps is not always smooth. I would not buy this phone again. holds up really well through a long day. Most of my use is fairly ordinary rather than demanding.,performance,2,Negative,Negative,0.993026
1902,Nothing,Phone 3a Pro,"the design has grown on me. I mostly use it for work and messaging. scrolling feels fluid on the high refresh rate. At the same time, longer gaming sessions can introduce stutter. The software has been stable for me so far.",performance,3,Neutral,Positive,0.7228558
1902,Nothing,Phone 3a Pro,"the design has grown on me. I mostly use it for work and messaging. scrolling feels fluid on the high refresh rate. At the same time, longer gaming sessions can introduce stutter. The software has been stable for me so far.",design,4,Positive,Positive,0.98957497
1902,Nothing,Phone 3a Pro,"the design has grown on me. I mostly use it for work and messaging. scrolling feels fluid on the high refresh rate. At the same time, longer gaming sessions can introduce stutter. The software has been stable for me so far.",display,4,Positive,Positive,0.9905471
1904,Apple,iPhone 16e,"the finish looks more premium in person. night shots often need another try. I spend a fair amount of time on maps, media, and social apps. That said, switching between apps feels effortless.",performance,4,Positive,Positive,0.6696912
1904,Apple,iPhone 16e,"the finish looks more premium in person. night shots often need another try. I spend a fair amount of time on maps, media, and social apps. That said, switching between apps feels effortless.",design,4,Positive,Positive,0.986047
1905,Motorola,Motorola Edge 60 Pro,"That said, the camera handles portraits with good separation. the phone stays responsive under a busy workload. touch response has been dependable.",camera,2,Negative,Positive,0.69187474
1905,Motorola,Motorola Edge 60 Pro,"That said, the camera handles portraits with good separation. the phone stays responsive under a busy workload. touch response has been dependable.",display,4,Positive,Positive,0.990681
1909,Samsung,Galaxy Z Flip7,"gets through a normal day for me. colors are pleasing without looking excessive. That said, performance has been less consistent than I hoped. the camera is capable without being remarkable. I use it mostly during a normal workday.",camera,3,Neutral,Neutral,0.88117445
1909,Samsung,Galaxy Z Flip7,"gets through a normal day for me. colors are pleasing without looking excessive. That said, performance has been less consistent than I hoped. the camera is capable without being remarkable. I use it mostly during a normal workday.",performance,3,Neutral,Neutral,0.4744138
1909,Samsung,Galaxy Z Flip7,"gets through a normal day for me. colors are pleasing without looking excessive. That said, performance has been less consistent than I hoped. the camera is capable without being remarkable. I use it mostly during a normal workday.",display,5,Positive,Positive,0.9899394
1912,Xiaomi,Redmi Note 14 Pro+,"the camera is capable without being remarkable. One catch is that, scrolling feels fluid on the high refresh rate. gaming is okay at moderate settings. I have been using it as my main phone.",camera,3,Neutral,Neutral,0.88911027
1912,Xiaomi,Redmi Note 14 Pro+,"the camera is capable without being remarkable. One catch is that, scrolling feels fluid on the high refresh rate. gaming is okay at moderate settings. I have been using it as my main phone.",performance,4,Positive,Neutral,0.891418
1912,Xiaomi,Redmi Note 14 Pro+,"the camera is capable without being remarkable. One catch is that, scrolling feels fluid on the high refresh rate. gaming is okay at moderate settings. I have been using it as my main phone.",display,4,Positive,Neutral,0.6473202
1914,OPPO,Find N5,"Still, touch response has been dependable. I regret some parts of the purchase. handles normal apps without trouble. the camera handles portraits with good separation.",camera,4,Positive,Positive,0.989894
1914,OPPO,Find N5,"Still, touch response has been dependable. I regret some parts of the purchase. handles normal apps without trouble. the camera handles portraits with good separation.",performance,3,Neutral,Neutral,0.74888384
1914,OPPO,Find N5,"Still, touch response has been dependable. I regret some parts of the purchase. handles normal apps without trouble. the camera handles portraits with good separation.",display,4,Positive,Neutral,0.56310153
1915,OPPO,Reno 13 Pro,the finish looks more premium in person. I bought it after comparing a few phones in the same range. The weaknesses make it hard for me to recommend. works well enough for routine photos.,camera,4,Positive,Neutral,0.86225337
1915,OPPO,Reno 13 Pro,the finish looks more premium in person. I bought it after comparing a few phones in the same range. The weaknesses make it hard for me to recommend. works well enough for routine photos.,design,4,Positive,Positive,0.98354393
1918,OnePlus,OnePlus 13T,"performance has been consistently strong. That said, scrolling feels fluid on the high refresh rate. night shots are cleaner than I expected.",performance,4,Positive,Positive,0.9893311
1918,OnePlus,OnePlus 13T,"performance has been consistently strong. That said, scrolling feels fluid on the high refresh rate. night shots are cleaner than I expected.",display,4,Positive,Positive,0.97360986
1920,Nothing,Phone 3a Pro,"longer gaming sessions can introduce stutter. colors are pleasing without looking excessive. On the other hand, autofocus occasionally misses the moment. it is comfortable to carry and use.",camera,4,Positive,Negative,0.87314826
1920,Nothing,Phone 3a Pro,"longer gaming sessions can introduce stutter. colors are pleasing without looking excessive. On the other hand, autofocus occasionally misses the moment. it is comfortable to carry and use.",performance,2,Negative,Negative,0.99250495
1920,Nothing,Phone 3a Pro,"longer gaming sessions can introduce stutter. colors are pleasing without looking excessive. On the other hand, autofocus occasionally misses the moment. it is comfortable to carry and use.",display,5,Positive,Positive,0.9903874
1940,OnePlus,OnePlus 13,"Most of my use is fairly ordinary rather than demanding. I would happily buy this phone again. usually leaves plenty of charge by bedtime. performance has been consistently strong. On the other hand, some parts of the finish seem easy to mark.",battery,5,Positive,Positive,0.9877694
1940,OnePlus,OnePlus 13,"Most of my use is fairly ordinary rather than demanding. I would happily buy this phone again. usually leaves plenty of charge by bedtime. performance has been consistently strong. On the other hand, some parts of the finish seem easy to mark.",performance,5,Positive,Positive,0.99032277
1940,OnePlus,OnePlus 13,"Most of my use is fairly ordinary rather than demanding. I would happily buy this phone again. usually leaves plenty of charge by bedtime. performance has been consistently strong. On the other hand, some parts of the finish seem easy to mark.",design,4,Positive,Positive,0.9351816
1943,Samsung,Galaxy S25 Ultra,is adequate for most daily tasks. gaming is okay at moderate settings. the controls feel thoughtfully placed.,performance,5,Positive,Neutral,0.8886114
1947,Realme,Realme GT 7,apps move along without much waiting. the handset feels solid and well put together. battery performance has been about what I expected.,battery,4,Positive,Neutral,0.88019454
1947,Realme,Realme GT 7,apps move along without much waiting. the handset feels solid and well put together. battery performance has been about what I expected.,performance,4,Positive,Positive,0.98428935
1950,Nothing,Nothing Phone 3,"the handset feels solid and well put together. battery performance has been about what I expected. I spend a fair amount of time on maps, media, and social apps. At the same time, the camera handles portraits with good separation. My view of it has remained fairly balanced. I have been using it as my main phone.",battery,3,Neutral,Neutral,0.8808208
1950,Nothing,Nothing Phone 3,"the handset feels solid and well put together. battery performance has been about what I expected. I spend a fair amount of time on maps, media, and social apps. At the same time, the camera handles portraits with good separation. My view of it has remained fairly balanced. I have been using it as my main phone.",camera,4,Positive,Positive,0.47448972
1950,Nothing,Nothing Phone 3,"the handset feels solid and well put together. battery performance has been about what I expected. I spend a fair amount of time on maps, media, and social apps. At the same time, the camera handles portraits with good separation. My view of it has remained fairly balanced. I have been using it as my main phone.",performance,4,Positive,Positive,0.7733108
1954,Google,Pixel 10 Pro,"the panel looks bright in most situations. I can see why someone would like it, but I also see the drawbacks. Most of my use is fairly ordinary rather than demanding. performance has been consistently strong. nothing about the finish stands out much.",performance,4,Positive,Positive,0.99012625
1954,Google,Pixel 10 Pro,"the panel looks bright in most situations. I can see why someone would like it, but I also see the drawbacks. Most of my use is fairly ordinary rather than demanding. performance has been consistently strong. nothing about the finish stands out much.",design,3,Neutral,Neutral,0.8611469
1954,Google,Pixel 10 Pro,"the panel looks bright in most situations. I can see why someone would like it, but I also see the drawbacks. Most of my use is fairly ordinary rather than demanding. performance has been consistently strong. nothing about the finish stands out much.",display,4,Positive,Positive,0.9886847
1956,Realme,Realme 14 Pro+,touch response has been dependable. the build is reasonable for the price. Most of my use is fairly ordinary rather than demanding. My view of it has remained fairly balanced.,design,3,Neutral,Neutral,0.9003165
1956,Realme,Realme 14 Pro+,touch response has been dependable. the build is reasonable for the price. Most of my use is fairly ordinary rather than demanding. My view of it has remained fairly balanced.,display,5,Positive,Positive,0.9902345
1967,OPPO,Find N5,I regret some parts of the purchase. drain has been impressively low. the handset feels solid and well put together. the panel looks less convincing at an angle. daylight images are generally fine. I mostly use it for work and messaging. I use it mostly during a normal workday.,battery,4,Positive,Positive,0.9899975
1967,OPPO,Find N5,I regret some parts of the purchase. drain has been impressively low. the handset feels solid and well put together. the panel looks less convincing at an angle. daylight images are generally fine. I mostly use it for work and messaging. I use it mostly during a normal workday.,design,4,Positive,Neutral,0.6253792
1967,OPPO,Find N5,I regret some parts of the purchase. drain has been impressively low. the handset feels solid and well put together. the panel looks less convincing at an angle. daylight images are generally fine. I mostly use it for work and messaging. I use it mostly during a normal workday.,display,2,Negative,Negative,0.99359506
1980,OPPO,Find N5,night shots are usable with some patience. battery performance has been about what I expected. apps can hesitate at awkward times. I have more complaints than I expected to have. I bought it after comparing a few phones in the same range.,battery,3,Neutral,Neutral,0.8900123
1980,OPPO,Find N5,night shots are usable with some patience. battery performance has been about what I expected. apps can hesitate at awkward times. I have more complaints than I expected to have. I bought it after comparing a few phones in the same range.,performance,2,Negative,Negative,0.9899047
1985,Nothing,Phone 2a Plus,"That said, night shots often need another try. performance has been less consistent than I hoped. scrolling feels fluid on the high refresh rate. I mostly use it for work and messaging.",performance,2,Negative,Negative,0.99384356
1985,Nothing,Phone 2a Plus,"That said, night shots often need another try. performance has been less consistent than I hoped. scrolling feels fluid on the high refresh rate. I mostly use it for work and messaging.",display,5,Positive,Positive,0.99070835
1990,Samsung,Galaxy S25 Ultra,"I mostly use it for work and messaging. apps move along without much waiting. At the same time, the design feels a little dated beside newer phones. touch response has been dependable. The software has been stable for me so far.",performance,4,Positive,Positive,0.9867627
1990,Samsung,Galaxy S25 Ultra,"I mostly use it for work and messaging. apps move along without much waiting. At the same time, the design feels a little dated beside newer phones. touch response has been dependable. The software has been stable for me so far.",design,4,Positive,Positive,0.9502039
1990,Samsung,Galaxy S25 Ultra,"I mostly use it for work and messaging. apps move along without much waiting. At the same time, the design feels a little dated beside newer phones. touch response has been dependable. The software has been stable for me so far.",display,5,Positive,Positive,0.9903493
1992,Apple,iPhone 16,photos have a pleasing amount of detail. the design is functional and straightforward. multitasking is acceptable for my routine. I regret some parts of the purchase.,camera,4,Positive,Positive,0.9900615
1992,Apple,iPhone 16,photos have a pleasing amount of detail. the design is functional and straightforward. multitasking is acceptable for my routine. I regret some parts of the purchase.,performance,3,Neutral,Neutral,0.8489416
1992,Apple,iPhone 16,photos have a pleasing amount of detail. the design is functional and straightforward. multitasking is acceptable for my routine. I regret some parts of the purchase.,design,3,Neutral,Neutral,0.9061016
1997,OPPO,Find N5,"the controls feel thoughtfully placed. I mostly use it for work and messaging. Still, apps move along without much waiting. gets through a normal day for me. I have been using it as my main phone.",performance,4,Positive,Positive,0.8222007
2000,Xiaomi,Redmi Note 14 Pro+,handles normal apps without trouble. I bought it after comparing a few phones in the same range. gets through a normal day for me.,performance,3,Neutral,Neutral,0.83603126
2006,Realme,Realme 14 Pro+,is fine for browsing and messaging. I mostly use it for work and messaging. usually leaves plenty of charge by bedtime. works well enough for routine photos.,battery,4,Positive,Positive,0.9874592
2006,Realme,Realme 14 Pro+,is fine for browsing and messaging. I mostly use it for work and messaging. usually leaves plenty of charge by bedtime. works well enough for routine photos.,camera,3,Neutral,Neutral,0.86501676
2007,Samsung,Galaxy A56 5G,"That said, the buttons do not feel as refined as I expected. I spend a fair amount of time on maps, media, and social apps. night shots are usable with some patience. text stays sharp and easy to read.",performance,3,Neutral,Positive,0.872972
2007,Samsung,Galaxy A56 5G,"That said, the buttons do not feel as refined as I expected. I spend a fair amount of time on maps, media, and social apps. night shots are usable with some patience. text stays sharp and easy to read.",design,4,Positive,Positive,0.7672117
2011,Google,Pixel 10 Pro,"gaming is okay at moderate settings. I bought it after comparing a few phones in the same range. the camera handles portraits with good separation. feels familiar rather than distinctive. One catch is that, colors are pleasing without looking excessive. The software has been stable for me so far.",camera,5,Positive,Positive,0.98907566
2011,Google,Pixel 10 Pro,"gaming is okay at moderate settings. I bought it after comparing a few phones in the same range. the camera handles portraits with good separation. feels familiar rather than distinctive. One catch is that, colors are pleasing without looking excessive. The software has been stable for me so far.",performance,3,Neutral,Neutral,0.8427559
2011,Google,Pixel 10 Pro,"gaming is okay at moderate settings. I bought it after comparing a few phones in the same range. the camera handles portraits with good separation. feels familiar rather than distinctive. One catch is that, colors are pleasing without looking excessive. The software has been stable for me so far.",display,4,Positive,Positive,0.6012311
2013,Xiaomi,Xiaomi 15,"I bought it after comparing a few phones in the same range. It is a reasonable choice, although there are clear alternatives. text stays sharp and easy to read. works well enough for routine photos. games stay smooth during longer sessions. Still, the design has grown on me. The software has been stable for me so far.",camera,4,Positive,Neutral,0.7613821
2013,Xiaomi,Xiaomi 15,"I bought it after comparing a few phones in the same range. It is a reasonable choice, although there are clear alternatives. text stays sharp and easy to read. works well enough for routine photos. games stay smooth during longer sessions. Still, the design has grown on me. The software has been stable for me so far.",performance,4,Positive,Positive,0.97959614
2013,Xiaomi,Xiaomi 15,"I bought it after comparing a few phones in the same range. It is a reasonable choice, although there are clear alternatives. text stays sharp and easy to read. works well enough for routine photos. games stay smooth during longer sessions. Still, the design has grown on me. The software has been stable for me so far.",design,3,Neutral,Neutral,0.80492693
2019,Nothing,Phone 3a Pro,"autofocus is okay for everyday subjects. It is a reasonable choice, although there are clear alternatives. is fine for browsing and messaging. Most of my use is fairly ordinary rather than demanding. feels familiar rather than distinctive. Still, drain becomes noticeable with ordinary use.",battery,4,Positive,Neutral,0.6380729
2019,Nothing,Phone 3a Pro,"autofocus is okay for everyday subjects. It is a reasonable choice, although there are clear alternatives. is fine for browsing and messaging. Most of my use is fairly ordinary rather than demanding. feels familiar rather than distinctive. Still, drain becomes noticeable with ordinary use.",camera,5,Positive,Neutral,0.88973314
2023,Apple,iPhone 16e,battery life has been one of my complaints. text stays sharp and easy to read. I am already considering a different phone next time.,battery,2,Negative,Negative,0.9935136
2031,OPPO,Find N5,I would not buy this phone again. overnight loss is higher than I expected. I mostly use it for work and messaging. apps move along without much waiting.,performance,4,Positive,Positive,0.9842852
2044,Apple,iPhone 17,"On the other hand, the design has grown on me. photos have a pleasing amount of detail. the panel is decent without being exceptional. I have been using it as my main phone.",camera,4,Positive,Positive,0.99011
2044,Apple,iPhone 17,"On the other hand, the design has grown on me. photos have a pleasing amount of detail. the panel is decent without being exceptional. I have been using it as my main phone.",design,5,Positive,Neutral,0.6020917
2044,Apple,iPhone 17,"On the other hand, the design has grown on me. photos have a pleasing amount of detail. the panel is decent without being exceptional. I have been using it as my main phone.",display,3,Neutral,Neutral,0.8698814
2049,Nothing,Phone 3a Pro,"daylight images are generally fine. multitasking is acceptable for my routine. Still, the panel looks bright in most situations. I use it mostly during a normal workday.",performance,3,Neutral,Neutral,0.84846175
2049,Nothing,Phone 3a Pro,"daylight images are generally fine. multitasking is acceptable for my routine. Still, the panel looks bright in most situations. I use it mostly during a normal workday.",design,5,Positive,Neutral,0.73639387
2049,Nothing,Phone 3a Pro,"daylight images are generally fine. multitasking is acceptable for my routine. Still, the panel looks bright in most situations. I use it mostly during a normal workday.",display,4,Positive,Neutral,0.6186277
2051,OnePlus,OnePlus 13T,"gaming is okay at moderate settings. One catch is that, the panel looks bright in most situations. drain is noticeable mainly with demanding apps. I bought it after comparing a few phones in the same range.",battery,3,Neutral,Neutral,0.8827589
2051,OnePlus,OnePlus 13T,"gaming is okay at moderate settings. One catch is that, the panel looks bright in most situations. drain is noticeable mainly with demanding apps. I bought it after comparing a few phones in the same range.",performance,5,Positive,Neutral,0.8862984
2051,OnePlus,OnePlus 13T,"gaming is okay at moderate settings. One catch is that, the panel looks bright in most situations. drain is noticeable mainly with demanding apps. I bought it after comparing a few phones in the same range.",display,4,Positive,Neutral,0.57133937
2062,Realme,Realme GT 7 Pro,"That said, portraits can have uneven edge separation. I could recommend it, but only with some reservations. it is comfortable enough to use. My routine includes calls, photos, and some gaming. switching between apps feels effortless. colors are pleasing without looking excessive.",camera,4,Positive,Positive,0.5940678
2062,Realme,Realme GT 7 Pro,"That said, portraits can have uneven edge separation. I could recommend it, but only with some reservations. it is comfortable enough to use. My routine includes calls, photos, and some gaming. switching between apps feels effortless. colors are pleasing without looking excessive.",performance,4,Positive,Positive,0.984689
2062,Realme,Realme GT 7 Pro,"That said, portraits can have uneven edge separation. I could recommend it, but only with some reservations. it is comfortable enough to use. My routine includes calls, photos, and some gaming. switching between apps feels effortless. colors are pleasing without looking excessive.",display,4,Positive,Positive,0.9891979
2063,Realme,Realme 14 Pro+,"I would choose this one again over the alternatives I considered. I spend a fair amount of time on maps, media, and social apps. I rarely think about the battery during the day. One catch is that, autofocus occasionally misses the moment. apps move along without much waiting.",battery,4,Positive,Positive,0.9876792
2063,Realme,Realme 14 Pro+,"I would choose this one again over the alternatives I considered. I spend a fair amount of time on maps, media, and social apps. I rarely think about the battery during the day. One catch is that, autofocus occasionally misses the moment. apps move along without much waiting.",camera,4,Positive,Positive,0.8889344
2063,Realme,Realme 14 Pro+,"I would choose this one again over the alternatives I considered. I spend a fair amount of time on maps, media, and social apps. I rarely think about the battery during the day. One catch is that, autofocus occasionally misses the moment. apps move along without much waiting.",performance,5,Positive,Positive,0.98675054
2064,OPPO,Find N5,the camera is capable without being remarkable. apps can hesitate at awkward times. feels familiar rather than distinctive. The compromises are difficult to overlook.,camera,3,Neutral,Neutral,0.89331573
2064,OPPO,Find N5,the camera is capable without being remarkable. apps can hesitate at awkward times. feels familiar rather than distinctive. The compromises are difficult to overlook.,performance,1,Negative,Negative,0.98213977
2074,OnePlus,OnePlus 13,autofocus is okay for everyday subjects. switching between apps feels effortless. the panel looks bright in most situations.,camera,3,Neutral,Neutral,0.88146687
2074,OnePlus,OnePlus 13,autofocus is okay for everyday subjects. switching between apps feels effortless. the panel looks bright in most situations.,performance,5,Positive,Positive,0.9863186
2074,OnePlus,OnePlus 13,autofocus is okay for everyday subjects. switching between apps feels effortless. the panel looks bright in most situations.,display,4,Positive,Positive,0.9891299
2084,Samsung,Galaxy S26 Ultra,"At the same time, charging takes longer than I would like. the phone stays responsive under a busy workload. I spend a fair amount of time on maps, media, and social apps. the panel looks bright in most situations.",battery,5,Positive,Positive,0.69122535
2084,Samsung,Galaxy S26 Ultra,"At the same time, charging takes longer than I would like. the phone stays responsive under a busy workload. I spend a fair amount of time on maps, media, and social apps. the panel looks bright in most situations.",performance,5,Positive,Positive,0.9452823
2084,Samsung,Galaxy S26 Ultra,"At the same time, charging takes longer than I would like. the phone stays responsive under a busy workload. I spend a fair amount of time on maps, media, and social apps. the panel looks bright in most situations.",display,5,Positive,Positive,0.98939884
2093,Xiaomi,Xiaomi 15,"I rarely think about the battery during the day. My routine includes calls, photos, and some gaming. the screen feels fairly typical for this class. The software has been stable for me so far.",battery,5,Positive,Positive,0.980925
2093,Xiaomi,Xiaomi 15,"I rarely think about the battery during the day. My routine includes calls, photos, and some gaming. the screen feels fairly typical for this class. The software has been stable for me so far.",camera,4,Positive,Neutral,0.45948943
2093,Xiaomi,Xiaomi 15,"I rarely think about the battery during the day. My routine includes calls, photos, and some gaming. the screen feels fairly typical for this class. The software has been stable for me so far.",performance,3,Neutral,Positive,0.45394787
2093,Xiaomi,Xiaomi 15,"I rarely think about the battery during the day. My routine includes calls, photos, and some gaming. the screen feels fairly typical for this class. The software has been stable for me so far.",display,3,Neutral,Neutral,0.89912754
2099,OPPO,Find N5,"the build is reasonable for the price. apps can hesitate at awkward times. I would hesitate to recommend it in this price range. My routine includes calls, photos, and some gaming. brightness is okay for my usual use. I use it mostly during a normal workday.",camera,2,Negative,Neutral,0.4599531
2099,OPPO,Find N5,"the build is reasonable for the price. apps can hesitate at awkward times. I would hesitate to recommend it in this price range. My routine includes calls, photos, and some gaming. brightness is okay for my usual use. I use it mostly during a normal workday.",performance,2,Negative,Negative,0.9910648
2099,OPPO,Find N5,"the build is reasonable for the price. apps can hesitate at awkward times. I would hesitate to recommend it in this price range. My routine includes calls, photos, and some gaming. brightness is okay for my usual use. I use it mostly during a normal workday.",design,3,Neutral,Neutral,0.90389085
2099,OPPO,Find N5,"the build is reasonable for the price. apps can hesitate at awkward times. I would hesitate to recommend it in this price range. My routine includes calls, photos, and some gaming. brightness is okay for my usual use. I use it mostly during a normal workday.",display,3,Neutral,Neutral,0.88608503
2109,Google,Pixel 10,"On the other hand, the phone stays responsive under a busy workload. touch response has been dependable. I bought it after comparing a few phones in the same range. My view of it has remained fairly balanced. is adequate unless I use the phone heavily. daylight shots come out crisp and detailed.",design,5,Positive,Positive,0.84097904
2109,Google,Pixel 10,"On the other hand, the phone stays responsive under a busy workload. touch response has been dependable. I bought it after comparing a few phones in the same range. My view of it has remained fairly balanced. is adequate unless I use the phone heavily. daylight shots come out crisp and detailed.",display,5,Positive,Positive,0.9902563
2123,Realme,Realme 14 Pro+,"is adequate for most daily tasks. gets through a normal day for me. I spend a fair amount of time on maps, media, and social apps. works well enough for routine photos. I would choose a different model if I were buying again. The software has been stable for me so far.",camera,3,Neutral,Neutral,0.8735813
2123,Realme,Realme 14 Pro+,"is adequate for most daily tasks. gets through a normal day for me. I spend a fair amount of time on maps, media, and social apps. works well enough for routine photos. I would choose a different model if I were buying again. The software has been stable for me so far.",performance,5,Positive,Neutral,0.6875374
2133,Samsung,Galaxy A56 5G,brightness is okay for my usual use. It has earned a place as my main phone. the build is reasonable for the price.,design,4,Positive,Neutral,0.8874759
2133,Samsung,Galaxy A56 5G,brightness is okay for my usual use. It has earned a place as my main phone. the build is reasonable for the price.,display,5,Positive,Neutral,0.87700087
2138,Xiaomi,Xiaomi 15 Ultra,"the panel looks bright in most situations. I spend a fair amount of time on maps, media, and social apps. One catch is that, autofocus occasionally misses the moment. battery performance has been about what I expected.",battery,3,Neutral,Neutral,0.8725453
2138,Xiaomi,Xiaomi 15 Ultra,"the panel looks bright in most situations. I spend a fair amount of time on maps, media, and social apps. One catch is that, autofocus occasionally misses the moment. battery performance has been about what I expected.",camera,5,Positive,Positive,0.43964064
2138,Xiaomi,Xiaomi 15 Ultra,"the panel looks bright in most situations. I spend a fair amount of time on maps, media, and social apps. One catch is that, autofocus occasionally misses the moment. battery performance has been about what I expected.",performance,4,Positive,Positive,0.779085
2138,Xiaomi,Xiaomi 15 Ultra,"the panel looks bright in most situations. I spend a fair amount of time on maps, media, and social apps. One catch is that, autofocus occasionally misses the moment. battery performance has been about what I expected.",display,5,Positive,Positive,0.9889009
2149,Nothing,Phone 3a Pro,"On the other hand, colors are not always consistent. I mostly use it for work and messaging. holds up really well through a long day. the camera handles portraits with good separation. the design has grown on me. gaming is okay at moderate settings.",camera,4,Positive,Positive,0.9901092
2149,Nothing,Phone 3a Pro,"On the other hand, colors are not always consistent. I mostly use it for work and messaging. holds up really well through a long day. the camera handles portraits with good separation. the design has grown on me. gaming is okay at moderate settings.",performance,3,Neutral,Neutral,0.6908361
2149,Nothing,Phone 3a Pro,"On the other hand, colors are not always consistent. I mostly use it for work and messaging. holds up really well through a long day. the camera handles portraits with good separation. the design has grown on me. gaming is okay at moderate settings.",design,5,Positive,Positive,0.989778
2149,Nothing,Phone 3a Pro,"On the other hand, colors are not always consistent. I mostly use it for work and messaging. holds up really well through a long day. the camera handles portraits with good separation. the design has grown on me. gaming is okay at moderate settings.",display,4,Positive,Positive,0.45723236
2153,Apple,iPhone 17,"colors are pleasing without looking excessive. At the same time, the shape is not especially comfortable for me. I bought it after comparing a few phones in the same range. works well enough for routine photos.",camera,5,Positive,Neutral,0.8185816
2153,Apple,iPhone 17,"colors are pleasing without looking excessive. At the same time, the shape is not especially comfortable for me. I bought it after comparing a few phones in the same range. works well enough for routine photos.",display,5,Positive,Positive,0.98796856
2156,Apple,iPhone 17 Pro Max,"That said, the panel looks less convincing at an angle. charging speed is fairly ordinary. switching between apps feels effortless. the design has grown on me.",battery,5,Positive,Neutral,0.90496475
2156,Apple,iPhone 17 Pro Max,"That said, the panel looks less convincing at an angle. charging speed is fairly ordinary. switching between apps feels effortless. the design has grown on me.",performance,4,Positive,Positive,0.9875415
2156,Apple,iPhone 17 Pro Max,"That said, the panel looks less convincing at an angle. charging speed is fairly ordinary. switching between apps feels effortless. the design has grown on me.",design,4,Positive,Positive,0.99003017
2156,Apple,iPhone 17 Pro Max,"That said, the panel looks less convincing at an angle. charging speed is fairly ordinary. switching between apps feels effortless. the design has grown on me.",display,4,Positive,Positive,0.9223014
2165,Xiaomi,Redmi Note 14 Pro+,is fine for browsing and messaging. daylight images are generally fine. I regret some parts of the purchase. I use it mostly during a normal workday.,design,5,Positive,Neutral,0.709935
2173,Samsung,Galaxy A56 5G,"brightness is okay for my usual use. My routine includes calls, photos, and some gaming. That said, the phone stays responsive under a busy workload. autofocus occasionally misses the moment.",camera,2,Negative,Negative,0.9942883
2173,Samsung,Galaxy A56 5G,"brightness is okay for my usual use. My routine includes calls, photos, and some gaming. That said, the phone stays responsive under a busy workload. autofocus occasionally misses the moment.",performance,4,Positive,Neutral,0.49204138
2173,Samsung,Galaxy A56 5G,"brightness is okay for my usual use. My routine includes calls, photos, and some gaming. That said, the phone stays responsive under a busy workload. autofocus occasionally misses the moment.",display,3,Neutral,Neutral,0.8749507
2174,OnePlus,OnePlus 13,"apps move along without much waiting. I bought it after comparing a few phones in the same range. Still, overnight loss is higher than I expected. night shots are usable with some patience. it is comfortable enough to use. text stays sharp and easy to read.",performance,5,Positive,Positive,0.98504895
2180,Nothing,Nothing Phone 3,"works well enough for routine photos. I regret some parts of the purchase. touch response has been dependable. I mostly use it for work and messaging. On the other hand, charging has been quick enough for my routine. the design has grown on me. The software has been stable for me so far.",battery,3,Neutral,Neutral,0.5447157
2180,Nothing,Nothing Phone 3,"works well enough for routine photos. I regret some parts of the purchase. touch response has been dependable. I mostly use it for work and messaging. On the other hand, charging has been quick enough for my routine. the design has grown on me. The software has been stable for me so far.",camera,3,Neutral,Neutral,0.88603854
2180,Nothing,Nothing Phone 3,"works well enough for routine photos. I regret some parts of the purchase. touch response has been dependable. I mostly use it for work and messaging. On the other hand, charging has been quick enough for my routine. the design has grown on me. The software has been stable for me so far.",design,4,Positive,Positive,0.98845553
2180,Nothing,Nothing Phone 3,"works well enough for routine photos. I regret some parts of the purchase. touch response has been dependable. I mostly use it for work and messaging. On the other hand, charging has been quick enough for my routine. the design has grown on me. The software has been stable for me so far.",display,4,Positive,Positive,0.9885516
2195,Apple,iPhone 17 Pro Max,photos have a pleasing amount of detail. the design has grown on me. apps move along without much waiting. the panel looks bright in most situations. I bought it after comparing a few phones in the same range.,camera,5,Positive,Positive,0.9900383
2195,Apple,iPhone 17 Pro Max,photos have a pleasing amount of detail. the design has grown on me. apps move along without much waiting. the panel looks bright in most situations. I bought it after comparing a few phones in the same range.,performance,5,Positive,Positive,0.9850958
2195,Apple,iPhone 17 Pro Max,photos have a pleasing amount of detail. the design has grown on me. apps move along without much waiting. the panel looks bright in most situations. I bought it after comparing a few phones in the same range.,design,5,Positive,Positive,0.9899087
2195,Apple,iPhone 17 Pro Max,photos have a pleasing amount of detail. the design has grown on me. apps move along without much waiting. the panel looks bright in most situations. I bought it after comparing a few phones in the same range.,display,4,Positive,Positive,0.9893289
2209,Apple,iPhone 17,"Still, night shots are cleaner than I expected. I mostly use it for work and messaging. the phone stays responsive under a busy workload. charging speed is fairly ordinary.",battery,3,Neutral,Neutral,0.9053536
2211,Nothing,Phone 2a Plus,the panel is decent without being exceptional. The compromises are difficult to overlook. it is comfortable to carry and use. Most of my use is fairly ordinary rather than demanding.,display,3,Neutral,Neutral,0.9010024
2215,Google,Pixel 10 Pro,"the design is functional and straightforward. overnight loss is higher than I expected. the camera handles portraits with good separation. I can see why someone would like it, but I also see the drawbacks. games stay smooth during longer sessions.",camera,5,Positive,Positive,0.9896611
2215,Google,Pixel 10 Pro,"the design is functional and straightforward. overnight loss is higher than I expected. the camera handles portraits with good separation. I can see why someone would like it, but I also see the drawbacks. games stay smooth during longer sessions.",performance,5,Positive,Positive,0.9816636
2215,Google,Pixel 10 Pro,"the design is functional and straightforward. overnight loss is higher than I expected. the camera handles portraits with good separation. I can see why someone would like it, but I also see the drawbacks. games stay smooth during longer sessions.",design,4,Positive,Neutral,0.8965238
2222,Apple,iPhone 16e,"battery performance has been about what I expected. I spend a fair amount of time on maps, media, and social apps. brightness is okay for my usual use. it is comfortable enough to use. autofocus is okay for everyday subjects. I have more complaints than I expected to have. I use it mostly during a normal workday.",battery,3,Neutral,Neutral,0.88053375
2222,Apple,iPhone 16e,"battery performance has been about what I expected. I spend a fair amount of time on maps, media, and social apps. brightness is okay for my usual use. it is comfortable enough to use. autofocus is okay for everyday subjects. I have more complaints than I expected to have. I use it mostly during a normal workday.",camera,3,Neutral,Neutral,0.8774355
2222,Apple,iPhone 16e,"battery performance has been about what I expected. I spend a fair amount of time on maps, media, and social apps. brightness is okay for my usual use. it is comfortable enough to use. autofocus is okay for everyday subjects. I have more complaints than I expected to have. I use it mostly during a normal workday.",performance,4,Positive,Neutral,0.42436114
2222,Apple,iPhone 16e,"battery performance has been about what I expected. I spend a fair amount of time on maps, media, and social apps. brightness is okay for my usual use. it is comfortable enough to use. autofocus is okay for everyday subjects. I have more complaints than I expected to have. I use it mostly during a normal workday.",display,3,Neutral,Neutral,0.8858543
2228,OnePlus,OnePlus 13,I bought it after comparing a few phones in the same range. apps move along without much waiting. autofocus has been reliable in everyday use. the panel looks bright in most situations.,camera,4,Positive,Positive,0.9906556
2228,OnePlus,OnePlus 13,I bought it after comparing a few phones in the same range. apps move along without much waiting. autofocus has been reliable in everyday use. the panel looks bright in most situations.,performance,5,Positive,Positive,0.9861339
2228,OnePlus,OnePlus 13,I bought it after comparing a few phones in the same range. apps move along without much waiting. autofocus has been reliable in everyday use. the panel looks bright in most situations.,display,5,Positive,Positive,0.98939836
2230,Realme,Realme GT 7 Pro,"Most of my use is fairly ordinary rather than demanding. At the same time, the handset feels solid and well put together. charging has been quick enough for my routine. autofocus is okay for everyday subjects.",battery,4,Positive,Positive,0.9908833
2230,Realme,Realme GT 7 Pro,"Most of my use is fairly ordinary rather than demanding. At the same time, the handset feels solid and well put together. charging has been quick enough for my routine. autofocus is okay for everyday subjects.",camera,3,Neutral,Neutral,0.86539924
2241,Motorola,Motorola Edge 60 Pro,"is adequate for most daily tasks. One catch is that, longer gaming sessions can introduce stutter. usually leaves plenty of charge by bedtime. photos have a pleasing amount of detail. I have been using it as my main phone.",battery,4,Positive,Positive,0.9884289
2241,Motorola,Motorola Edge 60 Pro,"is adequate for most daily tasks. One catch is that, longer gaming sessions can introduce stutter. usually leaves plenty of charge by bedtime. photos have a pleasing amount of detail. I have been using it as my main phone.",camera,5,Positive,Positive,0.99056774
2241,Motorola,Motorola Edge 60 Pro,"is adequate for most daily tasks. One catch is that, longer gaming sessions can introduce stutter. usually leaves plenty of charge by bedtime. photos have a pleasing amount of detail. I have been using it as my main phone.",performance,3,Neutral,Positive,0.77595896
2254,Realme,Realme GT 7 Pro,the design is functional and straightforward. I am neither especially impressed nor disappointed. daylight shots come out crisp and detailed. Most of my use is fairly ordinary rather than demanding. looks fine indoors and in shade.,design,4,Positive,Neutral,0.9026312
2256,OnePlus,OnePlus 13R,I rarely think about the battery during the day. brightness is okay for my usual use. multitasking is acceptable for my routine. The software has been stable for me so far.,battery,4,Positive,Positive,0.97941375
2256,OnePlus,OnePlus 13R,I rarely think about the battery during the day. brightness is okay for my usual use. multitasking is acceptable for my routine. The software has been stable for me so far.,performance,5,Positive,Neutral,0.83452874
2256,OnePlus,OnePlus 13R,I rarely think about the battery during the day. brightness is okay for my usual use. multitasking is acceptable for my routine. The software has been stable for me so far.,display,4,Positive,Neutral,0.89346385
2258,Google,Pixel 10 Pro,charging speed is fairly ordinary. the finish looks more premium in person. autofocus has been reliable in everyday use. I bought it after comparing a few phones in the same range.,battery,3,Neutral,Neutral,0.90681446
2258,Google,Pixel 10 Pro,charging speed is fairly ordinary. the finish looks more premium in person. autofocus has been reliable in everyday use. I bought it after comparing a few phones in the same range.,camera,5,Positive,Positive,0.9900097
2258,Google,Pixel 10 Pro,charging speed is fairly ordinary. the finish looks more premium in person. autofocus has been reliable in everyday use. I bought it after comparing a few phones in the same range.,design,4,Positive,Positive,0.9866766
2259,Motorola,Motorola Edge 60 Pro,"the handset feels solid and well put together. I spend a fair amount of time on maps, media, and social apps. night shots are usable with some patience. I would recommend it to someone shopping in this range. charging has been quick enough for my routine. scrolling feels fluid on the high refresh rate.",battery,4,Positive,Positive,0.9910239
2259,Motorola,Motorola Edge 60 Pro,"the handset feels solid and well put together. I spend a fair amount of time on maps, media, and social apps. night shots are usable with some patience. I would recommend it to someone shopping in this range. charging has been quick enough for my routine. scrolling feels fluid on the high refresh rate.",performance,5,Positive,Positive,0.86488277
2259,Motorola,Motorola Edge 60 Pro,"the handset feels solid and well put together. I spend a fair amount of time on maps, media, and social apps. night shots are usable with some patience. I would recommend it to someone shopping in this range. charging has been quick enough for my routine. scrolling feels fluid on the high refresh rate.",display,5,Positive,Positive,0.99071336
2268,Realme,Realme GT 7 Pro,charging speed is fairly ordinary. I would recommend it to someone shopping in this range. the controls feel thoughtfully placed. I bought it after comparing a few phones in the same range. I use it mostly during a normal workday.,battery,5,Positive,Neutral,0.9099786
2269,OnePlus,OnePlus 13,colors are pleasing without looking excessive. autofocus is okay for everyday subjects. holds up really well through a long day.,camera,3,Neutral,Neutral,0.88722765
2269,OnePlus,OnePlus 13,colors are pleasing without looking excessive. autofocus is okay for everyday subjects. holds up really well through a long day.,display,4,Positive,Positive,0.9889802
2272,Motorola,Moto G Power 2025,"I rarely think about the battery during the day. handles normal apps without trouble. the camera handles portraits with good separation. At the same time, the finish looks more premium in person. I use it mostly during a normal workday.",battery,4,Positive,Positive,0.97440106
2272,Motorola,Moto G Power 2025,"I rarely think about the battery during the day. handles normal apps without trouble. the camera handles portraits with good separation. At the same time, the finish looks more premium in person. I use it mostly during a normal workday.",camera,4,Positive,Positive,0.98854536
2272,Motorola,Moto G Power 2025,"I rarely think about the battery during the day. handles normal apps without trouble. the camera handles portraits with good separation. At the same time, the finish looks more premium in person. I use it mostly during a normal workday.",performance,2,Negative,Neutral,0.652674
2272,Motorola,Moto G Power 2025,"I rarely think about the battery during the day. handles normal apps without trouble. the camera handles portraits with good separation. At the same time, the finish looks more premium in person. I use it mostly during a normal workday.",design,2,Negative,Positive,0.6271405
2279,OPPO,Find N5,overnight loss is higher than I expected. feels familiar rather than distinctive. I bought it after comparing a few phones in the same range. the screen feels fairly typical for this class. is fine for browsing and messaging.,display,4,Positive,Neutral,0.9019768
2283,Nothing,Phone 3a Pro,"My routine includes calls, photos, and some gaming. night shots are usable with some patience. multitasking is acceptable for my routine. At the same time, the finish looks more premium in person. the screen feels fairly typical for this class. usually leaves plenty of charge by bedtime.",battery,5,Positive,Positive,0.98646
2283,Nothing,Phone 3a Pro,"My routine includes calls, photos, and some gaming. night shots are usable with some patience. multitasking is acceptable for my routine. At the same time, the finish looks more premium in person. the screen feels fairly typical for this class. usually leaves plenty of charge by bedtime.",camera,3,Neutral,Neutral,0.8208897
2283,Nothing,Phone 3a Pro,"My routine includes calls, photos, and some gaming. night shots are usable with some patience. multitasking is acceptable for my routine. At the same time, the finish looks more premium in person. the screen feels fairly typical for this class. usually leaves plenty of charge by bedtime.",performance,3,Neutral,Neutral,0.86079764
2283,Nothing,Phone 3a Pro,"My routine includes calls, photos, and some gaming. night shots are usable with some patience. multitasking is acceptable for my routine. At the same time, the finish looks more premium in person. the screen feels fairly typical for this class. usually leaves plenty of charge by bedtime.",design,5,Positive,Neutral,0.6586412
2283,Nothing,Phone 3a Pro,"My routine includes calls, photos, and some gaming. night shots are usable with some patience. multitasking is acceptable for my routine. At the same time, the finish looks more premium in person. the screen feels fairly typical for this class. usually leaves plenty of charge by bedtime.",display,3,Neutral,Neutral,0.88284314
2285,Google,Pixel 10 Pro XL,"the panel is decent without being exceptional. night shots are cleaner than I expected. At the same time, the buttons do not feel as refined as I expected. handles normal apps without trouble. drain has been impressively low. I use it mostly during a normal workday.",battery,4,Positive,Positive,0.99037117
2285,Google,Pixel 10 Pro XL,"the panel is decent without being exceptional. night shots are cleaner than I expected. At the same time, the buttons do not feel as refined as I expected. handles normal apps without trouble. drain has been impressively low. I use it mostly during a normal workday.",performance,3,Neutral,Neutral,0.6359841
2285,Google,Pixel 10 Pro XL,"the panel is decent without being exceptional. night shots are cleaner than I expected. At the same time, the buttons do not feel as refined as I expected. handles normal apps without trouble. drain has been impressively low. I use it mostly during a normal workday.",design,4,Positive,Neutral,0.7193984
2285,Google,Pixel 10 Pro XL,"the panel is decent without being exceptional. night shots are cleaner than I expected. At the same time, the buttons do not feel as refined as I expected. handles normal apps without trouble. drain has been impressively low. I use it mostly during a normal workday.",display,3,Neutral,Neutral,0.7437108
2289,OPPO,Find X8 Pro,"daylight shots come out crisp and detailed. At the same time, some parts of the finish seem easy to mark. performance has been consistently strong. I would choose this one again over the alternatives I considered. drain has been impressively low.",battery,5,Positive,Positive,0.9903632
2289,OPPO,Find X8 Pro,"daylight shots come out crisp and detailed. At the same time, some parts of the finish seem easy to mark. performance has been consistently strong. I would choose this one again over the alternatives I considered. drain has been impressively low.",performance,4,Positive,Positive,0.98980355
2289,OPPO,Find X8 Pro,"daylight shots come out crisp and detailed. At the same time, some parts of the finish seem easy to mark. performance has been consistently strong. I would choose this one again over the alternatives I considered. drain has been impressively low.",design,4,Positive,Positive,0.9615416
2298,Apple,iPhone 17 Pro Max,scrolling feels fluid on the high refresh rate. daylight shots come out crisp and detailed. I mostly use it for work and messaging. charging has been quick enough for my routine.,battery,5,Positive,Positive,0.9910994
2298,Apple,iPhone 17 Pro Max,scrolling feels fluid on the high refresh rate. daylight shots come out crisp and detailed. I mostly use it for work and messaging. charging has been quick enough for my routine.,design,4,Positive,Positive,0.83865887
2298,Apple,iPhone 17 Pro Max,scrolling feels fluid on the high refresh rate. daylight shots come out crisp and detailed. I mostly use it for work and messaging. charging has been quick enough for my routine.,display,5,Positive,Positive,0.9900129
2307,Samsung,Galaxy Z Flip7,scrolling feels fluid on the high refresh rate. I mostly use it for work and messaging. handles normal apps without trouble.,performance,3,Neutral,Neutral,0.68590295
2307,Samsung,Galaxy Z Flip7,scrolling feels fluid on the high refresh rate. I mostly use it for work and messaging. handles normal apps without trouble.,display,5,Positive,Positive,0.9904676
2315,Apple,iPhone 16e,"drain is noticeable mainly with demanding apps. My view of it has remained fairly balanced. I bought it after comparing a few phones in the same range. On the other hand, the design has grown on me. colors are pleasing without looking excessive. I have been using it as my main phone.",battery,3,Neutral,Neutral,0.88598925
2315,Apple,iPhone 16e,"drain is noticeable mainly with demanding apps. My view of it has remained fairly balanced. I bought it after comparing a few phones in the same range. On the other hand, the design has grown on me. colors are pleasing without looking excessive. I have been using it as my main phone.",performance,3,Neutral,Positive,0.74521184
2315,Apple,iPhone 16e,"drain is noticeable mainly with demanding apps. My view of it has remained fairly balanced. I bought it after comparing a few phones in the same range. On the other hand, the design has grown on me. colors are pleasing without looking excessive. I have been using it as my main phone.",design,3,Neutral,Positive,0.6648481
2315,Apple,iPhone 16e,"drain is noticeable mainly with demanding apps. My view of it has remained fairly balanced. I bought it after comparing a few phones in the same range. On the other hand, the design has grown on me. colors are pleasing without looking excessive. I have been using it as my main phone.",display,4,Positive,Positive,0.9892083
2321,Xiaomi,Xiaomi 15,"apps move along without much waiting. autofocus has been reliable in everyday use. One catch is that, holds up really well through a long day. My routine includes calls, photos, and some gaming. is adequate for most daily tasks.",camera,4,Positive,Positive,0.99071306
2321,Xiaomi,Xiaomi 15,"apps move along without much waiting. autofocus has been reliable in everyday use. One catch is that, holds up really well through a long day. My routine includes calls, photos, and some gaming. is adequate for most daily tasks.",performance,5,Positive,Positive,0.9848083
2323,Xiaomi,Xiaomi 15,"the camera handles portraits with good separation. At the same time, the buttons do not feel as refined as I expected. I would choose this one again over the alternatives I considered. colors are pleasing without looking excessive.",camera,4,Positive,Positive,0.9902535
2323,Xiaomi,Xiaomi 15,"the camera handles portraits with good separation. At the same time, the buttons do not feel as refined as I expected. I would choose this one again over the alternatives I considered. colors are pleasing without looking excessive.",design,4,Positive,Positive,0.95948243
2323,Xiaomi,Xiaomi 15,"the camera handles portraits with good separation. At the same time, the buttons do not feel as refined as I expected. I would choose this one again over the alternatives I considered. colors are pleasing without looking excessive.",display,5,Positive,Positive,0.9900849
2326,Realme,Realme 14 Pro+,"My routine includes calls, photos, and some gaming. usually leaves plenty of charge by bedtime. it is comfortable enough to use. looks fine indoors and in shade. That said, night shots are cleaner than I expected. I use it mostly during a normal workday.",battery,5,Positive,Positive,0.9882131
2326,Realme,Realme 14 Pro+,"My routine includes calls, photos, and some gaming. usually leaves plenty of charge by bedtime. it is comfortable enough to use. looks fine indoors and in shade. That said, night shots are cleaner than I expected. I use it mostly during a normal workday.",camera,2,Negative,Positive,0.44972718
2326,Realme,Realme 14 Pro+,"My routine includes calls, photos, and some gaming. usually leaves plenty of charge by bedtime. it is comfortable enough to use. looks fine indoors and in shade. That said, night shots are cleaner than I expected. I use it mostly during a normal workday.",performance,2,Negative,Positive,0.5899103
2329,OnePlus,OnePlus 13T,"the panel looks bright in most situations. autofocus has been reliable in everyday use. My view of it has remained fairly balanced. That said, longer gaming sessions can introduce stutter. The software has been stable for me so far.",camera,4,Positive,Positive,0.9905607
2329,OnePlus,OnePlus 13T,"the panel looks bright in most situations. autofocus has been reliable in everyday use. My view of it has remained fairly balanced. That said, longer gaming sessions can introduce stutter. The software has been stable for me so far.",performance,4,Positive,Positive,0.7267349
2329,OnePlus,OnePlus 13T,"the panel looks bright in most situations. autofocus has been reliable in everyday use. My view of it has remained fairly balanced. That said, longer gaming sessions can introduce stutter. The software has been stable for me so far.",display,4,Positive,Positive,0.9890286
2330,Apple,iPhone 16e,"gets through a normal day for me. nothing about the finish stands out much. multitasking is acceptable for my routine. Still, photos have a pleasing amount of detail. My routine includes calls, photos, and some gaming. The weaknesses make it hard for me to recommend.",camera,3,Neutral,Neutral,0.69596267
2330,Apple,iPhone 16e,"gets through a normal day for me. nothing about the finish stands out much. multitasking is acceptable for my routine. Still, photos have a pleasing amount of detail. My routine includes calls, photos, and some gaming. The weaknesses make it hard for me to recommend.",performance,3,Neutral,Neutral,0.8690465
2330,Apple,iPhone 16e,"gets through a normal day for me. nothing about the finish stands out much. multitasking is acceptable for my routine. Still, photos have a pleasing amount of detail. My routine includes calls, photos, and some gaming. The weaknesses make it hard for me to recommend.",design,3,Neutral,Neutral,0.8728078
2331,Nothing,Phone 2a Plus,"gaming is okay at moderate settings. the camera output is less consistent than expected. On the other hand, text stays sharp and easy to read. nothing about the finish stands out much. I am already considering a different phone next time. I bought it after comparing a few phones in the same range. usually leaves plenty of charge by bedtime.",battery,4,Positive,Positive,0.9878256
2331,Nothing,Phone 2a Plus,"gaming is okay at moderate settings. the camera output is less consistent than expected. On the other hand, text stays sharp and easy to read. nothing about the finish stands out much. I am already considering a different phone next time. I bought it after comparing a few phones in the same range. usually leaves plenty of charge by bedtime.",camera,2,Negative,Negative,0.9945667
2331,Nothing,Phone 2a Plus,"gaming is okay at moderate settings. the camera output is less consistent than expected. On the other hand, text stays sharp and easy to read. nothing about the finish stands out much. I am already considering a different phone next time. I bought it after comparing a few phones in the same range. usually leaves plenty of charge by bedtime.",performance,3,Neutral,Neutral,0.85660607
2331,Nothing,Phone 2a Plus,"gaming is okay at moderate settings. the camera output is less consistent than expected. On the other hand, text stays sharp and easy to read. nothing about the finish stands out much. I am already considering a different phone next time. I bought it after comparing a few phones in the same range. usually leaves plenty of charge by bedtime.",design,3,Neutral,Neutral,0.853187
2334,Google,Pixel 10,"I rarely think about the battery during the day. gaming is okay at moderate settings. daylight shots come out crisp and detailed. My routine includes calls, photos, and some gaming. I would happily buy this phone again.",battery,5,Positive,Positive,0.97982156
2334,Google,Pixel 10,"I rarely think about the battery during the day. gaming is okay at moderate settings. daylight shots come out crisp and detailed. My routine includes calls, photos, and some gaming. I would happily buy this phone again.",camera,5,Positive,Positive,0.982209
2334,Google,Pixel 10,"I rarely think about the battery during the day. gaming is okay at moderate settings. daylight shots come out crisp and detailed. My routine includes calls, photos, and some gaming. I would happily buy this phone again.",performance,3,Neutral,Neutral,0.55395323
2334,Google,Pixel 10,"I rarely think about the battery during the day. gaming is okay at moderate settings. daylight shots come out crisp and detailed. My routine includes calls, photos, and some gaming. I would happily buy this phone again.",design,2,Negative,Positive,0.8824467
2335,Samsung,Galaxy A56 5G,"charging takes longer than I would like. On the other hand, apps move along without much waiting. is adequate for most daily tasks. the camera output is less consistent than expected. the design is functional and straightforward.",battery,2,Negative,Negative,0.9940783
2335,Samsung,Galaxy A56 5G,"charging takes longer than I would like. On the other hand, apps move along without much waiting. is adequate for most daily tasks. the camera output is less consistent than expected. the design is functional and straightforward.",camera,2,Negative,Negative,0.99454147
2335,Samsung,Galaxy A56 5G,"charging takes longer than I would like. On the other hand, apps move along without much waiting. is adequate for most daily tasks. the camera output is less consistent than expected. the design is functional and straightforward.",performance,3,Neutral,Neutral,0.6379819
2335,Samsung,Galaxy A56 5G,"charging takes longer than I would like. On the other hand, apps move along without much waiting. is adequate for most daily tasks. the camera output is less consistent than expected. the design is functional and straightforward.",design,4,Positive,Neutral,0.90191734
2349,Nothing,Nothing Phone 3,"I spend a fair amount of time on maps, media, and social apps. the design has grown on me. daylight images are generally fine. I have been using it as my main phone.",performance,5,Positive,Positive,0.5441373
2349,Nothing,Nothing Phone 3,"I spend a fair amount of time on maps, media, and social apps. the design has grown on me. daylight images are generally fine. I have been using it as my main phone.",design,4,Positive,Positive,0.98934466
2350,Apple,iPhone 17 Pro Max,I bought it after comparing a few phones in the same range. I would happily buy this phone again. multitasking is acceptable for my routine. the controls feel thoughtfully placed.,performance,5,Positive,Neutral,0.68696564
2360,Apple,iPhone 17,"usually leaves plenty of charge by bedtime. Still, touch response has occasionally felt delayed. games stay smooth during longer sessions. I bought it after comparing a few phones in the same range. the handset feels solid and well put together. I use it mostly during a normal workday.",battery,4,Positive,Positive,0.9888967
2360,Apple,iPhone 17,"usually leaves plenty of charge by bedtime. Still, touch response has occasionally felt delayed. games stay smooth during longer sessions. I bought it after comparing a few phones in the same range. the handset feels solid and well put together. I use it mostly during a normal workday.",performance,5,Positive,Positive,0.9874308
2360,Apple,iPhone 17,"usually leaves plenty of charge by bedtime. Still, touch response has occasionally felt delayed. games stay smooth during longer sessions. I bought it after comparing a few phones in the same range. the handset feels solid and well put together. I use it mostly during a normal workday.",display,4,Positive,Positive,0.93680644
2363,Apple,iPhone 17 Pro,"it is comfortable to carry and use. I rarely think about the battery during the day. the panel looks bright in most situations. switching between apps feels effortless. I have very few regrets about choosing it. My routine includes calls, photos, and some gaming. At the same time, portraits can have uneven edge separation.",battery,4,Positive,Positive,0.9854106
2363,Apple,iPhone 17 Pro,"it is comfortable to carry and use. I rarely think about the battery during the day. the panel looks bright in most situations. switching between apps feels effortless. I have very few regrets about choosing it. My routine includes calls, photos, and some gaming. At the same time, portraits can have uneven edge separation.",camera,5,Positive,Positive,0.63152593
2363,Apple,iPhone 17 Pro,"it is comfortable to carry and use. I rarely think about the battery during the day. the panel looks bright in most situations. switching between apps feels effortless. I have very few regrets about choosing it. My routine includes calls, photos, and some gaming. At the same time, portraits can have uneven edge separation.",performance,4,Positive,Positive,0.98822
2363,Apple,iPhone 17 Pro,"it is comfortable to carry and use. I rarely think about the battery during the day. the panel looks bright in most situations. switching between apps feels effortless. I have very few regrets about choosing it. My routine includes calls, photos, and some gaming. At the same time, portraits can have uneven edge separation.",display,5,Positive,Positive,0.98881686
2366,Apple,iPhone 16,"autofocus is okay for everyday subjects. Still, scrolling can feel less fluid than advertised. the design has grown on me. Most of my use is fairly ordinary rather than demanding.",camera,3,Neutral,Neutral,0.89101607
2366,Apple,iPhone 16,"autofocus is okay for everyday subjects. Still, scrolling can feel less fluid than advertised. the design has grown on me. Most of my use is fairly ordinary rather than demanding.",design,5,Positive,Positive,0.9896019
2370,Xiaomi,Redmi Note 14 Pro+,"performance has been consistently strong. touch response has been dependable. I would hesitate to recommend it in this price range. One catch is that, the design has grown on me. the camera is capable without being remarkable. My routine includes calls, photos, and some gaming. charging has been quick enough for my routine.",battery,4,Positive,Positive,0.9903623
2370,Xiaomi,Redmi Note 14 Pro+,"performance has been consistently strong. touch response has been dependable. I would hesitate to recommend it in this price range. One catch is that, the design has grown on me. the camera is capable without being remarkable. My routine includes calls, photos, and some gaming. charging has been quick enough for my routine.",camera,3,Neutral,Neutral,0.8623825
2370,Xiaomi,Redmi Note 14 Pro+,"performance has been consistently strong. touch response has been dependable. I would hesitate to recommend it in this price range. One catch is that, the design has grown on me. the camera is capable without being remarkable. My routine includes calls, photos, and some gaming. charging has been quick enough for my routine.",performance,4,Positive,Positive,0.98630387
2370,Xiaomi,Redmi Note 14 Pro+,"performance has been consistently strong. touch response has been dependable. I would hesitate to recommend it in this price range. One catch is that, the design has grown on me. the camera is capable without being remarkable. My routine includes calls, photos, and some gaming. charging has been quick enough for my routine.",design,4,Positive,Neutral,0.6320264
2370,Xiaomi,Redmi Note 14 Pro+,"performance has been consistently strong. touch response has been dependable. I would hesitate to recommend it in this price range. One catch is that, the design has grown on me. the camera is capable without being remarkable. My routine includes calls, photos, and some gaming. charging has been quick enough for my routine.",display,4,Positive,Positive,0.9898754
2372,Samsung,Galaxy A56 5G,looks fine indoors and in shade. handles normal apps without trouble. feels familiar rather than distinctive. I would hesitate to recommend it in this price range.,performance,3,Neutral,Neutral,0.83323264
2377,Realme,Realme GT 7,"On the other hand, drain has been impressively low. I bought it after comparing a few phones in the same range. touch response has been dependable. performance has been consistently strong. it is comfortable enough to use.",battery,4,Positive,Positive,0.777646
2377,Realme,Realme GT 7,"On the other hand, drain has been impressively low. I bought it after comparing a few phones in the same range. touch response has been dependable. performance has been consistently strong. it is comfortable enough to use.",performance,5,Positive,Positive,0.9898666
2377,Realme,Realme GT 7,"On the other hand, drain has been impressively low. I bought it after comparing a few phones in the same range. touch response has been dependable. performance has been consistently strong. it is comfortable enough to use.",display,4,Positive,Positive,0.99019194
2380,Google,Pixel 10 Pro XL,"games stay smooth during longer sessions. daylight shots come out crisp and detailed. I spend a fair amount of time on maps, media, and social apps. I have been using it as my main phone.",performance,4,Positive,Positive,0.98722005
2380,Google,Pixel 10 Pro XL,"games stay smooth during longer sessions. daylight shots come out crisp and detailed. I spend a fair amount of time on maps, media, and social apps. I have been using it as my main phone.",design,3,Neutral,Positive,0.8623883
2384,Samsung,Galaxy Z Flip7,battery performance has been about what I expected. brightness is okay for my usual use. autofocus is okay for everyday subjects. I bought it after comparing a few phones in the same range. I regret some parts of the purchase. feels familiar rather than distinctive.,battery,3,Neutral,Neutral,0.88356346
2384,Samsung,Galaxy Z Flip7,battery performance has been about what I expected. brightness is okay for my usual use. autofocus is okay for everyday subjects. I bought it after comparing a few phones in the same range. I regret some parts of the purchase. feels familiar rather than distinctive.,camera,3,Neutral,Neutral,0.88846684
2384,Samsung,Galaxy Z Flip7,battery performance has been about what I expected. brightness is okay for my usual use. autofocus is okay for everyday subjects. I bought it after comparing a few phones in the same range. I regret some parts of the purchase. feels familiar rather than distinctive.,performance,3,Neutral,Neutral,0.5213904
2384,Samsung,Galaxy Z Flip7,battery performance has been about what I expected. brightness is okay for my usual use. autofocus is okay for everyday subjects. I bought it after comparing a few phones in the same range. I regret some parts of the purchase. feels familiar rather than distinctive.,display,3,Neutral,Neutral,0.892567
2388,Apple,iPhone 17,"the build is reasonable for the price. performance is neither especially quick nor slow. That said, drain becomes noticeable with ordinary use. I use it mostly during a normal workday.",battery,3,Neutral,Neutral,0.52537555
2388,Apple,iPhone 17,"the build is reasonable for the price. performance is neither especially quick nor slow. That said, drain becomes noticeable with ordinary use. I use it mostly during a normal workday.",performance,5,Positive,Neutral,0.89474326
2388,Apple,iPhone 17,"the build is reasonable for the price. performance is neither especially quick nor slow. That said, drain becomes noticeable with ordinary use. I use it mostly during a normal workday.",design,3,Neutral,Neutral,0.9056448
2394,Xiaomi,Xiaomi 15,drain is noticeable mainly with demanding apps. handles normal apps without trouble. feels familiar rather than distinctive. Most of my use is fairly ordinary rather than demanding.,battery,2,Negative,Neutral,0.89525604
2394,Xiaomi,Xiaomi 15,drain is noticeable mainly with demanding apps. handles normal apps without trouble. feels familiar rather than distinctive. Most of my use is fairly ordinary rather than demanding.,performance,3,Neutral,Neutral,0.856691
2400,Google,Pixel 10 Pro,"I mostly use it for work and messaging. One catch is that, I rarely think about the battery during the day. the panel looks bright in most situations. daylight shots come out crisp and detailed. I can see why someone would like it, but I also see the drawbacks.",battery,4,Positive,Positive,0.77284
2400,Google,Pixel 10 Pro,"I mostly use it for work and messaging. One catch is that, I rarely think about the battery during the day. the panel looks bright in most situations. daylight shots come out crisp and detailed. I can see why someone would like it, but I also see the drawbacks.",design,3,Neutral,Positive,0.85685194
2400,Google,Pixel 10 Pro,"I mostly use it for work and messaging. One catch is that, I rarely think about the battery during the day. the panel looks bright in most situations. daylight shots come out crisp and detailed. I can see why someone would like it, but I also see the drawbacks.",display,4,Positive,Positive,0.9892357
2402,Apple,iPhone 17 Pro Max,"My routine includes calls, photos, and some gaming. The strengths make it easy for me to recommend. performance has been consistently strong. On the other hand, overnight loss is higher than I expected. the camera handles portraits with good separation. I use it mostly during a normal workday.",camera,5,Positive,Positive,0.9897954
2402,Apple,iPhone 17 Pro Max,"My routine includes calls, photos, and some gaming. The strengths make it easy for me to recommend. performance has been consistently strong. On the other hand, overnight loss is higher than I expected. the camera handles portraits with good separation. I use it mostly during a normal workday.",performance,5,Positive,Positive,0.98863935
2405,Apple,iPhone 17,usually leaves plenty of charge by bedtime. scrolling feels fluid on the high refresh rate. autofocus has been reliable in everyday use. Most of my use is fairly ordinary rather than demanding. The software has been stable for me so far.,battery,4,Positive,Positive,0.98859507
2405,Apple,iPhone 17,usually leaves plenty of charge by bedtime. scrolling feels fluid on the high refresh rate. autofocus has been reliable in everyday use. Most of my use is fairly ordinary rather than demanding. The software has been stable for me so far.,camera,5,Positive,Positive,0.990308
2405,Apple,iPhone 17,usually leaves plenty of charge by bedtime. scrolling feels fluid on the high refresh rate. autofocus has been reliable in everyday use. Most of my use is fairly ordinary rather than demanding. The software has been stable for me so far.,display,4,Positive,Positive,0.99084455
2406,Motorola,Moto G Power 2025,"the screen feels fairly typical for this class. I spend a fair amount of time on maps, media, and social apps. the phone can feel sluggish under load. The weaknesses make it hard for me to recommend. I have been using it as my main phone.",performance,2,Negative,Negative,0.99240136
2406,Motorola,Moto G Power 2025,"the screen feels fairly typical for this class. I spend a fair amount of time on maps, media, and social apps. the phone can feel sluggish under load. The weaknesses make it hard for me to recommend. I have been using it as my main phone.",display,3,Neutral,Neutral,0.90325826
2413,Apple,iPhone 16e,"My routine includes calls, photos, and some gaming. At the same time, the phone stays responsive under a busy workload. the camera is capable without being remarkable. the screen feels fairly typical for this class. charging speed is fairly ordinary.",battery,3,Neutral,Neutral,0.90746504
2413,Apple,iPhone 16e,"My routine includes calls, photos, and some gaming. At the same time, the phone stays responsive under a busy workload. the camera is capable without being remarkable. the screen feels fairly typical for this class. charging speed is fairly ordinary.",camera,3,Neutral,Neutral,0.8811103
2413,Apple,iPhone 16e,"My routine includes calls, photos, and some gaming. At the same time, the phone stays responsive under a busy workload. the camera is capable without being remarkable. the screen feels fairly typical for this class. charging speed is fairly ordinary.",performance,3,Neutral,Neutral,0.53721064
2413,Apple,iPhone 16e,"My routine includes calls, photos, and some gaming. At the same time, the phone stays responsive under a busy workload. the camera is capable without being remarkable. the screen feels fairly typical for this class. charging speed is fairly ordinary.",display,3,Neutral,Neutral,0.8845819
2419,Nothing,Phone 2a Plus,"I spend a fair amount of time on maps, media, and social apps. feels familiar rather than distinctive. works well enough for routine photos. charging speed is fairly ordinary. I have been using it as my main phone.",battery,3,Neutral,Neutral,0.9040025
2419,Nothing,Phone 2a Plus,"I spend a fair amount of time on maps, media, and social apps. feels familiar rather than distinctive. works well enough for routine photos. charging speed is fairly ordinary. I have been using it as my main phone.",camera,3,Neutral,Neutral,0.8929251
2419,Nothing,Phone 2a Plus,"I spend a fair amount of time on maps, media, and social apps. feels familiar rather than distinctive. works well enough for routine photos. charging speed is fairly ordinary. I have been using it as my main phone.",performance,3,Neutral,Neutral,0.633422
2425,Motorola,Moto G Power 2025,"is fine for browsing and messaging. The weaknesses make it hard for me to recommend. At the same time, the finish looks more premium in person. I mostly use it for work and messaging. outdoor brightness can be limiting. drain has been impressively low. autofocus has been reliable in everyday use. I use it mostly during a normal workday.",battery,4,Positive,Positive,0.98961055
2425,Motorola,Moto G Power 2025,"is fine for browsing and messaging. The weaknesses make it hard for me to recommend. At the same time, the finish looks more premium in person. I mostly use it for work and messaging. outdoor brightness can be limiting. drain has been impressively low. autofocus has been reliable in everyday use. I use it mostly during a normal workday.",camera,4,Positive,Positive,0.99024
2425,Motorola,Moto G Power 2025,"is fine for browsing and messaging. The weaknesses make it hard for me to recommend. At the same time, the finish looks more premium in person. I mostly use it for work and messaging. outdoor brightness can be limiting. drain has been impressively low. autofocus has been reliable in everyday use. I use it mostly during a normal workday.",design,2,Negative,Neutral,0.73572004
2425,Motorola,Moto G Power 2025,"is fine for browsing and messaging. The weaknesses make it hard for me to recommend. At the same time, the finish looks more premium in person. I mostly use it for work and messaging. outdoor brightness can be limiting. drain has been impressively low. autofocus has been reliable in everyday use. I use it mostly during a normal workday.",display,2,Negative,Negative,0.99363375
2428,Samsung,Galaxy S26 Ultra,the handset feels solid and well put together. charging speed is fairly ordinary.,battery,5,Positive,Neutral,0.90721226
2434,Samsung,Galaxy A56 5G,handles normal apps without trouble. I bought it after comparing a few phones in the same range. daylight images are generally fine. I would not buy this phone again. The software has been stable for me so far.,performance,3,Neutral,Neutral,0.6509055
2434,Samsung,Galaxy A56 5G,handles normal apps without trouble. I bought it after comparing a few phones in the same range. daylight images are generally fine. I would not buy this phone again. The software has been stable for me so far.,design,2,Negative,Neutral,0.63704664
2436,OPPO,Reno 13 Pro,"daylight shots come out crisp and detailed. Still, some parts of the finish seem easy to mark. touch response has been dependable. I mostly use it for work and messaging. multitasking is acceptable for my routine.",performance,4,Positive,Neutral,0.5786629
2436,OPPO,Reno 13 Pro,"daylight shots come out crisp and detailed. Still, some parts of the finish seem easy to mark. touch response has been dependable. I mostly use it for work and messaging. multitasking is acceptable for my routine.",design,4,Positive,Positive,0.8347795
2436,OPPO,Reno 13 Pro,"daylight shots come out crisp and detailed. Still, some parts of the finish seem easy to mark. touch response has been dependable. I mostly use it for work and messaging. multitasking is acceptable for my routine.",display,4,Positive,Positive,0.98937994
2447,OnePlus,OnePlus 13T,"I am still undecided about whether I would buy it again. apps move along without much waiting. charging speed is fairly ordinary. That said, scrolling feels fluid on the high refresh rate. the design is functional and straightforward. the camera is capable without being remarkable.",battery,4,Positive,Neutral,0.9112598
2447,OnePlus,OnePlus 13T,"I am still undecided about whether I would buy it again. apps move along without much waiting. charging speed is fairly ordinary. That said, scrolling feels fluid on the high refresh rate. the design is functional and straightforward. the camera is capable without being remarkable.",camera,3,Neutral,Neutral,0.8626882
2447,OnePlus,OnePlus 13T,"I am still undecided about whether I would buy it again. apps move along without much waiting. charging speed is fairly ordinary. That said, scrolling feels fluid on the high refresh rate. the design is functional and straightforward. the camera is capable without being remarkable.",performance,5,Positive,Positive,0.97683924
2447,OnePlus,OnePlus 13T,"I am still undecided about whether I would buy it again. apps move along without much waiting. charging speed is fairly ordinary. That said, scrolling feels fluid on the high refresh rate. the design is functional and straightforward. the camera is capable without being remarkable.",design,3,Neutral,Neutral,0.8991796
2447,OnePlus,OnePlus 13T,"I am still undecided about whether I would buy it again. apps move along without much waiting. charging speed is fairly ordinary. That said, scrolling feels fluid on the high refresh rate. the design is functional and straightforward. the camera is capable without being remarkable.",display,5,Positive,Positive,0.6709039
2452,Google,Pixel 10 Pro XL,"Most of my use is fairly ordinary rather than demanding. One catch is that, the shape is not especially comfortable for me. games stay smooth during longer sessions. I am pleased with the purchase overall. touch response has been dependable. The software has been stable for me so far.",performance,4,Positive,Positive,0.98847485
2452,Google,Pixel 10 Pro XL,"Most of my use is fairly ordinary rather than demanding. One catch is that, the shape is not especially comfortable for me. games stay smooth during longer sessions. I am pleased with the purchase overall. touch response has been dependable. The software has been stable for me so far.",display,5,Positive,Positive,0.9905049
2458,Apple,iPhone 17 Pro Max,"touch response has been dependable. charging has been quick enough for my routine. autofocus is okay for everyday subjects. Still, some parts of the finish seem easy to mark.",battery,4,Positive,Positive,0.9907991
2458,Apple,iPhone 17 Pro Max,"touch response has been dependable. charging has been quick enough for my routine. autofocus is okay for everyday subjects. Still, some parts of the finish seem easy to mark.",camera,5,Positive,Neutral,0.8852221
2458,Apple,iPhone 17 Pro Max,"touch response has been dependable. charging has been quick enough for my routine. autofocus is okay for everyday subjects. Still, some parts of the finish seem easy to mark.",design,4,Positive,Positive,0.6264114
2458,Apple,iPhone 17 Pro Max,"touch response has been dependable. charging has been quick enough for my routine. autofocus is okay for everyday subjects. Still, some parts of the finish seem easy to mark.",display,5,Positive,Positive,0.9904317
2460,OnePlus,OnePlus 13T,daylight shots come out crisp and detailed. touch response has been dependable. I am pleased with the purchase overall. I use it mostly during a normal workday.,design,4,Positive,Positive,0.944669
2460,OnePlus,OnePlus 13T,daylight shots come out crisp and detailed. touch response has been dependable. I am pleased with the purchase overall. I use it mostly during a normal workday.,display,4,Positive,Positive,0.9905884
2462,Realme,Realme GT 7,I would recommend it to someone shopping in this range. autofocus has been reliable in everyday use. the design has grown on me. charging has been quick enough for my routine.,battery,4,Positive,Positive,0.99113727
2462,Realme,Realme GT 7,I would recommend it to someone shopping in this range. autofocus has been reliable in everyday use. the design has grown on me. charging has been quick enough for my routine.,camera,5,Positive,Positive,0.99079305
2462,Realme,Realme GT 7,I would recommend it to someone shopping in this range. autofocus has been reliable in everyday use. the design has grown on me. charging has been quick enough for my routine.,design,4,Positive,Positive,0.9898525
2463,Xiaomi,Redmi Note 14 Pro+,battery performance has been about what I expected. the panel is decent without being exceptional. The weaknesses make it hard for me to recommend. I bought it after comparing a few phones in the same range. daylight images are generally fine.,battery,3,Neutral,Neutral,0.88459593
2463,Xiaomi,Redmi Note 14 Pro+,battery performance has been about what I expected. the panel is decent without being exceptional. The weaknesses make it hard for me to recommend. I bought it after comparing a few phones in the same range. daylight images are generally fine.,performance,4,Positive,Neutral,0.49548462
2463,Xiaomi,Redmi Note 14 Pro+,battery performance has been about what I expected. the panel is decent without being exceptional. The weaknesses make it hard for me to recommend. I bought it after comparing a few phones in the same range. daylight images are generally fine.,design,3,Neutral,Neutral,0.8170818
2463,Xiaomi,Redmi Note 14 Pro+,battery performance has been about what I expected. the panel is decent without being exceptional. The weaknesses make it hard for me to recommend. I bought it after comparing a few phones in the same range. daylight images are generally fine.,display,3,Neutral,Neutral,0.89767563
2469,Apple,iPhone 16,"daylight images are generally fine. One catch is that, performance has been consistently strong. drain is noticeable mainly with demanding apps. the screen feels fairly typical for this class.",battery,3,Neutral,Neutral,0.8835294
2469,Apple,iPhone 16,"daylight images are generally fine. One catch is that, performance has been consistently strong. drain is noticeable mainly with demanding apps. the screen feels fairly typical for this class.",performance,4,Positive,Neutral,0.59116423
2469,Apple,iPhone 16,"daylight images are generally fine. One catch is that, performance has been consistently strong. drain is noticeable mainly with demanding apps. the screen feels fairly typical for this class.",design,4,Positive,Neutral,0.7243107
2469,Apple,iPhone 16,"daylight images are generally fine. One catch is that, performance has been consistently strong. drain is noticeable mainly with demanding apps. the screen feels fairly typical for this class.",display,3,Neutral,Neutral,0.889875
2470,Samsung,Galaxy Z Flip7,"I would choose this one again over the alternatives I considered. charging has been quick enough for my routine. the panel looks bright in most situations. games stay smooth during longer sessions. My routine includes calls, photos, and some gaming. feels familiar rather than distinctive. At the same time, the camera output is less consistent than expected.",battery,4,Positive,Positive,0.9907364
2470,Samsung,Galaxy Z Flip7,"I would choose this one again over the alternatives I considered. charging has been quick enough for my routine. the panel looks bright in most situations. games stay smooth during longer sessions. My routine includes calls, photos, and some gaming. feels familiar rather than distinctive. At the same time, the camera output is less consistent than expected.",camera,3,Neutral,Positive,0.61658216
2470,Samsung,Galaxy Z Flip7,"I would choose this one again over the alternatives I considered. charging has been quick enough for my routine. the panel looks bright in most situations. games stay smooth during longer sessions. My routine includes calls, photos, and some gaming. feels familiar rather than distinctive. At the same time, the camera output is less consistent than expected.",performance,5,Positive,Positive,0.9498594
2470,Samsung,Galaxy Z Flip7,"I would choose this one again over the alternatives I considered. charging has been quick enough for my routine. the panel looks bright in most situations. games stay smooth during longer sessions. My routine includes calls, photos, and some gaming. feels familiar rather than distinctive. At the same time, the camera output is less consistent than expected.",display,5,Positive,Positive,0.9875854
2473,Xiaomi,Xiaomi 15 Ultra,the panel looks bright in most situations. charging has been quick enough for my routine. the phone stays responsive under a busy workload. night shots are cleaner than I expected.,battery,4,Positive,Positive,0.9911418
2473,Xiaomi,Xiaomi 15 Ultra,the panel looks bright in most situations. charging has been quick enough for my routine. the phone stays responsive under a busy workload. night shots are cleaner than I expected.,display,4,Positive,Positive,0.9892567
2477,OnePlus,OnePlus 13T,"Still, longer gaming sessions can introduce stutter. touch response has been dependable. Most of my use is fairly ordinary rather than demanding. I rarely think about the battery during the day.",battery,4,Positive,Positive,0.98723155
2477,OnePlus,OnePlus 13T,"Still, longer gaming sessions can introduce stutter. touch response has been dependable. Most of my use is fairly ordinary rather than demanding. I rarely think about the battery during the day.",performance,5,Positive,Positive,0.81024075
2477,OnePlus,OnePlus 13T,"Still, longer gaming sessions can introduce stutter. touch response has been dependable. Most of my use is fairly ordinary rather than demanding. I rarely think about the battery during the day.",display,5,Positive,Positive,0.99016446
2484,Motorola,Razr 60 Ultra,"That said, drain has been impressively low. looks fine indoors and in shade. My routine includes calls, photos, and some gaming. the camera is capable without being remarkable.",battery,4,Positive,Neutral,0.43993914
2484,Motorola,Razr 60 Ultra,"That said, drain has been impressively low. looks fine indoors and in shade. My routine includes calls, photos, and some gaming. the camera is capable without being remarkable.",camera,3,Neutral,Neutral,0.8611731
2484,Motorola,Razr 60 Ultra,"That said, drain has been impressively low. looks fine indoors and in shade. My routine includes calls, photos, and some gaming. the camera is capable without being remarkable.",performance,3,Neutral,Neutral,0.43752587
2488,Apple,iPhone 17,switching between apps feels effortless. photos have a pleasing amount of detail. Most of my use is fairly ordinary rather than demanding.,camera,5,Positive,Positive,0.9904937
2488,Apple,iPhone 17,switching between apps feels effortless. photos have a pleasing amount of detail. Most of my use is fairly ordinary rather than demanding.,performance,5,Positive,Positive,0.9871099
2498,OPPO,Find X8 Pro,"charging has been quick enough for my routine. the panel looks bright in most situations. At the same time, longer gaming sessions can introduce stutter. photos have a pleasing amount of detail. feels familiar rather than distinctive.",battery,5,Positive,Positive,0.9907356
2498,OPPO,Find X8 Pro,"charging has been quick enough for my routine. the panel looks bright in most situations. At the same time, longer gaming sessions can introduce stutter. photos have a pleasing amount of detail. feels familiar rather than distinctive.",camera,4,Positive,Positive,0.9906275
2498,OPPO,Find X8 Pro,"charging has been quick enough for my routine. the panel looks bright in most situations. At the same time, longer gaming sessions can introduce stutter. photos have a pleasing amount of detail. feels familiar rather than distinctive.",performance,3,Neutral,Positive,0.7595469
2498,OPPO,Find X8 Pro,"charging has been quick enough for my routine. the panel looks bright in most situations. At the same time, longer gaming sessions can introduce stutter. photos have a pleasing amount of detail. feels familiar rather than distinctive.",display,4,Positive,Positive,0.9898016
2499,OPPO,Find N5,outdoor brightness can be limiting. the design is functional and straightforward. drain is noticeable mainly with demanding apps. I mostly use it for work and messaging.,battery,2,Negative,Neutral,0.89669627
2499,OPPO,Find N5,outdoor brightness can be limiting. the design is functional and straightforward. drain is noticeable mainly with demanding apps. I mostly use it for work and messaging.,performance,3,Neutral,Negative,0.46008644
2499,OPPO,Find N5,outdoor brightness can be limiting. the design is functional and straightforward. drain is noticeable mainly with demanding apps. I mostly use it for work and messaging.,design,4,Positive,Neutral,0.9038025
2499,OPPO,Find N5,outdoor brightness can be limiting. the design is functional and straightforward. drain is noticeable mainly with demanding apps. I mostly use it for work and messaging.,display,2,Negative,Negative,0.9918628
2503,OPPO,Reno 13 Pro,"the panel looks bright in most situations. I mostly use it for work and messaging. At the same time, the buttons do not feel as refined as I expected. drain has been impressively low.",battery,4,Positive,Positive,0.990316
2503,OPPO,Reno 13 Pro,"the panel looks bright in most situations. I mostly use it for work and messaging. At the same time, the buttons do not feel as refined as I expected. drain has been impressively low.",design,4,Positive,Positive,0.79436266
2503,OPPO,Reno 13 Pro,"the panel looks bright in most situations. I mostly use it for work and messaging. At the same time, the buttons do not feel as refined as I expected. drain has been impressively low.",display,4,Positive,Positive,0.98909867
2506,Google,Pixel 10 Pro XL,"is adequate unless I use the phone heavily. text stays sharp and easy to read. the handset feels solid and well put together. I would choose this one again over the alternatives I considered. My routine includes calls, photos, and some gaming. autofocus has been reliable in everyday use.",camera,5,Positive,Positive,0.9902714
2506,Google,Pixel 10 Pro XL,"is adequate unless I use the phone heavily. text stays sharp and easy to read. the handset feels solid and well put together. I would choose this one again over the alternatives I considered. My routine includes calls, photos, and some gaming. autofocus has been reliable in everyday use.",performance,4,Positive,Positive,0.9393393
2510,OnePlus,OnePlus 13T,"it is comfortable to carry and use. Still, switching between apps feels effortless. the panel looks bright in most situations. My routine includes calls, photos, and some gaming.",camera,3,Neutral,Positive,0.47457227
2510,OnePlus,OnePlus 13T,"it is comfortable to carry and use. Still, switching between apps feels effortless. the panel looks bright in most situations. My routine includes calls, photos, and some gaming.",performance,4,Positive,Positive,0.7817869
2510,OnePlus,OnePlus 13T,"it is comfortable to carry and use. Still, switching between apps feels effortless. the panel looks bright in most situations. My routine includes calls, photos, and some gaming.",display,4,Positive,Positive,0.98873377
2512,Apple,iPhone 16,"handles normal apps without trouble. scrolling feels fluid on the high refresh rate. One catch is that, usually leaves plenty of charge by bedtime. I spend a fair amount of time on maps, media, and social apps. I am neither especially impressed nor disappointed. daylight shots come out crisp and detailed. I have been using it as my main phone.",battery,3,Neutral,Positive,0.8943011
2512,Apple,iPhone 16,"handles normal apps without trouble. scrolling feels fluid on the high refresh rate. One catch is that, usually leaves plenty of charge by bedtime. I spend a fair amount of time on maps, media, and social apps. I am neither especially impressed nor disappointed. daylight shots come out crisp and detailed. I have been using it as my main phone.",performance,3,Neutral,Neutral,0.58914524
2512,Apple,iPhone 16,"handles normal apps without trouble. scrolling feels fluid on the high refresh rate. One catch is that, usually leaves plenty of charge by bedtime. I spend a fair amount of time on maps, media, and social apps. I am neither especially impressed nor disappointed. daylight shots come out crisp and detailed. I have been using it as my main phone.",design,3,Neutral,Positive,0.5591847
2512,Apple,iPhone 16,"handles normal apps without trouble. scrolling feels fluid on the high refresh rate. One catch is that, usually leaves plenty of charge by bedtime. I spend a fair amount of time on maps, media, and social apps. I am neither especially impressed nor disappointed. daylight shots come out crisp and detailed. I have been using it as my main phone.",display,4,Positive,Positive,0.9898548
2518,Realme,Realme 14 Pro+,"performance is neither especially quick nor slow. feels familiar rather than distinctive. My routine includes calls, photos, and some gaming. charging has been quick enough for my routine. I use it mostly during a normal workday.",battery,4,Positive,Positive,0.98939985
2518,Realme,Realme 14 Pro+,"performance is neither especially quick nor slow. feels familiar rather than distinctive. My routine includes calls, photos, and some gaming. charging has been quick enough for my routine. I use it mostly during a normal workday.",camera,1,Negative,Neutral,0.5594425
2518,Realme,Realme 14 Pro+,"performance is neither especially quick nor slow. feels familiar rather than distinctive. My routine includes calls, photos, and some gaming. charging has been quick enough for my routine. I use it mostly during a normal workday.",performance,2,Negative,Neutral,0.8605077
2519,Google,Pixel 10,autofocus has been reliable in everyday use. the phone stays responsive under a busy workload. it is comfortable enough to use.,camera,4,Positive,Positive,0.9906228
2522,Apple,iPhone 17,the handset feels solid and well put together. Most of my use is fairly ordinary rather than demanding. night shots are usable with some patience. charging has been quick enough for my routine. the phone stays responsive under a busy workload. I have been using it as my main phone.,battery,4,Positive,Positive,0.9910115
2525,Google,Pixel 10,the screen feels fairly typical for this class. I would happily buy this phone again. night shots are usable with some patience. the buttons do not feel as refined as I expected. I have been using it as my main phone.,design,2,Negative,Negative,0.9178501
2525,Google,Pixel 10,the screen feels fairly typical for this class. I would happily buy this phone again. night shots are usable with some patience. the buttons do not feel as refined as I expected. I have been using it as my main phone.,display,5,Positive,Negative,0.78887427
2529,Xiaomi,Xiaomi 15 Ultra,the phone stays responsive under a busy workload. usually leaves plenty of charge by bedtime.,battery,5,Positive,Positive,0.9892992
2530,Apple,iPhone 17 Pro Max,"text stays sharp and easy to read. the controls feel thoughtfully placed. daylight images are generally fine. It has earned a place as my main phone. Still, apps can hesitate at awkward times. I use it mostly during a normal workday.",performance,5,Positive,Positive,0.9758419
2530,Apple,iPhone 17 Pro Max,"text stays sharp and easy to read. the controls feel thoughtfully placed. daylight images are generally fine. It has earned a place as my main phone. Still, apps can hesitate at awkward times. I use it mostly during a normal workday.",design,5,Positive,Positive,0.97426254
2535,Motorola,Moto G Power 2025,I would choose a different model if I were buying again. autofocus is okay for everyday subjects. feels familiar rather than distinctive. is adequate for most daily tasks. I rarely think about the battery during the day. I have been using it as my main phone.,battery,4,Positive,Positive,0.9855379
2535,Motorola,Moto G Power 2025,I would choose a different model if I were buying again. autofocus is okay for everyday subjects. feels familiar rather than distinctive. is adequate for most daily tasks. I rarely think about the battery during the day. I have been using it as my main phone.,camera,1,Negative,Neutral,0.8938123
2549,Motorola,Razr 60 Ultra,"On the other hand, performance has been consistently strong. is adequate unless I use the phone heavily. the camera handles portraits with good separation.",camera,4,Positive,Positive,0.98961276
2549,Motorola,Razr 60 Ultra,"On the other hand, performance has been consistently strong. is adequate unless I use the phone heavily. the camera handles portraits with good separation.",performance,3,Neutral,Neutral,0.45281696
2559,Apple,iPhone 17,"scrolling feels fluid on the high refresh rate. the handset feels solid and well put together. One catch is that, the camera handles portraits with good separation. It is a reasonable choice, although there are clear alternatives.",camera,4,Positive,Neutral,0.6564648
2559,Apple,iPhone 17,"scrolling feels fluid on the high refresh rate. the handset feels solid and well put together. One catch is that, the camera handles portraits with good separation. It is a reasonable choice, although there are clear alternatives.",display,4,Positive,Positive,0.9904912
2563,Samsung,Galaxy Z Flip7,handles normal apps without trouble. I would hesitate to recommend it in this price range. the finish looks more premium in person. I bought it after comparing a few phones in the same range.,performance,3,Neutral,Positive,0.49473593
2563,Samsung,Galaxy Z Flip7,handles normal apps without trouble. I would hesitate to recommend it in this price range. the finish looks more premium in person. I bought it after comparing a few phones in the same range.,design,4,Positive,Positive,0.9845018
2564,Nothing,Phone 2a Plus,"My view of it has remained fairly balanced. One catch is that, some photos lose detail when the light drops. performance has been consistently strong. outdoor brightness can be limiting. holds up really well through a long day.",camera,1,Negative,Positive,0.4821357
2564,Nothing,Phone 2a Plus,"My view of it has remained fairly balanced. One catch is that, some photos lose detail when the light drops. performance has been consistently strong. outdoor brightness can be limiting. holds up really well through a long day.",performance,4,Positive,Positive,0.9897131
2564,Nothing,Phone 2a Plus,"My view of it has remained fairly balanced. One catch is that, some photos lose detail when the light drops. performance has been consistently strong. outdoor brightness can be limiting. holds up really well through a long day.",design,4,Positive,Positive,0.7947105
2564,Nothing,Phone 2a Plus,"My view of it has remained fairly balanced. One catch is that, some photos lose detail when the light drops. performance has been consistently strong. outdoor brightness can be limiting. holds up really well through a long day.",display,2,Negative,Negative,0.9936615
2571,Google,Pixel 10,"My routine includes calls, photos, and some gaming. daylight shots come out crisp and detailed. handles normal apps without trouble. the design is functional and straightforward. I would choose a different model if I were buying again. the panel is decent without being exceptional.",camera,4,Positive,Positive,0.97486037
2571,Google,Pixel 10,"My routine includes calls, photos, and some gaming. daylight shots come out crisp and detailed. handles normal apps without trouble. the design is functional and straightforward. I would choose a different model if I were buying again. the panel is decent without being exceptional.",performance,3,Neutral,Neutral,0.7599457
2571,Google,Pixel 10,"My routine includes calls, photos, and some gaming. daylight shots come out crisp and detailed. handles normal apps without trouble. the design is functional and straightforward. I would choose a different model if I were buying again. the panel is decent without being exceptional.",design,3,Neutral,Neutral,0.89573497
2571,Google,Pixel 10,"My routine includes calls, photos, and some gaming. daylight shots come out crisp and detailed. handles normal apps without trouble. the design is functional and straightforward. I would choose a different model if I were buying again. the panel is decent without being exceptional.",display,3,Neutral,Neutral,0.73432857
2575,Google,Pixel 10 Pro XL,"I can see why someone would like it, but I also see the drawbacks. the panel looks bright in most situations. feels familiar rather than distinctive.",display,5,Positive,Positive,0.9888222
2592,Samsung,Galaxy S26 Ultra,"One catch is that, autofocus occasionally misses the moment. Most of my use is fairly ordinary rather than demanding. the design is functional and straightforward. gaming is okay at moderate settings. scrolling feels fluid on the high refresh rate. It has earned a place as my main phone.",camera,5,Positive,Positive,0.7099542
2592,Samsung,Galaxy S26 Ultra,"One catch is that, autofocus occasionally misses the moment. Most of my use is fairly ordinary rather than demanding. the design is functional and straightforward. gaming is okay at moderate settings. scrolling feels fluid on the high refresh rate. It has earned a place as my main phone.",performance,5,Positive,Neutral,0.8020448
2592,Samsung,Galaxy S26 Ultra,"One catch is that, autofocus occasionally misses the moment. Most of my use is fairly ordinary rather than demanding. the design is functional and straightforward. gaming is okay at moderate settings. scrolling feels fluid on the high refresh rate. It has earned a place as my main phone.",design,4,Positive,Neutral,0.8846937
2592,Samsung,Galaxy S26 Ultra,"One catch is that, autofocus occasionally misses the moment. Most of my use is fairly ordinary rather than demanding. the design is functional and straightforward. gaming is okay at moderate settings. scrolling feels fluid on the high refresh rate. It has earned a place as my main phone.",display,4,Positive,Positive,0.9908664
2612,OnePlus,OnePlus 13R,"holds up really well through a long day. My routine includes calls, photos, and some gaming. daylight images are generally fine. I would happily buy this phone again. switching between apps feels effortless.",camera,3,Neutral,Neutral,0.75521076
2612,OnePlus,OnePlus 13R,"holds up really well through a long day. My routine includes calls, photos, and some gaming. daylight images are generally fine. I would happily buy this phone again. switching between apps feels effortless.",performance,5,Positive,Positive,0.98620045
2612,OnePlus,OnePlus 13R,"holds up really well through a long day. My routine includes calls, photos, and some gaming. daylight images are generally fine. I would happily buy this phone again. switching between apps feels effortless.",design,4,Positive,Positive,0.9252849
2614,OPPO,Find X8 Pro,I would choose this one again over the alternatives I considered. charging has been quick enough for my routine. the design has grown on me. brightness is okay for my usual use. performance has been consistently strong.,battery,5,Positive,Positive,0.9909882
2614,OPPO,Find X8 Pro,I would choose this one again over the alternatives I considered. charging has been quick enough for my routine. the design has grown on me. brightness is okay for my usual use. performance has been consistently strong.,performance,4,Positive,Positive,0.9900185
2614,OPPO,Find X8 Pro,I would choose this one again over the alternatives I considered. charging has been quick enough for my routine. the design has grown on me. brightness is okay for my usual use. performance has been consistently strong.,design,4,Positive,Positive,0.9893383
2614,OPPO,Find X8 Pro,I would choose this one again over the alternatives I considered. charging has been quick enough for my routine. the design has grown on me. brightness is okay for my usual use. performance has been consistently strong.,display,3,Neutral,Neutral,0.8740527
2616,Google,Pixel 10 Pro,It has earned a place as my main phone. autofocus is okay for everyday subjects. text stays sharp and easy to read. the finish looks more premium in person. Most of my use is fairly ordinary rather than demanding.,camera,4,Positive,Neutral,0.88425666
2616,Google,Pixel 10 Pro,It has earned a place as my main phone. autofocus is okay for everyday subjects. text stays sharp and easy to read. the finish looks more premium in person. Most of my use is fairly ordinary rather than demanding.,design,5,Positive,Positive,0.9874228
2617,Nothing,Phone 2a Plus,"touch response has occasionally felt delayed. portraits can have uneven edge separation. handles normal apps without trouble. I spend a fair amount of time on maps, media, and social apps. charging has been quick enough for my routine. That said, the controls feel thoughtfully placed. I have been using it as my main phone.",battery,4,Positive,Positive,0.99072886
2617,Nothing,Phone 2a Plus,"touch response has occasionally felt delayed. portraits can have uneven edge separation. handles normal apps without trouble. I spend a fair amount of time on maps, media, and social apps. charging has been quick enough for my routine. That said, the controls feel thoughtfully placed. I have been using it as my main phone.",camera,2,Negative,Negative,0.99414235
2617,Nothing,Phone 2a Plus,"touch response has occasionally felt delayed. portraits can have uneven edge separation. handles normal apps without trouble. I spend a fair amount of time on maps, media, and social apps. charging has been quick enough for my routine. That said, the controls feel thoughtfully placed. I have been using it as my main phone.",performance,3,Neutral,Negative,0.7052035
2617,Nothing,Phone 2a Plus,"touch response has occasionally felt delayed. portraits can have uneven edge separation. handles normal apps without trouble. I spend a fair amount of time on maps, media, and social apps. charging has been quick enough for my routine. That said, the controls feel thoughtfully placed. I have been using it as my main phone.",display,1,Negative,Negative,0.99362093
2624,Apple,iPhone 16,"I am already considering a different phone next time. colors are pleasing without looking excessive. That said, the finish looks more premium in person. Most of my use is fairly ordinary rather than demanding. charging speed is fairly ordinary. I use it mostly during a normal workday.",battery,3,Neutral,Neutral,0.9093066
2624,Apple,iPhone 16,"I am already considering a different phone next time. colors are pleasing without looking excessive. That said, the finish looks more premium in person. Most of my use is fairly ordinary rather than demanding. charging speed is fairly ordinary. I use it mostly during a normal workday.",design,4,Positive,Neutral,0.7558299
2624,Apple,iPhone 16,"I am already considering a different phone next time. colors are pleasing without looking excessive. That said, the finish looks more premium in person. Most of my use is fairly ordinary rather than demanding. charging speed is fairly ordinary. I use it mostly during a normal workday.",display,4,Positive,Positive,0.9898347
2627,Motorola,Motorola Edge 60 Pro,"That said, colors are not always consistent. multitasking is acceptable for my routine. Most of my use is fairly ordinary rather than demanding. charging has been quick enough for my routine. the camera handles portraits with good separation.",battery,5,Positive,Positive,0.9907003
2627,Motorola,Motorola Edge 60 Pro,"That said, colors are not always consistent. multitasking is acceptable for my routine. Most of my use is fairly ordinary rather than demanding. charging has been quick enough for my routine. the camera handles portraits with good separation.",camera,4,Positive,Positive,0.9896125
2627,Motorola,Motorola Edge 60 Pro,"That said, colors are not always consistent. multitasking is acceptable for my routine. Most of my use is fairly ordinary rather than demanding. charging has been quick enough for my routine. the camera handles portraits with good separation.",performance,3,Neutral,Neutral,0.84818953
2627,Motorola,Motorola Edge 60 Pro,"That said, colors are not always consistent. multitasking is acceptable for my routine. Most of my use is fairly ordinary rather than demanding. charging has been quick enough for my routine. the camera handles portraits with good separation.",display,3,Neutral,Neutral,0.5078688
2630,OnePlus,OnePlus 13R,"the finish looks more premium in person. My routine includes calls, photos, and some gaming. apps move along without much waiting. I would recommend it to someone shopping in this range.",camera,2,Negative,Positive,0.7037416
2630,OnePlus,OnePlus 13R,"the finish looks more premium in person. My routine includes calls, photos, and some gaming. apps move along without much waiting. I would recommend it to someone shopping in this range.",performance,4,Positive,Positive,0.98594415
2630,OnePlus,OnePlus 13R,"the finish looks more premium in person. My routine includes calls, photos, and some gaming. apps move along without much waiting. I would recommend it to someone shopping in this range.",design,5,Positive,Positive,0.98674333
2632,Nothing,Phone 2a Plus,portraits can have uneven edge separation. holds up really well through a long day. I would not buy this phone again.,camera,2,Negative,Negative,0.99417144
2634,Nothing,Nothing Phone 3,usually leaves plenty of charge by bedtime. looks fine indoors and in shade. daylight shots come out crisp and detailed. the phone stays responsive under a busy workload.,battery,4,Positive,Positive,0.98868024
2634,Nothing,Nothing Phone 3,usually leaves plenty of charge by bedtime. looks fine indoors and in shade. daylight shots come out crisp and detailed. the phone stays responsive under a busy workload.,design,4,Positive,Positive,0.92235506
2639,Motorola,Moto G Power 2025,"I would hesitate to recommend it in this price range. usually leaves plenty of charge by bedtime. Still, performance has been consistently strong. scrolling can feel less fluid than advertised. Most of my use is fairly ordinary rather than demanding.",battery,4,Positive,Positive,0.9882086
2639,Motorola,Moto G Power 2025,"I would hesitate to recommend it in this price range. usually leaves plenty of charge by bedtime. Still, performance has been consistently strong. scrolling can feel less fluid than advertised. Most of my use is fairly ordinary rather than demanding.",performance,1,Negative,Neutral,0.5104895
2642,OPPO,Find N5,night shots are usable with some patience. multitasking is acceptable for my routine. Most of my use is fairly ordinary rather than demanding. the finish looks more premium in person.,performance,4,Positive,Neutral,0.7900506
2642,OPPO,Find N5,night shots are usable with some patience. multitasking is acceptable for my routine. Most of my use is fairly ordinary rather than demanding. the finish looks more premium in person.,design,4,Positive,Positive,0.98483086
2659,Realme,Realme GT 7 Pro,"holds up really well through a long day. I mostly use it for work and messaging. I am still undecided about whether I would buy it again. At the same time, switching between heavier apps is not always smooth. feels familiar rather than distinctive.",performance,4,Positive,Positive,0.4830952
2668,OnePlus,OnePlus 13R,"Still, touch response has occasionally felt delayed. I spend a fair amount of time on maps, media, and social apps. daylight shots come out crisp and detailed. the design has grown on me. drain is noticeable mainly with demanding apps. I use it mostly during a normal workday.",battery,3,Neutral,Neutral,0.8411543
2668,OnePlus,OnePlus 13R,"Still, touch response has occasionally felt delayed. I spend a fair amount of time on maps, media, and social apps. daylight shots come out crisp and detailed. the design has grown on me. drain is noticeable mainly with demanding apps. I use it mostly during a normal workday.",performance,5,Positive,Positive,0.7677489
2668,OnePlus,OnePlus 13R,"Still, touch response has occasionally felt delayed. I spend a fair amount of time on maps, media, and social apps. daylight shots come out crisp and detailed. the design has grown on me. drain is noticeable mainly with demanding apps. I use it mostly during a normal workday.",design,5,Positive,Positive,0.98873097
2668,OnePlus,OnePlus 13R,"Still, touch response has occasionally felt delayed. I spend a fair amount of time on maps, media, and social apps. daylight shots come out crisp and detailed. the design has grown on me. drain is noticeable mainly with demanding apps. I use it mostly during a normal workday.",display,3,Neutral,Positive,0.9706386
2679,Xiaomi,Redmi Note 14 Pro+,daylight images are generally fine. I would hesitate to recommend it in this price range. touch response has been dependable. The software has been stable for me so far.,design,2,Negative,Neutral,0.59960705
2679,Xiaomi,Redmi Note 14 Pro+,daylight images are generally fine. I would hesitate to recommend it in this price range. touch response has been dependable. The software has been stable for me so far.,display,4,Positive,Positive,0.98838484
2680,Realme,Realme GT 7 Pro,"the screen feels fairly typical for this class. switching between apps feels effortless. I have more complaints than I expected to have. I spend a fair amount of time on maps, media, and social apps.",performance,4,Positive,Positive,0.98278207
2680,Realme,Realme GT 7 Pro,"the screen feels fairly typical for this class. switching between apps feels effortless. I have more complaints than I expected to have. I spend a fair amount of time on maps, media, and social apps.",display,3,Neutral,Neutral,0.8964068
2688,OPPO,Reno 13 Pro,the camera output is less consistent than expected. I bought it after comparing a few phones in the same range. the handset feels solid and well put together. The compromises are difficult to overlook. touch response has been dependable.,camera,2,Negative,Negative,0.994478
2688,OPPO,Reno 13 Pro,the camera output is less consistent than expected. I bought it after comparing a few phones in the same range. the handset feels solid and well put together. The compromises are difficult to overlook. touch response has been dependable.,display,4,Positive,Positive,0.9899783
2693,Samsung,Galaxy S26,"switching between apps feels effortless. is adequate for most daily tasks. the design has grown on me. On the other hand, portraits can have uneven edge separation. I rarely think about the battery during the day. The software has been stable for me so far.",battery,4,Positive,Positive,0.985987
2693,Samsung,Galaxy S26,"switching between apps feels effortless. is adequate for most daily tasks. the design has grown on me. On the other hand, portraits can have uneven edge separation. I rarely think about the battery during the day. The software has been stable for me so far.",camera,5,Positive,Positive,0.5632962
2693,Samsung,Galaxy S26,"switching between apps feels effortless. is adequate for most daily tasks. the design has grown on me. On the other hand, portraits can have uneven edge separation. I rarely think about the battery during the day. The software has been stable for me so far.",performance,5,Positive,Positive,0.9863762
2693,Samsung,Galaxy S26,"switching between apps feels effortless. is adequate for most daily tasks. the design has grown on me. On the other hand, portraits can have uneven edge separation. I rarely think about the battery during the day. The software has been stable for me so far.",design,4,Positive,Positive,0.9898425
2696,Apple,iPhone 16e,"night shots often need another try. the panel is decent without being exceptional. At the same time, charging has been quick enough for my routine. I mostly use it for work and messaging. The software has been stable for me so far.",battery,3,Neutral,Negative,0.8303847
2696,Apple,iPhone 16e,"night shots often need another try. the panel is decent without being exceptional. At the same time, charging has been quick enough for my routine. I mostly use it for work and messaging. The software has been stable for me so far.",display,4,Positive,Neutral,0.8993145
2697,Apple,iPhone 16e,"is adequate for most daily tasks. works well enough for routine photos. switching between apps feels effortless. That said, the controls feel thoughtfully placed. I bought it after comparing a few phones in the same range.",camera,3,Neutral,Neutral,0.87496984
2697,Apple,iPhone 16e,"is adequate for most daily tasks. works well enough for routine photos. switching between apps feels effortless. That said, the controls feel thoughtfully placed. I bought it after comparing a few phones in the same range.",performance,4,Positive,Positive,0.98651195
2703,Samsung,Galaxy S25 Ultra,autofocus has been reliable in everyday use. the handset feels solid and well put together. I mostly use it for work and messaging.,camera,5,Positive,Positive,0.99069184
2704,Samsung,Galaxy Z Flip7,"charging has been quick enough for my routine. Still, text stays sharp and easy to read. multitasking is acceptable for my routine. the handset feels solid and well put together.",battery,4,Positive,Positive,0.99014205
2704,Samsung,Galaxy Z Flip7,"charging has been quick enough for my routine. Still, text stays sharp and easy to read. multitasking is acceptable for my routine. the handset feels solid and well put together.",performance,3,Neutral,Neutral,0.83605385
2705,Nothing,Nothing Phone 3,"Still, the finish looks more premium in person. Most of my use is fairly ordinary rather than demanding. switching between apps feels effortless. I can see why someone would like it, but I also see the drawbacks. usually leaves plenty of charge by bedtime. I use it mostly during a normal workday.",battery,4,Positive,Positive,0.9886988
2705,Nothing,Nothing Phone 3,"Still, the finish looks more premium in person. Most of my use is fairly ordinary rather than demanding. switching between apps feels effortless. I can see why someone would like it, but I also see the drawbacks. usually leaves plenty of charge by bedtime. I use it mostly during a normal workday.",performance,4,Positive,Positive,0.98765534
2705,Nothing,Nothing Phone 3,"Still, the finish looks more premium in person. Most of my use is fairly ordinary rather than demanding. switching between apps feels effortless. I can see why someone would like it, but I also see the drawbacks. usually leaves plenty of charge by bedtime. I use it mostly during a normal workday.",design,5,Positive,Positive,0.88112974
2706,Nothing,Nothing Phone 3,"performance has been less consistent than I hoped. is adequate unless I use the phone heavily. I regret some parts of the purchase. Most of my use is fairly ordinary rather than demanding. One catch is that, the panel looks bright in most situations. I use it mostly during a normal workday.",performance,2,Negative,Negative,0.993871
2706,Nothing,Nothing Phone 3,"performance has been less consistent than I hoped. is adequate unless I use the phone heavily. I regret some parts of the purchase. Most of my use is fairly ordinary rather than demanding. One catch is that, the panel looks bright in most situations. I use it mostly during a normal workday.",display,2,Negative,Neutral,0.5932239
2711,Motorola,Moto G Power 2025,"I mostly use it for work and messaging. the screen feels fairly typical for this class. performance has been less consistent than I hoped. I regret some parts of the purchase. I rarely think about the battery during the day. daylight images are generally fine. One catch is that, the controls feel thoughtfully placed.",battery,4,Positive,Positive,0.98356134
2711,Motorola,Moto G Power 2025,"I mostly use it for work and messaging. the screen feels fairly typical for this class. performance has been less consistent than I hoped. I regret some parts of the purchase. I rarely think about the battery during the day. daylight images are generally fine. One catch is that, the controls feel thoughtfully placed.",performance,1,Negative,Negative,0.9941999
2711,Motorola,Moto G Power 2025,"I mostly use it for work and messaging. the screen feels fairly typical for this class. performance has been less consistent than I hoped. I regret some parts of the purchase. I rarely think about the battery during the day. daylight images are generally fine. One catch is that, the controls feel thoughtfully placed.",design,3,Neutral,Neutral,0.5952854
2711,Motorola,Moto G Power 2025,"I mostly use it for work and messaging. the screen feels fairly typical for this class. performance has been less consistent than I hoped. I regret some parts of the purchase. I rarely think about the battery during the day. daylight images are generally fine. One catch is that, the controls feel thoughtfully placed.",display,3,Neutral,Neutral,0.9026159
2714,Google,Pixel 10,"the panel is decent without being exceptional. night shots are cleaner than I expected. One catch is that, apps move along without much waiting.",performance,2,Negative,Positive,0.8960731
2714,Google,Pixel 10,"the panel is decent without being exceptional. night shots are cleaner than I expected. One catch is that, apps move along without much waiting.",display,3,Neutral,Neutral,0.7369288
2722,Samsung,Galaxy Z Flip7,it is comfortable to carry and use. battery performance has been about what I expected. I use it mostly during a normal workday.,battery,3,Neutral,Neutral,0.8901414
2722,Samsung,Galaxy Z Flip7,it is comfortable to carry and use. battery performance has been about what I expected. I use it mostly during a normal workday.,performance,2,Negative,Positive,0.5486249
2723,Google,Pixel 10 Pro XL,"autofocus has been reliable in everyday use. I spend a fair amount of time on maps, media, and social apps. nothing about the finish stands out much. I am pleased with the purchase overall. performance has been consistently strong. I use it mostly during a normal workday.",camera,5,Positive,Positive,0.990703
2723,Google,Pixel 10 Pro XL,"autofocus has been reliable in everyday use. I spend a fair amount of time on maps, media, and social apps. nothing about the finish stands out much. I am pleased with the purchase overall. performance has been consistently strong. I use it mostly during a normal workday.",performance,4,Positive,Positive,0.99017674
2723,Google,Pixel 10 Pro XL,"autofocus has been reliable in everyday use. I spend a fair amount of time on maps, media, and social apps. nothing about the finish stands out much. I am pleased with the purchase overall. performance has been consistently strong. I use it mostly during a normal workday.",design,5,Positive,Neutral,0.8142589
2727,OPPO,Find X8 Pro,"That said, portraits can have uneven edge separation. My routine includes calls, photos, and some gaming. drain is noticeable mainly with demanding apps. the screen feels fairly typical for this class. I have been using it as my main phone.",battery,3,Neutral,Neutral,0.8808491
2727,OPPO,Find X8 Pro,"That said, portraits can have uneven edge separation. My routine includes calls, photos, and some gaming. drain is noticeable mainly with demanding apps. the screen feels fairly typical for this class. I have been using it as my main phone.",camera,4,Positive,Neutral,0.4845667
2727,OPPO,Find X8 Pro,"That said, portraits can have uneven edge separation. My routine includes calls, photos, and some gaming. drain is noticeable mainly with demanding apps. the screen feels fairly typical for this class. I have been using it as my main phone.",performance,5,Positive,Neutral,0.5007049
2727,OPPO,Find X8 Pro,"That said, portraits can have uneven edge separation. My routine includes calls, photos, and some gaming. drain is noticeable mainly with demanding apps. the screen feels fairly typical for this class. I have been using it as my main phone.",display,5,Positive,Neutral,0.89484143
2736,OnePlus,OnePlus 13T,"text stays sharp and easy to read. charging has been quick enough for my routine. switching between apps feels effortless. I spend a fair amount of time on maps, media, and social apps.",battery,4,Positive,Positive,0.9908269
2736,OnePlus,OnePlus 13T,"text stays sharp and easy to read. charging has been quick enough for my routine. switching between apps feels effortless. I spend a fair amount of time on maps, media, and social apps.",performance,4,Positive,Positive,0.9884066
2754,Samsung,Galaxy S26,text stays sharp and easy to read. autofocus is okay for everyday subjects. Most of my use is fairly ordinary rather than demanding.,camera,4,Positive,Neutral,0.8907575
2764,Motorola,Moto G Power 2025,"night shots are cleaner than I expected. My routine includes calls, photos, and some gaming. the design is functional and straightforward. Still, performance has been less consistent than I hoped. The software has been stable for me so far.",camera,5,Positive,Positive,0.96637493
2764,Motorola,Moto G Power 2025,"night shots are cleaner than I expected. My routine includes calls, photos, and some gaming. the design is functional and straightforward. Still, performance has been less consistent than I hoped. The software has been stable for me so far.",performance,4,Positive,Positive,0.8379337
2764,Motorola,Moto G Power 2025,"night shots are cleaner than I expected. My routine includes calls, photos, and some gaming. the design is functional and straightforward. Still, performance has been less consistent than I hoped. The software has been stable for me so far.",design,3,Neutral,Neutral,0.8986871
2771,OPPO,Reno 13 Pro,"night shots are usable with some patience. switching between apps feels effortless. I spend a fair amount of time on maps, media, and social apps.",performance,5,Positive,Positive,0.9871291
2786,Xiaomi,Xiaomi 15 Ultra,autofocus is okay for everyday subjects. I bought it after comparing a few phones in the same range. switching between apps feels effortless. I use it mostly during a normal workday.,camera,5,Positive,Neutral,0.8787548
2786,Xiaomi,Xiaomi 15 Ultra,autofocus is okay for everyday subjects. I bought it after comparing a few phones in the same range. switching between apps feels effortless. I use it mostly during a normal workday.,performance,5,Positive,Positive,0.98771065
2792,Motorola,Razr 60 Ultra,"text stays sharp and easy to read. I spend a fair amount of time on maps, media, and social apps. the handset feels solid and well put together.",performance,4,Positive,Positive,0.87978274
2802,OPPO,Reno 13 Pro,night shots are cleaner than I expected. performance is neither especially quick nor slow.,performance,3,Neutral,Neutral,0.8569537
2805,Motorola,Moto G Power 2025,handles normal apps without trouble. is adequate for most daily tasks. battery performance has been about what I expected. I use it mostly during a normal workday.,battery,3,Neutral,Neutral,0.8924161
2805,Motorola,Moto G Power 2025,handles normal apps without trouble. is adequate for most daily tasks. battery performance has been about what I expected. I use it mostly during a normal workday.,performance,3,Neutral,Neutral,0.8078038
2813,OnePlus,OnePlus 13T,"I would happily buy this phone again. Still, drain becomes noticeable with ordinary use. performance has been consistently strong. photos have a pleasing amount of detail.",battery,3,Neutral,Positive,0.9175937
2813,OnePlus,OnePlus 13T,"I would happily buy this phone again. Still, drain becomes noticeable with ordinary use. performance has been consistently strong. photos have a pleasing amount of detail.",camera,5,Positive,Positive,0.99063265
2813,OnePlus,OnePlus 13T,"I would happily buy this phone again. Still, drain becomes noticeable with ordinary use. performance has been consistently strong. photos have a pleasing amount of detail.",performance,5,Positive,Positive,0.9898087
2814,Realme,Realme GT 7,"One catch is that, it needs a top-up before the day is over. My routine includes calls, photos, and some gaming. apps move along without much waiting. the design is functional and straightforward. touch response has been dependable. The software has been stable for me so far.",camera,2,Negative,Positive,0.6125708
2814,Realme,Realme GT 7,"One catch is that, it needs a top-up before the day is over. My routine includes calls, photos, and some gaming. apps move along without much waiting. the design is functional and straightforward. touch response has been dependable. The software has been stable for me so far.",performance,4,Positive,Positive,0.98543257
2814,Realme,Realme GT 7,"One catch is that, it needs a top-up before the day is over. My routine includes calls, photos, and some gaming. apps move along without much waiting. the design is functional and straightforward. touch response has been dependable. The software has been stable for me so far.",design,4,Positive,Neutral,0.88712305
2814,Realme,Realme GT 7,"One catch is that, it needs a top-up before the day is over. My routine includes calls, photos, and some gaming. apps move along without much waiting. the design is functional and straightforward. touch response has been dependable. The software has been stable for me so far.",display,5,Positive,Positive,0.98970044
2825,Google,Pixel 9a,"One catch is that, night shots are cleaner than I expected. looks fine indoors and in shade. gaming is okay at moderate settings. I have more complaints than I expected to have.",performance,3,Neutral,Neutral,0.89043146
2855,Samsung,Galaxy A56 5G,"is adequate for most daily tasks. it is comfortable to carry and use. At the same time, battery life has been one of my complaints. works well enough for routine photos. I would call the purchase acceptable rather than exciting. I use it mostly during a normal workday.",battery,5,Positive,Neutral,0.594112
2855,Samsung,Galaxy A56 5G,"is adequate for most daily tasks. it is comfortable to carry and use. At the same time, battery life has been one of my complaints. works well enough for routine photos. I would call the purchase acceptable rather than exciting. I use it mostly during a normal workday.",camera,3,Neutral,Neutral,0.8836432
2857,Google,Pixel 10,"drain has been impressively low. games stay smooth during longer sessions. I spend a fair amount of time on maps, media, and social apps. the panel looks bright in most situations.",battery,5,Positive,Positive,0.9895281
2857,Google,Pixel 10,"drain has been impressively low. games stay smooth during longer sessions. I spend a fair amount of time on maps, media, and social apps. the panel looks bright in most situations.",performance,4,Positive,Positive,0.9881678
2857,Google,Pixel 10,"drain has been impressively low. games stay smooth during longer sessions. I spend a fair amount of time on maps, media, and social apps. the panel looks bright in most situations.",display,4,Positive,Positive,0.9895046
2860,OnePlus,OnePlus 13R,"usually leaves plenty of charge by bedtime. I am pleased with the purchase overall. My routine includes calls, photos, and some gaming. it is comfortable to carry and use. performance has been consistently strong. the screen feels fairly typical for this class.",battery,5,Positive,Positive,0.98783976
2860,OnePlus,OnePlus 13R,"usually leaves plenty of charge by bedtime. I am pleased with the purchase overall. My routine includes calls, photos, and some gaming. it is comfortable to carry and use. performance has been consistently strong. the screen feels fairly typical for this class.",camera,4,Positive,Positive,0.6997909
2860,OnePlus,OnePlus 13R,"usually leaves plenty of charge by bedtime. I am pleased with the purchase overall. My routine includes calls, photos, and some gaming. it is comfortable to carry and use. performance has been consistently strong. the screen feels fairly typical for this class.",performance,5,Positive,Positive,0.9897821
2860,OnePlus,OnePlus 13R,"usually leaves plenty of charge by bedtime. I am pleased with the purchase overall. My routine includes calls, photos, and some gaming. it is comfortable to carry and use. performance has been consistently strong. the screen feels fairly typical for this class.",display,3,Neutral,Neutral,0.83706975
2862,Samsung,Galaxy S26 Ultra,scrolling feels fluid on the high refresh rate. charging has been quick enough for my routine.,battery,4,Positive,Positive,0.9910121
2862,Samsung,Galaxy S26 Ultra,scrolling feels fluid on the high refresh rate. charging has been quick enough for my routine.,display,5,Positive,Positive,0.99053454
2872,Realme,Realme GT 7 Pro,"daylight shots come out crisp and detailed. usually leaves plenty of charge by bedtime. That said, apps can hesitate at awkward times. I mostly use it for work and messaging. I would choose this one again over the alternatives I considered. scrolling feels fluid on the high refresh rate. I use it mostly during a normal workday.",battery,5,Positive,Positive,0.9883916
2872,Realme,Realme GT 7 Pro,"daylight shots come out crisp and detailed. usually leaves plenty of charge by bedtime. That said, apps can hesitate at awkward times. I mostly use it for work and messaging. I would choose this one again over the alternatives I considered. scrolling feels fluid on the high refresh rate. I use it mostly during a normal workday.",performance,5,Positive,Positive,0.96711046
2872,Realme,Realme GT 7 Pro,"daylight shots come out crisp and detailed. usually leaves plenty of charge by bedtime. That said, apps can hesitate at awkward times. I mostly use it for work and messaging. I would choose this one again over the alternatives I considered. scrolling feels fluid on the high refresh rate. I use it mostly during a normal workday.",design,5,Positive,Positive,0.9607234
2872,Realme,Realme GT 7 Pro,"daylight shots come out crisp and detailed. usually leaves plenty of charge by bedtime. That said, apps can hesitate at awkward times. I mostly use it for work and messaging. I would choose this one again over the alternatives I considered. scrolling feels fluid on the high refresh rate. I use it mostly during a normal workday.",display,4,Positive,Positive,0.9900877
2876,Motorola,Razr 60 Ultra,drain becomes noticeable with ordinary use. Most of my use is fairly ordinary rather than demanding. night shots are usable with some patience. the build is reasonable for the price. performance has been consistently strong. I have been using it as my main phone.,battery,2,Negative,Negative,0.99238974
2876,Motorola,Razr 60 Ultra,drain becomes noticeable with ordinary use. Most of my use is fairly ordinary rather than demanding. night shots are usable with some patience. the build is reasonable for the price. performance has been consistently strong. I have been using it as my main phone.,performance,4,Positive,Positive,0.9904088
2876,Motorola,Razr 60 Ultra,drain becomes noticeable with ordinary use. Most of my use is fairly ordinary rather than demanding. night shots are usable with some patience. the build is reasonable for the price. performance has been consistently strong. I have been using it as my main phone.,design,4,Positive,Neutral,0.8981654
2878,Google,Pixel 9a,"the panel looks bright in most situations. I have more complaints than I expected to have. the design is functional and straightforward. autofocus has been reliable in everyday use. On the other hand, games stay smooth during longer sessions. battery performance has been about what I expected. I have been using it as my main phone.",battery,3,Neutral,Neutral,0.8815436
2878,Google,Pixel 9a,"the panel looks bright in most situations. I have more complaints than I expected to have. the design is functional and straightforward. autofocus has been reliable in everyday use. On the other hand, games stay smooth during longer sessions. battery performance has been about what I expected. I have been using it as my main phone.",camera,5,Positive,Positive,0.9903633
2878,Google,Pixel 9a,"the panel looks bright in most situations. I have more complaints than I expected to have. the design is functional and straightforward. autofocus has been reliable in everyday use. On the other hand, games stay smooth during longer sessions. battery performance has been about what I expected. I have been using it as my main phone.",performance,1,Negative,Positive,0.46518514
2878,Google,Pixel 9a,"the panel looks bright in most situations. I have more complaints than I expected to have. the design is functional and straightforward. autofocus has been reliable in everyday use. On the other hand, games stay smooth during longer sessions. battery performance has been about what I expected. I have been using it as my main phone.",design,3,Neutral,Neutral,0.90230185
2878,Google,Pixel 9a,"the panel looks bright in most situations. I have more complaints than I expected to have. the design is functional and straightforward. autofocus has been reliable in everyday use. On the other hand, games stay smooth during longer sessions. battery performance has been about what I expected. I have been using it as my main phone.",display,4,Positive,Positive,0.98806816
2883,Samsung,Galaxy Z Flip7,"the camera is capable without being remarkable. I spend a fair amount of time on maps, media, and social apps. the controls feel thoughtfully placed.",camera,3,Neutral,Neutral,0.87743145
2883,Samsung,Galaxy Z Flip7,"the camera is capable without being remarkable. I spend a fair amount of time on maps, media, and social apps. the controls feel thoughtfully placed.",performance,4,Positive,Positive,0.65457666
2885,Xiaomi,Xiaomi 15,"I mostly use it for work and messaging. games stay smooth during longer sessions. Still, drain becomes noticeable with ordinary use. the handset feels solid and well put together. daylight shots come out crisp and detailed. I would recommend it to someone shopping in this range. looks fine indoors and in shade.",battery,3,Neutral,Positive,0.7555942
2885,Xiaomi,Xiaomi 15,"I mostly use it for work and messaging. games stay smooth during longer sessions. Still, drain becomes noticeable with ordinary use. the handset feels solid and well put together. daylight shots come out crisp and detailed. I would recommend it to someone shopping in this range. looks fine indoors and in shade.",performance,4,Positive,Positive,0.9875109
2885,Xiaomi,Xiaomi 15,"I mostly use it for work and messaging. games stay smooth during longer sessions. Still, drain becomes noticeable with ordinary use. the handset feels solid and well put together. daylight shots come out crisp and detailed. I would recommend it to someone shopping in this range. looks fine indoors and in shade.",design,5,Positive,Positive,0.8971163
2906,Samsung,Galaxy S26,Most of my use is fairly ordinary rather than demanding. touch response has been dependable. holds up really well through a long day. I use it mostly during a normal workday.,display,4,Positive,Positive,0.9901342
2909,Motorola,Razr 60 Ultra,"usually leaves plenty of charge by bedtime. the design has grown on me. gaming is okay at moderate settings. I spend a fair amount of time on maps, media, and social apps. At the same time, the panel looks less convincing at an angle.",battery,4,Positive,Positive,0.98791796
2909,Motorola,Razr 60 Ultra,"usually leaves plenty of charge by bedtime. the design has grown on me. gaming is okay at moderate settings. I spend a fair amount of time on maps, media, and social apps. At the same time, the panel looks less convincing at an angle.",performance,4,Positive,Neutral,0.82576823
2909,Motorola,Razr 60 Ultra,"usually leaves plenty of charge by bedtime. the design has grown on me. gaming is okay at moderate settings. I spend a fair amount of time on maps, media, and social apps. At the same time, the panel looks less convincing at an angle.",design,4,Positive,Positive,0.98973477
2909,Motorola,Razr 60 Ultra,"usually leaves plenty of charge by bedtime. the design has grown on me. gaming is okay at moderate settings. I spend a fair amount of time on maps, media, and social apps. At the same time, the panel looks less convincing at an angle.",display,4,Positive,Positive,0.5756636
2912,OnePlus,OnePlus 13,"drain has been impressively low. That said, the camera output is less consistent than expected. I bought it after comparing a few phones in the same range. the handset feels solid and well put together. It has been money well spent.",battery,5,Positive,Positive,0.98986304
2912,OnePlus,OnePlus 13,"drain has been impressively low. That said, the camera output is less consistent than expected. I bought it after comparing a few phones in the same range. the handset feels solid and well put together. It has been money well spent.",camera,4,Positive,Positive,0.8726597
2914,Google,Pixel 10 Pro,"some parts of the finish seem easy to mark. On the other hand, switching between apps feels effortless. touch response has been dependable. I spend a fair amount of time on maps, media, and social apps. I rarely think about the battery during the day.",battery,4,Positive,Positive,0.986608
2914,Google,Pixel 10 Pro,"some parts of the finish seem easy to mark. On the other hand, switching between apps feels effortless. touch response has been dependable. I spend a fair amount of time on maps, media, and social apps. I rarely think about the battery during the day.",performance,4,Positive,Positive,0.78754985
2914,Google,Pixel 10 Pro,"some parts of the finish seem easy to mark. On the other hand, switching between apps feels effortless. touch response has been dependable. I spend a fair amount of time on maps, media, and social apps. I rarely think about the battery during the day.",design,2,Negative,Negative,0.9904574
2914,Google,Pixel 10 Pro,"some parts of the finish seem easy to mark. On the other hand, switching between apps feels effortless. touch response has been dependable. I spend a fair amount of time on maps, media, and social apps. I rarely think about the battery during the day.",display,4,Positive,Positive,0.99017555
2920,Google,Pixel 10 Pro,it is comfortable to carry and use. The strengths make it easy for me to recommend. scrolling feels fluid on the high refresh rate. switching between apps feels effortless. I have been using it as my main phone.,performance,4,Positive,Positive,0.98834187
2920,Google,Pixel 10 Pro,it is comfortable to carry and use. The strengths make it easy for me to recommend. scrolling feels fluid on the high refresh rate. switching between apps feels effortless. I have been using it as my main phone.,display,5,Positive,Positive,0.9909142
2924,Apple,iPhone 17 Pro,I mostly use it for work and messaging. I am neither especially impressed nor disappointed. touch response has been dependable. performance has been consistently strong. the controls feel thoughtfully placed.,performance,4,Positive,Positive,0.9900135
2924,Apple,iPhone 17 Pro,I mostly use it for work and messaging. I am neither especially impressed nor disappointed. touch response has been dependable. performance has been consistently strong. the controls feel thoughtfully placed.,display,4,Positive,Positive,0.9899546
2925,Google,Pixel 10 Pro XL,"colors are pleasing without looking excessive. photos have a pleasing amount of detail. At the same time, charging has been quick enough for my routine. I bought it after comparing a few phones in the same range. the handset feels solid and well put together.",battery,4,Positive,Positive,0.79893637
2925,Google,Pixel 10 Pro XL,"colors are pleasing without looking excessive. photos have a pleasing amount of detail. At the same time, charging has been quick enough for my routine. I bought it after comparing a few phones in the same range. the handset feels solid and well put together.",camera,4,Positive,Positive,0.99068224
2925,Google,Pixel 10 Pro XL,"colors are pleasing without looking excessive. photos have a pleasing amount of detail. At the same time, charging has been quick enough for my routine. I bought it after comparing a few phones in the same range. the handset feels solid and well put together.",display,5,Positive,Positive,0.98914146
2928,Realme,Realme 14 Pro+,"apps can hesitate at awkward times. I would hesitate to recommend it in this price range. Still, usually leaves plenty of charge by bedtime. text stays sharp and easy to read. My routine includes calls, photos, and some gaming. I have been using it as my main phone.",battery,4,Positive,Negative,0.4627434
2928,Realme,Realme 14 Pro+,"apps can hesitate at awkward times. I would hesitate to recommend it in this price range. Still, usually leaves plenty of charge by bedtime. text stays sharp and easy to read. My routine includes calls, photos, and some gaming. I have been using it as my main phone.",camera,3,Neutral,Neutral,0.44554755
2928,Realme,Realme 14 Pro+,"apps can hesitate at awkward times. I would hesitate to recommend it in this price range. Still, usually leaves plenty of charge by bedtime. text stays sharp and easy to read. My routine includes calls, photos, and some gaming. I have been using it as my main phone.",performance,2,Negative,Negative,0.9916501
2929,Nothing,Phone 2a Plus,the build is reasonable for the price. the panel is decent without being exceptional.,design,3,Neutral,Neutral,0.90763766
2929,Nothing,Phone 2a Plus,the build is reasonable for the price. the panel is decent without being exceptional.,display,3,Neutral,Neutral,0.90482515
2936,Xiaomi,Xiaomi 15 Ultra,"My routine includes calls, photos, and some gaming. Still, it needs a top-up before the day is over. the panel looks bright in most situations. night shots are cleaner than I expected. the phone stays responsive under a busy workload. The software has been stable for me so far.",camera,5,Positive,Positive,0.9873346
2936,Xiaomi,Xiaomi 15 Ultra,"My routine includes calls, photos, and some gaming. Still, it needs a top-up before the day is over. the panel looks bright in most situations. night shots are cleaner than I expected. the phone stays responsive under a busy workload. The software has been stable for me so far.",performance,4,Positive,Positive,0.9810424
2936,Xiaomi,Xiaomi 15 Ultra,"My routine includes calls, photos, and some gaming. Still, it needs a top-up before the day is over. the panel looks bright in most situations. night shots are cleaner than I expected. the phone stays responsive under a busy workload. The software has been stable for me so far.",display,5,Positive,Positive,0.98931944
2938,Samsung,Galaxy S26,the panel looks bright in most situations. the phone stays responsive under a busy workload. autofocus has been reliable in everyday use. I have very few regrets about choosing it. I bought it after comparing a few phones in the same range.,camera,5,Positive,Positive,0.9905794
2938,Samsung,Galaxy S26,the panel looks bright in most situations. the phone stays responsive under a busy workload. autofocus has been reliable in everyday use. I have very few regrets about choosing it. I bought it after comparing a few phones in the same range.,display,4,Positive,Positive,0.98892176
2941,Google,Pixel 10 Pro XL,brightness is okay for my usual use. the controls feel thoughtfully placed. photos have a pleasing amount of detail.,camera,5,Positive,Positive,0.99073267
2941,Google,Pixel 10 Pro XL,brightness is okay for my usual use. the controls feel thoughtfully placed. photos have a pleasing amount of detail.,display,5,Positive,Positive,0.9507824
2943,OnePlus,OnePlus 13,the handset feels solid and well put together. games stay smooth during longer sessions. gets through a normal day for me. text stays sharp and easy to read.,performance,5,Positive,Positive,0.988373
2950,Samsung,Galaxy S25 Ultra,performance has been consistently strong. nothing about the finish stands out much.,performance,4,Positive,Positive,0.98882014
2950,Samsung,Galaxy S25 Ultra,performance has been consistently strong. nothing about the finish stands out much.,design,4,Positive,Neutral,0.87447494
2957,Nothing,Nothing Phone 3,daylight shots come out crisp and detailed. I mostly use it for work and messaging. performance has been consistently strong. holds up really well through a long day. It has earned a place as my main phone. I have been using it as my main phone.,performance,4,Positive,Positive,0.9902022
2957,Nothing,Nothing Phone 3,daylight shots come out crisp and detailed. I mostly use it for work and messaging. performance has been consistently strong. holds up really well through a long day. It has earned a place as my main phone. I have been using it as my main phone.,design,4,Positive,Positive,0.9689332
2959,Realme,Realme 14 Pro+,"Still, performance has been consistently strong. night shots are usable with some patience. the design has grown on me.",performance,3,Neutral,Neutral,0.4591486
2959,Realme,Realme 14 Pro+,"Still, performance has been consistently strong. night shots are usable with some patience. the design has grown on me.",design,4,Positive,Positive,0.9894872
2969,Xiaomi,Xiaomi 15 Ultra,"it is comfortable to carry and use. One catch is that, battery life has been one of my complaints. multitasking is acceptable for my routine.",battery,3,Neutral,Neutral,0.6239322
2969,Xiaomi,Xiaomi 15 Ultra,"it is comfortable to carry and use. One catch is that, battery life has been one of my complaints. multitasking is acceptable for my routine.",performance,4,Positive,Neutral,0.8494829
2972,OPPO,Find X8 Pro,"drain has been impressively low. On the other hand, switching between heavier apps is not always smooth. works well enough for routine photos. I am still undecided about whether I would buy it again.",battery,4,Positive,Positive,0.9896353
2972,OPPO,Find X8 Pro,"drain has been impressively low. On the other hand, switching between heavier apps is not always smooth. works well enough for routine photos. I am still undecided about whether I would buy it again.",camera,4,Positive,Neutral,0.87673223
2972,OPPO,Find X8 Pro,"drain has been impressively low. On the other hand, switching between heavier apps is not always smooth. works well enough for routine photos. I am still undecided about whether I would buy it again.",performance,4,Positive,Positive,0.5197594
2990,Realme,Realme 14 Pro+,"brightness is okay for my usual use. charging has been quick enough for my routine. Still, performance has been consistently strong. I have been using it as my main phone.",battery,4,Positive,Positive,0.9905936
2990,Realme,Realme 14 Pro+,"brightness is okay for my usual use. charging has been quick enough for my routine. Still, performance has been consistently strong. I have been using it as my main phone.",performance,5,Positive,Neutral,0.5073405
2990,Realme,Realme 14 Pro+,"brightness is okay for my usual use. charging has been quick enough for my routine. Still, performance has been consistently strong. I have been using it as my main phone.",display,3,Neutral,Neutral,0.87915707
2996,Google,Pixel 10,"The strengths make it easy for me to recommend. text stays sharp and easy to read. I spend a fair amount of time on maps, media, and social apps. night shots are cleaner than I expected. One catch is that, apps can hesitate at awkward times. The software has been stable for me so far.",performance,4,Positive,Positive,0.9682815
3003,Samsung,Galaxy S25 Ultra,"Most of my use is fairly ordinary rather than demanding. autofocus has been reliable in everyday use. That said, colors are not always consistent. the phone stays responsive under a busy workload.",camera,5,Positive,Positive,0.9904993
3003,Samsung,Galaxy S25 Ultra,"Most of my use is fairly ordinary rather than demanding. autofocus has been reliable in everyday use. That said, colors are not always consistent. the phone stays responsive under a busy workload.",display,4,Positive,Positive,0.7507673
3008,Realme,Realme GT 7 Pro,"touch response has been dependable. charging has been quick enough for my routine. One catch is that, the handset feels bulkier than expected. It has been money well spent.",battery,4,Positive,Positive,0.9910846
3008,Realme,Realme GT 7 Pro,"touch response has been dependable. charging has been quick enough for my routine. One catch is that, the handset feels bulkier than expected. It has been money well spent.",display,5,Positive,Positive,0.99062145
3018,Samsung,Galaxy Z Flip7,"the handset feels solid and well put together. the camera is capable without being remarkable. I would hesitate to recommend it in this price range. I spend a fair amount of time on maps, media, and social apps. overnight loss is higher than I expected. The software has been stable for me so far.",camera,3,Neutral,Neutral,0.8789281
3018,Samsung,Galaxy Z Flip7,"the handset feels solid and well put together. the camera is capable without being remarkable. I would hesitate to recommend it in this price range. I spend a fair amount of time on maps, media, and social apps. overnight loss is higher than I expected. The software has been stable for me so far.",performance,3,Neutral,Neutral,0.5219412
3023,Nothing,Phone 2a Plus,"At the same time, apps move along without much waiting. gets through a normal day for me. colors are pleasing without looking excessive. night shots often need another try. I bought it after comparing a few phones in the same range.",performance,3,Neutral,Positive,0.56538886
3023,Nothing,Phone 2a Plus,"At the same time, apps move along without much waiting. gets through a normal day for me. colors are pleasing without looking excessive. night shots often need another try. I bought it after comparing a few phones in the same range.",display,4,Positive,Positive,0.98269284
3025,Samsung,Galaxy S26 Ultra,I bought it after comparing a few phones in the same range. the panel looks bright in most situations. drain has been impressively low. the phone stays responsive under a busy workload.,battery,5,Positive,Positive,0.9905573
3025,Samsung,Galaxy S26 Ultra,I bought it after comparing a few phones in the same range. the panel looks bright in most situations. drain has been impressively low. the phone stays responsive under a busy workload.,display,5,Positive,Positive,0.98920935
3027,OnePlus,OnePlus 13,daylight shots come out crisp and detailed. usually leaves plenty of charge by bedtime. I mostly use it for work and messaging. The software has been stable for me so far.,battery,4,Positive,Positive,0.9883846
3027,OnePlus,OnePlus 13,daylight shots come out crisp and detailed. usually leaves plenty of charge by bedtime. I mostly use it for work and messaging. The software has been stable for me so far.,design,4,Positive,Positive,0.86868143
3029,Apple,iPhone 17,"text stays sharp and easy to read. I spend a fair amount of time on maps, media, and social apps. drain has been impressively low. That said, switching between heavier apps is not always smooth.",battery,5,Positive,Positive,0.990104
3029,Apple,iPhone 17,"text stays sharp and easy to read. I spend a fair amount of time on maps, media, and social apps. drain has been impressively low. That said, switching between heavier apps is not always smooth.",performance,4,Positive,Positive,0.890651
3042,Nothing,Nothing Phone 3,"I am still undecided about whether I would buy it again. I spend a fair amount of time on maps, media, and social apps. nothing about the finish stands out much. gaming is okay at moderate settings. holds up really well through a long day. The software has been stable for me so far.",performance,3,Neutral,Neutral,0.8827174
3042,Nothing,Nothing Phone 3,"I am still undecided about whether I would buy it again. I spend a fair amount of time on maps, media, and social apps. nothing about the finish stands out much. gaming is okay at moderate settings. holds up really well through a long day. The software has been stable for me so far.",design,3,Neutral,Neutral,0.8668123
3043,Samsung,Galaxy S26,"battery performance has been about what I expected. night shots are cleaner than I expected. I spend a fair amount of time on maps, media, and social apps. It depends on which features matter most to the buyer. I use it mostly during a normal workday.",battery,3,Neutral,Neutral,0.86716956
3043,Samsung,Galaxy S26,"battery performance has been about what I expected. night shots are cleaner than I expected. I spend a fair amount of time on maps, media, and social apps. It depends on which features matter most to the buyer. I use it mostly during a normal workday.",performance,4,Positive,Positive,0.897424
3045,Nothing,Phone 3a Pro,"drain has been impressively low. I mostly use it for work and messaging. One catch is that, switching between heavier apps is not always smooth. night shots are cleaner than I expected. the design is functional and straightforward.",battery,4,Positive,Positive,0.98971504
3045,Nothing,Phone 3a Pro,"drain has been impressively low. I mostly use it for work and messaging. One catch is that, switching between heavier apps is not always smooth. night shots are cleaner than I expected. the design is functional and straightforward.",performance,3,Neutral,Positive,0.90682536
3045,Nothing,Phone 3a Pro,"drain has been impressively low. I mostly use it for work and messaging. One catch is that, switching between heavier apps is not always smooth. night shots are cleaner than I expected. the design is functional and straightforward.",design,5,Positive,Neutral,0.8960646
3053,Samsung,Galaxy S25 Ultra,night shots are cleaner than I expected. I bought it after comparing a few phones in the same range. brightness is okay for my usual use. I would happily buy this phone again.,display,4,Positive,Neutral,0.68287075
3054,Apple,iPhone 16,"I have more complaints than I expected to have. I spend a fair amount of time on maps, media, and social apps. Still, the finish looks more premium in person. photos have a pleasing amount of detail. the panel looks bright in most situations. performance is neither especially quick nor slow. is adequate unless I use the phone heavily.",camera,4,Positive,Positive,0.9903932
3054,Apple,iPhone 16,"I have more complaints than I expected to have. I spend a fair amount of time on maps, media, and social apps. Still, the finish looks more premium in person. photos have a pleasing amount of detail. the panel looks bright in most situations. performance is neither especially quick nor slow. is adequate unless I use the phone heavily.",performance,3,Neutral,Neutral,0.8410003
3054,Apple,iPhone 16,"I have more complaints than I expected to have. I spend a fair amount of time on maps, media, and social apps. Still, the finish looks more premium in person. photos have a pleasing amount of detail. the panel looks bright in most situations. performance is neither especially quick nor slow. is adequate unless I use the phone heavily.",design,3,Neutral,Positive,0.494816
3054,Apple,iPhone 16,"I have more complaints than I expected to have. I spend a fair amount of time on maps, media, and social apps. Still, the finish looks more premium in person. photos have a pleasing amount of detail. the panel looks bright in most situations. performance is neither especially quick nor slow. is adequate unless I use the phone heavily.",display,5,Positive,Positive,0.9905483
3056,Xiaomi,Xiaomi 15 Ultra,"the phone stays responsive under a busy workload. I bought it after comparing a few phones in the same range. daylight shots come out crisp and detailed. On the other hand, the handset feels bulkier than expected.",design,3,Neutral,Positive,0.87950176
3057,Xiaomi,Xiaomi 15 Ultra,scrolling feels fluid on the high refresh rate. Most of my use is fairly ordinary rather than demanding. the design is functional and straightforward.,design,3,Neutral,Neutral,0.9017767
3057,Xiaomi,Xiaomi 15 Ultra,scrolling feels fluid on the high refresh rate. Most of my use is fairly ordinary rather than demanding. the design is functional and straightforward.,display,5,Positive,Positive,0.99023134
3071,Nothing,Phone 2a Plus,"That said, the finish looks more premium in person. the panel looks bright in most situations. The weaknesses make it hard for me to recommend. charging speed is fairly ordinary. the camera is capable without being remarkable. gaming is okay at moderate settings. The software has been stable for me so far.",battery,3,Neutral,Neutral,0.91242814
3071,Nothing,Phone 2a Plus,"That said, the finish looks more premium in person. the panel looks bright in most situations. The weaknesses make it hard for me to recommend. charging speed is fairly ordinary. the camera is capable without being remarkable. gaming is okay at moderate settings. The software has been stable for me so far.",camera,3,Neutral,Neutral,0.88751376
3071,Nothing,Phone 2a Plus,"That said, the finish looks more premium in person. the panel looks bright in most situations. The weaknesses make it hard for me to recommend. charging speed is fairly ordinary. the camera is capable without being remarkable. gaming is okay at moderate settings. The software has been stable for me so far.",performance,3,Neutral,Neutral,0.8646505
3071,Nothing,Phone 2a Plus,"That said, the finish looks more premium in person. the panel looks bright in most situations. The weaknesses make it hard for me to recommend. charging speed is fairly ordinary. the camera is capable without being remarkable. gaming is okay at moderate settings. The software has been stable for me so far.",design,5,Positive,Neutral,0.7879831
3071,Nothing,Phone 2a Plus,"That said, the finish looks more premium in person. the panel looks bright in most situations. The weaknesses make it hard for me to recommend. charging speed is fairly ordinary. the camera is capable without being remarkable. gaming is okay at moderate settings. The software has been stable for me so far.",display,5,Positive,Positive,0.98837155
3079,Samsung,Galaxy S26 Ultra,performance is neither especially quick nor slow. the controls feel thoughtfully placed. night shots are cleaner than I expected. the panel looks bright in most situations. I mostly use it for work and messaging. I use it mostly during a normal workday.,performance,4,Positive,Neutral,0.82791
3079,Samsung,Galaxy S26 Ultra,performance is neither especially quick nor slow. the controls feel thoughtfully placed. night shots are cleaner than I expected. the panel looks bright in most situations. I mostly use it for work and messaging. I use it mostly during a normal workday.,display,5,Positive,Positive,0.98917425
3085,OPPO,Find N5,I would not buy this phone again. the camera is capable without being remarkable. I mostly use it for work and messaging. performance is neither especially quick nor slow. I use it mostly during a normal workday.,camera,3,Neutral,Neutral,0.88809997
3085,OPPO,Find N5,I would not buy this phone again. the camera is capable without being remarkable. I mostly use it for work and messaging. performance is neither especially quick nor slow. I use it mostly during a normal workday.,performance,3,Neutral,Neutral,0.88386005
3089,Xiaomi,Xiaomi 15 Ultra,"text stays sharp and easy to read. I can see why someone would like it, but I also see the drawbacks. I bought it after comparing a few phones in the same range. it is comfortable to carry and use. Still, daylight shots come out crisp and detailed. I have been using it as my main phone.",design,4,Positive,Positive,0.653465
3091,OnePlus,OnePlus 13R,touch response has been dependable. daylight images are generally fine. handles normal apps without trouble. The weaknesses make it hard for me to recommend. Most of my use is fairly ordinary rather than demanding. usually leaves plenty of charge by bedtime. The software has been stable for me so far.,battery,4,Positive,Positive,0.9877293
3091,OnePlus,OnePlus 13R,touch response has been dependable. daylight images are generally fine. handles normal apps without trouble. The weaknesses make it hard for me to recommend. Most of my use is fairly ordinary rather than demanding. usually leaves plenty of charge by bedtime. The software has been stable for me so far.,performance,3,Neutral,Neutral,0.7872164
3091,OnePlus,OnePlus 13R,touch response has been dependable. daylight images are generally fine. handles normal apps without trouble. The weaknesses make it hard for me to recommend. Most of my use is fairly ordinary rather than demanding. usually leaves plenty of charge by bedtime. The software has been stable for me so far.,design,5,Positive,Neutral,0.7567867
3091,OnePlus,OnePlus 13R,touch response has been dependable. daylight images are generally fine. handles normal apps without trouble. The weaknesses make it hard for me to recommend. Most of my use is fairly ordinary rather than demanding. usually leaves plenty of charge by bedtime. The software has been stable for me so far.,display,4,Positive,Positive,0.9808966
3093,OnePlus,OnePlus 13,scrolling feels fluid on the high refresh rate. I bought it after comparing a few phones in the same range. battery performance has been about what I expected.,battery,5,Positive,Neutral,0.8803379
3093,OnePlus,OnePlus 13,scrolling feels fluid on the high refresh rate. I bought it after comparing a few phones in the same range. battery performance has been about what I expected.,performance,5,Positive,Positive,0.64966846
3093,OnePlus,OnePlus 13,scrolling feels fluid on the high refresh rate. I bought it after comparing a few phones in the same range. battery performance has been about what I expected.,display,5,Positive,Positive,0.99027926
3106,OnePlus,OnePlus 13R,I rarely think about the battery during the day. games stay smooth during longer sessions.,battery,4,Positive,Positive,0.98382205
3106,OnePlus,OnePlus 13R,I rarely think about the battery during the day. games stay smooth during longer sessions.,performance,5,Positive,Positive,0.9883052
3111,Motorola,Motorola Edge 60 Pro,"drain has been impressively low. At the same time, night shots are cleaner than I expected. the build is reasonable for the price. is fine for browsing and messaging. Most of my use is fairly ordinary rather than demanding.",battery,4,Positive,Positive,0.98946255
3111,Motorola,Motorola Edge 60 Pro,"drain has been impressively low. At the same time, night shots are cleaner than I expected. the build is reasonable for the price. is fine for browsing and messaging. Most of my use is fairly ordinary rather than demanding.",design,3,Neutral,Neutral,0.8997795
3114,Apple,iPhone 17,"night shots are cleaner than I expected. My routine includes calls, photos, and some gaming. usually leaves plenty of charge by bedtime.",battery,4,Positive,Positive,0.9887193
3114,Apple,iPhone 17,"night shots are cleaner than I expected. My routine includes calls, photos, and some gaming. usually leaves plenty of charge by bedtime.",camera,5,Positive,Positive,0.9833394
3114,Apple,iPhone 17,"night shots are cleaner than I expected. My routine includes calls, photos, and some gaming. usually leaves plenty of charge by bedtime.",performance,4,Positive,Positive,0.9640744
3115,Google,Pixel 9a,charging speed is fairly ordinary. scrolling feels fluid on the high refresh rate. Most of my use is fairly ordinary rather than demanding. daylight images are generally fine.,battery,3,Neutral,Neutral,0.9089531
3115,Google,Pixel 9a,charging speed is fairly ordinary. scrolling feels fluid on the high refresh rate. Most of my use is fairly ordinary rather than demanding. daylight images are generally fine.,design,4,Positive,Neutral,0.69585913
3115,Google,Pixel 9a,charging speed is fairly ordinary. scrolling feels fluid on the high refresh rate. Most of my use is fairly ordinary rather than demanding. daylight images are generally fine.,display,4,Positive,Positive,0.9903964
3123,Google,Pixel 10 Pro,holds up really well through a long day. the panel looks bright in most situations.,display,5,Positive,Positive,0.9897933
3131,OPPO,Find N5,"the design has grown on me. I spend a fair amount of time on maps, media, and social apps. is fine for browsing and messaging. I would not buy this phone again.",performance,3,Neutral,Neutral,0.49063763
3131,OPPO,Find N5,"the design has grown on me. I spend a fair amount of time on maps, media, and social apps. is fine for browsing and messaging. I would not buy this phone again.",design,5,Positive,Positive,0.9896242
3136,Samsung,Galaxy S26 Ultra,"text stays sharp and easy to read. I spend a fair amount of time on maps, media, and social apps. That said, daylight shots come out crisp and detailed. drain has been impressively low. the handset feels solid and well put together. I could recommend it, but only with some reservations. I use it mostly during a normal workday.",battery,4,Positive,Positive,0.990342
3136,Samsung,Galaxy S26 Ultra,"text stays sharp and easy to read. I spend a fair amount of time on maps, media, and social apps. That said, daylight shots come out crisp and detailed. drain has been impressively low. the handset feels solid and well put together. I could recommend it, but only with some reservations. I use it mostly during a normal workday.",performance,5,Positive,Positive,0.81436604
3136,Samsung,Galaxy S26 Ultra,"text stays sharp and easy to read. I spend a fair amount of time on maps, media, and social apps. That said, daylight shots come out crisp and detailed. drain has been impressively low. the handset feels solid and well put together. I could recommend it, but only with some reservations. I use it mostly during a normal workday.",design,4,Positive,Positive,0.83016425
3140,Xiaomi,Xiaomi 15,"Still, the panel looks less convincing at an angle. the phone stays responsive under a busy workload. it is comfortable to carry and use. I mostly use it for work and messaging.",display,4,Positive,Positive,0.8636553
3141,Xiaomi,Xiaomi 15,"the controls feel thoughtfully placed. I spend a fair amount of time on maps, media, and social apps. I have very few regrets about choosing it. On the other hand, battery life has been one of my complaints. the screen feels fairly typical for this class. The software has been stable for me so far.",battery,4,Positive,Positive,0.72235066
3141,Xiaomi,Xiaomi 15,"the controls feel thoughtfully placed. I spend a fair amount of time on maps, media, and social apps. I have very few regrets about choosing it. On the other hand, battery life has been one of my complaints. the screen feels fairly typical for this class. The software has been stable for me so far.",performance,3,Neutral,Positive,0.81082696
3141,Xiaomi,Xiaomi 15,"the controls feel thoughtfully placed. I spend a fair amount of time on maps, media, and social apps. I have very few regrets about choosing it. On the other hand, battery life has been one of my complaints. the screen feels fairly typical for this class. The software has been stable for me so far.",display,4,Positive,Neutral,0.8665463
3150,Motorola,Motorola Edge 60 Pro,"drain has been impressively low. Most of my use is fairly ordinary rather than demanding. At the same time, the design feels a little dated beside newer phones. scrolling feels fluid on the high refresh rate. the phone can feel sluggish under load. daylight shots come out crisp and detailed. I have been using it as my main phone.",battery,4,Positive,Positive,0.9896847
3150,Motorola,Motorola Edge 60 Pro,"drain has been impressively low. Most of my use is fairly ordinary rather than demanding. At the same time, the design feels a little dated beside newer phones. scrolling feels fluid on the high refresh rate. the phone can feel sluggish under load. daylight shots come out crisp and detailed. I have been using it as my main phone.",design,4,Positive,Positive,0.7384944
3150,Motorola,Motorola Edge 60 Pro,"drain has been impressively low. Most of my use is fairly ordinary rather than demanding. At the same time, the design feels a little dated beside newer phones. scrolling feels fluid on the high refresh rate. the phone can feel sluggish under load. daylight shots come out crisp and detailed. I have been using it as my main phone.",display,5,Positive,Positive,0.99060315
3155,Xiaomi,Xiaomi 15 Ultra,"I would choose this one again over the alternatives I considered. autofocus has been reliable in everyday use. On the other hand, the design feels a little dated beside newer phones. charging has been quick enough for my routine.",battery,4,Positive,Positive,0.99099296
3155,Xiaomi,Xiaomi 15 Ultra,"I would choose this one again over the alternatives I considered. autofocus has been reliable in everyday use. On the other hand, the design feels a little dated beside newer phones. charging has been quick enough for my routine.",camera,5,Positive,Positive,0.99044025
3155,Xiaomi,Xiaomi 15 Ultra,"I would choose this one again over the alternatives I considered. autofocus has been reliable in everyday use. On the other hand, the design feels a little dated beside newer phones. charging has been quick enough for my routine.",design,5,Positive,Positive,0.9195236
3160,Apple,iPhone 16,scrolling feels fluid on the high refresh rate. night shots are cleaner than I expected. I have been using it as my main phone.,display,4,Positive,Positive,0.99046105
3184,Samsung,Galaxy S26,"gaming is okay at moderate settings. I bought it after comparing a few phones in the same range. It is a reasonable choice, although there are clear alternatives. the design is functional and straightforward.",performance,4,Positive,Neutral,0.89919424
3184,Samsung,Galaxy S26,"gaming is okay at moderate settings. I bought it after comparing a few phones in the same range. It is a reasonable choice, although there are clear alternatives. the design is functional and straightforward.",design,3,Neutral,Neutral,0.89653385
3194,Realme,Realme GT 7,"the phone stays responsive under a busy workload. portraits can have uneven edge separation. At the same time, the design has grown on me.",camera,2,Negative,Negative,0.994145
3194,Realme,Realme GT 7,"the phone stays responsive under a busy workload. portraits can have uneven edge separation. At the same time, the design has grown on me.",design,5,Positive,Positive,0.5454417
3213,Apple,iPhone 17 Pro,"text stays sharp and easy to read. At the same time, portraits can have uneven edge separation. games stay smooth during longer sessions. My routine includes calls, photos, and some gaming. is adequate unless I use the phone heavily.",camera,5,Positive,Positive,0.51653564
3213,Apple,iPhone 17 Pro,"text stays sharp and easy to read. At the same time, portraits can have uneven edge separation. games stay smooth during longer sessions. My routine includes calls, photos, and some gaming. is adequate unless I use the phone heavily.",performance,4,Positive,Positive,0.98764986
3217,Google,Pixel 9a,"One catch is that, it is comfortable to carry and use. My routine includes calls, photos, and some gaming. looks fine indoors and in shade. I would not buy this phone again. some photos lose detail when the light drops.",camera,2,Negative,Negative,0.99313545
3217,Google,Pixel 9a,"One catch is that, it is comfortable to carry and use. My routine includes calls, photos, and some gaming. looks fine indoors and in shade. I would not buy this phone again. some photos lose detail when the light drops.",performance,3,Neutral,Negative,0.41667032
3217,Google,Pixel 9a,"One catch is that, it is comfortable to carry and use. My routine includes calls, photos, and some gaming. looks fine indoors and in shade. I would not buy this phone again. some photos lose detail when the light drops.",design,3,Neutral,Neutral,0.53127265
3222,Samsung,Galaxy S26,"I mostly use it for work and messaging. I would recommend it to someone shopping in this range. is fine for browsing and messaging. nothing about the finish stands out much. On the other hand, drain becomes noticeable with ordinary use. works well enough for routine photos.",battery,5,Positive,Neutral,0.6119044
3222,Samsung,Galaxy S26,"I mostly use it for work and messaging. I would recommend it to someone shopping in this range. is fine for browsing and messaging. nothing about the finish stands out much. On the other hand, drain becomes noticeable with ordinary use. works well enough for routine photos.",camera,5,Positive,Neutral,0.844388
3222,Samsung,Galaxy S26,"I mostly use it for work and messaging. I would recommend it to someone shopping in this range. is fine for browsing and messaging. nothing about the finish stands out much. On the other hand, drain becomes noticeable with ordinary use. works well enough for routine photos.",design,3,Neutral,Neutral,0.875748
3223,Motorola,Moto G Power 2025,"the panel is decent without being exceptional. I spend a fair amount of time on maps, media, and social apps. the camera output is less consistent than expected. The compromises are difficult to overlook. I use it mostly during a normal workday.",camera,2,Negative,Negative,0.9944528
3223,Motorola,Moto G Power 2025,"the panel is decent without being exceptional. I spend a fair amount of time on maps, media, and social apps. the camera output is less consistent than expected. The compromises are difficult to overlook. I use it mostly during a normal workday.",performance,1,Negative,Neutral,0.57591414
3223,Motorola,Moto G Power 2025,"the panel is decent without being exceptional. I spend a fair amount of time on maps, media, and social apps. the camera output is less consistent than expected. The compromises are difficult to overlook. I use it mostly during a normal workday.",display,3,Neutral,Neutral,0.8957488
3225,Xiaomi,Xiaomi 15,"My routine includes calls, photos, and some gaming. the design is functional and straightforward. text stays sharp and easy to read. usually leaves plenty of charge by bedtime.",battery,4,Positive,Positive,0.98809904
3225,Xiaomi,Xiaomi 15,"My routine includes calls, photos, and some gaming. the design is functional and straightforward. text stays sharp and easy to read. usually leaves plenty of charge by bedtime.",camera,4,Positive,Positive,0.5415237
3225,Xiaomi,Xiaomi 15,"My routine includes calls, photos, and some gaming. the design is functional and straightforward. text stays sharp and easy to read. usually leaves plenty of charge by bedtime.",performance,4,Positive,Positive,0.74107593
3225,Xiaomi,Xiaomi 15,"My routine includes calls, photos, and some gaming. the design is functional and straightforward. text stays sharp and easy to read. usually leaves plenty of charge by bedtime.",design,3,Neutral,Neutral,0.8973857
3227,Motorola,Moto G Power 2025,I am already considering a different phone next time. the panel is decent without being exceptional. feels familiar rather than distinctive.,display,3,Neutral,Neutral,0.89945793
3240,Samsung,Galaxy A56 5G,"I rarely think about the battery during the day. Still, the design feels a little dated beside newer phones. I bought it after comparing a few phones in the same range. is adequate for most daily tasks. I use it mostly during a normal workday.",battery,4,Positive,Positive,0.9835407
3240,Samsung,Galaxy A56 5G,"I rarely think about the battery during the day. Still, the design feels a little dated beside newer phones. I bought it after comparing a few phones in the same range. is adequate for most daily tasks. I use it mostly during a normal workday.",design,4,Positive,Positive,0.55171883
3247,Samsung,Galaxy A56 5G,"I bought it after comparing a few phones in the same range. performance is neither especially quick nor slow. On the other hand, I rarely think about the battery during the day. the controls feel thoughtfully placed. colors are pleasing without looking excessive. night shots are cleaner than I expected. I have been using it as my main phone.",battery,4,Positive,Positive,0.8963224
3247,Samsung,Galaxy A56 5G,"I bought it after comparing a few phones in the same range. performance is neither especially quick nor slow. On the other hand, I rarely think about the battery during the day. the controls feel thoughtfully placed. colors are pleasing without looking excessive. night shots are cleaner than I expected. I have been using it as my main phone.",performance,3,Neutral,Neutral,0.83689517
3247,Samsung,Galaxy A56 5G,"I bought it after comparing a few phones in the same range. performance is neither especially quick nor slow. On the other hand, I rarely think about the battery during the day. the controls feel thoughtfully placed. colors are pleasing without looking excessive. night shots are cleaner than I expected. I have been using it as my main phone.",display,4,Positive,Positive,0.98888564
3258,OPPO,Find N5,"is fine for browsing and messaging. Most of my use is fairly ordinary rather than demanding. On the other hand, it is comfortable to carry and use. scrolling feels fluid on the high refresh rate. I use it mostly during a normal workday.",display,4,Positive,Positive,0.9908127
3261,Realme,Realme GT 7 Pro,"colors are pleasing without looking excessive. I have more complaints than I expected to have. I rarely think about the battery during the day. I bought it after comparing a few phones in the same range. On the other hand, night shots are cleaner than I expected. feels familiar rather than distinctive.",battery,4,Positive,Positive,0.9845687
3261,Realme,Realme GT 7 Pro,"colors are pleasing without looking excessive. I have more complaints than I expected to have. I rarely think about the battery during the day. I bought it after comparing a few phones in the same range. On the other hand, night shots are cleaner than I expected. feels familiar rather than distinctive.",display,4,Positive,Positive,0.9879816
3264,Xiaomi,Xiaomi 15,"the build is reasonable for the price. text stays sharp and easy to read. At the same time, the camera output is less consistent than expected. It is a reasonable choice, although there are clear alternatives. Most of my use is fairly ordinary rather than demanding. performance has been consistently strong. The software has been stable for me so far.",camera,3,Neutral,Neutral,0.5822998
3264,Xiaomi,Xiaomi 15,"the build is reasonable for the price. text stays sharp and easy to read. At the same time, the camera output is less consistent than expected. It is a reasonable choice, although there are clear alternatives. Most of my use is fairly ordinary rather than demanding. performance has been consistently strong. The software has been stable for me so far.",performance,4,Positive,Positive,0.9875009
3264,Xiaomi,Xiaomi 15,"the build is reasonable for the price. text stays sharp and easy to read. At the same time, the camera output is less consistent than expected. It is a reasonable choice, although there are clear alternatives. Most of my use is fairly ordinary rather than demanding. performance has been consistently strong. The software has been stable for me so far.",design,3,Neutral,Neutral,0.8952854
3265,OnePlus,OnePlus 13R,"I rarely think about the battery during the day. I bought it after comparing a few phones in the same range. the design has grown on me. At the same time, photos have a pleasing amount of detail. games stay smooth during longer sessions.",battery,4,Positive,Positive,0.98526436
3265,OnePlus,OnePlus 13R,"I rarely think about the battery during the day. I bought it after comparing a few phones in the same range. the design has grown on me. At the same time, photos have a pleasing amount of detail. games stay smooth during longer sessions.",camera,3,Neutral,Positive,0.57032686
3265,OnePlus,OnePlus 13R,"I rarely think about the battery during the day. I bought it after comparing a few phones in the same range. the design has grown on me. At the same time, photos have a pleasing amount of detail. games stay smooth during longer sessions.",performance,4,Positive,Positive,0.9844898
3265,OnePlus,OnePlus 13R,"I rarely think about the battery during the day. I bought it after comparing a few phones in the same range. the design has grown on me. At the same time, photos have a pleasing amount of detail. games stay smooth during longer sessions.",design,4,Positive,Positive,0.98966086
3266,Samsung,Galaxy Z Flip7,daylight shots come out crisp and detailed. is adequate unless I use the phone heavily. multitasking is acceptable for my routine. Most of my use is fairly ordinary rather than demanding. The compromises are difficult to overlook.,performance,3,Neutral,Neutral,0.8661202
3266,Samsung,Galaxy Z Flip7,daylight shots come out crisp and detailed. is adequate unless I use the phone heavily. multitasking is acceptable for my routine. Most of my use is fairly ordinary rather than demanding. The compromises are difficult to overlook.,design,4,Positive,Neutral,0.6576256
3280,Google,Pixel 10 Pro,"the design is functional and straightforward. daylight shots come out crisp and detailed. Still, scrolling feels fluid on the high refresh rate. I mostly use it for work and messaging.",design,4,Positive,Neutral,0.8973659
3280,Google,Pixel 10 Pro,"the design is functional and straightforward. daylight shots come out crisp and detailed. Still, scrolling feels fluid on the high refresh rate. I mostly use it for work and messaging.",display,4,Positive,Positive,0.93373877
3282,Motorola,Razr 60 Ultra,feels familiar rather than distinctive. I bought it after comparing a few phones in the same range. brightness is okay for my usual use. works well enough for routine photos.,camera,3,Neutral,Neutral,0.88016057
3282,Motorola,Razr 60 Ultra,feels familiar rather than distinctive. I bought it after comparing a few phones in the same range. brightness is okay for my usual use. works well enough for routine photos.,display,3,Neutral,Neutral,0.88902915
3285,Motorola,Razr 60 Ultra,"performance has been consistently strong. touch response has been dependable. My routine includes calls, photos, and some gaming. Still, some parts of the finish seem easy to mark. The software has been stable for me so far.",camera,4,Positive,Positive,0.6066262
3285,Motorola,Razr 60 Ultra,"performance has been consistently strong. touch response has been dependable. My routine includes calls, photos, and some gaming. Still, some parts of the finish seem easy to mark. The software has been stable for me so far.",performance,4,Positive,Positive,0.9885465
3285,Motorola,Razr 60 Ultra,"performance has been consistently strong. touch response has been dependable. My routine includes calls, photos, and some gaming. Still, some parts of the finish seem easy to mark. The software has been stable for me so far.",design,4,Positive,Positive,0.87624186
3285,Motorola,Razr 60 Ultra,"performance has been consistently strong. touch response has been dependable. My routine includes calls, photos, and some gaming. Still, some parts of the finish seem easy to mark. The software has been stable for me so far.",display,4,Positive,Positive,0.9901168
3297,Samsung,Galaxy S25 Ultra,"switching between apps feels effortless. drain has been impressively low. One catch is that, outdoor brightness can be limiting. the design is functional and straightforward. I bought it after comparing a few phones in the same range. the camera is capable without being remarkable.",battery,5,Positive,Positive,0.9900539
3297,Samsung,Galaxy S25 Ultra,"switching between apps feels effortless. drain has been impressively low. One catch is that, outdoor brightness can be limiting. the design is functional and straightforward. I bought it after comparing a few phones in the same range. the camera is capable without being remarkable.",camera,4,Positive,Neutral,0.85180277
3297,Samsung,Galaxy S25 Ultra,"switching between apps feels effortless. drain has been impressively low. One catch is that, outdoor brightness can be limiting. the design is functional and straightforward. I bought it after comparing a few phones in the same range. the camera is capable without being remarkable.",performance,5,Positive,Positive,0.9813369
3297,Samsung,Galaxy S25 Ultra,"switching between apps feels effortless. drain has been impressively low. One catch is that, outdoor brightness can be limiting. the design is functional and straightforward. I bought it after comparing a few phones in the same range. the camera is capable without being remarkable.",design,5,Positive,Neutral,0.8976917
3297,Samsung,Galaxy S25 Ultra,"switching between apps feels effortless. drain has been impressively low. One catch is that, outdoor brightness can be limiting. the design is functional and straightforward. I bought it after comparing a few phones in the same range. the camera is capable without being remarkable.",display,5,Positive,Positive,0.59420204
3305,Google,Pixel 9a,"The strengths make it easy for me to recommend. colors are pleasing without looking excessive. daylight shots come out crisp and detailed. I mostly use it for work and messaging. One catch is that, the design feels a little dated beside newer phones. I use it mostly during a normal workday.",design,5,Positive,Positive,0.9080198
3305,Google,Pixel 9a,"The strengths make it easy for me to recommend. colors are pleasing without looking excessive. daylight shots come out crisp and detailed. I mostly use it for work and messaging. One catch is that, the design feels a little dated beside newer phones. I use it mostly during a normal workday.",display,4,Positive,Positive,0.98963904
3312,Realme,Realme GT 7,"Still, autofocus has been reliable in everyday use. colors are not always consistent. is adequate unless I use the phone heavily. My routine includes calls, photos, and some gaming. I have been using it as my main phone.",camera,3,Neutral,Neutral,0.47839725
3312,Realme,Realme GT 7,"Still, autofocus has been reliable in everyday use. colors are not always consistent. is adequate unless I use the phone heavily. My routine includes calls, photos, and some gaming. I have been using it as my main phone.",performance,5,Positive,Neutral,0.46031347
3312,Realme,Realme GT 7,"Still, autofocus has been reliable in everyday use. colors are not always consistent. is adequate unless I use the phone heavily. My routine includes calls, photos, and some gaming. I have been using it as my main phone.",display,2,Negative,Negative,0.99420047
3318,Samsung,Galaxy A56 5G,"touch response has occasionally felt delayed. drain is noticeable mainly with demanding apps. On the other hand, the controls feel thoughtfully placed. I spend a fair amount of time on maps, media, and social apps.",battery,4,Positive,Neutral,0.8833205
3318,Samsung,Galaxy A56 5G,"touch response has occasionally felt delayed. drain is noticeable mainly with demanding apps. On the other hand, the controls feel thoughtfully placed. I spend a fair amount of time on maps, media, and social apps.",performance,2,Negative,Negative,0.9270978
3318,Samsung,Galaxy A56 5G,"touch response has occasionally felt delayed. drain is noticeable mainly with demanding apps. On the other hand, the controls feel thoughtfully placed. I spend a fair amount of time on maps, media, and social apps.",display,2,Negative,Negative,0.9934237
3321,OnePlus,OnePlus 13T,"On the other hand, the design has grown on me. is adequate unless I use the phone heavily. Most of my use is fairly ordinary rather than demanding. daylight images are generally fine. I have been using it as my main phone.",design,4,Positive,Neutral,0.74407804
3322,Apple,iPhone 16e,"the build is reasonable for the price. drain is noticeable mainly with demanding apps. My routine includes calls, photos, and some gaming. works well enough for routine photos. handles normal apps without trouble. I am already considering a different phone next time. On the other hand, colors are pleasing without looking excessive. I have been using it as my main phone.",battery,3,Neutral,Neutral,0.89257336
3322,Apple,iPhone 16e,"the build is reasonable for the price. drain is noticeable mainly with demanding apps. My routine includes calls, photos, and some gaming. works well enough for routine photos. handles normal apps without trouble. I am already considering a different phone next time. On the other hand, colors are pleasing without looking excessive. I have been using it as my main phone.",camera,3,Neutral,Neutral,0.8812232
3322,Apple,iPhone 16e,"the build is reasonable for the price. drain is noticeable mainly with demanding apps. My routine includes calls, photos, and some gaming. works well enough for routine photos. handles normal apps without trouble. I am already considering a different phone next time. On the other hand, colors are pleasing without looking excessive. I have been using it as my main phone.",performance,3,Neutral,Neutral,0.79455274
3322,Apple,iPhone 16e,"the build is reasonable for the price. drain is noticeable mainly with demanding apps. My routine includes calls, photos, and some gaming. works well enough for routine photos. handles normal apps without trouble. I am already considering a different phone next time. On the other hand, colors are pleasing without looking excessive. I have been using it as my main phone.",design,4,Positive,Neutral,0.8983782
3322,Apple,iPhone 16e,"the build is reasonable for the price. drain is noticeable mainly with demanding apps. My routine includes calls, photos, and some gaming. works well enough for routine photos. handles normal apps without trouble. I am already considering a different phone next time. On the other hand, colors are pleasing without looking excessive. I have been using it as my main phone.",display,4,Positive,Neutral,0.8133536
3323,OnePlus,OnePlus 13,"charging has been quick enough for my routine. I am neither especially impressed nor disappointed. the handset feels solid and well put together. I spend a fair amount of time on maps, media, and social apps. is adequate for most daily tasks.",battery,4,Positive,Positive,0.99055254
3323,OnePlus,OnePlus 13,"charging has been quick enough for my routine. I am neither especially impressed nor disappointed. the handset feels solid and well put together. I spend a fair amount of time on maps, media, and social apps. is adequate for most daily tasks.",performance,4,Positive,Positive,0.5394942
3328,Apple,iPhone 17 Pro Max,"scrolling feels fluid on the high refresh rate. My routine includes calls, photos, and some gaming. the phone stays responsive under a busy workload. the design is functional and straightforward. One catch is that, overnight loss is higher than I expected.",camera,5,Positive,Positive,0.57976145
3328,Apple,iPhone 17 Pro Max,"scrolling feels fluid on the high refresh rate. My routine includes calls, photos, and some gaming. the phone stays responsive under a busy workload. the design is functional and straightforward. One catch is that, overnight loss is higher than I expected.",performance,5,Positive,Positive,0.9751286
3328,Apple,iPhone 17 Pro Max,"scrolling feels fluid on the high refresh rate. My routine includes calls, photos, and some gaming. the phone stays responsive under a busy workload. the design is functional and straightforward. One catch is that, overnight loss is higher than I expected.",design,4,Positive,Neutral,0.89247316
3328,Apple,iPhone 17 Pro Max,"scrolling feels fluid on the high refresh rate. My routine includes calls, photos, and some gaming. the phone stays responsive under a busy workload. the design is functional and straightforward. One catch is that, overnight loss is higher than I expected.",display,5,Positive,Positive,0.9903003
3330,Realme,Realme GT 7,"I spend a fair amount of time on maps, media, and social apps. switching between apps feels effortless. gets through a normal day for me. The strengths make it easy for me to recommend. One catch is that, night shots often need another try. scrolling feels fluid on the high refresh rate. the design is functional and straightforward. The software has been stable for me so far.",performance,5,Positive,Positive,0.9874307
3330,Realme,Realme GT 7,"I spend a fair amount of time on maps, media, and social apps. switching between apps feels effortless. gets through a normal day for me. The strengths make it easy for me to recommend. One catch is that, night shots often need another try. scrolling feels fluid on the high refresh rate. the design is functional and straightforward. The software has been stable for me so far.",design,3,Neutral,Neutral,0.8726617
3330,Realme,Realme GT 7,"I spend a fair amount of time on maps, media, and social apps. switching between apps feels effortless. gets through a normal day for me. The strengths make it easy for me to recommend. One catch is that, night shots often need another try. scrolling feels fluid on the high refresh rate. the design is functional and straightforward. The software has been stable for me so far.",display,4,Positive,Positive,0.9908048
3337,Google,Pixel 10,"touch response has been dependable. I mostly use it for work and messaging. That said, night shots are cleaner than I expected. overnight loss is higher than I expected.",display,5,Positive,Positive,0.990329
3338,Nothing,Phone 2a Plus,the camera handles portraits with good separation. nothing about the finish stands out much. brightness is okay for my usual use. holds up really well through a long day. I use it mostly during a normal workday.,camera,4,Positive,Positive,0.98907065
3338,Nothing,Phone 2a Plus,the camera handles portraits with good separation. nothing about the finish stands out much. brightness is okay for my usual use. holds up really well through a long day. I use it mostly during a normal workday.,design,3,Neutral,Neutral,0.8688607
3338,Nothing,Phone 2a Plus,the camera handles portraits with good separation. nothing about the finish stands out much. brightness is okay for my usual use. holds up really well through a long day. I use it mostly during a normal workday.,display,3,Neutral,Neutral,0.8891735
3351,Apple,iPhone 17 Pro,"I rarely think about the battery during the day. Still, the camera output is less consistent than expected. the design has grown on me. switching between apps feels effortless. I mostly use it for work and messaging. The software has been stable for me so far.",battery,4,Positive,Positive,0.983805
3351,Apple,iPhone 17 Pro,"I rarely think about the battery during the day. Still, the camera output is less consistent than expected. the design has grown on me. switching between apps feels effortless. I mostly use it for work and messaging. The software has been stable for me so far.",camera,4,Positive,Positive,0.601422
3351,Apple,iPhone 17 Pro,"I rarely think about the battery during the day. Still, the camera output is less consistent than expected. the design has grown on me. switching between apps feels effortless. I mostly use it for work and messaging. The software has been stable for me so far.",performance,4,Positive,Positive,0.9858272
3351,Apple,iPhone 17 Pro,"I rarely think about the battery during the day. Still, the camera output is less consistent than expected. the design has grown on me. switching between apps feels effortless. I mostly use it for work and messaging. The software has been stable for me so far.",design,4,Positive,Positive,0.9894785
3354,Samsung,Galaxy A56 5G,"the camera is capable without being remarkable. I bought it after comparing a few phones in the same range. handles normal apps without trouble. That said, drain has been impressively low.",battery,4,Positive,Neutral,0.5579485
3354,Samsung,Galaxy A56 5G,"the camera is capable without being remarkable. I bought it after comparing a few phones in the same range. handles normal apps without trouble. That said, drain has been impressively low.",camera,3,Neutral,Neutral,0.8880436
3354,Samsung,Galaxy A56 5G,"the camera is capable without being remarkable. I bought it after comparing a few phones in the same range. handles normal apps without trouble. That said, drain has been impressively low.",performance,3,Neutral,Neutral,0.7278788
3357,Realme,Realme 14 Pro+,"gets through a normal day for me. At the same time, games stay smooth during longer sessions. autofocus is okay for everyday subjects. the controls feel thoughtfully placed. I am already considering a different phone next time. the screen feels fairly typical for this class. I spend a fair amount of time on maps, media, and social apps. I use it mostly during a normal workday.",camera,2,Negative,Neutral,0.88841057
3357,Realme,Realme 14 Pro+,"gets through a normal day for me. At the same time, games stay smooth during longer sessions. autofocus is okay for everyday subjects. the controls feel thoughtfully placed. I am already considering a different phone next time. the screen feels fairly typical for this class. I spend a fair amount of time on maps, media, and social apps. I use it mostly during a normal workday.",performance,3,Neutral,Neutral,0.6716944
3357,Realme,Realme 14 Pro+,"gets through a normal day for me. At the same time, games stay smooth during longer sessions. autofocus is okay for everyday subjects. the controls feel thoughtfully placed. I am already considering a different phone next time. the screen feels fairly typical for this class. I spend a fair amount of time on maps, media, and social apps. I use it mostly during a normal workday.",display,3,Neutral,Neutral,0.89113194
3367,Motorola,Moto G Power 2025,the phone can feel sluggish under load. Most of my use is fairly ordinary rather than demanding. colors are not always consistent. battery performance has been about what I expected.,battery,3,Neutral,Neutral,0.87976843
3367,Motorola,Moto G Power 2025,the phone can feel sluggish under load. Most of my use is fairly ordinary rather than demanding. colors are not always consistent. battery performance has been about what I expected.,performance,1,Negative,Negative,0.98180586
3367,Motorola,Moto G Power 2025,the phone can feel sluggish under load. Most of my use is fairly ordinary rather than demanding. colors are not always consistent. battery performance has been about what I expected.,display,2,Negative,Negative,0.99414486
3380,Motorola,Moto G Power 2025,I would not buy this phone again. gets through a normal day for me. Most of my use is fairly ordinary rather than demanding. longer gaming sessions can introduce stutter.,performance,2,Negative,Negative,0.99335843
3382,Apple,iPhone 16e,"handles normal apps without trouble. Most of my use is fairly ordinary rather than demanding. On the other hand, the finish looks more premium in person. I regret some parts of the purchase. touch response has occasionally felt delayed.",performance,3,Neutral,Negative,0.72002405
3382,Apple,iPhone 16e,"handles normal apps without trouble. Most of my use is fairly ordinary rather than demanding. On the other hand, the finish looks more premium in person. I regret some parts of the purchase. touch response has occasionally felt delayed.",design,4,Positive,Neutral,0.7474229
3382,Apple,iPhone 16e,"handles normal apps without trouble. Most of my use is fairly ordinary rather than demanding. On the other hand, the finish looks more premium in person. I regret some parts of the purchase. touch response has occasionally felt delayed.",display,2,Negative,Negative,0.99369025
3390,Google,Pixel 9a,"the camera is capable without being remarkable. looks fine indoors and in shade. switching between apps feels effortless. On the other hand, charging has been quick enough for my routine.",battery,4,Positive,Positive,0.8134707
3390,Google,Pixel 9a,"the camera is capable without being remarkable. looks fine indoors and in shade. switching between apps feels effortless. On the other hand, charging has been quick enough for my routine.",camera,3,Neutral,Neutral,0.876012
3390,Google,Pixel 9a,"the camera is capable without being remarkable. looks fine indoors and in shade. switching between apps feels effortless. On the other hand, charging has been quick enough for my routine.",performance,4,Positive,Positive,0.9800238
3394,Samsung,Galaxy S26,"the panel looks bright in most situations. the phone stays responsive under a busy workload. My routine includes calls, photos, and some gaming. the handset feels solid and well put together. daylight images are generally fine. I am pleased with the purchase overall.",camera,4,Positive,Neutral,0.6910148
3394,Samsung,Galaxy S26,"the panel looks bright in most situations. the phone stays responsive under a busy workload. My routine includes calls, photos, and some gaming. the handset feels solid and well put together. daylight images are generally fine. I am pleased with the purchase overall.",performance,4,Positive,Positive,0.9460445
3394,Samsung,Galaxy S26,"the panel looks bright in most situations. the phone stays responsive under a busy workload. My routine includes calls, photos, and some gaming. the handset feels solid and well put together. daylight images are generally fine. I am pleased with the purchase overall.",design,4,Positive,Positive,0.9289065
3394,Samsung,Galaxy S26,"the panel looks bright in most situations. the phone stays responsive under a busy workload. My routine includes calls, photos, and some gaming. the handset feels solid and well put together. daylight images are generally fine. I am pleased with the purchase overall.",display,5,Positive,Positive,0.9846378
3396,Google,Pixel 10,"I have more complaints than I expected to have. Most of my use is fairly ordinary rather than demanding. Still, the finish looks more premium in person. looks fine indoors and in shade. battery life has been one of my complaints. night shots are usable with some patience. I have been using it as my main phone.",battery,2,Negative,Negative,0.9937087
3396,Google,Pixel 10,"I have more complaints than I expected to have. Most of my use is fairly ordinary rather than demanding. Still, the finish looks more premium in person. looks fine indoors and in shade. battery life has been one of my complaints. night shots are usable with some patience. I have been using it as my main phone.",design,5,Positive,Neutral,0.7321599
3397,Xiaomi,Xiaomi 15 Ultra,"the camera handles portraits with good separation. I can see why someone would like it, but I also see the drawbacks. Most of my use is fairly ordinary rather than demanding. brightness is okay for my usual use. That said, the controls feel thoughtfully placed. switching between apps feels effortless.",camera,4,Positive,Positive,0.9898016
3397,Xiaomi,Xiaomi 15 Ultra,"the camera handles portraits with good separation. I can see why someone would like it, but I also see the drawbacks. Most of my use is fairly ordinary rather than demanding. brightness is okay for my usual use. That said, the controls feel thoughtfully placed. switching between apps feels effortless.",performance,4,Positive,Positive,0.951931
3397,Xiaomi,Xiaomi 15 Ultra,"the camera handles portraits with good separation. I can see why someone would like it, but I also see the drawbacks. Most of my use is fairly ordinary rather than demanding. brightness is okay for my usual use. That said, the controls feel thoughtfully placed. switching between apps feels effortless.",display,3,Neutral,Neutral,0.87803245
3406,Realme,Realme GT 7,"night shots often need another try. My routine includes calls, photos, and some gaming. I would hesitate to recommend it in this price range. Still, the phone stays responsive under a busy workload. drain has been impressively low.",battery,5,Positive,Positive,0.9898891
3406,Realme,Realme GT 7,"night shots often need another try. My routine includes calls, photos, and some gaming. I would hesitate to recommend it in this price range. Still, the phone stays responsive under a busy workload. drain has been impressively low.",camera,2,Negative,Negative,0.99285805
3406,Realme,Realme GT 7,"night shots often need another try. My routine includes calls, photos, and some gaming. I would hesitate to recommend it in this price range. Still, the phone stays responsive under a busy workload. drain has been impressively low.",performance,4,Positive,Negative,0.9727792
3418,Samsung,Galaxy Z Flip7,"The compromises are difficult to overlook. I spend a fair amount of time on maps, media, and social apps. night shots are usable with some patience. Still, the controls feel thoughtfully placed. charging takes longer than I would like. the panel looks less convincing at an angle.",battery,2,Negative,Negative,0.99396133
3418,Samsung,Galaxy Z Flip7,"The compromises are difficult to overlook. I spend a fair amount of time on maps, media, and social apps. night shots are usable with some patience. Still, the controls feel thoughtfully placed. charging takes longer than I would like. the panel looks less convincing at an angle.",performance,3,Neutral,Neutral,0.59531206
3418,Samsung,Galaxy Z Flip7,"The compromises are difficult to overlook. I spend a fair amount of time on maps, media, and social apps. night shots are usable with some patience. Still, the controls feel thoughtfully placed. charging takes longer than I would like. the panel looks less convincing at an angle.",display,2,Negative,Negative,0.9930743
3421,OPPO,Find N5,photos have a pleasing amount of detail. Most of my use is fairly ordinary rather than demanding. I would choose this one again over the alternatives I considered. switching between apps feels effortless. nothing about the finish stands out much. I use it mostly during a normal workday.,camera,4,Positive,Positive,0.99005646
3421,OPPO,Find N5,photos have a pleasing amount of detail. Most of my use is fairly ordinary rather than demanding. I would choose this one again over the alternatives I considered. switching between apps feels effortless. nothing about the finish stands out much. I use it mostly during a normal workday.,performance,5,Positive,Positive,0.9876232
3421,OPPO,Find N5,photos have a pleasing amount of detail. Most of my use is fairly ordinary rather than demanding. I would choose this one again over the alternatives I considered. switching between apps feels effortless. nothing about the finish stands out much. I use it mostly during a normal workday.,design,3,Neutral,Neutral,0.78249204
3422,Motorola,Motorola Edge 60 Pro,"On the other hand, colors are not always consistent. daylight images are generally fine. the design has grown on me. Most of my use is fairly ordinary rather than demanding. battery performance has been about what I expected.",battery,3,Neutral,Neutral,0.8863852
3422,Motorola,Motorola Edge 60 Pro,"On the other hand, colors are not always consistent. daylight images are generally fine. the design has grown on me. Most of my use is fairly ordinary rather than demanding. battery performance has been about what I expected.",performance,2,Negative,Positive,0.4639681
3422,Motorola,Motorola Edge 60 Pro,"On the other hand, colors are not always consistent. daylight images are generally fine. the design has grown on me. Most of my use is fairly ordinary rather than demanding. battery performance has been about what I expected.",design,4,Positive,Positive,0.98909163
3422,Motorola,Motorola Edge 60 Pro,"On the other hand, colors are not always consistent. daylight images are generally fine. the design has grown on me. Most of my use is fairly ordinary rather than demanding. battery performance has been about what I expected.",display,5,Positive,Neutral,0.6688969
3426,Apple,iPhone 17 Pro Max,"switching between apps feels effortless. the finish looks more premium in person. I mostly use it for work and messaging. At the same time, overnight loss is higher than I expected.",performance,4,Positive,Positive,0.9872062
3426,Apple,iPhone 17 Pro Max,"switching between apps feels effortless. the finish looks more premium in person. I mostly use it for work and messaging. At the same time, overnight loss is higher than I expected.",design,5,Positive,Positive,0.98631907
3429,Apple,iPhone 17 Pro Max,drain has been impressively low. Most of my use is fairly ordinary rather than demanding. The strengths make it easy for me to recommend. performance has been consistently strong. the finish looks more premium in person.,battery,4,Positive,Positive,0.9900448
3429,Apple,iPhone 17 Pro Max,drain has been impressively low. Most of my use is fairly ordinary rather than demanding. The strengths make it easy for me to recommend. performance has been consistently strong. the finish looks more premium in person.,performance,5,Positive,Positive,0.9901697
3429,Apple,iPhone 17 Pro Max,drain has been impressively low. Most of my use is fairly ordinary rather than demanding. The strengths make it easy for me to recommend. performance has been consistently strong. the finish looks more premium in person.,design,5,Positive,Positive,0.98767453
3435,OPPO,Find N5,daylight images are generally fine. multitasking is acceptable for my routine. I use it mostly during a normal workday.,performance,3,Neutral,Neutral,0.86878353
3435,OPPO,Find N5,daylight images are generally fine. multitasking is acceptable for my routine. I use it mostly during a normal workday.,design,4,Positive,Neutral,0.7566445
3436,OnePlus,OnePlus 13T,"My view of it has remained fairly balanced. autofocus is okay for everyday subjects. the panel looks bright in most situations. My routine includes calls, photos, and some gaming. At the same time, the shape is not especially comfortable for me. The software has been stable for me so far.",camera,3,Neutral,Neutral,0.8911649
3436,OnePlus,OnePlus 13T,"My view of it has remained fairly balanced. autofocus is okay for everyday subjects. the panel looks bright in most situations. My routine includes calls, photos, and some gaming. At the same time, the shape is not especially comfortable for me. The software has been stable for me so far.",performance,4,Positive,Positive,0.508174
3436,OnePlus,OnePlus 13T,"My view of it has remained fairly balanced. autofocus is okay for everyday subjects. the panel looks bright in most situations. My routine includes calls, photos, and some gaming. At the same time, the shape is not especially comfortable for me. The software has been stable for me so far.",display,4,Positive,Positive,0.9885886
3439,Nothing,Phone 3a Pro,"the panel looks bright in most situations. That said, usually leaves plenty of charge by bedtime. performance has been consistently strong. My routine includes calls, photos, and some gaming. the controls feel thoughtfully placed.",battery,4,Positive,Positive,0.74144316
3439,Nothing,Phone 3a Pro,"the panel looks bright in most situations. That said, usually leaves plenty of charge by bedtime. performance has been consistently strong. My routine includes calls, photos, and some gaming. the controls feel thoughtfully placed.",camera,4,Positive,Positive,0.6008656
3439,Nothing,Phone 3a Pro,"the panel looks bright in most situations. That said, usually leaves plenty of charge by bedtime. performance has been consistently strong. My routine includes calls, photos, and some gaming. the controls feel thoughtfully placed.",performance,4,Positive,Positive,0.9899732
3439,Nothing,Phone 3a Pro,"the panel looks bright in most situations. That said, usually leaves plenty of charge by bedtime. performance has been consistently strong. My routine includes calls, photos, and some gaming. the controls feel thoughtfully placed.",display,4,Positive,Positive,0.98919463
3441,Apple,iPhone 16e,"My routine includes calls, photos, and some gaming. the panel is decent without being exceptional. daylight images are generally fine. charging speed is fairly ordinary. I have been using it as my main phone.",battery,3,Neutral,Neutral,0.9110626
3441,Apple,iPhone 16e,"My routine includes calls, photos, and some gaming. the panel is decent without being exceptional. daylight images are generally fine. charging speed is fairly ordinary. I have been using it as my main phone.",camera,3,Neutral,Neutral,0.87433666
3441,Apple,iPhone 16e,"My routine includes calls, photos, and some gaming. the panel is decent without being exceptional. daylight images are generally fine. charging speed is fairly ordinary. I have been using it as my main phone.",performance,4,Positive,Neutral,0.49592242
3441,Apple,iPhone 16e,"My routine includes calls, photos, and some gaming. the panel is decent without being exceptional. daylight images are generally fine. charging speed is fairly ordinary. I have been using it as my main phone.",design,3,Neutral,Neutral,0.78135777
3441,Apple,iPhone 16e,"My routine includes calls, photos, and some gaming. the panel is decent without being exceptional. daylight images are generally fine. charging speed is fairly ordinary. I have been using it as my main phone.",display,3,Neutral,Neutral,0.8963996
3447,Apple,iPhone 16,"I mostly use it for work and messaging. battery performance has been about what I expected. apps move along without much waiting. text stays sharp and easy to read. nothing about the finish stands out much. One catch is that, night shots often need another try. The software has been stable for me so far.",battery,3,Neutral,Neutral,0.8863368
3447,Apple,iPhone 16,"I mostly use it for work and messaging. battery performance has been about what I expected. apps move along without much waiting. text stays sharp and easy to read. nothing about the finish stands out much. One catch is that, night shots often need another try. The software has been stable for me so far.",performance,5,Positive,Positive,0.9779415
3447,Apple,iPhone 16,"I mostly use it for work and messaging. battery performance has been about what I expected. apps move along without much waiting. text stays sharp and easy to read. nothing about the finish stands out much. One catch is that, night shots often need another try. The software has been stable for me so far.",design,5,Positive,Neutral,0.8627084
3464,Apple,iPhone 17 Pro,Most of my use is fairly ordinary rather than demanding. the camera handles portraits with good separation. the design has grown on me. I use it mostly during a normal workday.,camera,5,Positive,Positive,0.98904306
3464,Apple,iPhone 17 Pro,Most of my use is fairly ordinary rather than demanding. the camera handles portraits with good separation. the design has grown on me. I use it mostly during a normal workday.,design,4,Positive,Positive,0.989484
3467,Apple,iPhone 16e,"brightness is okay for my usual use. I spend a fair amount of time on maps, media, and social apps. Still, I rarely think about the battery during the day. the design is functional and straightforward. I am already considering a different phone next time.",battery,4,Positive,Neutral,0.5378845
3467,Apple,iPhone 16e,"brightness is okay for my usual use. I spend a fair amount of time on maps, media, and social apps. Still, I rarely think about the battery during the day. the design is functional and straightforward. I am already considering a different phone next time.",performance,3,Neutral,Neutral,0.55552447
3467,Apple,iPhone 16e,"brightness is okay for my usual use. I spend a fair amount of time on maps, media, and social apps. Still, I rarely think about the battery during the day. the design is functional and straightforward. I am already considering a different phone next time.",design,2,Negative,Neutral,0.8959505
3467,Apple,iPhone 16e,"brightness is okay for my usual use. I spend a fair amount of time on maps, media, and social apps. Still, I rarely think about the battery during the day. the design is functional and straightforward. I am already considering a different phone next time.",display,3,Neutral,Neutral,0.87883294
3468,OnePlus,OnePlus 13,"The strengths make it easy for me to recommend. I spend a fair amount of time on maps, media, and social apps. switching between apps feels effortless. holds up really well through a long day. The software has been stable for me so far.",performance,5,Positive,Positive,0.9879331
3474,Motorola,Moto G Power 2025,"Still, night shots are cleaner than I expected. the finish looks more premium in person. gaming is okay at moderate settings. I would choose a different model if I were buying again.",performance,3,Neutral,Neutral,0.8757255
3474,Motorola,Moto G Power 2025,"Still, night shots are cleaner than I expected. the finish looks more premium in person. gaming is okay at moderate settings. I would choose a different model if I were buying again.",design,4,Positive,Positive,0.98228675
3484,OnePlus,OnePlus 13T,the screen feels fairly typical for this class. the finish looks more premium in person. I use it mostly during a normal workday.,design,4,Positive,Positive,0.98590964
3484,OnePlus,OnePlus 13T,the screen feels fairly typical for this class. the finish looks more premium in person. I use it mostly during a normal workday.,display,4,Positive,Neutral,0.8980961
3486,Samsung,Galaxy A56 5G,"It is a reasonable choice, although there are clear alternatives. colors are pleasing without looking excessive. autofocus is okay for everyday subjects. it is comfortable to carry and use. I spend a fair amount of time on maps, media, and social apps. charging has been quick enough for my routine. I use it mostly during a normal workday.",battery,4,Positive,Positive,0.9906398
3486,Samsung,Galaxy A56 5G,"It is a reasonable choice, although there are clear alternatives. colors are pleasing without looking excessive. autofocus is okay for everyday subjects. it is comfortable to carry and use. I spend a fair amount of time on maps, media, and social apps. charging has been quick enough for my routine. I use it mostly during a normal workday.",camera,3,Neutral,Neutral,0.88251215
3486,Samsung,Galaxy A56 5G,"It is a reasonable choice, although there are clear alternatives. colors are pleasing without looking excessive. autofocus is okay for everyday subjects. it is comfortable to carry and use. I spend a fair amount of time on maps, media, and social apps. charging has been quick enough for my routine. I use it mostly during a normal workday.",performance,3,Neutral,Neutral,0.63790244
3486,Samsung,Galaxy A56 5G,"It is a reasonable choice, although there are clear alternatives. colors are pleasing without looking excessive. autofocus is okay for everyday subjects. it is comfortable to carry and use. I spend a fair amount of time on maps, media, and social apps. charging has been quick enough for my routine. I use it mostly during a normal workday.",display,4,Positive,Positive,0.9893043
3491,Nothing,Phone 3a Pro,I bought it after comparing a few phones in the same range. charging has been quick enough for my routine. night shots are cleaner than I expected.,battery,4,Positive,Positive,0.9912286
3492,Samsung,Galaxy S26,"On the other hand, outdoor brightness can be limiting. apps move along without much waiting. I mostly use it for work and messaging. feels familiar rather than distinctive.",performance,5,Positive,Positive,0.98535246
3492,Samsung,Galaxy S26,"On the other hand, outdoor brightness can be limiting. apps move along without much waiting. I mostly use it for work and messaging. feels familiar rather than distinctive.",display,5,Positive,Positive,0.7542822
3504,Apple,iPhone 16e,works well enough for routine photos. the design is functional and straightforward. I bought it after comparing a few phones in the same range.,camera,3,Neutral,Neutral,0.89078057
3504,Apple,iPhone 16e,works well enough for routine photos. the design is functional and straightforward. I bought it after comparing a few phones in the same range.,design,3,Neutral,Neutral,0.904398
3506,Google,Pixel 10,"daylight shots come out crisp and detailed. multitasking is acceptable for my routine. I regret some parts of the purchase. One catch is that, colors are pleasing without looking excessive. My routine includes calls, photos, and some gaming. drain becomes noticeable with ordinary use. The software has been stable for me so far.",battery,2,Negative,Negative,0.99341655
3506,Google,Pixel 10,"daylight shots come out crisp and detailed. multitasking is acceptable for my routine. I regret some parts of the purchase. One catch is that, colors are pleasing without looking excessive. My routine includes calls, photos, and some gaming. drain becomes noticeable with ordinary use. The software has been stable for me so far.",camera,4,Positive,Positive,0.98127824
3506,Google,Pixel 10,"daylight shots come out crisp and detailed. multitasking is acceptable for my routine. I regret some parts of the purchase. One catch is that, colors are pleasing without looking excessive. My routine includes calls, photos, and some gaming. drain becomes noticeable with ordinary use. The software has been stable for me so far.",performance,3,Neutral,Neutral,0.8724721
3506,Google,Pixel 10,"daylight shots come out crisp and detailed. multitasking is acceptable for my routine. I regret some parts of the purchase. One catch is that, colors are pleasing without looking excessive. My routine includes calls, photos, and some gaming. drain becomes noticeable with ordinary use. The software has been stable for me so far.",design,5,Positive,Neutral,0.7903356
3506,Google,Pixel 10,"daylight shots come out crisp and detailed. multitasking is acceptable for my routine. I regret some parts of the purchase. One catch is that, colors are pleasing without looking excessive. My routine includes calls, photos, and some gaming. drain becomes noticeable with ordinary use. The software has been stable for me so far.",display,4,Positive,Positive,0.8362757
3507,Realme,Realme 14 Pro+,is adequate for most daily tasks. battery performance has been about what I expected. it is comfortable to carry and use.,battery,3,Neutral,Neutral,0.8877794
3507,Realme,Realme 14 Pro+,is adequate for most daily tasks. battery performance has been about what I expected. it is comfortable to carry and use.,performance,4,Positive,Positive,0.4697658
3513,OnePlus,OnePlus 13R,"charging has been quick enough for my routine. it is comfortable enough to use. It has earned a place as my main phone. daylight images are generally fine. I bought it after comparing a few phones in the same range. Still, apps can hesitate at awkward times. I use it mostly during a normal workday.",battery,4,Positive,Positive,0.9906238
3513,OnePlus,OnePlus 13R,"charging has been quick enough for my routine. it is comfortable enough to use. It has earned a place as my main phone. daylight images are generally fine. I bought it after comparing a few phones in the same range. Still, apps can hesitate at awkward times. I use it mostly during a normal workday.",performance,3,Neutral,Positive,0.96139544
3513,OnePlus,OnePlus 13R,"charging has been quick enough for my routine. it is comfortable enough to use. It has earned a place as my main phone. daylight images are generally fine. I bought it after comparing a few phones in the same range. Still, apps can hesitate at awkward times. I use it mostly during a normal workday.",design,3,Neutral,Positive,0.9389923
3515,Xiaomi,Redmi Note 14 Pro+,"I would not buy this phone again. the camera is capable without being remarkable. brightness is okay for my usual use. That said, the phone stays responsive under a busy workload. the design is functional and straightforward.",camera,3,Neutral,Neutral,0.89173794
3515,Xiaomi,Redmi Note 14 Pro+,"I would not buy this phone again. the camera is capable without being remarkable. brightness is okay for my usual use. That said, the phone stays responsive under a busy workload. the design is functional and straightforward.",design,3,Neutral,Neutral,0.9030832
3515,Xiaomi,Redmi Note 14 Pro+,"I would not buy this phone again. the camera is capable without being remarkable. brightness is okay for my usual use. That said, the phone stays responsive under a busy workload. the design is functional and straightforward.",display,3,Neutral,Neutral,0.89679873
3516,Realme,Realme GT 7,I mostly use it for work and messaging. daylight images are generally fine. it is comfortable to carry and use.,design,5,Positive,Positive,0.5412192
3519,OnePlus,OnePlus 13T,"I regret some parts of the purchase. battery performance has been about what I expected. I spend a fair amount of time on maps, media, and social apps. the design is functional and straightforward.",battery,3,Neutral,Neutral,0.8868046
3519,OnePlus,OnePlus 13T,"I regret some parts of the purchase. battery performance has been about what I expected. I spend a fair amount of time on maps, media, and social apps. the design is functional and straightforward.",performance,4,Positive,Positive,0.5761279
3519,OnePlus,OnePlus 13T,"I regret some parts of the purchase. battery performance has been about what I expected. I spend a fair amount of time on maps, media, and social apps. the design is functional and straightforward.",design,4,Positive,Neutral,0.9008835
3525,OnePlus,OnePlus 13,"I would not buy this phone again. night shots are usable with some patience. I mostly use it for work and messaging. Still, drain has been impressively low. performance has been consistently strong. I use it mostly during a normal workday.",battery,5,Positive,Neutral,0.53033924
3525,OnePlus,OnePlus 13,"I would not buy this phone again. night shots are usable with some patience. I mostly use it for work and messaging. Still, drain has been impressively low. performance has been consistently strong. I use it mostly during a normal workday.",performance,4,Positive,Positive,0.98984015
3534,Google,Pixel 9a,"One catch is that, daylight shots come out crisp and detailed. drain is noticeable mainly with demanding apps. the screen feels fairly typical for this class. I spend a fair amount of time on maps, media, and social apps.",battery,2,Negative,Neutral,0.88728493
3534,Google,Pixel 9a,"One catch is that, daylight shots come out crisp and detailed. drain is noticeable mainly with demanding apps. the screen feels fairly typical for this class. I spend a fair amount of time on maps, media, and social apps.",performance,2,Negative,Neutral,0.5424017
3534,Google,Pixel 9a,"One catch is that, daylight shots come out crisp and detailed. drain is noticeable mainly with demanding apps. the screen feels fairly typical for this class. I spend a fair amount of time on maps, media, and social apps.",design,3,Neutral,Neutral,0.6873932
3534,Google,Pixel 9a,"One catch is that, daylight shots come out crisp and detailed. drain is noticeable mainly with demanding apps. the screen feels fairly typical for this class. I spend a fair amount of time on maps, media, and social apps.",display,3,Neutral,Neutral,0.8978237
3536,OnePlus,OnePlus 13,"I would recommend it to someone shopping in this range. the phone stays responsive under a busy workload. the finish looks more premium in person. night shots are cleaner than I expected. That said, the panel looks less convincing at an angle.",design,4,Positive,Positive,0.98643297
3536,OnePlus,OnePlus 13,"I would recommend it to someone shopping in this range. the phone stays responsive under a busy workload. the finish looks more premium in person. night shots are cleaner than I expected. That said, the panel looks less convincing at an angle.",display,5,Positive,Positive,0.98779917
3541,Samsung,Galaxy S26,text stays sharp and easy to read. the design has grown on me. is fine for browsing and messaging. Most of my use is fairly ordinary rather than demanding.,design,5,Positive,Positive,0.98890483
3546,Realme,Realme GT 7,"Most of my use is fairly ordinary rather than demanding. I would happily buy this phone again. the build is reasonable for the price. usually leaves plenty of charge by bedtime. At the same time, night shots often need another try. the phone stays responsive under a busy workload. colors are pleasing without looking excessive.",battery,4,Positive,Positive,0.9887476
3546,Realme,Realme GT 7,"Most of my use is fairly ordinary rather than demanding. I would happily buy this phone again. the build is reasonable for the price. usually leaves plenty of charge by bedtime. At the same time, night shots often need another try. the phone stays responsive under a busy workload. colors are pleasing without looking excessive.",design,3,Neutral,Neutral,0.87538016
3546,Realme,Realme GT 7,"Most of my use is fairly ordinary rather than demanding. I would happily buy this phone again. the build is reasonable for the price. usually leaves plenty of charge by bedtime. At the same time, night shots often need another try. the phone stays responsive under a busy workload. colors are pleasing without looking excessive.",display,5,Positive,Positive,0.98989266
3549,OPPO,Find N5,"I regret some parts of the purchase. it is comfortable to carry and use. charging takes longer than I would like. I spend a fair amount of time on maps, media, and social apps. I use it mostly during a normal workday.",battery,2,Negative,Negative,0.9940128
3549,OPPO,Find N5,"I regret some parts of the purchase. it is comfortable to carry and use. charging takes longer than I would like. I spend a fair amount of time on maps, media, and social apps. I use it mostly during a normal workday.",performance,3,Neutral,Neutral,0.44787413
3550,Samsung,Galaxy Z Flip7,"Still, autofocus has been reliable in everyday use. it needs a top-up before the day is over. the design has grown on me. the panel is decent without being exceptional.",camera,3,Neutral,Neutral,0.5746302
3550,Samsung,Galaxy Z Flip7,"Still, autofocus has been reliable in everyday use. it needs a top-up before the day is over. the design has grown on me. the panel is decent without being exceptional.",design,4,Positive,Positive,0.9895919
3550,Samsung,Galaxy Z Flip7,"Still, autofocus has been reliable in everyday use. it needs a top-up before the day is over. the design has grown on me. the panel is decent without being exceptional.",display,3,Neutral,Neutral,0.8892395
3553,Motorola,Razr 60 Ultra,"colors are not always consistent. At the same time, charging has been quick enough for my routine. My routine includes calls, photos, and some gaming. longer gaming sessions can introduce stutter.",battery,4,Positive,Negative,0.9684532
3553,Motorola,Razr 60 Ultra,"colors are not always consistent. At the same time, charging has been quick enough for my routine. My routine includes calls, photos, and some gaming. longer gaming sessions can introduce stutter.",camera,2,Negative,Negative,0.95195895
3553,Motorola,Razr 60 Ultra,"colors are not always consistent. At the same time, charging has been quick enough for my routine. My routine includes calls, photos, and some gaming. longer gaming sessions can introduce stutter.",performance,2,Negative,Negative,0.9920527
3553,Motorola,Razr 60 Ultra,"colors are not always consistent. At the same time, charging has been quick enough for my routine. My routine includes calls, photos, and some gaming. longer gaming sessions can introduce stutter.",display,2,Negative,Negative,0.9939765
3554,Motorola,Razr 60 Ultra,"the screen feels fairly typical for this class. handles normal apps without trouble. I bought it after comparing a few phones in the same range. That said, it is comfortable to carry and use.",performance,4,Positive,Neutral,0.8304482
3554,Motorola,Razr 60 Ultra,"the screen feels fairly typical for this class. handles normal apps without trouble. I bought it after comparing a few phones in the same range. That said, it is comfortable to carry and use.",display,3,Neutral,Neutral,0.904882
3559,Apple,iPhone 17,"That said, I rarely think about the battery during the day. is fine for browsing and messaging. colors are pleasing without looking excessive. feels familiar rather than distinctive. I could recommend it, but only with some reservations.",battery,4,Positive,Positive,0.66270024
3559,Apple,iPhone 17,"That said, I rarely think about the battery during the day. is fine for browsing and messaging. colors are pleasing without looking excessive. feels familiar rather than distinctive. I could recommend it, but only with some reservations.",display,4,Positive,Positive,0.98964465
3561,Apple,iPhone 17 Pro,"One catch is that, the design feels a little dated beside newer phones. the camera handles portraits with good separation. the panel is decent without being exceptional. It has earned a place as my main phone. is adequate unless I use the phone heavily. the phone stays responsive under a busy workload.",camera,5,Positive,Positive,0.98906225
3561,Apple,iPhone 17 Pro,"One catch is that, the design feels a little dated beside newer phones. the camera handles portraits with good separation. the panel is decent without being exceptional. It has earned a place as my main phone. is adequate unless I use the phone heavily. the phone stays responsive under a busy workload.",design,4,Positive,Positive,0.9379534
3561,Apple,iPhone 17 Pro,"One catch is that, the design feels a little dated beside newer phones. the camera handles portraits with good separation. the panel is decent without being exceptional. It has earned a place as my main phone. is adequate unless I use the phone heavily. the phone stays responsive under a busy workload.",display,5,Positive,Neutral,0.879075
3567,OPPO,Find N5,"I mostly use it for work and messaging. Still, the finish looks more premium in person. daylight images are generally fine. the panel looks bright in most situations. gets through a normal day for me.",design,4,Positive,Positive,0.6653711
3567,OPPO,Find N5,"I mostly use it for work and messaging. Still, the finish looks more premium in person. daylight images are generally fine. the panel looks bright in most situations. gets through a normal day for me.",display,4,Positive,Positive,0.98582524
3574,OPPO,Reno 13 Pro,"I bought it after comparing a few phones in the same range. the camera handles portraits with good separation. That said, the handset feels solid and well put together. is adequate unless I use the phone heavily.",camera,4,Positive,Positive,0.98980147
3576,Samsung,Galaxy Z Flip7,Most of my use is fairly ordinary rather than demanding. the camera is capable without being remarkable. I would hesitate to recommend it in this price range. it is comfortable to carry and use. I use it mostly during a normal workday.,camera,2,Negative,Neutral,0.8892683
3596,Motorola,Moto G Power 2025,brightness is okay for my usual use. I bought it after comparing a few phones in the same range. apps can hesitate at awkward times. autofocus occasionally misses the moment. I use it mostly during a normal workday.,camera,2,Negative,Negative,0.99441975
3596,Motorola,Moto G Power 2025,brightness is okay for my usual use. I bought it after comparing a few phones in the same range. apps can hesitate at awkward times. autofocus occasionally misses the moment. I use it mostly during a normal workday.,performance,2,Negative,Negative,0.99263483
3596,Motorola,Moto G Power 2025,brightness is okay for my usual use. I bought it after comparing a few phones in the same range. apps can hesitate at awkward times. autofocus occasionally misses the moment. I use it mostly during a normal workday.,display,3,Neutral,Neutral,0.88195646
3598,Samsung,Galaxy A56 5G,"It depends on which features matter most to the buyer. On the other hand, photos have a pleasing amount of detail. multitasking is acceptable for my routine. the handset feels solid and well put together. My routine includes calls, photos, and some gaming. touch response has been dependable.",camera,3,Neutral,Neutral,0.5760406
3598,Samsung,Galaxy A56 5G,"It depends on which features matter most to the buyer. On the other hand, photos have a pleasing amount of detail. multitasking is acceptable for my routine. the handset feels solid and well put together. My routine includes calls, photos, and some gaming. touch response has been dependable.",performance,3,Neutral,Neutral,0.7915048
3598,Samsung,Galaxy A56 5G,"It depends on which features matter most to the buyer. On the other hand, photos have a pleasing amount of detail. multitasking is acceptable for my routine. the handset feels solid and well put together. My routine includes calls, photos, and some gaming. touch response has been dependable.",display,4,Positive,Positive,0.99015754
3604,Samsung,Galaxy Z Flip7,"I spend a fair amount of time on maps, media, and social apps. the handset feels solid and well put together. charging takes longer than I would like. I have been using it as my main phone.",battery,2,Negative,Negative,0.99389315
3604,Samsung,Galaxy Z Flip7,"I spend a fair amount of time on maps, media, and social apps. the handset feels solid and well put together. charging takes longer than I would like. I have been using it as my main phone.",performance,5,Positive,Positive,0.65617424
3609,OPPO,Find N5,"My routine includes calls, photos, and some gaming. night shots are cleaner than I expected. I am already considering a different phone next time. the panel is decent without being exceptional. That said, switching between apps feels effortless.",camera,4,Positive,Positive,0.9647477
3609,OPPO,Find N5,"My routine includes calls, photos, and some gaming. night shots are cleaner than I expected. I am already considering a different phone next time. the panel is decent without being exceptional. That said, switching between apps feels effortless.",performance,2,Negative,Neutral,0.4862136
3609,OPPO,Find N5,"My routine includes calls, photos, and some gaming. night shots are cleaner than I expected. I am already considering a different phone next time. the panel is decent without being exceptional. That said, switching between apps feels effortless.",display,3,Neutral,Neutral,0.84528285
3611,Google,Pixel 10 Pro,"the design has grown on me. handles normal apps without trouble. Most of my use is fairly ordinary rather than demanding. At the same time, battery life has been one of my complaints.",battery,3,Neutral,Neutral,0.52778816
3611,Google,Pixel 10 Pro,"the design has grown on me. handles normal apps without trouble. Most of my use is fairly ordinary rather than demanding. At the same time, battery life has been one of my complaints.",performance,4,Positive,Neutral,0.8231691
3611,Google,Pixel 10 Pro,"the design has grown on me. handles normal apps without trouble. Most of my use is fairly ordinary rather than demanding. At the same time, battery life has been one of my complaints.",design,4,Positive,Positive,0.98878366
3614,OnePlus,OnePlus 13,drain has been impressively low. gaming is okay at moderate settings. the controls feel thoughtfully placed. I use it mostly during a normal workday.,battery,4,Positive,Positive,0.9889637
3614,OnePlus,OnePlus 13,drain has been impressively low. gaming is okay at moderate settings. the controls feel thoughtfully placed. I use it mostly during a normal workday.,performance,5,Positive,Neutral,0.88992137
3616,Nothing,Phone 2a Plus,"the finish looks more premium in person. Most of my use is fairly ordinary rather than demanding. the panel is decent without being exceptional. the camera output is less consistent than expected. Still, battery life has been one of my complaints. is fine for browsing and messaging.",battery,5,Positive,Positive,0.45429376
3616,Nothing,Phone 2a Plus,"the finish looks more premium in person. Most of my use is fairly ordinary rather than demanding. the panel is decent without being exceptional. the camera output is less consistent than expected. Still, battery life has been one of my complaints. is fine for browsing and messaging.",camera,2,Negative,Negative,0.99450314
3616,Nothing,Phone 2a Plus,"the finish looks more premium in person. Most of my use is fairly ordinary rather than demanding. the panel is decent without being exceptional. the camera output is less consistent than expected. Still, battery life has been one of my complaints. is fine for browsing and messaging.",design,5,Positive,Positive,0.9817571
3616,Nothing,Phone 2a Plus,"the finish looks more premium in person. Most of my use is fairly ordinary rather than demanding. the panel is decent without being exceptional. the camera output is less consistent than expected. Still, battery life has been one of my complaints. is fine for browsing and messaging.",display,3,Neutral,Neutral,0.9000045
3618,OPPO,Find X8 Pro,"colors are pleasing without looking excessive. I would choose this one again over the alternatives I considered. My routine includes calls, photos, and some gaming. One catch is that, some photos lose detail when the light drops. switching between apps feels effortless.",camera,4,Positive,Positive,0.879286
3618,OPPO,Find X8 Pro,"colors are pleasing without looking excessive. I would choose this one again over the alternatives I considered. My routine includes calls, photos, and some gaming. One catch is that, some photos lose detail when the light drops. switching between apps feels effortless.",performance,5,Positive,Positive,0.98675483
3618,OPPO,Find X8 Pro,"colors are pleasing without looking excessive. I would choose this one again over the alternatives I considered. My routine includes calls, photos, and some gaming. One catch is that, some photos lose detail when the light drops. switching between apps feels effortless.",design,4,Positive,Positive,0.95391995
3618,OPPO,Find X8 Pro,"colors are pleasing without looking excessive. I would choose this one again over the alternatives I considered. My routine includes calls, photos, and some gaming. One catch is that, some photos lose detail when the light drops. switching between apps feels effortless.",display,5,Positive,Positive,0.98916453
3624,Motorola,Moto G Power 2025,"My routine includes calls, photos, and some gaming. autofocus occasionally misses the moment. That said, touch response has been dependable. it is comfortable enough to use.",camera,1,Negative,Negative,0.9943065
3624,Motorola,Moto G Power 2025,"My routine includes calls, photos, and some gaming. autofocus occasionally misses the moment. That said, touch response has been dependable. it is comfortable enough to use.",performance,3,Neutral,Neutral,0.42115757
3624,Motorola,Moto G Power 2025,"My routine includes calls, photos, and some gaming. autofocus occasionally misses the moment. That said, touch response has been dependable. it is comfortable enough to use.",display,3,Neutral,Neutral,0.4873934
3625,Motorola,Razr 60 Ultra,it is comfortable enough to use. gets through a normal day for me. I regret some parts of the purchase. performance has been less consistent than I hoped.,performance,2,Negative,Negative,0.99383944
3626,Realme,Realme GT 7,gets through a normal day for me. touch response has been dependable. handles normal apps without trouble. I mostly use it for work and messaging. the design has grown on me. The software has been stable for me so far.,performance,3,Neutral,Neutral,0.79819727
3626,Realme,Realme GT 7,gets through a normal day for me. touch response has been dependable. handles normal apps without trouble. I mostly use it for work and messaging. the design has grown on me. The software has been stable for me so far.,design,5,Positive,Positive,0.9896265
3626,Realme,Realme GT 7,gets through a normal day for me. touch response has been dependable. handles normal apps without trouble. I mostly use it for work and messaging. the design has grown on me. The software has been stable for me so far.,display,4,Positive,Positive,0.989579
3627,Google,Pixel 10,autofocus has been reliable in everyday use. holds up really well through a long day. the panel looks bright in most situations. I bought it after comparing a few phones in the same range. I have been using it as my main phone.,camera,4,Positive,Positive,0.990475
3627,Google,Pixel 10,autofocus has been reliable in everyday use. holds up really well through a long day. the panel looks bright in most situations. I bought it after comparing a few phones in the same range. I have been using it as my main phone.,display,5,Positive,Positive,0.9894247
3630,Apple,iPhone 17 Pro Max,"I rarely think about the battery during the day. the finish looks more premium in person. I mostly use it for work and messaging. One catch is that, colors are not always consistent.",battery,4,Positive,Positive,0.98385954
3630,Apple,iPhone 17 Pro Max,"I rarely think about the battery during the day. the finish looks more premium in person. I mostly use it for work and messaging. One catch is that, colors are not always consistent.",design,4,Positive,Positive,0.9850478
3630,Apple,iPhone 17 Pro Max,"I rarely think about the battery during the day. the finish looks more premium in person. I mostly use it for work and messaging. One catch is that, colors are not always consistent.",display,5,Positive,Positive,0.73035496
3631,Samsung,Galaxy A56 5G,charging speed is fairly ordinary. multitasking is acceptable for my routine. Most of my use is fairly ordinary rather than demanding. I would choose a different model if I were buying again. the build is reasonable for the price.,battery,3,Neutral,Neutral,0.911797
3631,Samsung,Galaxy A56 5G,charging speed is fairly ordinary. multitasking is acceptable for my routine. Most of my use is fairly ordinary rather than demanding. I would choose a different model if I were buying again. the build is reasonable for the price.,performance,3,Neutral,Neutral,0.89113873
3631,Samsung,Galaxy A56 5G,charging speed is fairly ordinary. multitasking is acceptable for my routine. Most of my use is fairly ordinary rather than demanding. I would choose a different model if I were buying again. the build is reasonable for the price.,design,3,Neutral,Neutral,0.903193
3639,OnePlus,OnePlus 13R,Most of my use is fairly ordinary rather than demanding. text stays sharp and easy to read. usually leaves plenty of charge by bedtime. apps move along without much waiting.,battery,5,Positive,Positive,0.9883292
3639,OnePlus,OnePlus 13R,Most of my use is fairly ordinary rather than demanding. text stays sharp and easy to read. usually leaves plenty of charge by bedtime. apps move along without much waiting.,performance,4,Positive,Positive,0.9852782
3640,Realme,Realme GT 7 Pro,I bought it after comparing a few phones in the same range. touch response has been dependable. autofocus is okay for everyday subjects.,camera,5,Positive,Neutral,0.8795676
3640,Realme,Realme GT 7 Pro,I bought it after comparing a few phones in the same range. touch response has been dependable. autofocus is okay for everyday subjects.,display,4,Positive,Positive,0.9901832
3656,OPPO,Reno 13 Pro,"I bought it after comparing a few phones in the same range. gaming is okay at moderate settings. Still, touch response has occasionally felt delayed. drain has been impressively low. My view of it has remained fairly balanced.",battery,5,Positive,Positive,0.9905211
3656,OPPO,Reno 13 Pro,"I bought it after comparing a few phones in the same range. gaming is okay at moderate settings. Still, touch response has occasionally felt delayed. drain has been impressively low. My view of it has remained fairly balanced.",performance,3,Neutral,Neutral,0.88141835
3656,OPPO,Reno 13 Pro,"I bought it after comparing a few phones in the same range. gaming is okay at moderate settings. Still, touch response has occasionally felt delayed. drain has been impressively low. My view of it has remained fairly balanced.",display,4,Positive,Positive,0.6508964
3663,Google,Pixel 10,"autofocus is okay for everyday subjects. One catch is that, charging takes longer than I would like. Most of my use is fairly ordinary rather than demanding. touch response has been dependable. I use it mostly during a normal workday.",battery,3,Neutral,Positive,0.546257
3663,Google,Pixel 10,"autofocus is okay for everyday subjects. One catch is that, charging takes longer than I would like. Most of my use is fairly ordinary rather than demanding. touch response has been dependable. I use it mostly during a normal workday.",camera,4,Positive,Neutral,0.88699067
3663,Google,Pixel 10,"autofocus is okay for everyday subjects. One catch is that, charging takes longer than I would like. Most of my use is fairly ordinary rather than demanding. touch response has been dependable. I use it mostly during a normal workday.",display,4,Positive,Positive,0.9903757
3673,Nothing,Phone 3a Pro,the panel is decent without being exceptional. the design feels a little dated beside newer phones. The weaknesses make it hard for me to recommend. performance has been consistently strong. I bought it after comparing a few phones in the same range. I use it mostly during a normal workday.,performance,4,Positive,Positive,0.9902886
3673,Nothing,Phone 3a Pro,the panel is decent without being exceptional. the design feels a little dated beside newer phones. The weaknesses make it hard for me to recommend. performance has been consistently strong. I bought it after comparing a few phones in the same range. I use it mostly during a normal workday.,design,2,Negative,Negative,0.99352705
3673,Nothing,Phone 3a Pro,the panel is decent without being exceptional. the design feels a little dated beside newer phones. The weaknesses make it hard for me to recommend. performance has been consistently strong. I bought it after comparing a few phones in the same range. I use it mostly during a normal workday.,display,3,Neutral,Neutral,0.8976567
3674,Google,Pixel 10 Pro XL,apps move along without much waiting. the build is reasonable for the price. The software has been stable for me so far.,performance,4,Positive,Positive,0.98288774
3674,Google,Pixel 10 Pro XL,apps move along without much waiting. the build is reasonable for the price. The software has been stable for me so far.,design,3,Neutral,Neutral,0.9012809
3678,Apple,iPhone 16e,"the camera is capable without being remarkable. apps move along without much waiting. it is comfortable to carry and use. I have more complaints than I expected to have. At the same time, holds up really well through a long day. My routine includes calls, photos, and some gaming.",camera,2,Negative,Neutral,0.8812926
3678,Apple,iPhone 16e,"the camera is capable without being remarkable. apps move along without much waiting. it is comfortable to carry and use. I have more complaints than I expected to have. At the same time, holds up really well through a long day. My routine includes calls, photos, and some gaming.",performance,4,Positive,Positive,0.94267434
3682,OnePlus,OnePlus 13R,"My routine includes calls, photos, and some gaming. night shots are usable with some patience. Still, the shape is not especially comfortable for me. the panel looks bright in most situations. My view of it has remained fairly balanced. apps move along without much waiting.",camera,3,Neutral,Neutral,0.7170562
3682,OnePlus,OnePlus 13R,"My routine includes calls, photos, and some gaming. night shots are usable with some patience. Still, the shape is not especially comfortable for me. the panel looks bright in most situations. My view of it has remained fairly balanced. apps move along without much waiting.",performance,4,Positive,Positive,0.984781
3682,OnePlus,OnePlus 13R,"My routine includes calls, photos, and some gaming. night shots are usable with some patience. Still, the shape is not especially comfortable for me. the panel looks bright in most situations. My view of it has remained fairly balanced. apps move along without much waiting.",display,4,Positive,Positive,0.9886154
3688,OPPO,Find N5,I mostly use it for work and messaging. the handset feels solid and well put together. the camera is capable without being remarkable. I use it mostly during a normal workday.,camera,3,Neutral,Neutral,0.8797186
3693,OnePlus,OnePlus 13R,is fine for browsing and messaging. photos have a pleasing amount of detail. I use it mostly during a normal workday.,camera,4,Positive,Positive,0.99058354
3697,Motorola,Moto G Power 2025,"the camera output is less consistent than expected. I spend a fair amount of time on maps, media, and social apps. That said, colors are pleasing without looking excessive. is fine for browsing and messaging.",camera,1,Negative,Negative,0.9943562
3697,Motorola,Moto G Power 2025,"the camera output is less consistent than expected. I spend a fair amount of time on maps, media, and social apps. That said, colors are pleasing without looking excessive. is fine for browsing and messaging.",performance,3,Neutral,Neutral,0.6434494
3697,Motorola,Moto G Power 2025,"the camera output is less consistent than expected. I spend a fair amount of time on maps, media, and social apps. That said, colors are pleasing without looking excessive. is fine for browsing and messaging.",display,2,Negative,Neutral,0.55754954
3699,Google,Pixel 10 Pro,"nothing about the finish stands out much. text stays sharp and easy to read. drain is noticeable mainly with demanding apps. Most of my use is fairly ordinary rather than demanding. One catch is that, games stay smooth during longer sessions. I would choose a different model if I were buying again.",battery,3,Neutral,Neutral,0.8799064
3699,Google,Pixel 10 Pro,"nothing about the finish stands out much. text stays sharp and easy to read. drain is noticeable mainly with demanding apps. Most of my use is fairly ordinary rather than demanding. One catch is that, games stay smooth during longer sessions. I would choose a different model if I were buying again.",performance,4,Positive,Neutral,0.6179172
3699,Google,Pixel 10 Pro,"nothing about the finish stands out much. text stays sharp and easy to read. drain is noticeable mainly with demanding apps. Most of my use is fairly ordinary rather than demanding. One catch is that, games stay smooth during longer sessions. I would choose a different model if I were buying again.",design,4,Positive,Neutral,0.8596805
3704,Apple,iPhone 16,"I have very few regrets about choosing it. games stay smooth during longer sessions. the handset feels solid and well put together. drain is noticeable mainly with demanding apps. At the same time, the camera output is less consistent than expected. The software has been stable for me so far.",battery,3,Neutral,Neutral,0.87349933
3704,Apple,iPhone 16,"I have very few regrets about choosing it. games stay smooth during longer sessions. the handset feels solid and well put together. drain is noticeable mainly with demanding apps. At the same time, the camera output is less consistent than expected. The software has been stable for me so far.",camera,3,Neutral,Positive,0.79696894
3704,Apple,iPhone 16,"I have very few regrets about choosing it. games stay smooth during longer sessions. the handset feels solid and well put together. drain is noticeable mainly with demanding apps. At the same time, the camera output is less consistent than expected. The software has been stable for me so far.",performance,4,Positive,Positive,0.9864514
3718,Motorola,Moto G Power 2025,"Most of my use is fairly ordinary rather than demanding. At the same time, the controls feel thoughtfully placed. I rarely think about the battery during the day. colors are pleasing without looking excessive. the camera output is less consistent than expected. apps move along without much waiting.",battery,4,Positive,Positive,0.9864144
3718,Motorola,Moto G Power 2025,"Most of my use is fairly ordinary rather than demanding. At the same time, the controls feel thoughtfully placed. I rarely think about the battery during the day. colors are pleasing without looking excessive. the camera output is less consistent than expected. apps move along without much waiting.",camera,2,Negative,Negative,0.9946516
3718,Motorola,Moto G Power 2025,"Most of my use is fairly ordinary rather than demanding. At the same time, the controls feel thoughtfully placed. I rarely think about the battery during the day. colors are pleasing without looking excessive. the camera output is less consistent than expected. apps move along without much waiting.",performance,4,Positive,Positive,0.9824049
3718,Motorola,Moto G Power 2025,"Most of my use is fairly ordinary rather than demanding. At the same time, the controls feel thoughtfully placed. I rarely think about the battery during the day. colors are pleasing without looking excessive. the camera output is less consistent than expected. apps move along without much waiting.",display,4,Positive,Positive,0.98988485
3722,Google,Pixel 10 Pro,"touch response has been dependable. I mostly use it for work and messaging. charging speed is fairly ordinary. On the other hand, the buttons do not feel as refined as I expected. I use it mostly during a normal workday.",battery,4,Positive,Neutral,0.910954
3722,Google,Pixel 10 Pro,"touch response has been dependable. I mostly use it for work and messaging. charging speed is fairly ordinary. On the other hand, the buttons do not feel as refined as I expected. I use it mostly during a normal workday.",design,4,Positive,Positive,0.6192693
3722,Google,Pixel 10 Pro,"touch response has been dependable. I mostly use it for work and messaging. charging speed is fairly ordinary. On the other hand, the buttons do not feel as refined as I expected. I use it mostly during a normal workday.",display,5,Positive,Positive,0.99004316
3728,OnePlus,OnePlus 13T,"At the same time, outdoor brightness can be limiting. switching between apps feels effortless. I have very few regrets about choosing it. usually leaves plenty of charge by bedtime. I bought it after comparing a few phones in the same range.",battery,5,Positive,Positive,0.98937154
3728,OnePlus,OnePlus 13T,"At the same time, outdoor brightness can be limiting. switching between apps feels effortless. I have very few regrets about choosing it. usually leaves plenty of charge by bedtime. I bought it after comparing a few phones in the same range.",performance,4,Positive,Positive,0.98818177
3728,OnePlus,OnePlus 13T,"At the same time, outdoor brightness can be limiting. switching between apps feels effortless. I have very few regrets about choosing it. usually leaves plenty of charge by bedtime. I bought it after comparing a few phones in the same range.",display,5,Positive,Positive,0.8761334
3733,Motorola,Moto G Power 2025,"One catch is that, apps can hesitate at awkward times. I spend a fair amount of time on maps, media, and social apps. brightness is okay for my usual use. I rarely think about the battery during the day.",battery,5,Positive,Positive,0.98556536
3733,Motorola,Moto G Power 2025,"One catch is that, apps can hesitate at awkward times. I spend a fair amount of time on maps, media, and social apps. brightness is okay for my usual use. I rarely think about the battery during the day.",performance,2,Negative,Positive,0.7272586
3733,Motorola,Moto G Power 2025,"One catch is that, apps can hesitate at awkward times. I spend a fair amount of time on maps, media, and social apps. brightness is okay for my usual use. I rarely think about the battery during the day.",display,3,Neutral,Neutral,0.8753007
3736,Nothing,Nothing Phone 3,The strengths make it easy for me to recommend. it is comfortable to carry and use. colors are pleasing without looking excessive. The software has been stable for me so far.,display,5,Positive,Positive,0.98932064
3745,Google,Pixel 10 Pro XL,"apps move along without much waiting. the camera handles portraits with good separation. I spend a fair amount of time on maps, media, and social apps. I am pleased with the purchase overall. the finish looks more premium in person. At the same time, it needs a top-up before the day is over.",camera,4,Positive,Positive,0.9896243
3745,Google,Pixel 10 Pro XL,"apps move along without much waiting. the camera handles portraits with good separation. I spend a fair amount of time on maps, media, and social apps. I am pleased with the purchase overall. the finish looks more premium in person. At the same time, it needs a top-up before the day is over.",performance,4,Positive,Positive,0.9848067
3745,Google,Pixel 10 Pro XL,"apps move along without much waiting. the camera handles portraits with good separation. I spend a fair amount of time on maps, media, and social apps. I am pleased with the purchase overall. the finish looks more premium in person. At the same time, it needs a top-up before the day is over.",design,4,Positive,Positive,0.9871181
3747,Xiaomi,Xiaomi 15,"autofocus has been reliable in everyday use. I spend a fair amount of time on maps, media, and social apps. text stays sharp and easy to read.",camera,4,Positive,Positive,0.99077564
3747,Xiaomi,Xiaomi 15,"autofocus has been reliable in everyday use. I spend a fair amount of time on maps, media, and social apps. text stays sharp and easy to read.",performance,5,Positive,Positive,0.91973805
3750,Motorola,Motorola Edge 60 Pro,"That said, night shots often need another try. scrolling feels fluid on the high refresh rate. Most of my use is fairly ordinary rather than demanding. the controls feel thoughtfully placed. I could recommend it, but only with some reservations. I use it mostly during a normal workday.",display,4,Positive,Positive,0.9906882
3756,Google,Pixel 10 Pro,I mostly use it for work and messaging. feels familiar rather than distinctive. night shots are cleaner than I expected. switching between apps feels effortless.,performance,5,Positive,Positive,0.988493
3760,OPPO,Reno 13 Pro,"autofocus has been reliable in everyday use. One catch is that, charging takes longer than I would like. I would choose this one again over the alternatives I considered. switching between apps feels effortless. I mostly use it for work and messaging.",battery,3,Neutral,Positive,0.95154256
3760,OPPO,Reno 13 Pro,"autofocus has been reliable in everyday use. One catch is that, charging takes longer than I would like. I would choose this one again over the alternatives I considered. switching between apps feels effortless. I mostly use it for work and messaging.",camera,5,Positive,Positive,0.9906784
3760,OPPO,Reno 13 Pro,"autofocus has been reliable in everyday use. One catch is that, charging takes longer than I would like. I would choose this one again over the alternatives I considered. switching between apps feels effortless. I mostly use it for work and messaging.",performance,4,Positive,Positive,0.98846495
3763,Samsung,Galaxy Z Flip7,"Still, charging takes longer than I would like. it is comfortable to carry and use. night shots are cleaner than I expected. I bought it after comparing a few phones in the same range.",battery,2,Negative,Positive,0.8690396
3769,Realme,Realme GT 7 Pro,"gets through a normal day for me. At the same time, the panel looks bright in most situations. it is comfortable to carry and use. I am still undecided about whether I would buy it again. games stay smooth during longer sessions. autofocus is okay for everyday subjects.",camera,3,Neutral,Neutral,0.8677762
3769,Realme,Realme GT 7 Pro,"gets through a normal day for me. At the same time, the panel looks bright in most situations. it is comfortable to carry and use. I am still undecided about whether I would buy it again. games stay smooth during longer sessions. autofocus is okay for everyday subjects.",performance,5,Positive,Positive,0.98514473
3769,Realme,Realme GT 7 Pro,"gets through a normal day for me. At the same time, the panel looks bright in most situations. it is comfortable to carry and use. I am still undecided about whether I would buy it again. games stay smooth during longer sessions. autofocus is okay for everyday subjects.",display,4,Positive,Positive,0.7183784
3775,Motorola,Moto G Power 2025,"I spend a fair amount of time on maps, media, and social apps. the buttons do not feel as refined as I expected. games stay smooth during longer sessions. At the same time, daylight shots come out crisp and detailed.",performance,4,Positive,Positive,0.9884242
3775,Motorola,Moto G Power 2025,"I spend a fair amount of time on maps, media, and social apps. the buttons do not feel as refined as I expected. games stay smooth during longer sessions. At the same time, daylight shots come out crisp and detailed.",design,2,Negative,Negative,0.9780764
3782,Nothing,Nothing Phone 3,feels familiar rather than distinctive. I would call the purchase acceptable rather than exciting. I rarely think about the battery during the day. I bought it after comparing a few phones in the same range. the phone stays responsive under a busy workload. I have been using it as my main phone.,battery,4,Positive,Positive,0.9853367
3789,Apple,iPhone 17 Pro Max,"I spend a fair amount of time on maps, media, and social apps. night shots are cleaner than I expected. the controls feel thoughtfully placed.",performance,5,Positive,Positive,0.93226486
3799,Apple,iPhone 16e,"scrolling feels fluid on the high refresh rate. autofocus occasionally misses the moment. apps move along without much waiting. I would choose a different model if I were buying again. My routine includes calls, photos, and some gaming. That said, usually leaves plenty of charge by bedtime.",battery,1,Negative,Positive,0.7285267
3799,Apple,iPhone 16e,"scrolling feels fluid on the high refresh rate. autofocus occasionally misses the moment. apps move along without much waiting. I would choose a different model if I were buying again. My routine includes calls, photos, and some gaming. That said, usually leaves plenty of charge by bedtime.",camera,2,Negative,Negative,0.9943287
3799,Apple,iPhone 16e,"scrolling feels fluid on the high refresh rate. autofocus occasionally misses the moment. apps move along without much waiting. I would choose a different model if I were buying again. My routine includes calls, photos, and some gaming. That said, usually leaves plenty of charge by bedtime.",performance,4,Positive,Positive,0.9835392
3799,Apple,iPhone 16e,"scrolling feels fluid on the high refresh rate. autofocus occasionally misses the moment. apps move along without much waiting. I would choose a different model if I were buying again. My routine includes calls, photos, and some gaming. That said, usually leaves plenty of charge by bedtime.",display,4,Positive,Positive,0.9907135
3802,Samsung,Galaxy A56 5G,the screen feels fairly typical for this class. I mostly use it for work and messaging. daylight images are generally fine. The software has been stable for me so far.,design,4,Positive,Neutral,0.6376117
3802,Samsung,Galaxy A56 5G,the screen feels fairly typical for this class. I mostly use it for work and messaging. daylight images are generally fine. The software has been stable for me so far.,display,3,Neutral,Neutral,0.9019765
3814,Google,Pixel 9a,"I bought it after comparing a few phones in the same range. The strengths make it easy for me to recommend. That said, switching between heavier apps is not always smooth. daylight shots come out crisp and detailed. is adequate for most daily tasks. the finish looks more premium in person. holds up really well through a long day. I use it mostly during a normal workday.",performance,4,Positive,Positive,0.918686
3814,Google,Pixel 9a,"I bought it after comparing a few phones in the same range. The strengths make it easy for me to recommend. That said, switching between heavier apps is not always smooth. daylight shots come out crisp and detailed. is adequate for most daily tasks. the finish looks more premium in person. holds up really well through a long day. I use it mostly during a normal workday.",design,4,Positive,Positive,0.9850033
3819,Apple,iPhone 17 Pro Max,"it is comfortable to carry and use. Still, it needs a top-up before the day is over. night shots are cleaner than I expected. My routine includes calls, photos, and some gaming. The software has been stable for me so far.",camera,5,Positive,Positive,0.98020405
3819,Apple,iPhone 17 Pro Max,"it is comfortable to carry and use. Still, it needs a top-up before the day is over. night shots are cleaner than I expected. My routine includes calls, photos, and some gaming. The software has been stable for me so far.",performance,5,Positive,Positive,0.77732086
3822,Nothing,Nothing Phone 3,"I spend a fair amount of time on maps, media, and social apps. the camera handles portraits with good separation. performance is neither especially quick nor slow. It depends on which features matter most to the buyer. the screen feels fairly typical for this class. I have been using it as my main phone.",camera,4,Positive,Positive,0.98832035
3822,Nothing,Nothing Phone 3,"I spend a fair amount of time on maps, media, and social apps. the camera handles portraits with good separation. performance is neither especially quick nor slow. It depends on which features matter most to the buyer. the screen feels fairly typical for this class. I have been using it as my main phone.",performance,3,Neutral,Neutral,0.88345337
3822,Nothing,Nothing Phone 3,"I spend a fair amount of time on maps, media, and social apps. the camera handles portraits with good separation. performance is neither especially quick nor slow. It depends on which features matter most to the buyer. the screen feels fairly typical for this class. I have been using it as my main phone.",display,4,Positive,Neutral,0.8872241
3826,Apple,iPhone 17 Pro,"text stays sharp and easy to read. it is comfortable enough to use. At the same time, photos have a pleasing amount of detail. Most of my use is fairly ordinary rather than demanding. games stay smooth during longer sessions. It is a reasonable choice, although there are clear alternatives. I use it mostly during a normal workday.",camera,4,Positive,Neutral,0.568409
3826,Apple,iPhone 17 Pro,"text stays sharp and easy to read. it is comfortable enough to use. At the same time, photos have a pleasing amount of detail. Most of my use is fairly ordinary rather than demanding. games stay smooth during longer sessions. It is a reasonable choice, although there are clear alternatives. I use it mostly during a normal workday.",performance,4,Positive,Positive,0.985778
3829,Samsung,Galaxy S26 Ultra,The strengths make it easy for me to recommend. I bought it after comparing a few phones in the same range. the handset feels solid and well put together. games stay smooth during longer sessions.,performance,5,Positive,Positive,0.988241
3834,Google,Pixel 10,"My routine includes calls, photos, and some gaming. That said, it needs a top-up before the day is over. autofocus has been reliable in everyday use. games stay smooth during longer sessions. I use it mostly during a normal workday.",camera,5,Positive,Positive,0.9907636
3834,Google,Pixel 10,"My routine includes calls, photos, and some gaming. That said, it needs a top-up before the day is over. autofocus has been reliable in everyday use. games stay smooth during longer sessions. I use it mostly during a normal workday.",performance,5,Positive,Positive,0.98854977
3835,OnePlus,OnePlus 13,"daylight images are generally fine. I bought it after comparing a few phones in the same range. At the same time, switching between apps feels effortless. colors are pleasing without looking excessive.",performance,4,Positive,Positive,0.9080036
3835,OnePlus,OnePlus 13,"daylight images are generally fine. I bought it after comparing a few phones in the same range. At the same time, switching between apps feels effortless. colors are pleasing without looking excessive.",design,4,Positive,Positive,0.6346905
3835,OnePlus,OnePlus 13,"daylight images are generally fine. I bought it after comparing a few phones in the same range. At the same time, switching between apps feels effortless. colors are pleasing without looking excessive.",display,5,Positive,Positive,0.9891017
3837,Samsung,Galaxy Z Flip7,"scrolling feels fluid on the high refresh rate. I spend a fair amount of time on maps, media, and social apps. battery performance has been about what I expected.",battery,3,Neutral,Neutral,0.87393486
3837,Samsung,Galaxy Z Flip7,"scrolling feels fluid on the high refresh rate. I spend a fair amount of time on maps, media, and social apps. battery performance has been about what I expected.",performance,4,Positive,Positive,0.7563658
3837,Samsung,Galaxy Z Flip7,"scrolling feels fluid on the high refresh rate. I spend a fair amount of time on maps, media, and social apps. battery performance has been about what I expected.",display,4,Positive,Positive,0.99032986
3839,Realme,Realme 14 Pro+,"At the same time, holds up really well through a long day. gaming is okay at moderate settings. the screen feels fairly typical for this class. The software has been stable for me so far.",performance,3,Neutral,Neutral,0.8969638
3839,Realme,Realme 14 Pro+,"At the same time, holds up really well through a long day. gaming is okay at moderate settings. the screen feels fairly typical for this class. The software has been stable for me so far.",display,3,Neutral,Neutral,0.9044421
3846,Nothing,Nothing Phone 3,"performance has been consistently strong. On the other hand, battery life has been one of my complaints. scrolling feels fluid on the high refresh rate.",battery,4,Positive,Positive,0.8590977
3846,Nothing,Nothing Phone 3,"performance has been consistently strong. On the other hand, battery life has been one of my complaints. scrolling feels fluid on the high refresh rate.",performance,4,Positive,Positive,0.9895648
3846,Nothing,Nothing Phone 3,"performance has been consistently strong. On the other hand, battery life has been one of my complaints. scrolling feels fluid on the high refresh rate.",display,4,Positive,Positive,0.9904694
3851,Realme,Realme 14 Pro+,drain has been impressively low. photos have a pleasing amount of detail. the phone can feel sluggish under load. I mostly use it for work and messaging. The software has been stable for me so far.,battery,4,Positive,Positive,0.9891237
3851,Realme,Realme 14 Pro+,drain has been impressively low. photos have a pleasing amount of detail. the phone can feel sluggish under load. I mostly use it for work and messaging. The software has been stable for me so far.,camera,4,Positive,Positive,0.99052596
3859,Apple,iPhone 16e,"night shots are cleaner than I expected. My routine includes calls, photos, and some gaming. At the same time, text stays sharp and easy to read. drain is noticeable mainly with demanding apps.",battery,3,Neutral,Neutral,0.8448535
3859,Apple,iPhone 16e,"night shots are cleaner than I expected. My routine includes calls, photos, and some gaming. At the same time, text stays sharp and easy to read. drain is noticeable mainly with demanding apps.",camera,5,Positive,Positive,0.9757617
3859,Apple,iPhone 16e,"night shots are cleaner than I expected. My routine includes calls, photos, and some gaming. At the same time, text stays sharp and easy to read. drain is noticeable mainly with demanding apps.",performance,4,Positive,Positive,0.927427
3861,Samsung,Galaxy A56 5G,"performance is neither especially quick nor slow. Most of my use is fairly ordinary rather than demanding. I would not buy this phone again. At the same time, usually leaves plenty of charge by bedtime. the handset feels solid and well put together. I have been using it as my main phone.",battery,5,Positive,Neutral,0.46831593
3861,Samsung,Galaxy A56 5G,"performance is neither especially quick nor slow. Most of my use is fairly ordinary rather than demanding. I would not buy this phone again. At the same time, usually leaves plenty of charge by bedtime. the handset feels solid and well put together. I have been using it as my main phone.",performance,3,Neutral,Neutral,0.86336076
3862,Apple,iPhone 17,"the handset feels solid and well put together. brightness is okay for my usual use. Still, the phone can feel sluggish under load. holds up really well through a long day. I mostly use it for work and messaging. The software has been stable for me so far.",display,4,Positive,Neutral,0.8894835
3863,Nothing,Phone 3a Pro,"On the other hand, longer gaming sessions can introduce stutter. the camera is capable without being remarkable. colors are pleasing without looking excessive. I have very few regrets about choosing it.",camera,4,Positive,Neutral,0.8758323
3863,Nothing,Phone 3a Pro,"On the other hand, longer gaming sessions can introduce stutter. the camera is capable without being remarkable. colors are pleasing without looking excessive. I have very few regrets about choosing it.",performance,4,Positive,Positive,0.8616365
3863,Nothing,Phone 3a Pro,"On the other hand, longer gaming sessions can introduce stutter. the camera is capable without being remarkable. colors are pleasing without looking excessive. I have very few regrets about choosing it.",display,5,Positive,Positive,0.9894974
3869,Apple,iPhone 16e,"I bought it after comparing a few phones in the same range. I can see why someone would like it, but I also see the drawbacks. works well enough for routine photos. gaming is okay at moderate settings. battery performance has been about what I expected.",battery,5,Positive,Neutral,0.874811
3869,Apple,iPhone 16e,"I bought it after comparing a few phones in the same range. I can see why someone would like it, but I also see the drawbacks. works well enough for routine photos. gaming is okay at moderate settings. battery performance has been about what I expected.",camera,3,Neutral,Neutral,0.88338006
3869,Apple,iPhone 16e,"I bought it after comparing a few phones in the same range. I can see why someone would like it, but I also see the drawbacks. works well enough for routine photos. gaming is okay at moderate settings. battery performance has been about what I expected.",performance,3,Neutral,Neutral,0.8535059
3871,Xiaomi,Xiaomi 15 Ultra,nothing about the finish stands out much. I bought it after comparing a few phones in the same range. brightness is okay for my usual use. The software has been stable for me so far.,design,3,Neutral,Neutral,0.86529225
3871,Xiaomi,Xiaomi 15 Ultra,nothing about the finish stands out much. I bought it after comparing a few phones in the same range. brightness is okay for my usual use. The software has been stable for me so far.,display,3,Neutral,Neutral,0.88540655
3872,Samsung,Galaxy Z Flip7,Most of my use is fairly ordinary rather than demanding. works well enough for routine photos. charging takes longer than I would like. brightness is okay for my usual use. longer gaming sessions can introduce stutter.,battery,2,Negative,Negative,0.9941672
3872,Samsung,Galaxy Z Flip7,Most of my use is fairly ordinary rather than demanding. works well enough for routine photos. charging takes longer than I would like. brightness is okay for my usual use. longer gaming sessions can introduce stutter.,camera,3,Neutral,Neutral,0.87479264
3872,Samsung,Galaxy Z Flip7,Most of my use is fairly ordinary rather than demanding. works well enough for routine photos. charging takes longer than I would like. brightness is okay for my usual use. longer gaming sessions can introduce stutter.,performance,2,Negative,Negative,0.9924508
3872,Samsung,Galaxy Z Flip7,Most of my use is fairly ordinary rather than demanding. works well enough for routine photos. charging takes longer than I would like. brightness is okay for my usual use. longer gaming sessions can introduce stutter.,display,3,Neutral,Neutral,0.8997622
3877,Apple,iPhone 17 Pro,"the phone stays responsive under a busy workload. is adequate for most daily tasks. the design has grown on me. On the other hand, it needs a top-up before the day is over.",design,5,Positive,Positive,0.9894511
3884,Google,Pixel 9a,"I spend a fair amount of time on maps, media, and social apps. daylight images are generally fine. feels familiar rather than distinctive. is adequate unless I use the phone heavily. gaming is okay at moderate settings. That said, text stays sharp and easy to read. The software has been stable for me so far.",performance,3,Neutral,Neutral,0.87684155
3884,Google,Pixel 9a,"I spend a fair amount of time on maps, media, and social apps. daylight images are generally fine. feels familiar rather than distinctive. is adequate unless I use the phone heavily. gaming is okay at moderate settings. That said, text stays sharp and easy to read. The software has been stable for me so far.",design,3,Neutral,Neutral,0.80912364
3886,Realme,Realme GT 7 Pro,"One catch is that, performance has been less consistent than I hoped. colors are pleasing without looking excessive. the camera handles portraits with good separation. I would choose this one again over the alternatives I considered. it is comfortable to carry and use. I mostly use it for work and messaging.",camera,5,Positive,Positive,0.9900051
3886,Realme,Realme GT 7 Pro,"One catch is that, performance has been less consistent than I hoped. colors are pleasing without looking excessive. the camera handles portraits with good separation. I would choose this one again over the alternatives I considered. it is comfortable to carry and use. I mostly use it for work and messaging.",performance,4,Positive,Positive,0.91257286
3886,Realme,Realme GT 7 Pro,"One catch is that, performance has been less consistent than I hoped. colors are pleasing without looking excessive. the camera handles portraits with good separation. I would choose this one again over the alternatives I considered. it is comfortable to carry and use. I mostly use it for work and messaging.",display,4,Positive,Positive,0.98903847
3889,Samsung,Galaxy S25 Ultra,It has been money well spent. switching between apps feels effortless. holds up really well through a long day.,performance,5,Positive,Positive,0.988139
3891,Google,Pixel 10 Pro XL,"Most of my use is fairly ordinary rather than demanding. charging speed is fairly ordinary. touch response has been dependable. At the same time, apps move along without much waiting. feels familiar rather than distinctive. I use it mostly during a normal workday.",battery,3,Neutral,Neutral,0.91282225
3891,Google,Pixel 10 Pro XL,"Most of my use is fairly ordinary rather than demanding. charging speed is fairly ordinary. touch response has been dependable. At the same time, apps move along without much waiting. feels familiar rather than distinctive. I use it mostly during a normal workday.",performance,5,Positive,Positive,0.6637928
3891,Google,Pixel 10 Pro XL,"Most of my use is fairly ordinary rather than demanding. charging speed is fairly ordinary. touch response has been dependable. At the same time, apps move along without much waiting. feels familiar rather than distinctive. I use it mostly during a normal workday.",display,4,Positive,Positive,0.9878451
3892,Motorola,Motorola Edge 60 Pro,drain has been impressively low. the design has grown on me. Most of my use is fairly ordinary rather than demanding. looks fine indoors and in shade. I have been using it as my main phone.,battery,4,Positive,Positive,0.98966014
3892,Motorola,Motorola Edge 60 Pro,drain has been impressively low. the design has grown on me. Most of my use is fairly ordinary rather than demanding. looks fine indoors and in shade. I have been using it as my main phone.,design,5,Positive,Positive,0.989164
3895,Samsung,Galaxy S26 Ultra,"is adequate for most daily tasks. On the other hand, the shape is not especially comfortable for me. switching between apps feels effortless. I spend a fair amount of time on maps, media, and social apps. drain has been impressively low.",battery,5,Positive,Positive,0.989988
3895,Samsung,Galaxy S26 Ultra,"is adequate for most daily tasks. On the other hand, the shape is not especially comfortable for me. switching between apps feels effortless. I spend a fair amount of time on maps, media, and social apps. drain has been impressively low.",performance,5,Positive,Positive,0.9885562
3900,OPPO,Find X8 Pro,"daylight shots come out crisp and detailed. On the other hand, overnight loss is higher than I expected. apps move along without much waiting. I bought it after comparing a few phones in the same range.",performance,4,Positive,Positive,0.98408395
3900,OPPO,Find X8 Pro,"daylight shots come out crisp and detailed. On the other hand, overnight loss is higher than I expected. apps move along without much waiting. I bought it after comparing a few phones in the same range.",design,4,Positive,Positive,0.94110036
3906,Samsung,Galaxy S25 Ultra,"scrolling feels fluid on the high refresh rate. multitasking is acceptable for my routine. I spend a fair amount of time on maps, media, and social apps.",performance,5,Positive,Neutral,0.800666
3906,Samsung,Galaxy S25 Ultra,"scrolling feels fluid on the high refresh rate. multitasking is acceptable for my routine. I spend a fair amount of time on maps, media, and social apps.",display,5,Positive,Positive,0.99036026
3909,Xiaomi,Xiaomi 15,"games stay smooth during longer sessions. It has been money well spent. I spend a fair amount of time on maps, media, and social apps. the design has grown on me.",performance,4,Positive,Positive,0.98858273
3909,Xiaomi,Xiaomi 15,"games stay smooth during longer sessions. It has been money well spent. I spend a fair amount of time on maps, media, and social apps. the design has grown on me.",design,4,Positive,Positive,0.9899788
3919,Apple,iPhone 16e,"it is comfortable enough to use. multitasking is acceptable for my routine. looks fine indoors and in shade. I spend a fair amount of time on maps, media, and social apps.",performance,3,Neutral,Neutral,0.8481769
3924,Nothing,Phone 3a Pro,"works well enough for routine photos. My routine includes calls, photos, and some gaming. I have more complaints than I expected to have. charging speed is fairly ordinary.",battery,2,Negative,Neutral,0.904951
3924,Nothing,Phone 3a Pro,"works well enough for routine photos. My routine includes calls, photos, and some gaming. I have more complaints than I expected to have. charging speed is fairly ordinary.",camera,3,Neutral,Neutral,0.878974
3924,Nothing,Phone 3a Pro,"works well enough for routine photos. My routine includes calls, photos, and some gaming. I have more complaints than I expected to have. charging speed is fairly ordinary.",performance,4,Positive,Neutral,0.6654254
3929,Xiaomi,Xiaomi 15,"switching between apps feels effortless. I spend a fair amount of time on maps, media, and social apps. the handset feels solid and well put together. That said, the camera output is less consistent than expected.",camera,4,Positive,Positive,0.67307425
3929,Xiaomi,Xiaomi 15,"switching between apps feels effortless. I spend a fair amount of time on maps, media, and social apps. the handset feels solid and well put together. That said, the camera output is less consistent than expected.",performance,5,Positive,Positive,0.9862569
3932,Samsung,Galaxy S26 Ultra,"colors are pleasing without looking excessive. I mostly use it for work and messaging. handles normal apps without trouble. One catch is that, charging takes longer than I would like.",battery,5,Positive,Positive,0.47008127
3932,Samsung,Galaxy S26 Ultra,"colors are pleasing without looking excessive. I mostly use it for work and messaging. handles normal apps without trouble. One catch is that, charging takes longer than I would like.",performance,5,Positive,Neutral,0.8163043
3932,Samsung,Galaxy S26 Ultra,"colors are pleasing without looking excessive. I mostly use it for work and messaging. handles normal apps without trouble. One catch is that, charging takes longer than I would like.",display,4,Positive,Positive,0.98833114
3935,Nothing,Nothing Phone 3,"It has earned a place as my main phone. scrolling feels fluid on the high refresh rate. the build is reasonable for the price. holds up really well through a long day. That said, portraits can have uneven edge separation. gaming is okay at moderate settings. I have been using it as my main phone.",camera,3,Neutral,Positive,0.5644862
3935,Nothing,Nothing Phone 3,"It has earned a place as my main phone. scrolling feels fluid on the high refresh rate. the build is reasonable for the price. holds up really well through a long day. That said, portraits can have uneven edge separation. gaming is okay at moderate settings. I have been using it as my main phone.",performance,4,Positive,Neutral,0.8018613
3935,Nothing,Nothing Phone 3,"It has earned a place as my main phone. scrolling feels fluid on the high refresh rate. the build is reasonable for the price. holds up really well through a long day. That said, portraits can have uneven edge separation. gaming is okay at moderate settings. I have been using it as my main phone.",design,5,Positive,Neutral,0.8917025
3935,Nothing,Nothing Phone 3,"It has earned a place as my main phone. scrolling feels fluid on the high refresh rate. the build is reasonable for the price. holds up really well through a long day. That said, portraits can have uneven edge separation. gaming is okay at moderate settings. I have been using it as my main phone.",display,5,Positive,Positive,0.9909305
3942,Google,Pixel 9a,"apps move along without much waiting. I am still undecided about whether I would buy it again. At the same time, scrolling feels fluid on the high refresh rate. I bought it after comparing a few phones in the same range. battery performance has been about what I expected. the build is reasonable for the price. The software has been stable for me so far.",battery,4,Positive,Neutral,0.8809613
3942,Google,Pixel 9a,"apps move along without much waiting. I am still undecided about whether I would buy it again. At the same time, scrolling feels fluid on the high refresh rate. I bought it after comparing a few phones in the same range. battery performance has been about what I expected. the build is reasonable for the price. The software has been stable for me so far.",performance,4,Positive,Positive,0.9809795
3942,Google,Pixel 9a,"apps move along without much waiting. I am still undecided about whether I would buy it again. At the same time, scrolling feels fluid on the high refresh rate. I bought it after comparing a few phones in the same range. battery performance has been about what I expected. the build is reasonable for the price. The software has been stable for me so far.",design,3,Neutral,Neutral,0.8885522
3942,Google,Pixel 9a,"apps move along without much waiting. I am still undecided about whether I would buy it again. At the same time, scrolling feels fluid on the high refresh rate. I bought it after comparing a few phones in the same range. battery performance has been about what I expected. the build is reasonable for the price. The software has been stable for me so far.",display,3,Neutral,Positive,0.6661899
3945,OPPO,Reno 13 Pro,"That said, the camera handles portraits with good separation. looks fine indoors and in shade. nothing about the finish stands out much. I bought it after comparing a few phones in the same range.",camera,5,Positive,Neutral,0.5420949
3945,OPPO,Reno 13 Pro,"That said, the camera handles portraits with good separation. looks fine indoors and in shade. nothing about the finish stands out much. I bought it after comparing a few phones in the same range.",design,3,Neutral,Neutral,0.8670249
3961,OPPO,Find N5,performance is neither especially quick nor slow. I bought it after comparing a few phones in the same range. autofocus occasionally misses the moment.,camera,2,Negative,Negative,0.99438274
3961,OPPO,Find N5,performance is neither especially quick nor slow. I bought it after comparing a few phones in the same range. autofocus occasionally misses the moment.,performance,3,Neutral,Neutral,0.85563344
3973,Google,Pixel 10,"I spend a fair amount of time on maps, media, and social apps. the camera is capable without being remarkable. brightness is okay for my usual use. apps move along without much waiting. the buttons do not feel as refined as I expected. That said, I rarely think about the battery during the day. The software has been stable for me so far.",battery,4,Positive,Positive,0.7227801
3973,Google,Pixel 10,"I spend a fair amount of time on maps, media, and social apps. the camera is capable without being remarkable. brightness is okay for my usual use. apps move along without much waiting. the buttons do not feel as refined as I expected. That said, I rarely think about the battery during the day. The software has been stable for me so far.",camera,5,Positive,Neutral,0.8761054
3973,Google,Pixel 10,"I spend a fair amount of time on maps, media, and social apps. the camera is capable without being remarkable. brightness is okay for my usual use. apps move along without much waiting. the buttons do not feel as refined as I expected. That said, I rarely think about the battery during the day. The software has been stable for me so far.",performance,5,Positive,Positive,0.95150715
3973,Google,Pixel 10,"I spend a fair amount of time on maps, media, and social apps. the camera is capable without being remarkable. brightness is okay for my usual use. apps move along without much waiting. the buttons do not feel as refined as I expected. That said, I rarely think about the battery during the day. The software has been stable for me so far.",design,2,Negative,Negative,0.9736525
3973,Google,Pixel 10,"I spend a fair amount of time on maps, media, and social apps. the camera is capable without being remarkable. brightness is okay for my usual use. apps move along without much waiting. the buttons do not feel as refined as I expected. That said, I rarely think about the battery during the day. The software has been stable for me so far.",display,4,Positive,Neutral,0.82462496
3974,Google,Pixel 10,"That said, it needs a top-up before the day is over. the controls feel thoughtfully placed. touch response has been dependable. The strengths make it easy for me to recommend.",display,4,Positive,Positive,0.9904124
3977,Google,Pixel 9a,"drain is noticeable mainly with demanding apps. autofocus is okay for everyday subjects. Still, touch response has been dependable. The software has been stable for me so far.",battery,3,Neutral,Neutral,0.8956005
3977,Google,Pixel 9a,"drain is noticeable mainly with demanding apps. autofocus is okay for everyday subjects. Still, touch response has been dependable. The software has been stable for me so far.",camera,3,Neutral,Neutral,0.89567333
3977,Google,Pixel 9a,"drain is noticeable mainly with demanding apps. autofocus is okay for everyday subjects. Still, touch response has been dependable. The software has been stable for me so far.",performance,2,Negative,Neutral,0.57164764
3977,Google,Pixel 9a,"drain is noticeable mainly with demanding apps. autofocus is okay for everyday subjects. Still, touch response has been dependable. The software has been stable for me so far.",display,3,Neutral,Neutral,0.54428977
3987,Google,Pixel 10,handles normal apps without trouble. The compromises are difficult to overlook. the design feels a little dated beside newer phones. I mostly use it for work and messaging. touch response has been dependable.,performance,3,Neutral,Neutral,0.7221039
3987,Google,Pixel 10,handles normal apps without trouble. The compromises are difficult to overlook. the design feels a little dated beside newer phones. I mostly use it for work and messaging. touch response has been dependable.,design,2,Negative,Negative,0.9935899
3987,Google,Pixel 10,handles normal apps without trouble. The compromises are difficult to overlook. the design feels a little dated beside newer phones. I mostly use it for work and messaging. touch response has been dependable.,display,4,Positive,Positive,0.9903599
3989,Samsung,Galaxy S26 Ultra,the camera handles portraits with good separation. I would recommend it to someone shopping in this range. Most of my use is fairly ordinary rather than demanding. it is comfortable to carry and use. I use it mostly during a normal workday.,camera,5,Positive,Positive,0.989892
3990,Samsung,Galaxy S26 Ultra,"nothing about the finish stands out much. charging speed is fairly ordinary. I spend a fair amount of time on maps, media, and social apps. The strengths make it easy for me to recommend. colors are pleasing without looking excessive.",battery,5,Positive,Neutral,0.8986375
3990,Samsung,Galaxy S26 Ultra,"nothing about the finish stands out much. charging speed is fairly ordinary. I spend a fair amount of time on maps, media, and social apps. The strengths make it easy for me to recommend. colors are pleasing without looking excessive.",performance,5,Positive,Positive,0.90198076
3990,Samsung,Galaxy S26 Ultra,"nothing about the finish stands out much. charging speed is fairly ordinary. I spend a fair amount of time on maps, media, and social apps. The strengths make it easy for me to recommend. colors are pleasing without looking excessive.",design,5,Positive,Neutral,0.8436142
3990,Samsung,Galaxy S26 Ultra,"nothing about the finish stands out much. charging speed is fairly ordinary. I spend a fair amount of time on maps, media, and social apps. The strengths make it easy for me to recommend. colors are pleasing without looking excessive.",display,5,Positive,Positive,0.99038637
4004,Xiaomi,Redmi Note 14 Pro+,"One catch is that, performance has been consistently strong. the panel is decent without being exceptional. holds up really well through a long day. it is comfortable enough to use. portraits can have uneven edge separation.",camera,2,Negative,Negative,0.9940719
4004,Xiaomi,Redmi Note 14 Pro+,"One catch is that, performance has been consistently strong. the panel is decent without being exceptional. holds up really well through a long day. it is comfortable enough to use. portraits can have uneven edge separation.",performance,4,Positive,Neutral,0.5570146
4004,Xiaomi,Redmi Note 14 Pro+,"One catch is that, performance has been consistently strong. the panel is decent without being exceptional. holds up really well through a long day. it is comfortable enough to use. portraits can have uneven edge separation.",display,3,Neutral,Neutral,0.9008472
4005,OnePlus,OnePlus 13T,"I rarely think about the battery during the day. I am pleased with the purchase overall. Most of my use is fairly ordinary rather than demanding. Still, the handset feels bulkier than expected. colors are pleasing without looking excessive. I have been using it as my main phone.",battery,4,Positive,Positive,0.9830232
4005,OnePlus,OnePlus 13T,"I rarely think about the battery during the day. I am pleased with the purchase overall. Most of my use is fairly ordinary rather than demanding. Still, the handset feels bulkier than expected. colors are pleasing without looking excessive. I have been using it as my main phone.",display,5,Positive,Positive,0.9901929
4009,Nothing,Phone 3a Pro,"Most of my use is fairly ordinary rather than demanding. the camera is capable without being remarkable. scrolling feels fluid on the high refresh rate. is fine for browsing and messaging. One catch is that, the design has grown on me. The compromises are difficult to overlook. The software has been stable for me so far.",camera,2,Negative,Neutral,0.89330024
4009,Nothing,Phone 3a Pro,"Most of my use is fairly ordinary rather than demanding. the camera is capable without being remarkable. scrolling feels fluid on the high refresh rate. is fine for browsing and messaging. One catch is that, the design has grown on me. The compromises are difficult to overlook. The software has been stable for me so far.",design,4,Positive,Neutral,0.79591537
4009,Nothing,Phone 3a Pro,"Most of my use is fairly ordinary rather than demanding. the camera is capable without being remarkable. scrolling feels fluid on the high refresh rate. is fine for browsing and messaging. One catch is that, the design has grown on me. The compromises are difficult to overlook. The software has been stable for me so far.",display,4,Positive,Positive,0.99041617
4012,Apple,iPhone 17 Pro,"It has been money well spent. I spend a fair amount of time on maps, media, and social apps. the design has grown on me. colors are pleasing without looking excessive. I have been using it as my main phone.",performance,4,Positive,Positive,0.9658393
4012,Apple,iPhone 17 Pro,"It has been money well spent. I spend a fair amount of time on maps, media, and social apps. the design has grown on me. colors are pleasing without looking excessive. I have been using it as my main phone.",design,5,Positive,Positive,0.9898218
4012,Apple,iPhone 17 Pro,"It has been money well spent. I spend a fair amount of time on maps, media, and social apps. the design has grown on me. colors are pleasing without looking excessive. I have been using it as my main phone.",display,5,Positive,Positive,0.9900935
4014,Apple,iPhone 17 Pro,charging has been quick enough for my routine. daylight shots come out crisp and detailed. I mostly use it for work and messaging.,battery,5,Positive,Positive,0.99052155
4014,Apple,iPhone 17 Pro,charging has been quick enough for my routine. daylight shots come out crisp and detailed. I mostly use it for work and messaging.,design,5,Positive,Positive,0.84271556
4019,Nothing,Phone 3a Pro,"I spend a fair amount of time on maps, media, and social apps. usually leaves plenty of charge by bedtime. looks fine indoors and in shade. handles normal apps without trouble. I use it mostly during a normal workday.",battery,4,Positive,Positive,0.98797745
4019,Nothing,Phone 3a Pro,"I spend a fair amount of time on maps, media, and social apps. usually leaves plenty of charge by bedtime. looks fine indoors and in shade. handles normal apps without trouble. I use it mostly during a normal workday.",performance,3,Neutral,Neutral,0.78804755
4020,Motorola,Motorola Edge 60 Pro,touch response has occasionally felt delayed. the handset feels bulkier than expected. I mostly use it for work and messaging. charging speed is fairly ordinary. I would choose a different model if I were buying again. I have been using it as my main phone.,battery,3,Neutral,Neutral,0.9121802
4020,Motorola,Motorola Edge 60 Pro,touch response has occasionally felt delayed. the handset feels bulkier than expected. I mostly use it for work and messaging. charging speed is fairly ordinary. I would choose a different model if I were buying again. I have been using it as my main phone.,display,2,Negative,Negative,0.99341065
4022,Google,Pixel 10 Pro,daylight shots come out crisp and detailed. the controls feel thoughtfully placed.,design,5,Positive,Positive,0.95687735
4024,Motorola,Razr 60 Ultra,performance is neither especially quick nor slow. the design has grown on me. the panel looks bright in most situations. I would hesitate to recommend it in this price range. I use it mostly during a normal workday.,performance,3,Neutral,Neutral,0.85757375
4024,Motorola,Razr 60 Ultra,performance is neither especially quick nor slow. the design has grown on me. the panel looks bright in most situations. I would hesitate to recommend it in this price range. I use it mostly during a normal workday.,design,4,Positive,Positive,0.9897041
4024,Motorola,Razr 60 Ultra,performance is neither especially quick nor slow. the design has grown on me. the panel looks bright in most situations. I would hesitate to recommend it in this price range. I use it mostly during a normal workday.,display,4,Positive,Positive,0.9887645
4025,Apple,iPhone 17 Pro Max,I would happily buy this phone again. the panel looks bright in most situations. photos have a pleasing amount of detail. I bought it after comparing a few phones in the same range.,camera,5,Positive,Positive,0.99002844
4025,Apple,iPhone 17 Pro Max,I would happily buy this phone again. the panel looks bright in most situations. photos have a pleasing amount of detail. I bought it after comparing a few phones in the same range.,display,4,Positive,Positive,0.9891718
4027,Apple,iPhone 16,I mostly use it for work and messaging. I would happily buy this phone again. the handset feels solid and well put together. photos have a pleasing amount of detail. The software has been stable for me so far.,camera,4,Positive,Positive,0.99049044
4042,OnePlus,OnePlus 13R,I bought it after comparing a few phones in the same range. switching between apps feels effortless. is adequate unless I use the phone heavily. touch response has been dependable.,performance,4,Positive,Positive,0.98800975
4042,OnePlus,OnePlus 13R,I bought it after comparing a few phones in the same range. switching between apps feels effortless. is adequate unless I use the phone heavily. touch response has been dependable.,display,4,Positive,Positive,0.9909157
4044,Apple,iPhone 17 Pro,"the phone stays responsive under a busy workload. usually leaves plenty of charge by bedtime. I spend a fair amount of time on maps, media, and social apps. I have been using it as my main phone.",battery,5,Positive,Positive,0.98850584
4044,Apple,iPhone 17 Pro,"the phone stays responsive under a busy workload. usually leaves plenty of charge by bedtime. I spend a fair amount of time on maps, media, and social apps. I have been using it as my main phone.",performance,4,Positive,Positive,0.98177135
4050,OnePlus,OnePlus 13,the finish looks more premium in person. charging has been quick enough for my routine.,battery,4,Positive,Positive,0.9911179
4050,OnePlus,OnePlus 13,the finish looks more premium in person. charging has been quick enough for my routine.,design,4,Positive,Positive,0.9864884
4052,OPPO,Find X8 Pro,"text stays sharp and easy to read. On the other hand, the phone can feel sluggish under load. charging has been quick enough for my routine. I bought it after comparing a few phones in the same range. I am still undecided about whether I would buy it again.",battery,4,Positive,Positive,0.9907025
4054,Xiaomi,Xiaomi 15 Ultra,"charging has been quick enough for my routine. I have very few regrets about choosing it. On the other hand, the buttons do not feel as refined as I expected. daylight shots come out crisp and detailed. Most of my use is fairly ordinary rather than demanding.",battery,4,Positive,Positive,0.99084914
4054,Xiaomi,Xiaomi 15 Ultra,"charging has been quick enough for my routine. I have very few regrets about choosing it. On the other hand, the buttons do not feel as refined as I expected. daylight shots come out crisp and detailed. Most of my use is fairly ordinary rather than demanding.",design,5,Positive,Positive,0.8838219
4061,Samsung,Galaxy S26 Ultra,"holds up really well through a long day. switching between apps feels effortless. colors are pleasing without looking excessive. It is a reasonable choice, although there are clear alternatives. My routine includes calls, photos, and some gaming.",camera,5,Positive,Neutral,0.46388087
4061,Samsung,Galaxy S26 Ultra,"holds up really well through a long day. switching between apps feels effortless. colors are pleasing without looking excessive. It is a reasonable choice, although there are clear alternatives. My routine includes calls, photos, and some gaming.",performance,4,Positive,Positive,0.9802654
4061,Samsung,Galaxy S26 Ultra,"holds up really well through a long day. switching between apps feels effortless. colors are pleasing without looking excessive. It is a reasonable choice, although there are clear alternatives. My routine includes calls, photos, and some gaming.",display,4,Positive,Positive,0.98956454
4071,Samsung,Galaxy S25 Ultra,"My routine includes calls, photos, and some gaming. I would happily buy this phone again. performance is neither especially quick nor slow. the handset feels solid and well put together. On the other hand, battery life has been one of my complaints.",battery,5,Positive,Positive,0.7825067
4071,Samsung,Galaxy S25 Ultra,"My routine includes calls, photos, and some gaming. I would happily buy this phone again. performance is neither especially quick nor slow. the handset feels solid and well put together. On the other hand, battery life has been one of my complaints.",camera,4,Positive,Positive,0.6589145
4071,Samsung,Galaxy S25 Ultra,"My routine includes calls, photos, and some gaming. I would happily buy this phone again. performance is neither especially quick nor slow. the handset feels solid and well put together. On the other hand, battery life has been one of my complaints.",performance,5,Positive,Neutral,0.82694876
4073,Realme,Realme GT 7 Pro,"charging has been quick enough for my routine. I am neither especially impressed nor disappointed. colors are pleasing without looking excessive. the design is functional and straightforward. One catch is that, switching between heavier apps is not always smooth. I bought it after comparing a few phones in the same range.",battery,5,Positive,Positive,0.9906719
4073,Realme,Realme GT 7 Pro,"charging has been quick enough for my routine. I am neither especially impressed nor disappointed. colors are pleasing without looking excessive. the design is functional and straightforward. One catch is that, switching between heavier apps is not always smooth. I bought it after comparing a few phones in the same range.",performance,4,Positive,Positive,0.595996
4073,Realme,Realme GT 7 Pro,"charging has been quick enough for my routine. I am neither especially impressed nor disappointed. colors are pleasing without looking excessive. the design is functional and straightforward. One catch is that, switching between heavier apps is not always smooth. I bought it after comparing a few phones in the same range.",design,3,Neutral,Neutral,0.9030641
4073,Realme,Realme GT 7 Pro,"charging has been quick enough for my routine. I am neither especially impressed nor disappointed. colors are pleasing without looking excessive. the design is functional and straightforward. One catch is that, switching between heavier apps is not always smooth. I bought it after comparing a few phones in the same range.",display,4,Positive,Positive,0.9872508
4074,Motorola,Razr 60 Ultra,"overnight loss is higher than I expected. My routine includes calls, photos, and some gaming. performance is neither especially quick nor slow. the finish looks more premium in person. I have more complaints than I expected to have. I use it mostly during a normal workday.",camera,4,Positive,Positive,0.48784477
4074,Motorola,Razr 60 Ultra,"overnight loss is higher than I expected. My routine includes calls, photos, and some gaming. performance is neither especially quick nor slow. the finish looks more premium in person. I have more complaints than I expected to have. I use it mostly during a normal workday.",performance,3,Neutral,Neutral,0.85803604
4074,Motorola,Razr 60 Ultra,"overnight loss is higher than I expected. My routine includes calls, photos, and some gaming. performance is neither especially quick nor slow. the finish looks more premium in person. I have more complaints than I expected to have. I use it mostly during a normal workday.",design,4,Positive,Positive,0.986796
4078,Google,Pixel 10 Pro,"colors are pleasing without looking excessive. The strengths make it easy for me to recommend. the camera handles portraits with good separation. I bought it after comparing a few phones in the same range. Still, performance has been less consistent than I hoped.",camera,5,Positive,Positive,0.9899568
4078,Google,Pixel 10 Pro,"colors are pleasing without looking excessive. The strengths make it easy for me to recommend. the camera handles portraits with good separation. I bought it after comparing a few phones in the same range. Still, performance has been less consistent than I hoped.",performance,5,Positive,Positive,0.80613744
4078,Google,Pixel 10 Pro,"colors are pleasing without looking excessive. The strengths make it easy for me to recommend. the camera handles portraits with good separation. I bought it after comparing a few phones in the same range. Still, performance has been less consistent than I hoped.",display,5,Positive,Positive,0.98875695
4079,Nothing,Phone 3a Pro,night shots are cleaner than I expected. the screen feels fairly typical for this class. usually leaves plenty of charge by bedtime.,battery,5,Positive,Positive,0.988775
4079,Nothing,Phone 3a Pro,night shots are cleaner than I expected. the screen feels fairly typical for this class. usually leaves plenty of charge by bedtime.,display,3,Neutral,Neutral,0.8402462
4091,Realme,Realme GT 7 Pro,I mostly use it for work and messaging. It depends on which features matter most to the buyer. night shots are usable with some patience. I rarely think about the battery during the day.,battery,4,Positive,Positive,0.98627496
4098,Realme,Realme GT 7 Pro,usually leaves plenty of charge by bedtime. apps move along without much waiting. It has earned a place as my main phone. colors are pleasing without looking excessive. I bought it after comparing a few phones in the same range.,battery,4,Positive,Positive,0.988669
4098,Realme,Realme GT 7 Pro,usually leaves plenty of charge by bedtime. apps move along without much waiting. It has earned a place as my main phone. colors are pleasing without looking excessive. I bought it after comparing a few phones in the same range.,performance,5,Positive,Positive,0.98685324
4098,Realme,Realme GT 7 Pro,usually leaves plenty of charge by bedtime. apps move along without much waiting. It has earned a place as my main phone. colors are pleasing without looking excessive. I bought it after comparing a few phones in the same range.,display,5,Positive,Positive,0.9901843
4106,Apple,iPhone 17 Pro Max,"At the same time, the design feels a little dated beside newer phones. colors are pleasing without looking excessive. performance has been consistently strong. I mostly use it for work and messaging. daylight shots come out crisp and detailed. charging has been quick enough for my routine.",battery,4,Positive,Positive,0.99089897
4106,Apple,iPhone 17 Pro Max,"At the same time, the design feels a little dated beside newer phones. colors are pleasing without looking excessive. performance has been consistently strong. I mostly use it for work and messaging. daylight shots come out crisp and detailed. charging has been quick enough for my routine.",performance,4,Positive,Positive,0.9901832
4106,Apple,iPhone 17 Pro Max,"At the same time, the design feels a little dated beside newer phones. colors are pleasing without looking excessive. performance has been consistently strong. I mostly use it for work and messaging. daylight shots come out crisp and detailed. charging has been quick enough for my routine.",design,5,Positive,Positive,0.92435515
4106,Apple,iPhone 17 Pro Max,"At the same time, the design feels a little dated beside newer phones. colors are pleasing without looking excessive. performance has been consistently strong. I mostly use it for work and messaging. daylight shots come out crisp and detailed. charging has been quick enough for my routine.",display,5,Positive,Positive,0.9894577
4132,Google,Pixel 10 Pro XL,"photos have a pleasing amount of detail. My routine includes calls, photos, and some gaming. gets through a normal day for me. nothing about the finish stands out much.",camera,5,Positive,Positive,0.99010414
4132,Google,Pixel 10 Pro XL,"photos have a pleasing amount of detail. My routine includes calls, photos, and some gaming. gets through a normal day for me. nothing about the finish stands out much.",performance,4,Positive,Neutral,0.48686218
4132,Google,Pixel 10 Pro XL,"photos have a pleasing amount of detail. My routine includes calls, photos, and some gaming. gets through a normal day for me. nothing about the finish stands out much.",design,3,Neutral,Neutral,0.8737921
4143,Samsung,Galaxy Z Flip7,the controls feel thoughtfully placed. It has earned a place as my main phone. colors are pleasing without looking excessive.,display,5,Positive,Positive,0.9899462
4148,Google,Pixel 10 Pro,"I mostly use it for work and messaging. the finish looks more premium in person. It has been money well spent. One catch is that, drain becomes noticeable with ordinary use. autofocus has been reliable in everyday use.",battery,3,Neutral,Positive,0.9189133
4148,Google,Pixel 10 Pro,"I mostly use it for work and messaging. the finish looks more premium in person. It has been money well spent. One catch is that, drain becomes noticeable with ordinary use. autofocus has been reliable in everyday use.",camera,5,Positive,Positive,0.9907403
4148,Google,Pixel 10 Pro,"I mostly use it for work and messaging. the finish looks more premium in person. It has been money well spent. One catch is that, drain becomes noticeable with ordinary use. autofocus has been reliable in everyday use.",design,5,Positive,Positive,0.98745537
4156,Motorola,Moto G Power 2025,"night shots often need another try. the design feels a little dated beside newer phones. My routine includes calls, photos, and some gaming. The weaknesses make it hard for me to recommend. the screen feels fairly typical for this class. I use it mostly during a normal workday.",camera,2,Negative,Negative,0.9930467
4156,Motorola,Moto G Power 2025,"night shots often need another try. the design feels a little dated beside newer phones. My routine includes calls, photos, and some gaming. The weaknesses make it hard for me to recommend. the screen feels fairly typical for this class. I use it mostly during a normal workday.",performance,1,Negative,Negative,0.9853076
4156,Motorola,Moto G Power 2025,"night shots often need another try. the design feels a little dated beside newer phones. My routine includes calls, photos, and some gaming. The weaknesses make it hard for me to recommend. the screen feels fairly typical for this class. I use it mostly during a normal workday.",design,2,Negative,Negative,0.99352694
4156,Motorola,Moto G Power 2025,"night shots often need another try. the design feels a little dated beside newer phones. My routine includes calls, photos, and some gaming. The weaknesses make it hard for me to recommend. the screen feels fairly typical for this class. I use it mostly during a normal workday.",display,3,Neutral,Neutral,0.89136887
4165,Nothing,Phone 2a Plus,drain has been impressively low. some photos lose detail when the light drops. the design feels a little dated beside newer phones. I bought it after comparing a few phones in the same range. I would hesitate to recommend it in this price range. The software has been stable for me so far.,battery,5,Positive,Positive,0.98963064
4165,Nothing,Phone 2a Plus,drain has been impressively low. some photos lose detail when the light drops. the design feels a little dated beside newer phones. I bought it after comparing a few phones in the same range. I would hesitate to recommend it in this price range. The software has been stable for me so far.,camera,2,Negative,Negative,0.99390256
4165,Nothing,Phone 2a Plus,drain has been impressively low. some photos lose detail when the light drops. the design feels a little dated beside newer phones. I bought it after comparing a few phones in the same range. I would hesitate to recommend it in this price range. The software has been stable for me so far.,design,2,Negative,Negative,0.99342805
4168,Motorola,Razr 60 Ultra,"night shots are usable with some patience. performance is neither especially quick nor slow. I am neither especially impressed nor disappointed. Still, the design has grown on me. I bought it after comparing a few phones in the same range.",performance,3,Neutral,Neutral,0.88445085
4168,Motorola,Razr 60 Ultra,"night shots are usable with some patience. performance is neither especially quick nor slow. I am neither especially impressed nor disappointed. Still, the design has grown on me. I bought it after comparing a few phones in the same range.",design,4,Positive,Neutral,0.74940306
4177,Samsung,Galaxy S26,"That said, longer gaming sessions can introduce stutter. autofocus has been reliable in everyday use. drain has been impressively low. the finish looks more premium in person. I have been using it as my main phone.",battery,4,Positive,Positive,0.99053675
4177,Samsung,Galaxy S26,"That said, longer gaming sessions can introduce stutter. autofocus has been reliable in everyday use. drain has been impressively low. the finish looks more premium in person. I have been using it as my main phone.",camera,4,Positive,Positive,0.9907466
4177,Samsung,Galaxy S26,"That said, longer gaming sessions can introduce stutter. autofocus has been reliable in everyday use. drain has been impressively low. the finish looks more premium in person. I have been using it as my main phone.",performance,4,Positive,Positive,0.88793105
4177,Samsung,Galaxy S26,"That said, longer gaming sessions can introduce stutter. autofocus has been reliable in everyday use. drain has been impressively low. the finish looks more premium in person. I have been using it as my main phone.",design,5,Positive,Positive,0.9875442
4179,Apple,iPhone 17 Pro,"night shots are cleaner than I expected. performance has been consistently strong. I spend a fair amount of time on maps, media, and social apps. I use it mostly during a normal workday.",performance,5,Positive,Positive,0.9907085
4189,OnePlus,OnePlus 13R,Most of my use is fairly ordinary rather than demanding. usually leaves plenty of charge by bedtime. games stay smooth during longer sessions.,battery,5,Positive,Positive,0.98870635
4189,OnePlus,OnePlus 13R,Most of my use is fairly ordinary rather than demanding. usually leaves plenty of charge by bedtime. games stay smooth during longer sessions.,performance,4,Positive,Positive,0.9882289
4191,OnePlus,OnePlus 13,"is adequate for most daily tasks. My routine includes calls, photos, and some gaming. Still, apps move along without much waiting. the design has grown on me. works well enough for routine photos. I use it mostly during a normal workday.",camera,3,Neutral,Neutral,0.8708769
4191,OnePlus,OnePlus 13,"is adequate for most daily tasks. My routine includes calls, photos, and some gaming. Still, apps move along without much waiting. the design has grown on me. works well enough for routine photos. I use it mostly during a normal workday.",performance,4,Positive,Neutral,0.5677765
4191,OnePlus,OnePlus 13,"is adequate for most daily tasks. My routine includes calls, photos, and some gaming. Still, apps move along without much waiting. the design has grown on me. works well enough for routine photos. I use it mostly during a normal workday.",design,5,Positive,Positive,0.98775476
4199,Nothing,Nothing Phone 3,"The strengths make it easy for me to recommend. autofocus has been reliable in everyday use. holds up really well through a long day. scrolling feels fluid on the high refresh rate. My routine includes calls, photos, and some gaming.",camera,5,Positive,Positive,0.9905359
4199,Nothing,Nothing Phone 3,"The strengths make it easy for me to recommend. autofocus has been reliable in everyday use. holds up really well through a long day. scrolling feels fluid on the high refresh rate. My routine includes calls, photos, and some gaming.",performance,4,Positive,Positive,0.7147676
4199,Nothing,Nothing Phone 3,"The strengths make it easy for me to recommend. autofocus has been reliable in everyday use. holds up really well through a long day. scrolling feels fluid on the high refresh rate. My routine includes calls, photos, and some gaming.",display,4,Positive,Positive,0.9910308
