review_id,topic,top_terms
GENV2_00922,8,"drain, drain noticeable, noticeable, noticeable overnight, standby drain"
GENV2_02645,-1,
SYNEXP_00250,-1,
SYNEXP_00980,9,"phone, apps, feels, time, use"
SYNEXP_01021,-1,
SYNEXP_01872,-1,
SYNEXP_02061,-1,
SYNEXP_02986,-1,
GENV2_00180,1,"panel, panel looks, bright, bright situations, looks bright"
GENV2_00734,2,"photos, use, phone, routine, works"
GENV2_01049,2,"photos, use, phone, routine, works"
GENV2_01634,-1,
GENV2_01864,-1,
GENV2_02057,-1,
GENV2_02233,-1,
GENV2_02447,-1,
GENV2_02762,-1,
SYNEXP_00009,-1,
SYNEXP_00834,5,"charging, speed, fairly, feels, charging speed"
SYNEXP_00997,-1,
SYNEXP_03610,-1,
GENV2_00080,9,"phone, apps, feels, time, use"
GENV2_01092,2,"photos, use, phone, routine, works"
GENV2_01105,9,"phone, apps, feels, time, use"
GENV2_01421,-1,
GENV2_01502,-1,
GENV2_02224,-1,
GENV2_02937,-1,
GENV2_00042,2,"photos, use, phone, routine, works"
GENV2_00505,2,"photos, use, phone, routine, works"
GENV2_02132,-1,
GENV2_02608,-1,
GENV2_03031,-1,
GENV2_03638,-1,
GENV2_03751,-1,
SYNEXP_02181,-1,
SYNEXP_02218,6,"night, shots, night shots, use, time"
SYNEXP_02544,-1,
SYNEXP_02977,-1,
SYNEXP_03029,-1,
SYNEXP_03284,-1,
GENV2_01778,-1,
GENV2_02139,-1,
GENV2_02525,-1,
GENV2_02727,-1,
GENV2_02827,-1,
GENV2_04198,-1,
SYNEXP_00106,9,"phone, apps, feels, time, use"
SYNEXP_00684,-1,
SYNEXP_01279,2,"photos, use, phone, routine, works"
SYNEXP_01353,9,"phone, apps, feels, time, use"
SYNEXP_01544,-1,
SYNEXP_02561,-1,
SYNEXP_02694,-1,
SYNEXP_03049,-1,
SYNEXP_03060,4,"autofocus, everyday, subjects, use, autofocus reliable"
GENV2_00941,6,"night, shots, night shots, use, time"
GENV2_01983,-1,
GENV2_02399,-1,
GENV2_03296,-1,
GENV2_03849,-1,
SYNEXP_02010,9,"phone, apps, feels, time, use"
GENV2_00282,2,"photos, use, phone, routine, works"
GENV2_00397,8,"drain, drain noticeable, noticeable, noticeable overnight, standby drain"
GENV2_00662,7,"multitasking, multitasking acceptable, acceptable routine, acceptable, workable"
GENV2_00801,3,"finish, colours, look, use, looks"
GENV2_00819,2,"photos, use, phone, routine, works"
GENV2_01047,5,"charging, speed, fairly, feels, charging speed"
GENV2_02618,-1,
GENV2_03230,-1,
GENV2_03976,-1,
GENV2_04008,-1,
GENV2_04076,-1,
SYNEXP_00588,5,"charging, speed, fairly, feels, charging speed"
SYNEXP_01778,-1,
SYNEXP_01840,0,"sessions, stutter, gaming sessions, gaming, bring"
SYNEXP_03689,-1,
SYNEXP_03722,9,"phone, apps, feels, time, use"
GENV2_00028,3,"finish, colours, look, use, looks"
GENV2_01221,2,"photos, use, phone, routine, works"
GENV2_02020,-1,
GENV2_02332,-1,
GENV2_02431,-1,
GENV2_02856,-1,
GENV2_03520,-1,
GENV2_03705,-1,
SYNEXP_00131,-1,
SYNEXP_00146,5,"charging, speed, fairly, feels, charging speed"
SYNEXP_01355,-1,
SYNEXP_02298,7,"multitasking, multitasking acceptable, acceptable routine, acceptable, workable"
SYNEXP_03632,3,"finish, colours, look, use, looks"
GENV2_00567,1,"panel, panel looks, bright, bright situations, looks bright"
GENV2_00978,8,"drain, drain noticeable, noticeable, noticeable overnight, standby drain"
GENV2_01550,-1,
GENV2_02759,-1,
GENV2_02859,-1,
GENV2_02954,-1,
GENV2_03219,-1,
GENV2_03285,-1,
SYNEXP_00124,9,"phone, apps, feels, time, use"
SYNEXP_00460,-1,
SYNEXP_00464,-1,
SYNEXP_01520,4,"autofocus, everyday, subjects, use, autofocus reliable"
SYNEXP_02017,9,"phone, apps, feels, time, use"
SYNEXP_03763,-1,
GENV2_00373,9,"phone, apps, feels, time, use"
GENV2_00655,8,"drain, drain noticeable, noticeable, noticeable overnight, standby drain"
GENV2_00965,5,"charging, speed, fairly, feels, charging speed"
GENV2_01213,2,"photos, use, phone, routine, works"
GENV2_02285,-1,
GENV2_03172,-1,
GENV2_04149,-1,
SYNEXP_01060,6,"night, shots, night shots, use, time"
GENV2_01456,-1,
GENV2_02066,-1,
GENV2_02356,-1,
GENV2_02671,-1,
GENV2_03236,-1,
GENV2_04178,-1,
SYNEXP_00469,1,"panel, panel looks, bright, bright situations, looks bright"
SYNEXP_00559,-1,
SYNEXP_01026,6,"night, shots, night shots, use, time"
SYNEXP_01141,-1,
SYNEXP_01641,-1,
SYNEXP_01721,-1,
SYNEXP_01871,-1,
SYNEXP_02129,-1,
SYNEXP_02339,-1,
SYNEXP_02592,-1,
SYNEXP_02674,-1,
GENV2_00224,3,"finish, colours, look, use, looks"
GENV2_00377,5,"charging, speed, fairly, feels, charging speed"
GENV2_00463,6,"night, shots, night shots, use, time"
GENV2_00981,9,"phone, apps, feels, time, use"
GENV2_01104,4,"autofocus, everyday, subjects, use, autofocus reliable"
GENV2_01106,3,"finish, colours, look, use, looks"
GENV2_01252,1,"panel, panel looks, bright, bright situations, looks bright"
GENV2_02033,-1,
GENV2_02181,-1,
GENV2_02457,-1,
GENV2_04100,-1,
SYNEXP_01450,-1,
SYNEXP_01471,5,"charging, speed, fairly, feels, charging speed"
SYNEXP_03455,-1,
GENV2_00878,1,"panel, panel looks, bright, bright situations, looks bright"
GENV2_00909,8,"drain, drain noticeable, noticeable, noticeable overnight, standby drain"
GENV2_01678,-1,
GENV2_02636,-1,
GENV2_03476,-1,
SYNEXP_00922,8,"drain, drain noticeable, noticeable, noticeable overnight, standby drain"
SYNEXP_01171,9,"phone, apps, feels, time, use"
SYNEXP_01329,-1,
SYNEXP_02003,6,"night, shots, night shots, use, time"
SYNEXP_03164,6,"night, shots, night shots, use, time"
SYNEXP_03543,-1,
GENV2_00092,6,"night, shots, night shots, use, time"
GENV2_02812,-1,
GENV2_02830,-1,
GENV2_02845,-1,
GENV2_03563,-1,
GENV2_03792,-1,
GENV2_03957,-1,
GENV2_04042,-1,
SYNEXP_01786,-1,
SYNEXP_03206,-1,
SYNEXP_03592,3,"finish, colours, look, use, looks"
GENV2_00115,1,"panel, panel looks, bright, bright situations, looks bright"
GENV2_00560,1,"panel, panel looks, bright, bright situations, looks bright"
GENV2_01009,9,"phone, apps, feels, time, use"
GENV2_01853,-1,
GENV2_01981,-1,
GENV2_03025,-1,
GENV2_03851,-1,
SYNEXP_00022,-1,
SYNEXP_00248,-1,
SYNEXP_00467,-1,
SYNEXP_00664,-1,
SYNEXP_00779,-1,
SYNEXP_01415,7,"multitasking, multitasking acceptable, acceptable routine, acceptable, workable"
SYNEXP_01802,0,"sessions, stutter, gaming sessions, gaming, bring"
SYNEXP_02171,-1,
SYNEXP_03102,-1,
SYNEXP_03245,8,"drain, drain noticeable, noticeable, noticeable overnight, standby drain"
GENV2_01389,-1,
GENV2_01422,-1,
GENV2_01466,-1,
GENV2_01605,-1,
GENV2_01717,-1,
GENV2_02660,-1,
GENV2_03032,-1,
SYNEXP_02368,-1,
SYNEXP_02558,-1,
SYNEXP_03476,-1,
GENV2_00211,9,"phone, apps, feels, time, use"
GENV2_00293,3,"finish, colours, look, use, looks"
GENV2_00382,8,"drain, drain noticeable, noticeable, noticeable overnight, standby drain"
GENV2_00592,2,"photos, use, phone, routine, works"
GENV2_01538,-1,
GENV2_02120,-1,
GENV2_02387,-1,
GENV2_03571,-1,
GENV2_03598,-1,
SYNEXP_01110,-1,
SYNEXP_01239,-1,
SYNEXP_02036,-1,
SYNEXP_03251,9,"phone, apps, feels, time, use"
SYNEXP_03404,-1,
SYNEXP_03667,1,"panel, panel looks, bright, bright situations, looks bright"
GENV2_00455,2,"photos, use, phone, routine, works"
GENV2_00707,2,"photos, use, phone, routine, works"
GENV2_00767,0,"sessions, stutter, gaming sessions, gaming, bring"
GENV2_00789,9,"phone, apps, feels, time, use"
GENV2_01284,1,"panel, panel looks, bright, bright situations, looks bright"
GENV2_02229,-1,
GENV2_02725,-1,
GENV2_03118,-1,
GENV2_03779,-1,
SYNEXP_00273,-1,
SYNEXP_02887,-1,
SYNEXP_02890,-1,
SYNEXP_02901,9,"phone, apps, feels, time, use"
SYNEXP_03020,-1,
SYNEXP_03375,-1,
SYNEXP_03583,-1,
SYNEXP_03595,-1,
SYNEXP_03629,-1,
SYNEXP_03701,-1,
GENV2_00301,9,"phone, apps, feels, time, use"
GENV2_02612,-1,
GENV2_02676,-1,
SYNEXP_01828,6,"night, shots, night shots, use, time"
SYNEXP_02419,-1,
SYNEXP_02841,-1,
SYNEXP_03203,-1,
SYNEXP_03436,-1,
SYNEXP_03507,0,"sessions, stutter, gaming sessions, gaming, bring"
GENV2_01264,9,"phone, apps, feels, time, use"
GENV2_01448,-1,
GENV2_01633,-1,
GENV2_01646,-1,
GENV2_03308,-1,
SYNEXP_00642,6,"night, shots, night shots, use, time"
SYNEXP_00748,0,"sessions, stutter, gaming sessions, gaming, bring"
SYNEXP_02161,-1,
SYNEXP_03637,-1,
GENV2_01936,-1,
GENV2_02230,-1,
GENV2_02300,-1,
GENV2_02753,-1,
GENV2_03145,-1,
SYNEXP_00608,-1,
SYNEXP_01081,7,"multitasking, multitasking acceptable, acceptable routine, acceptable, workable"
SYNEXP_01800,-1,
SYNEXP_02708,-1,
SYNEXP_03712,8,"drain, drain noticeable, noticeable, noticeable overnight, standby drain"
SYNEXP_03756,-1,
GENV2_00018,3,"finish, colours, look, use, looks"
GENV2_01564,-1,
GENV2_01690,-1,
GENV2_02055,-1,
GENV2_03407,-1,
GENV2_03782,-1,
GENV2_03841,-1,
SYNEXP_01072,-1,
SYNEXP_02541,-1,
SYNEXP_03372,-1,
GENV2_00850,1,"panel, panel looks, bright, bright situations, looks bright"
GENV2_01094,4,"autofocus, everyday, subjects, use, autofocus reliable"
GENV2_01703,-1,
GENV2_02791,-1,
GENV2_03096,-1,
GENV2_03535,-1,
GENV2_03971,-1,
SYNEXP_03601,-1,
GENV2_00334,0,"sessions, stutter, gaming sessions, gaming, bring"
GENV2_00415,9,"phone, apps, feels, time, use"
GENV2_00580,1,"panel, panel looks, bright, bright situations, looks bright"
GENV2_00772,4,"autofocus, everyday, subjects, use, autofocus reliable"
GENV2_01650,-1,
GENV2_02274,-1,
SYNEXP_01967,-1,
SYNEXP_02454,-1,
SYNEXP_03022,-1,
SYNEXP_03329,-1,
SYNEXP_03426,0,"sessions, stutter, gaming sessions, gaming, bring"
GENV2_00091,0,"sessions, stutter, gaming sessions, gaming, bring"
GENV2_00287,4,"autofocus, everyday, subjects, use, autofocus reliable"
GENV2_00933,3,"finish, colours, look, use, looks"
GENV2_01529,-1,
GENV2_01593,-1,
GENV2_01691,-1,
GENV2_02054,-1,
GENV2_02238,-1,
GENV2_02731,-1,
GENV2_03037,-1,
GENV2_04145,-1,
SYNEXP_00442,6,"night, shots, night shots, use, time"
SYNEXP_00948,9,"phone, apps, feels, time, use"
SYNEXP_01264,-1,
SYNEXP_01699,-1,
SYNEXP_01821,-1,
SYNEXP_02376,-1,
SYNEXP_02657,-1,
GENV2_00506,5,"charging, speed, fairly, feels, charging speed"
GENV2_00849,2,"photos, use, phone, routine, works"
GENV2_01321,9,"phone, apps, feels, time, use"
GENV2_01606,-1,
GENV2_01626,-1,
GENV2_02401,-1,
GENV2_02885,-1,
GENV2_03540,-1,
SYNEXP_00375,9,"phone, apps, feels, time, use"
SYNEXP_00425,-1,
SYNEXP_00567,-1,
SYNEXP_01238,-1,
SYNEXP_01695,-1,
GENV2_01265,4,"autofocus, everyday, subjects, use, autofocus reliable"
GENV2_01308,1,"panel, panel looks, bright, bright situations, looks bright"
GENV2_01356,7,"multitasking, multitasking acceptable, acceptable routine, acceptable, workable"
GENV2_02582,-1,
GENV2_02669,-1,
GENV2_03392,-1,
GENV2_03667,-1,
GENV2_03941,-1,
GENV2_03965,-1,
SYNEXP_00165,4,"autofocus, everyday, subjects, use, autofocus reliable"
SYNEXP_00466,4,"autofocus, everyday, subjects, use, autofocus reliable"
SYNEXP_01480,9,"phone, apps, feels, time, use"
SYNEXP_01491,-1,
SYNEXP_01585,-1,
SYNEXP_02407,0,"sessions, stutter, gaming sessions, gaming, bring"
SYNEXP_02412,-1,
SYNEXP_02583,0,"sessions, stutter, gaming sessions, gaming, bring"
SYNEXP_02641,-1,
SYNEXP_03175,-1,
SYNEXP_03720,-1,
GENV2_00416,6,"night, shots, night shots, use, time"
GENV2_00797,2,"photos, use, phone, routine, works"
GENV2_02365,-1,
GENV2_02491,-1,
GENV2_03197,-1,
GENV2_03215,-1,
GENV2_03226,-1,
GENV2_04152,-1,
SYNEXP_00556,-1,
SYNEXP_01896,-1,
SYNEXP_01920,-1,
SYNEXP_03095,5,"charging, speed, fairly, feels, charging speed"
GENV2_02872,-1,
GENV2_03135,-1,
SYNEXP_00462,-1,
SYNEXP_01473,-1,
SYNEXP_01556,-1,
SYNEXP_01620,-1,
SYNEXP_03057,5,"charging, speed, fairly, feels, charging speed"
GENV2_03887,-1,
GENV2_03900,-1,
GENV2_03952,-1,
GENV2_03999,-1,
SYNEXP_00774,9,"phone, apps, feels, time, use"
SYNEXP_00894,-1,
SYNEXP_01584,-1,
SYNEXP_01870,9,"phone, apps, feels, time, use"
SYNEXP_02345,-1,
SYNEXP_02758,-1,
SYNEXP_03519,-1,
GENV2_00419,2,"photos, use, phone, routine, works"
GENV2_00485,2,"photos, use, phone, routine, works"
GENV2_00628,5,"charging, speed, fairly, feels, charging speed"
GENV2_00744,7,"multitasking, multitasking acceptable, acceptable routine, acceptable, workable"
GENV2_01731,-1,
GENV2_02079,-1,
GENV2_03263,-1,
GENV2_03830,-1,
SYNEXP_00181,9,"phone, apps, feels, time, use"
SYNEXP_00906,-1,
SYNEXP_01177,5,"charging, speed, fairly, feels, charging speed"
SYNEXP_01231,-1,
SYNEXP_01236,-1,
SYNEXP_01573,-1,
SYNEXP_03127,-1,
GENV2_00222,0,"sessions, stutter, gaming sessions, gaming, bring"
GENV2_00438,5,"charging, speed, fairly, feels, charging speed"
GENV2_00648,5,"charging, speed, fairly, feels, charging speed"
GENV2_01493,-1,
GENV2_01758,-1,
GENV2_02547,-1,
SYNEXP_01073,-1,
SYNEXP_02294,8,"drain, drain noticeable, noticeable, noticeable overnight, standby drain"
SYNEXP_02424,-1,
SYNEXP_03475,1,"panel, panel looks, bright, bright situations, looks bright"
GENV2_00166,2,"photos, use, phone, routine, works"
GENV2_00511,2,"photos, use, phone, routine, works"
GENV2_01070,4,"autofocus, everyday, subjects, use, autofocus reliable"
GENV2_02001,-1,
GENV2_02781,-1,
SYNEXP_01134,5,"charging, speed, fairly, feels, charging speed"
SYNEXP_01179,0,"sessions, stutter, gaming sessions, gaming, bring"
SYNEXP_01424,-1,
SYNEXP_01555,0,"sessions, stutter, gaming sessions, gaming, bring"
SYNEXP_01564,-1,
SYNEXP_01566,9,"phone, apps, feels, time, use"
SYNEXP_02214,-1,
SYNEXP_02334,5,"charging, speed, fairly, feels, charging speed"
SYNEXP_03128,-1,
GENV2_01459,-1,
GENV2_01721,-1,
GENV2_01885,-1,
GENV2_02503,-1,
GENV2_02543,-1,
GENV2_02637,-1,
GENV2_02638,-1,
GENV2_03201,-1,
GENV2_03217,-1,
GENV2_03701,-1,
GENV2_03864,-1,
GENV2_03933,-1,
SYNEXP_00252,9,"phone, apps, feels, time, use"
SYNEXP_01126,-1,
SYNEXP_02582,-1,
SYNEXP_03238,-1,
SYNEXP_03621,9,"phone, apps, feels, time, use"
GENV2_01488,-1,
GENV2_01576,-1,
GENV2_02092,-1,
GENV2_02566,-1,
GENV2_03072,-1,
GENV2_03990,-1,
GENV2_04176,-1,
SYNEXP_00002,7,"multitasking, multitasking acceptable, acceptable routine, acceptable, workable"
SYNEXP_00206,7,"multitasking, multitasking acceptable, acceptable routine, acceptable, workable"
SYNEXP_00237,6,"night, shots, night shots, use, time"
SYNEXP_01193,5,"charging, speed, fairly, feels, charging speed"
SYNEXP_03121,-1,
GENV2_00144,2,"photos, use, phone, routine, works"
GENV2_00407,3,"finish, colours, look, use, looks"
GENV2_00925,5,"charging, speed, fairly, feels, charging speed"
GENV2_01492,-1,
GENV2_01910,-1,
GENV2_02474,-1,
GENV2_02829,-1,
GENV2_03551,-1,
GENV2_03736,-1,
GENV2_03865,-1,
SYNEXP_02247,-1,
SYNEXP_02471,-1,
SYNEXP_02795,-1,
SYNEXP_02938,-1,
SYNEXP_03421,0,"sessions, stutter, gaming sessions, gaming, bring"
GENV2_00938,9,"phone, apps, feels, time, use"
GENV2_01518,-1,
GENV2_02305,-1,
GENV2_02486,-1,
GENV2_02788,-1,
SYNEXP_01811,-1,
SYNEXP_02111,-1,
SYNEXP_03515,-1,
SYNEXP_03554,-1,
GENV2_01078,7,"multitasking, multitasking acceptable, acceptable routine, acceptable, workable"
GENV2_01227,8,"drain, drain noticeable, noticeable, noticeable overnight, standby drain"
GENV2_02446,-1,
GENV2_02773,-1,
GENV2_04097,-1,
SYNEXP_00734,-1,
SYNEXP_02534,5,"charging, speed, fairly, feels, charging speed"
SYNEXP_03033,-1,
GENV2_01832,-1,
GENV2_02083,-1,
GENV2_02484,-1,
GENV2_02814,-1,
GENV2_03002,-1,
GENV2_03579,-1,
SYNEXP_00457,-1,
SYNEXP_00747,-1,
SYNEXP_01481,-1,
SYNEXP_01511,4,"autofocus, everyday, subjects, use, autofocus reliable"
SYNEXP_01887,-1,
SYNEXP_02321,-1,
SYNEXP_02677,-1,
SYNEXP_02965,0,"sessions, stutter, gaming sessions, gaming, bring"
SYNEXP_03143,9,"phone, apps, feels, time, use"
SYNEXP_03306,7,"multitasking, multitasking acceptable, acceptable routine, acceptable, workable"
GENV2_00074,6,"night, shots, night shots, use, time"
GENV2_00077,1,"panel, panel looks, bright, bright situations, looks bright"
GENV2_00325,9,"phone, apps, feels, time, use"
GENV2_00348,7,"multitasking, multitasking acceptable, acceptable routine, acceptable, workable"
GENV2_02043,-1,
GENV2_02288,-1,
GENV2_02673,-1,
GENV2_02685,-1,
GENV2_03409,-1,
GENV2_03538,-1,
GENV2_03666,-1,
GENV2_03961,-1,
SYNEXP_00518,3,"finish, colours, look, use, looks"
SYNEXP_01365,-1,
SYNEXP_01793,-1,
SYNEXP_02964,-1,
SYNEXP_02966,-1,
SYNEXP_03393,-1,
SYNEXP_03407,-1,
GENV2_00067,9,"phone, apps, feels, time, use"
GENV2_00207,4,"autofocus, everyday, subjects, use, autofocus reliable"
GENV2_01306,6,"night, shots, night shots, use, time"
GENV2_01632,-1,
GENV2_02904,-1,
GENV2_03151,-1,
GENV2_03515,-1,
GENV2_03625,-1,
GENV2_03664,-1,
SYNEXP_00111,-1,
SYNEXP_01103,-1,
SYNEXP_01254,1,"panel, panel looks, bright, bright situations, looks bright"
SYNEXP_01307,-1,
SYNEXP_01736,-1,
SYNEXP_02031,-1,
SYNEXP_02060,-1,
SYNEXP_02495,0,"sessions, stutter, gaming sessions, gaming, bring"
SYNEXP_03423,9,"phone, apps, feels, time, use"
SYNEXP_03687,6,"night, shots, night shots, use, time"
GENV2_00823,9,"phone, apps, feels, time, use"
GENV2_01399,-1,
GENV2_02176,-1,
GENV2_02186,-1,
GENV2_02313,-1,
GENV2_02678,-1,
SYNEXP_01490,9,"phone, apps, feels, time, use"
SYNEXP_01833,-1,
SYNEXP_02033,9,"phone, apps, feels, time, use"
GENV2_00833,2,"photos, use, phone, routine, works"
GENV2_01788,-1,
GENV2_01871,-1,
GENV2_02277,-1,
GENV2_03439,-1,
GENV2_03562,-1,
GENV2_03823,-1,
GENV2_04131,-1,
SYNEXP_01093,-1,
SYNEXP_01788,-1,
SYNEXP_02026,-1,
SYNEXP_02241,9,"phone, apps, feels, time, use"
SYNEXP_02252,-1,
SYNEXP_02695,-1,
SYNEXP_02835,0,"sessions, stutter, gaming sessions, gaming, bring"
GENV2_00666,0,"sessions, stutter, gaming sessions, gaming, bring"
GENV2_00720,7,"multitasking, multitasking acceptable, acceptable routine, acceptable, workable"
GENV2_01163,4,"autofocus, everyday, subjects, use, autofocus reliable"
GENV2_01457,-1,
GENV2_01547,-1,
GENV2_01835,-1,
GENV2_02273,-1,
GENV2_03142,-1,
SYNEXP_00648,-1,
SYNEXP_01130,-1,
SYNEXP_01284,-1,
SYNEXP_01393,-1,
SYNEXP_01740,-1,
SYNEXP_02335,-1,
SYNEXP_02510,-1,
SYNEXP_02803,-1,
SYNEXP_03634,-1,
GENV2_00231,2,"photos, use, phone, routine, works"
GENV2_01109,4,"autofocus, everyday, subjects, use, autofocus reliable"
GENV2_01139,3,"finish, colours, look, use, looks"
GENV2_02218,-1,
GENV2_02568,-1,
GENV2_02742,-1,
GENV2_03752,-1,
SYNEXP_00505,1,"panel, panel looks, bright, bright situations, looks bright"
SYNEXP_00808,-1,
SYNEXP_00955,-1,
SYNEXP_01172,-1,
SYNEXP_01269,-1,
SYNEXP_01743,-1,
SYNEXP_02106,0,"sessions, stutter, gaming sessions, gaming, bring"
SYNEXP_03044,-1,
SYNEXP_03195,-1,
SYNEXP_03492,-1,
SYNEXP_03628,-1,
GENV2_00269,5,"charging, speed, fairly, feels, charging speed"
GENV2_00652,0,"sessions, stutter, gaming sessions, gaming, bring"
GENV2_01019,5,"charging, speed, fairly, feels, charging speed"
GENV2_01072,3,"finish, colours, look, use, looks"
GENV2_01117,8,"drain, drain noticeable, noticeable, noticeable overnight, standby drain"
GENV2_01190,6,"night, shots, night shots, use, time"
GENV2_01212,5,"charging, speed, fairly, feels, charging speed"
GENV2_01836,-1,
GENV2_01923,-1,
GENV2_02121,-1,
GENV2_02180,-1,
GENV2_02782,-1,
GENV2_04114,-1,
SYNEXP_01031,-1,
SYNEXP_01605,-1,
SYNEXP_03394,-1,
GENV2_00501,1,"panel, panel looks, bright, bright situations, looks bright"
GENV2_01320,5,"charging, speed, fairly, feels, charging speed"
GENV2_02926,-1,
GENV2_03055,-1,
GENV2_03395,-1,
GENV2_03784,-1,
SYNEXP_01645,-1,
SYNEXP_01956,-1,
SYNEXP_02756,-1,
GENV2_00795,2,"photos, use, phone, routine, works"
GENV2_02442,-1,
GENV2_03033,-1,
GENV2_03480,-1,
SYNEXP_00021,0,"sessions, stutter, gaming sessions, gaming, bring"
SYNEXP_00092,-1,
SYNEXP_00280,-1,
SYNEXP_00890,-1,
SYNEXP_01531,-1,
SYNEXP_01606,-1,
SYNEXP_02635,-1,
SYNEXP_03769,5,"charging, speed, fairly, feels, charging speed"
GENV2_00987,6,"night, shots, night shots, use, time"
GENV2_01966,-1,
GENV2_02005,-1,
GENV2_03309,-1,
GENV2_03657,-1,
SYNEXP_00127,-1,
SYNEXP_01010,-1,
SYNEXP_01163,-1,
SYNEXP_01232,-1,
SYNEXP_01693,-1,
SYNEXP_02177,-1,
SYNEXP_02245,0,"sessions, stutter, gaming sessions, gaming, bring"
SYNEXP_03208,-1,
SYNEXP_03314,-1,
SYNEXP_03679,-1,
GENV2_00184,2,"photos, use, phone, routine, works"
GENV2_00563,2,"photos, use, phone, routine, works"
GENV2_00650,5,"charging, speed, fairly, feels, charging speed"
GENV2_00804,2,"photos, use, phone, routine, works"
GENV2_00838,5,"charging, speed, fairly, feels, charging speed"
GENV2_02690,-1,
GENV2_02691,-1,
GENV2_03461,-1,
SYNEXP_00999,-1,
SYNEXP_02054,1,"panel, panel looks, bright, bright situations, looks bright"
SYNEXP_02199,-1,
SYNEXP_02871,-1,
SYNEXP_03567,-1,
GENV2_00290,2,"photos, use, phone, routine, works"
GENV2_01956,-1,
GENV2_02441,-1,
GENV2_02850,-1,
GENV2_04098,-1,
SYNEXP_00538,-1,
SYNEXP_00645,-1,
SYNEXP_00919,-1,
SYNEXP_00937,6,"night, shots, night shots, use, time"
SYNEXP_01085,-1,
SYNEXP_01378,-1,
SYNEXP_01386,9,"phone, apps, feels, time, use"
SYNEXP_01548,-1,
SYNEXP_01617,-1,
SYNEXP_01842,-1,
SYNEXP_01901,4,"autofocus, everyday, subjects, use, autofocus reliable"
SYNEXP_02624,8,"drain, drain noticeable, noticeable, noticeable overnight, standby drain"
SYNEXP_03150,5,"charging, speed, fairly, feels, charging speed"
SYNEXP_03248,0,"sessions, stutter, gaming sessions, gaming, bring"
SYNEXP_03365,-1,
GENV2_00522,2,"photos, use, phone, routine, works"
GENV2_01588,-1,
GENV2_01704,-1,
GENV2_02657,-1,
GENV2_03332,-1,
SYNEXP_00828,-1,
SYNEXP_01228,-1,
SYNEXP_01972,4,"autofocus, everyday, subjects, use, autofocus reliable"
SYNEXP_02256,-1,
SYNEXP_02273,9,"phone, apps, feels, time, use"
SYNEXP_02468,-1,
SYNEXP_02566,4,"autofocus, everyday, subjects, use, autofocus reliable"
GENV2_00969,6,"night, shots, night shots, use, time"
GENV2_02207,-1,
GENV2_03307,-1,
GENV2_03347,-1,
GENV2_04174,-1,
SYNEXP_01589,-1,
SYNEXP_02148,-1,
SYNEXP_02680,-1,
SYNEXP_03193,-1,
SYNEXP_03450,-1,
SYNEXP_03528,6,"night, shots, night shots, use, time"
SYNEXP_03677,-1,
GENV2_02902,-1,
GENV2_03300,-1,
GENV2_03683,-1,
SYNEXP_00537,-1,
SYNEXP_01019,9,"phone, apps, feels, time, use"
SYNEXP_01100,-1,
SYNEXP_01655,0,"sessions, stutter, gaming sessions, gaming, bring"
SYNEXP_01754,-1,
SYNEXP_02643,-1,
GENV2_00361,6,"night, shots, night shots, use, time"
GENV2_00669,2,"photos, use, phone, routine, works"
GENV2_01260,0,"sessions, stutter, gaming sessions, gaming, bring"
GENV2_01424,-1,
GENV2_01494,-1,
GENV2_01927,-1,
GENV2_02114,-1,
GENV2_02182,-1,
GENV2_02646,-1,
GENV2_04119,-1,
SYNEXP_00050,0,"sessions, stutter, gaming sessions, gaming, bring"
SYNEXP_00668,6,"night, shots, night shots, use, time"
GENV2_00029,0,"sessions, stutter, gaming sessions, gaming, bring"
GENV2_00241,2,"photos, use, phone, routine, works"
GENV2_00342,1,"panel, panel looks, bright, bright situations, looks bright"
GENV2_00401,9,"phone, apps, feels, time, use"
GENV2_01610,-1,
GENV2_02858,-1,
GENV2_02995,-1,
GENV2_03303,-1,
GENV2_03692,-1,
SYNEXP_00276,-1,
SYNEXP_01066,-1,
SYNEXP_01562,9,"phone, apps, feels, time, use"
SYNEXP_02207,-1,
SYNEXP_02524,4,"autofocus, everyday, subjects, use, autofocus reliable"
SYNEXP_02555,-1,
SYNEXP_03618,-1,
GENV2_00004,6,"night, shots, night shots, use, time"
GENV2_01024,4,"autofocus, everyday, subjects, use, autofocus reliable"
GENV2_01256,6,"night, shots, night shots, use, time"
GENV2_01512,-1,
GENV2_02051,-1,
GENV2_02410,-1,
GENV2_02900,-1,
GENV2_03626,-1,
GENV2_03917,-1,
GENV2_04014,-1,
SYNEXP_00855,-1,
SYNEXP_00982,5,"charging, speed, fairly, feels, charging speed"
SYNEXP_01083,-1,
SYNEXP_01139,-1,
SYNEXP_01959,-1,
SYNEXP_02464,3,"finish, colours, look, use, looks"
GENV2_00462,5,"charging, speed, fairly, feels, charging speed"
GENV2_00478,5,"charging, speed, fairly, feels, charging speed"
GENV2_00971,6,"night, shots, night shots, use, time"
GENV2_01164,2,"photos, use, phone, routine, works"
GENV2_01708,-1,
GENV2_01764,-1,
GENV2_02744,-1,
GENV2_03310,-1,
SYNEXP_00544,-1,
SYNEXP_01135,-1,
SYNEXP_02007,-1,
SYNEXP_03158,-1,
SYNEXP_03644,0,"sessions, stutter, gaming sessions, gaming, bring"
GENV2_00248,8,"drain, drain noticeable, noticeable, noticeable overnight, standby drain"
GENV2_00641,6,"night, shots, night shots, use, time"
GENV2_01141,4,"autofocus, everyday, subjects, use, autofocus reliable"
GENV2_01351,1,"panel, panel looks, bright, bright situations, looks bright"
GENV2_01979,-1,
GENV2_02067,-1,
GENV2_02997,-1,
GENV2_03116,-1,
GENV2_03608,-1,
GENV2_03697,-1,
GENV2_03725,-1,
GENV2_03904,-1,
SYNEXP_00853,-1,
SYNEXP_03083,-1,
GENV2_01015,5,"charging, speed, fairly, feels, charging speed"
GENV2_01398,-1,
GENV2_01440,-1,
GENV2_01861,-1,
GENV2_02082,-1,
GENV2_02333,-1,
GENV2_02784,-1,
GENV2_02792,-1,
GENV2_02966,-1,
GENV2_03211,-1,
GENV2_03568,-1,
GENV2_03850,-1,
GENV2_04015,-1,
SYNEXP_00446,-1,
SYNEXP_02057,-1,
SYNEXP_02239,-1,
SYNEXP_02961,-1,
SYNEXP_03351,-1,
GENV2_01406,-1,
GENV2_01812,-1,
GENV2_03083,-1,
GENV2_04054,-1,
SYNEXP_00341,-1,
SYNEXP_00996,0,"sessions, stutter, gaming sessions, gaming, bring"
SYNEXP_02185,9,"phone, apps, feels, time, use"
SYNEXP_02222,1,"panel, panel looks, bright, bright situations, looks bright"
SYNEXP_03002,5,"charging, speed, fairly, feels, charging speed"
SYNEXP_03349,-1,
SYNEXP_03468,-1,
SYNEXP_03622,-1,
GENV2_00118,3,"finish, colours, look, use, looks"
GENV2_00255,2,"photos, use, phone, routine, works"
GENV2_00388,7,"multitasking, multitasking acceptable, acceptable routine, acceptable, workable"
GENV2_01942,-1,
GENV2_02021,-1,
GENV2_02498,-1,
SYNEXP_00936,3,"finish, colours, look, use, looks"
SYNEXP_01017,1,"panel, panel looks, bright, bright situations, looks bright"
SYNEXP_01043,-1,
SYNEXP_02433,-1,
SYNEXP_02527,-1,
SYNEXP_02661,3,"finish, colours, look, use, looks"
SYNEXP_03008,-1,
SYNEXP_03037,-1,
SYNEXP_03698,-1,
GENV2_01375,8,"drain, drain noticeable, noticeable, noticeable overnight, standby drain"
GENV2_01647,-1,
GENV2_02049,-1,
GENV2_03572,-1,
GENV2_03590,-1,
SYNEXP_00094,8,"drain, drain noticeable, noticeable, noticeable overnight, standby drain"
SYNEXP_00769,-1,
SYNEXP_00786,-1,
SYNEXP_00899,-1,
SYNEXP_01270,1,"panel, panel looks, bright, bright situations, looks bright"
SYNEXP_01330,-1,
SYNEXP_01804,-1,
SYNEXP_02860,5,"charging, speed, fairly, feels, charging speed"
SYNEXP_03028,-1,
SYNEXP_03228,-1,
SYNEXP_03300,-1,
SYNEXP_03467,-1,
SYNEXP_03732,-1,
SYNEXP_03761,-1,
GENV2_01028,1,"panel, panel looks, bright, bright situations, looks bright"
GENV2_01850,-1,
GENV2_02368,-1,
GENV2_02497,-1,
GENV2_02963,-1,
SYNEXP_00187,-1,
SYNEXP_00852,0,"sessions, stutter, gaming sessions, gaming, bring"
SYNEXP_00971,-1,
SYNEXP_01056,5,"charging, speed, fairly, feels, charging speed"
SYNEXP_01783,6,"night, shots, night shots, use, time"
SYNEXP_02305,-1,
SYNEXP_02651,-1,
SYNEXP_02683,9,"phone, apps, feels, time, use"
GENV2_00313,0,"sessions, stutter, gaming sessions, gaming, bring"
GENV2_00474,2,"photos, use, phone, routine, works"
GENV2_00994,9,"phone, apps, feels, time, use"
GENV2_01725,-1,
GENV2_02296,-1,
GENV2_02390,-1,
GENV2_02623,-1,
GENV2_02925,-1,
GENV2_03046,-1,
GENV2_03210,-1,
GENV2_03873,-1,
SYNEXP_00297,3,"finish, colours, look, use, looks"
SYNEXP_00331,-1,
SYNEXP_00983,-1,
SYNEXP_02158,-1,
SYNEXP_02165,-1,
SYNEXP_02753,-1,
SYNEXP_03120,-1,
SYNEXP_03462,-1,
GENV2_00130,5,"charging, speed, fairly, feels, charging speed"
GENV2_00142,4,"autofocus, everyday, subjects, use, autofocus reliable"
GENV2_00374,2,"photos, use, phone, routine, works"
GENV2_00629,2,"photos, use, phone, routine, works"
GENV2_01220,1,"panel, panel looks, bright, bright situations, looks bright"
GENV2_02339,-1,
GENV2_02986,-1,
GENV2_03611,-1,
GENV2_03807,-1,
SYNEXP_00968,-1,
SYNEXP_00984,-1,
SYNEXP_01455,0,"sessions, stutter, gaming sessions, gaming, bring"
SYNEXP_02697,-1,
SYNEXP_03686,-1,
GENV2_01250,8,"drain, drain noticeable, noticeable, noticeable overnight, standby drain"
GENV2_01827,-1,
GENV2_02093,-1,
GENV2_03578,-1,
GENV2_04011,-1,
SYNEXP_02620,-1,
SYNEXP_03035,-1,
SYNEXP_03627,-1,
GENV2_02923,-1,
GENV2_03566,-1,
SYNEXP_02463,-1,
SYNEXP_02997,-1,
SYNEXP_03745,5,"charging, speed, fairly, feels, charging speed"
GENV2_01090,5,"charging, speed, fairly, feels, charging speed"
GENV2_01521,-1,
GENV2_01679,-1,
GENV2_02711,-1,
GENV2_03148,-1,
GENV2_03360,-1,
GENV2_04197,-1,
SYNEXP_00364,0,"sessions, stutter, gaming sessions, gaming, bring"
SYNEXP_02182,2,"photos, use, phone, routine, works"
SYNEXP_02873,1,"panel, panel looks, bright, bright situations, looks bright"
SYNEXP_03216,0,"sessions, stutter, gaming sessions, gaming, bring"
GENV2_01360,2,"photos, use, phone, routine, works"
GENV2_02040,-1,
GENV2_02211,-1,
SYNEXP_00077,-1,
SYNEXP_00488,5,"charging, speed, fairly, feels, charging speed"
SYNEXP_00835,0,"sessions, stutter, gaming sessions, gaming, bring"
SYNEXP_00870,-1,
SYNEXP_01792,-1,
SYNEXP_02050,-1,
SYNEXP_03241,-1,
GENV2_00203,5,"charging, speed, fairly, feels, charging speed"
GENV2_00244,2,"photos, use, phone, routine, works"
GENV2_00663,4,"autofocus, everyday, subjects, use, autofocus reliable"
GENV2_00890,4,"autofocus, everyday, subjects, use, autofocus reliable"
GENV2_01968,-1,
GENV2_03314,-1,
GENV2_03871,-1,
SYNEXP_00611,0,"sessions, stutter, gaming sessions, gaming, bring"
SYNEXP_00615,-1,
SYNEXP_01033,9,"phone, apps, feels, time, use"
SYNEXP_02603,-1,
GENV2_00271,0,"sessions, stutter, gaming sessions, gaming, bring"
GENV2_01444,-1,
GENV2_02363,-1,
GENV2_03959,-1,
GENV2_04036,-1,
SYNEXP_00045,5,"charging, speed, fairly, feels, charging speed"
SYNEXP_00112,0,"sessions, stutter, gaming sessions, gaming, bring"
SYNEXP_00515,-1,
SYNEXP_00768,3,"finish, colours, look, use, looks"
SYNEXP_01155,-1,
SYNEXP_01461,-1,
SYNEXP_01930,-1,
SYNEXP_01955,-1,
SYNEXP_02037,8,"drain, drain noticeable, noticeable, noticeable overnight, standby drain"
SYNEXP_02913,5,"charging, speed, fairly, feels, charging speed"
SYNEXP_03483,4,"autofocus, everyday, subjects, use, autofocus reliable"
SYNEXP_03693,-1,
GENV2_00064,1,"panel, panel looks, bright, bright situations, looks bright"
GENV2_00454,6,"night, shots, night shots, use, time"
GENV2_01059,2,"photos, use, phone, routine, works"
GENV2_02038,-1,
GENV2_02706,-1,
GENV2_02873,-1,
GENV2_03588,-1,
SYNEXP_00327,-1,
SYNEXP_00374,-1,
SYNEXP_00463,-1,
SYNEXP_00526,-1,
SYNEXP_01143,-1,
SYNEXP_02484,-1,
SYNEXP_03003,6,"night, shots, night shots, use, time"
SYNEXP_03199,2,"photos, use, phone, routine, works"
SYNEXP_03321,-1,
GENV2_00053,9,"phone, apps, feels, time, use"
GENV2_00484,2,"photos, use, phone, routine, works"
GENV2_03734,-1,
GENV2_04185,-1,
SYNEXP_00308,-1,
SYNEXP_00441,-1,
SYNEXP_00809,-1,
SYNEXP_01096,-1,
SYNEXP_01115,-1,
SYNEXP_01323,-1,
SYNEXP_01826,-1,
SYNEXP_02761,-1,
SYNEXP_02824,9,"phone, apps, feels, time, use"
SYNEXP_03557,0,"sessions, stutter, gaming sessions, gaming, bring"
GENV2_00338,0,"sessions, stutter, gaming sessions, gaming, bring"
GENV2_01168,9,"phone, apps, feels, time, use"
GENV2_02718,-1,
GENV2_02740,-1,
GENV2_03547,-1,
GENV2_03603,-1,
GENV2_04003,-1,
GENV2_04028,-1,
SYNEXP_00194,1,"panel, panel looks, bright, bright situations, looks bright"
SYNEXP_00961,-1,
SYNEXP_01138,-1,
SYNEXP_01273,-1,
SYNEXP_01862,0,"sessions, stutter, gaming sessions, gaming, bring"
SYNEXP_02808,-1,
SYNEXP_03556,-1,
GENV2_00146,4,"autofocus, everyday, subjects, use, autofocus reliable"
GENV2_00752,3,"finish, colours, look, use, looks"
GENV2_01073,3,"finish, colours, look, use, looks"
GENV2_02266,-1,
GENV2_02371,-1,
GENV2_02667,-1,
GENV2_02807,-1,
GENV2_03011,-1,
SYNEXP_00046,-1,
SYNEXP_01425,3,"finish, colours, look, use, looks"
SYNEXP_01976,-1,
SYNEXP_02668,-1,
SYNEXP_02968,6,"night, shots, night shots, use, time"
SYNEXP_03234,-1,
GENV2_00354,6,"night, shots, night shots, use, time"
GENV2_01887,-1,
GENV2_03163,-1,
GENV2_04001,-1,
SYNEXP_00671,-1,
SYNEXP_00992,-1,
SYNEXP_01597,0,"sessions, stutter, gaming sessions, gaming, bring"
SYNEXP_01874,-1,
SYNEXP_01964,-1,
SYNEXP_02351,-1,
SYNEXP_02754,-1,
GENV2_00226,2,"photos, use, phone, routine, works"
GENV2_01771,-1,
GENV2_01808,-1,
GENV2_02150,-1,
GENV2_02154,-1,
GENV2_03656,-1,
SYNEXP_00054,1,"panel, panel looks, bright, bright situations, looks bright"
SYNEXP_02469,-1,
SYNEXP_02477,6,"night, shots, night shots, use, time"
SYNEXP_02930,9,"phone, apps, feels, time, use"
SYNEXP_03276,7,"multitasking, multitasking acceptable, acceptable routine, acceptable, workable"
GENV2_00122,9,"phone, apps, feels, time, use"
GENV2_00329,1,"panel, panel looks, bright, bright situations, looks bright"
GENV2_00953,4,"autofocus, everyday, subjects, use, autofocus reliable"
GENV2_01361,8,"drain, drain noticeable, noticeable, noticeable overnight, standby drain"
GENV2_01753,-1,
GENV2_02705,-1,
SYNEXP_00134,-1,
SYNEXP_00509,-1,
SYNEXP_00721,-1,
SYNEXP_01157,-1,
SYNEXP_02009,-1,
SYNEXP_02271,-1,
SYNEXP_02903,6,"night, shots, night shots, use, time"
SYNEXP_03371,9,"phone, apps, feels, time, use"
SYNEXP_03736,7,"multitasking, multitasking acceptable, acceptable routine, acceptable, workable"
GENV2_00358,7,"multitasking, multitasking acceptable, acceptable routine, acceptable, workable"
GENV2_00931,1,"panel, panel looks, bright, bright situations, looks bright"
GENV2_01579,-1,
GENV2_01707,-1,
GENV2_02615,-1,
GENV2_03670,-1,
GENV2_03987,-1,
SYNEXP_01008,-1,
SYNEXP_01235,-1,
SYNEXP_01368,-1,
SYNEXP_01486,-1,
SYNEXP_02210,-1,
SYNEXP_02331,-1,
SYNEXP_02499,-1,
GENV2_00980,6,"night, shots, night shots, use, time"
GENV2_01033,2,"photos, use, phone, routine, works"
GENV2_01511,-1,
GENV2_01804,-1,
GENV2_01990,-1,
GENV2_02476,-1,
GENV2_03021,-1,
GENV2_04073,-1,
SYNEXP_00379,-1,
SYNEXP_00551,-1,
SYNEXP_01281,-1,
SYNEXP_01290,-1,
SYNEXP_01474,-1,
SYNEXP_02049,-1,
SYNEXP_02342,-1,
SYNEXP_02389,-1,
SYNEXP_03124,-1,
SYNEXP_03405,0,"sessions, stutter, gaming sessions, gaming, bring"
GENV2_00148,1,"panel, panel looks, bright, bright situations, looks bright"
GENV2_00246,1,"panel, panel looks, bright, bright situations, looks bright"
GENV2_00347,6,"night, shots, night shots, use, time"
GENV2_00680,5,"charging, speed, fairly, feels, charging speed"
GENV2_01191,5,"charging, speed, fairly, feels, charging speed"
GENV2_01637,-1,
GENV2_02946,-1,
GENV2_03028,-1,
GENV2_03237,-1,
GENV2_03801,-1,
SYNEXP_01258,5,"charging, speed, fairly, feels, charging speed"
SYNEXP_01746,-1,
SYNEXP_02159,-1,
SYNEXP_02614,-1,
GENV2_00605,0,"sessions, stutter, gaming sessions, gaming, bring"
GENV2_00620,9,"phone, apps, feels, time, use"
GENV2_00809,4,"autofocus, everyday, subjects, use, autofocus reliable"
GENV2_01779,-1,
GENV2_02160,-1,
GENV2_02386,-1,
GENV2_02801,-1,
GENV2_03661,-1,
SYNEXP_00011,-1,
SYNEXP_02195,-1,
SYNEXP_02552,-1,
SYNEXP_02819,-1,
SYNEXP_03580,-1,
GENV2_00283,5,"charging, speed, fairly, feels, charging speed"
GENV2_00834,8,"drain, drain noticeable, noticeable, noticeable overnight, standby drain"
GENV2_01413,-1,
GENV2_02595,-1,
GENV2_02799,-1,
GENV2_03005,-1,
GENV2_03514,-1,
SYNEXP_01250,-1,
SYNEXP_01429,9,"phone, apps, feels, time, use"
SYNEXP_01674,4,"autofocus, everyday, subjects, use, autofocus reliable"
SYNEXP_02281,-1,
SYNEXP_02453,0,"sessions, stutter, gaming sessions, gaming, bring"
SYNEXP_02613,-1,
GENV2_00360,6,"night, shots, night shots, use, time"
GENV2_01553,-1,
GENV2_02000,-1,
GENV2_02851,-1,
GENV2_03544,-1,
GENV2_03607,-1,
SYNEXP_02144,-1,
SYNEXP_02240,-1,
SYNEXP_03547,0,"sessions, stutter, gaming sessions, gaming, bring"
GENV2_00040,0,"sessions, stutter, gaming sessions, gaming, bring"
GENV2_00425,3,"finish, colours, look, use, looks"
GENV2_01568,-1,
GENV2_02644,-1,
SYNEXP_00084,-1,
SYNEXP_00176,6,"night, shots, night shots, use, time"
SYNEXP_00635,-1,
SYNEXP_01090,6,"night, shots, night shots, use, time"
SYNEXP_02085,6,"night, shots, night shots, use, time"
SYNEXP_02153,-1,
SYNEXP_03465,6,"night, shots, night shots, use, time"
SYNEXP_03695,2,"photos, use, phone, routine, works"
GENV2_00014,2,"photos, use, phone, routine, works"
GENV2_00692,7,"multitasking, multitasking acceptable, acceptable routine, acceptable, workable"
GENV2_01713,-1,
GENV2_02041,-1,
GENV2_02700,-1,
GENV2_03287,-1,
SYNEXP_00267,5,"charging, speed, fairly, feels, charging speed"
SYNEXP_00881,-1,
SYNEXP_02039,-1,
SYNEXP_02688,-1,
SYNEXP_02764,-1,
GENV2_00742,4,"autofocus, everyday, subjects, use, autofocus reliable"
GENV2_01907,-1,
GENV2_02316,-1,
GENV2_03853,-1,
GENV2_03876,-1,
SYNEXP_00266,-1,
SYNEXP_00978,-1,
GENV2_00448,0,"sessions, stutter, gaming sessions, gaming, bring"
GENV2_02008,-1,
GENV2_02555,-1,
GENV2_02652,-1,
GENV2_03026,-1,
GENV2_04074,-1,
SYNEXP_00244,9,"phone, apps, feels, time, use"
SYNEXP_00270,0,"sessions, stutter, gaming sessions, gaming, bring"
SYNEXP_01643,9,"phone, apps, feels, time, use"
SYNEXP_03350,-1,
SYNEXP_03537,-1,
GENV2_00693,2,"photos, use, phone, routine, works"
GENV2_02530,-1,
GENV2_02881,-1,
GENV2_03371,-1,
GENV2_04084,-1,
SYNEXP_00369,3,"finish, colours, look, use, looks"
SYNEXP_00926,-1,
SYNEXP_01308,3,"finish, colours, look, use, looks"
SYNEXP_01758,1,"panel, panel looks, bright, bright situations, looks bright"
SYNEXP_02343,-1,
SYNEXP_02585,8,"drain, drain noticeable, noticeable, noticeable overnight, standby drain"
GENV2_00135,6,"night, shots, night shots, use, time"
GENV2_01344,4,"autofocus, everyday, subjects, use, autofocus reliable"
GENV2_01370,6,"night, shots, night shots, use, time"
GENV2_02679,-1,
GENV2_03828,-1,
SYNEXP_02738,-1,
SYNEXP_02800,9,"phone, apps, feels, time, use"
SYNEXP_03342,-1,
GENV2_01616,-1,
GENV2_01638,-1,
GENV2_02567,-1,
GENV2_03007,-1,
GENV2_03870,-1,
GENV2_03902,-1,
SYNEXP_02395,-1,
SYNEXP_02617,-1,
SYNEXP_02743,-1,
SYNEXP_03301,-1,
GENV2_00678,2,"photos, use, phone, routine, works"
GENV2_01323,8,"drain, drain noticeable, noticeable, noticeable overnight, standby drain"
GENV2_01338,1,"panel, panel looks, bright, bright situations, looks bright"
GENV2_01523,-1,
GENV2_02728,-1,
GENV2_02749,-1,
GENV2_02813,-1,
GENV2_02975,-1,
GENV2_03221,-1,
GENV2_03350,-1,
SYNEXP_00212,-1,
SYNEXP_00656,7,"multitasking, multitasking acceptable, acceptable routine, acceptable, workable"
SYNEXP_00931,-1,
SYNEXP_01522,-1,
SYNEXP_02476,0,"sessions, stutter, gaming sessions, gaming, bring"
SYNEXP_02539,-1,
SYNEXP_02737,-1,
GENV2_00011,2,"photos, use, phone, routine, works"
GENV2_00378,2,"photos, use, phone, routine, works"
GENV2_01003,1,"panel, panel looks, bright, bright situations, looks bright"
GENV2_02107,-1,
GENV2_02117,-1,
GENV2_02436,-1,
GENV2_03267,-1,
GENV2_03570,-1,
GENV2_03979,-1,
GENV2_04173,-1,
SYNEXP_01044,-1,
SYNEXP_01372,-1,
SYNEXP_03079,-1,
GENV2_00274,0,"sessions, stutter, gaming sessions, gaming, bring"
GENV2_00743,3,"finish, colours, look, use, looks"
GENV2_01787,-1,
GENV2_02802,-1,
GENV2_02806,-1,
GENV2_03180,-1,
GENV2_03764,-1,
SYNEXP_01289,-1,
SYNEXP_01784,-1,
SYNEXP_02024,-1,
GENV2_00104,6,"night, shots, night shots, use, time"
GENV2_00249,9,"phone, apps, feels, time, use"
GENV2_01654,-1,
GENV2_01943,-1,
GENV2_02133,-1,
GENV2_02598,-1,
GENV2_02616,-1,
GENV2_02961,-1,
GENV2_03631,-1,
GENV2_04104,-1,
SYNEXP_00353,-1,
SYNEXP_00927,1,"panel, panel looks, bright, bright situations, looks bright"
SYNEXP_01557,-1,
SYNEXP_01602,-1,
SYNEXP_01657,-1,
SYNEXP_01962,6,"night, shots, night shots, use, time"
SYNEXP_01966,-1,
SYNEXP_02529,4,"autofocus, everyday, subjects, use, autofocus reliable"
SYNEXP_02568,-1,
SYNEXP_02811,-1,
GENV2_00280,1,"panel, panel looks, bright, bright situations, looks bright"
GENV2_00457,2,"photos, use, phone, routine, works"
GENV2_01491,-1,
GENV2_01580,-1,
GENV2_02397,-1,
GENV2_02430,-1,
GENV2_02448,-1,
GENV2_02837,-1,
GENV2_03649,-1,
GENV2_04156,-1,
GENV2_04165,-1,
SYNEXP_00923,-1,
SYNEXP_02386,-1,
SYNEXP_02621,-1,
SYNEXP_03397,-1,
GENV2_00228,4,"autofocus, everyday, subjects, use, autofocus reliable"
GENV2_00333,2,"photos, use, phone, routine, works"
GENV2_00866,2,"photos, use, phone, routine, works"
GENV2_01595,-1,
GENV2_01604,-1,
GENV2_01714,-1,
GENV2_02037,-1,
GENV2_02081,-1,
GENV2_03017,-1,
SYNEXP_00339,9,"phone, apps, feels, time, use"
SYNEXP_00484,-1,
SYNEXP_00554,-1,
SYNEXP_00749,-1,
SYNEXP_02810,-1,
SYNEXP_03399,6,"night, shots, night shots, use, time"
GENV2_00502,6,"night, shots, night shots, use, time"
GENV2_02629,-1,
GENV2_02877,-1,
GENV2_02981,-1,
SYNEXP_00059,6,"night, shots, night shots, use, time"
SYNEXP_01541,-1,
SYNEXP_02940,-1,
SYNEXP_02949,-1,
SYNEXP_03055,9,"phone, apps, feels, time, use"
SYNEXP_03227,-1,
SYNEXP_03662,9,"phone, apps, feels, time, use"
GENV2_00403,5,"charging, speed, fairly, feels, charging speed"
GENV2_00736,5,"charging, speed, fairly, feels, charging speed"
GENV2_02036,-1,
GENV2_02336,-1,
GENV2_02665,-1,
GENV2_03179,-1,
GENV2_03926,-1,
GENV2_04194,-1,
SYNEXP_00074,-1,
SYNEXP_00485,9,"phone, apps, feels, time, use"
SYNEXP_00570,-1,
SYNEXP_01706,-1,
SYNEXP_01935,-1,
SYNEXP_02176,0,"sessions, stutter, gaming sessions, gaming, bring"
SYNEXP_03005,-1,
SYNEXP_03482,-1,
SYNEXP_03577,-1,
GENV2_01102,2,"photos, use, phone, routine, works"
GENV2_01477,-1,
GENV2_02029,-1,
GENV2_02320,-1,
GENV2_02549,-1,
GENV2_02787,-1,
GENV2_03259,-1,
SYNEXP_00066,-1,
SYNEXP_00337,9,"phone, apps, feels, time, use"
SYNEXP_00639,-1,
SYNEXP_01404,9,"phone, apps, feels, time, use"
SYNEXP_02073,-1,
SYNEXP_02088,-1,
SYNEXP_02284,-1,
SYNEXP_02452,-1,
SYNEXP_02505,5,"charging, speed, fairly, feels, charging speed"
SYNEXP_02589,-1,
SYNEXP_02837,-1,
GENV2_00111,2,"photos, use, phone, routine, works"
GENV2_00242,5,"charging, speed, fairly, feels, charging speed"
GENV2_01577,-1,
GENV2_01742,-1,
GENV2_01755,-1,
GENV2_01950,-1,
GENV2_02098,-1,
GENV2_02769,-1,
GENV2_03400,-1,
GENV2_03852,-1,
SYNEXP_00360,-1,
SYNEXP_01275,-1,
SYNEXP_02166,-1,
GENV2_00644,2,"photos, use, phone, routine, works"
GENV2_01242,3,"finish, colours, look, use, looks"
GENV2_01353,8,"drain, drain noticeable, noticeable, noticeable overnight, standby drain"
GENV2_01358,5,"charging, speed, fairly, feels, charging speed"
GENV2_01545,-1,
GENV2_02312,-1,
GENV2_03035,-1,
GENV2_03147,-1,
GENV2_03183,-1,
GENV2_03292,-1,
GENV2_03809,-1,
GENV2_04184,-1,
SYNEXP_02801,-1,
SYNEXP_03019,3,"finish, colours, look, use, looks"
SYNEXP_03072,-1,
GENV2_00412,0,"sessions, stutter, gaming sessions, gaming, bring"
GENV2_00531,4,"autofocus, everyday, subjects, use, autofocus reliable"
GENV2_00778,3,"finish, colours, look, use, looks"
GENV2_00811,4,"autofocus, everyday, subjects, use, autofocus reliable"
GENV2_00815,1,"panel, panel looks, bright, bright situations, looks bright"
GENV2_00952,8,"drain, drain noticeable, noticeable, noticeable overnight, standby drain"
GENV2_01160,2,"photos, use, phone, routine, works"
GENV2_01427,-1,
GENV2_01862,-1,
GENV2_03489,-1,
GENV2_03609,-1,
GENV2_03695,-1,
SYNEXP_00137,9,"phone, apps, feels, time, use"
SYNEXP_00381,-1,
SYNEXP_02336,0,"sessions, stutter, gaming sessions, gaming, bring"
SYNEXP_02598,-1,
SYNEXP_02623,-1,
SYNEXP_03242,5,"charging, speed, fairly, feels, charging speed"
SYNEXP_03734,-1,
GENV2_00117,4,"autofocus, everyday, subjects, use, autofocus reliable"
GENV2_00828,7,"multitasking, multitasking acceptable, acceptable routine, acceptable, workable"
GENV2_01425,-1,
GENV2_01972,-1,
GENV2_02078,-1,
GENV2_02100,-1,
GENV2_03463,-1,
GENV2_04013,-1,
SYNEXP_00566,0,"sessions, stutter, gaming sessions, gaming, bring"
SYNEXP_01215,0,"sessions, stutter, gaming sessions, gaming, bring"
SYNEXP_01680,0,"sessions, stutter, gaming sessions, gaming, bring"
SYNEXP_02413,-1,
SYNEXP_03303,-1,
GENV2_00149,1,"panel, panel looks, bright, bright situations, looks bright"
GENV2_03193,-1,
SYNEXP_00018,9,"phone, apps, feels, time, use"
SYNEXP_00751,-1,
SYNEXP_01042,-1,
SYNEXP_02186,-1,
SYNEXP_02515,-1,
SYNEXP_02820,-1,
SYNEXP_02856,9,"phone, apps, feels, time, use"
SYNEXP_03163,-1,
GENV2_00098,5,"charging, speed, fairly, feels, charging speed"
GENV2_00168,1,"panel, panel looks, bright, bright situations, looks bright"
GENV2_00708,8,"drain, drain noticeable, noticeable, noticeable overnight, standby drain"
GENV2_01304,5,"charging, speed, fairly, feels, charging speed"
GENV2_01310,6,"night, shots, night shots, use, time"
GENV2_03742,-1,
SYNEXP_00499,-1,
SYNEXP_00727,5,"charging, speed, fairly, feels, charging speed"
SYNEXP_02733,-1,
SYNEXP_02791,-1,
SYNEXP_03336,-1,
GENV2_00038,5,"charging, speed, fairly, feels, charging speed"
GENV2_01693,-1,
GENV2_01806,-1,
GENV2_02239,-1,
GENV2_02440,-1,
GENV2_02579,-1,
SYNEXP_00063,-1,
SYNEXP_00336,-1,
SYNEXP_02921,-1,
GENV2_00771,6,"night, shots, night shots, use, time"
GENV2_00879,2,"photos, use, phone, routine, works"
GENV2_01137,6,"night, shots, night shots, use, time"
GENV2_01569,-1,
GENV2_02034,-1,
GENV2_02375,-1,
GENV2_02580,-1,
GENV2_03204,-1,
GENV2_03765,-1,
SYNEXP_00317,1,"panel, panel looks, bright, bright situations, looks bright"
SYNEXP_00682,6,"night, shots, night shots, use, time"
SYNEXP_00815,-1,
SYNEXP_01212,-1,
SYNEXP_01380,-1,
SYNEXP_01727,-1,
SYNEXP_02041,-1,
SYNEXP_03264,3,"finish, colours, look, use, looks"
GENV2_00126,4,"autofocus, everyday, subjects, use, autofocus reliable"
GENV2_00543,2,"photos, use, phone, routine, works"
GENV2_01002,6,"night, shots, night shots, use, time"
GENV2_01007,6,"night, shots, night shots, use, time"
GENV2_01856,-1,
GENV2_02173,-1,
GENV2_04151,-1,
SYNEXP_00030,6,"night, shots, night shots, use, time"
SYNEXP_00224,5,"charging, speed, fairly, feels, charging speed"
SYNEXP_00773,-1,
SYNEXP_01559,-1,
SYNEXP_02160,5,"charging, speed, fairly, feels, charging speed"
SYNEXP_02521,-1,
GENV2_00923,2,"photos, use, phone, routine, works"
GENV2_01036,0,"sessions, stutter, gaming sessions, gaming, bring"
GENV2_01454,-1,
GENV2_01594,-1,
GENV2_01858,-1,
GENV2_01954,-1,
GENV2_03109,-1,
GENV2_03181,-1,
GENV2_03458,-1,
SYNEXP_00245,-1,
SYNEXP_00637,-1,
SYNEXP_00695,-1,
SYNEXP_00829,-1,
SYNEXP_01775,-1,
SYNEXP_01917,-1,
SYNEXP_03026,7,"multitasking, multitasking acceptable, acceptable routine, acceptable, workable"
SYNEXP_03232,-1,
SYNEXP_03569,6,"night, shots, night shots, use, time"
GENV2_00346,2,"photos, use, phone, routine, works"
GENV2_01501,-1,
GENV2_02188,-1,
GENV2_02362,-1,
GENV2_02524,-1,
GENV2_03266,-1,
GENV2_03301,-1,
GENV2_03340,-1,
GENV2_03983,-1,
GENV2_03995,-1,
GENV2_04019,-1,
GENV2_04025,-1,
SYNEXP_01057,3,"finish, colours, look, use, looks"
SYNEXP_02046,-1,
SYNEXP_03588,-1,
GENV2_00614,1,"panel, panel looks, bright, bright situations, looks bright"
GENV2_01431,-1,
SYNEXP_00164,-1,
SYNEXP_00863,0,"sessions, stutter, gaming sessions, gaming, bring"
SYNEXP_02574,-1,
SYNEXP_03358,6,"night, shots, night shots, use, time"
SYNEXP_03751,-1,
GENV2_01266,4,"autofocus, everyday, subjects, use, autofocus reliable"
GENV2_02113,-1,
GENV2_02551,-1,
GENV2_02635,-1,
SYNEXP_00665,-1,
SYNEXP_00782,-1,
SYNEXP_00794,-1,
SYNEXP_01656,-1,
SYNEXP_02727,-1,
SYNEXP_03288,8,"drain, drain noticeable, noticeable, noticeable overnight, standby drain"
GENV2_00196,5,"charging, speed, fairly, feels, charging speed"
GENV2_00356,8,"drain, drain noticeable, noticeable, noticeable overnight, standby drain"
GENV2_00435,0,"sessions, stutter, gaming sessions, gaming, bring"
GENV2_00960,1,"panel, panel looks, bright, bright situations, looks bright"
GENV2_01205,4,"autofocus, everyday, subjects, use, autofocus reliable"
GENV2_01920,-1,
GENV2_02475,-1,
GENV2_03318,-1,
SYNEXP_00044,-1,
SYNEXP_00959,4,"autofocus, everyday, subjects, use, autofocus reliable"
SYNEXP_02048,-1,
SYNEXP_02630,-1,
SYNEXP_02681,-1,
SYNEXP_03103,0,"sessions, stutter, gaming sessions, gaming, bring"
SYNEXP_03430,-1,
GENV2_00138,7,"multitasking, multitasking acceptable, acceptable routine, acceptable, workable"
GENV2_02085,-1,
GENV2_03089,-1,
SYNEXP_03453,-1,
GENV2_00939,2,"photos, use, phone, routine, works"
GENV2_02130,-1,
GENV2_02434,-1,
GENV2_02842,-1,
GENV2_03738,-1,
GENV2_03910,-1,
SYNEXP_00103,9,"phone, apps, feels, time, use"
SYNEXP_00148,3,"finish, colours, look, use, looks"
SYNEXP_01367,-1,
SYNEXP_01513,0,"sessions, stutter, gaming sessions, gaming, bring"
SYNEXP_01670,-1,
SYNEXP_01975,-1,
SYNEXP_02430,7,"multitasking, multitasking acceptable, acceptable routine, acceptable, workable"
SYNEXP_02716,-1,
SYNEXP_02749,-1,
SYNEXP_02882,-1,
SYNEXP_02969,0,"sessions, stutter, gaming sessions, gaming, bring"
SYNEXP_03552,-1,
SYNEXP_03558,-1,
GENV2_00095,6,"night, shots, night shots, use, time"
GENV2_00386,0,"sessions, stutter, gaming sessions, gaming, bring"
GENV2_00530,5,"charging, speed, fairly, feels, charging speed"
GENV2_01556,-1,
GENV2_02071,-1,
GENV2_03157,-1,
GENV2_03545,-1,
GENV2_03808,-1,
GENV2_03811,-1,
GENV2_03962,-1,
GENV2_04089,-1,
SYNEXP_00644,-1,
SYNEXP_00660,-1,
SYNEXP_01025,-1,
SYNEXP_01343,-1,
SYNEXP_01344,-1,
SYNEXP_01435,-1,
SYNEXP_01515,9,"phone, apps, feels, time, use"
SYNEXP_03084,-1,
SYNEXP_03240,-1,
GENV2_00220,5,"charging, speed, fairly, feels, charging speed"
GENV2_00302,4,"autofocus, everyday, subjects, use, autofocus reliable"
GENV2_03446,-1,
SYNEXP_00195,-1,
SYNEXP_00646,-1,
SYNEXP_01097,-1,
SYNEXP_01799,-1,
SYNEXP_01843,-1,
SYNEXP_02730,-1,
SYNEXP_03082,-1,
SYNEXP_03101,4,"autofocus, everyday, subjects, use, autofocus reliable"
GENV2_00229,6,"night, shots, night shots, use, time"
GENV2_00524,0,"sessions, stutter, gaming sessions, gaming, bring"
GENV2_01314,6,"night, shots, night shots, use, time"
GENV2_01319,6,"night, shots, night shots, use, time"
GENV2_02828,-1,
GENV2_02901,-1,
GENV2_03184,-1,
GENV2_03455,-1,
GENV2_03682,-1,
GENV2_04032,-1,
SYNEXP_00240,8,"drain, drain noticeable, noticeable, noticeable overnight, standby drain"
SYNEXP_00525,-1,
SYNEXP_00609,-1,
SYNEXP_01271,9,"phone, apps, feels, time, use"
SYNEXP_02513,9,"phone, apps, feels, time, use"
GENV2_00921,2,"photos, use, phone, routine, works"
GENV2_00999,6,"night, shots, night shots, use, time"
GENV2_02080,-1,
GENV2_02095,-1,
GENV2_02939,-1,
GENV2_03620,-1,
GENV2_03743,-1,
GENV2_03885,-1,
GENV2_03905,-1,
SYNEXP_00100,-1,
SYNEXP_00497,-1,
SYNEXP_01649,-1,
SYNEXP_02027,6,"night, shots, night shots, use, time"
SYNEXP_02291,-1,
SYNEXP_02494,-1,
SYNEXP_03099,5,"charging, speed, fairly, feels, charging speed"
SYNEXP_03508,-1,
GENV2_00426,9,"phone, apps, feels, time, use"
GENV2_00877,2,"photos, use, phone, routine, works"
GENV2_01877,-1,
GENV2_02411,-1,
GENV2_03260,-1,
GENV2_03321,-1,
GENV2_03929,-1,
SYNEXP_00294,-1,
SYNEXP_00524,-1,
SYNEXP_03671,-1,
GENV2_00591,6,"night, shots, night shots, use, time"
GENV2_02115,-1,
GENV2_02136,-1,
GENV2_02831,-1,
GENV2_02875,-1,
GENV2_03003,-1,
GENV2_03097,-1,
GENV2_03251,-1,
GENV2_03482,-1,
GENV2_03778,-1,
GENV2_03980,-1,
SYNEXP_00592,-1,
SYNEXP_00755,-1,
SYNEXP_01431,-1,
SYNEXP_01485,5,"charging, speed, fairly, feels, charging speed"
SYNEXP_01973,6,"night, shots, night shots, use, time"
SYNEXP_02638,-1,
SYNEXP_02911,-1,
SYNEXP_02984,-1,
SYNEXP_03132,-1,
GENV2_00039,0,"sessions, stutter, gaming sessions, gaming, bring"
GENV2_02018,-1,
GENV2_02369,-1,
GENV2_03248,-1,
GENV2_04111,-1,
SYNEXP_00264,-1,
SYNEXP_00851,-1,
SYNEXP_01725,0,"sessions, stutter, gaming sessions, gaming, bring"
SYNEXP_02074,0,"sessions, stutter, gaming sessions, gaming, bring"
SYNEXP_02915,9,"phone, apps, feels, time, use"
GENV2_02625,-1,
SYNEXP_00069,-1,
SYNEXP_00528,-1,
SYNEXP_00698,-1,
SYNEXP_01795,-1,
SYNEXP_01873,-1,
SYNEXP_01907,9,"phone, apps, feels, time, use"
GENV2_00086,2,"photos, use, phone, routine, works"
GENV2_00193,6,"night, shots, night shots, use, time"
GENV2_00299,3,"finish, colours, look, use, looks"
GENV2_04188,-1,
SYNEXP_02127,-1,
SYNEXP_02710,-1,
SYNEXP_03767,-1,
GENV2_01623,-1,
GENV2_02514,-1,
GENV2_03333,-1,
GENV2_03647,-1,
SYNEXP_00388,-1,
SYNEXP_00974,-1,
SYNEXP_01037,5,"charging, speed, fairly, feels, charging speed"
GENV2_00017,3,"finish, colours, look, use, looks"
GENV2_00471,4,"autofocus, everyday, subjects, use, autofocus reliable"
GENV2_01152,8,"drain, drain noticeable, noticeable, noticeable overnight, standby drain"
GENV2_01508,-1,
GENV2_01657,-1,
GENV2_02044,-1,
GENV2_02403,-1,
GENV2_02738,-1,
GENV2_02921,-1,
GENV2_02984,-1,
GENV2_03354,-1,
SYNEXP_00719,-1,
SYNEXP_00811,-1,
SYNEXP_01324,-1,
SYNEXP_01638,3,"finish, colours, look, use, looks"
SYNEXP_02004,-1,
SYNEXP_02818,0,"sessions, stutter, gaming sessions, gaming, bring"
GENV2_00139,5,"charging, speed, fairly, feels, charging speed"
GENV2_00533,4,"autofocus, everyday, subjects, use, autofocus reliable"
GENV2_00857,6,"night, shots, night shots, use, time"
GENV2_01702,-1,
GENV2_01798,-1,
GENV2_01986,-1,
GENV2_02203,-1,
GENV2_02585,-1,
GENV2_02747,-1,
GENV2_02938,-1,
GENV2_02962,-1,
SYNEXP_00886,-1,
SYNEXP_01292,7,"multitasking, multitasking acceptable, acceptable routine, acceptable, workable"
SYNEXP_01301,-1,
SYNEXP_01616,-1,
SYNEXP_02547,-1,
SYNEXP_03591,-1,
GENV2_01159,8,"drain, drain noticeable, noticeable, noticeable overnight, standby drain"
GENV2_02108,-1,
GENV2_02715,-1,
GENV2_02955,-1,
SYNEXP_00424,-1,
SYNEXP_00583,5,"charging, speed, fairly, feels, charging speed"
SYNEXP_00629,-1,
SYNEXP_01530,-1,
SYNEXP_02604,-1,
SYNEXP_03027,-1,
SYNEXP_03541,-1,
GENV2_00089,3,"finish, colours, look, use, looks"
GENV2_00176,6,"night, shots, night shots, use, time"
GENV2_01145,9,"phone, apps, feels, time, use"
GENV2_01996,-1,
GENV2_03687,-1,
GENV2_03938,-1,
SYNEXP_00180,-1,
SYNEXP_00233,-1,
SYNEXP_01310,0,"sessions, stutter, gaming sessions, gaming, bring"
SYNEXP_01946,-1,
SYNEXP_02068,-1,
SYNEXP_02584,-1,
GENV2_01219,6,"night, shots, night shots, use, time"
GENV2_03010,-1,
GENV2_03265,-1,
GENV2_04035,-1,
SYNEXP_00993,-1,
SYNEXP_01039,-1,
SYNEXP_02946,-1,
SYNEXP_03030,9,"phone, apps, feels, time, use"
SYNEXP_03213,-1,
SYNEXP_03299,9,"phone, apps, feels, time, use"
GENV2_01343,5,"charging, speed, fairly, feels, charging speed"
GENV2_01738,-1,
GENV2_01879,-1,
GENV2_02559,-1,
GENV2_03744,-1,
SYNEXP_00152,0,"sessions, stutter, gaming sessions, gaming, bring"
SYNEXP_00203,-1,
SYNEXP_01144,-1,
SYNEXP_01957,-1,
GENV2_00128,7,"multitasking, multitasking acceptable, acceptable routine, acceptable, workable"
GENV2_03460,-1,
GENV2_03555,-1,
SYNEXP_00542,-1,
SYNEXP_01041,1,"panel, panel looks, bright, bright situations, looks bright"
SYNEXP_01176,-1,
SYNEXP_01790,-1,
SYNEXP_02164,-1,
SYNEXP_02330,-1,
SYNEXP_03409,-1,
GENV2_01172,5,"charging, speed, fairly, feels, charging speed"
GENV2_01831,-1,
GENV2_02348,-1,
GENV2_02389,-1,
GENV2_03369,-1,
GENV2_03477,-1,
GENV2_03591,-1,
GENV2_03760,-1,
GENV2_03964,-1,
SYNEXP_00933,-1,
SYNEXP_01337,-1,
SYNEXP_01774,7,"multitasking, multitasking acceptable, acceptable routine, acceptable, workable"
SYNEXP_01996,6,"night, shots, night shots, use, time"
SYNEXP_02079,-1,
SYNEXP_02268,9,"phone, apps, feels, time, use"
SYNEXP_03066,-1,
SYNEXP_03097,-1,
SYNEXP_03202,-1,
SYNEXP_03753,-1,
GENV2_01132,2,"photos, use, phone, routine, works"
GENV2_01372,7,"multitasking, multitasking acceptable, acceptable routine, acceptable, workable"
GENV2_01896,-1,
GENV2_02355,-1,
GENV2_02702,-1,
GENV2_02746,-1,
GENV2_04067,-1,
SYNEXP_00281,-1,
SYNEXP_00455,-1,
SYNEXP_02260,-1,
SYNEXP_03260,-1,
SYNEXP_03749,-1,
GENV2_00518,2,"photos, use, phone, routine, works"
GENV2_01741,-1,
GENV2_02936,-1,
GENV2_02967,-1,
GENV2_03166,-1,
GENV2_03466,-1,
SYNEXP_00501,-1,
SYNEXP_01708,0,"sessions, stutter, gaming sessions, gaming, bring"
SYNEXP_01756,-1,
SYNEXP_01888,-1,
SYNEXP_02053,-1,
SYNEXP_02497,-1,
SYNEXP_02948,-1,
SYNEXP_03090,-1,
SYNEXP_03174,-1,
SYNEXP_03316,-1,
GENV2_00235,9,"phone, apps, feels, time, use"
GENV2_00900,4,"autofocus, everyday, subjects, use, autofocus reliable"
GENV2_02148,-1,
GENV2_02220,-1,
GENV2_02378,-1,
GENV2_02417,-1,
GENV2_02523,-1,
GENV2_03624,-1,
GENV2_03869,-1,
GENV2_04113,-1,
SYNEXP_00431,-1,
SYNEXP_02267,0,"sessions, stutter, gaming sessions, gaming, bring"
SYNEXP_02804,-1,
SYNEXP_02933,-1,
GENV2_01894,-1,
GENV2_01915,-1,
GENV2_03937,-1,
GENV2_04164,-1,
SYNEXP_00257,-1,
SYNEXP_00510,-1,
SYNEXP_01410,0,"sessions, stutter, gaming sessions, gaming, bring"
SYNEXP_02008,-1,
SYNEXP_02230,-1,
GENV2_00631,6,"night, shots, night shots, use, time"
GENV2_00880,8,"drain, drain noticeable, noticeable, noticeable overnight, standby drain"
GENV2_00884,6,"night, shots, night shots, use, time"
GENV2_01863,-1,
GENV2_03703,-1,
GENV2_03861,-1,
GENV2_04020,-1,
SYNEXP_00401,-1,
SYNEXP_00869,-1,
SYNEXP_01022,3,"finish, colours, look, use, looks"
SYNEXP_01313,5,"charging, speed, fairly, feels, charging speed"
SYNEXP_01400,3,"finish, colours, look, use, looks"
SYNEXP_01607,-1,
SYNEXP_01684,-1,
SYNEXP_01688,-1,
SYNEXP_02608,-1,
SYNEXP_02834,-1,
SYNEXP_03664,-1,
GENV2_00376,6,"night, shots, night shots, use, time"
GENV2_00503,4,"autofocus, everyday, subjects, use, autofocus reliable"
GENV2_01565,-1,
GENV2_01918,-1,
GENV2_02035,-1,
GENV2_02533,-1,
GENV2_02630,-1,
GENV2_02918,-1,
GENV2_03393,-1,
GENV2_03755,-1,
SYNEXP_00724,-1,
SYNEXP_02951,-1,
SYNEXP_02967,-1,
SYNEXP_03036,-1,
GENV2_00129,2,"photos, use, phone, routine, works"
GENV2_00649,6,"night, shots, night shots, use, time"
GENV2_00911,9,"phone, apps, feels, time, use"
GENV2_01663,-1,
GENV2_02004,-1,
GENV2_02069,-1,
GENV2_03329,-1,
GENV2_04023,-1,
SYNEXP_00893,-1,
SYNEXP_02287,5,"charging, speed, fairly, feels, charging speed"
SYNEXP_02865,-1,
SYNEXP_03641,-1,
GENV2_00557,4,"autofocus, everyday, subjects, use, autofocus reliable"
GENV2_00725,0,"sessions, stutter, gaming sessions, gaming, bring"
GENV2_01916,-1,
GENV2_02797,-1,
GENV2_03006,-1,
GENV2_03826,-1,
GENV2_04150,-1,
SYNEXP_00451,9,"phone, apps, feels, time, use"
SYNEXP_00517,-1,
SYNEXP_00658,3,"finish, colours, look, use, looks"
SYNEXP_00725,0,"sessions, stutter, gaming sessions, gaming, bring"
SYNEXP_01305,-1,
SYNEXP_01437,-1,
SYNEXP_02488,-1,
SYNEXP_02615,0,"sessions, stutter, gaming sessions, gaming, bring"
SYNEXP_02783,9,"phone, apps, feels, time, use"
SYNEXP_03182,-1,
GENV2_00345,2,"photos, use, phone, routine, works"
GENV2_00754,7,"multitasking, multitasking acceptable, acceptable routine, acceptable, workable"
GENV2_01578,-1,
GENV2_02464,-1,
GENV2_02622,-1,
GENV2_02916,-1,
GENV2_03063,-1,
GENV2_03629,-1,
GENV2_03693,-1,
GENV2_03832,-1,
GENV2_03903,-1,
SYNEXP_00736,-1,
SYNEXP_00841,-1,
SYNEXP_01182,-1,
SYNEXP_02204,-1,
SYNEXP_02580,0,"sessions, stutter, gaming sessions, gaming, bring"
SYNEXP_03362,-1,
SYNEXP_03410,-1,
SYNEXP_03616,-1,
GENV2_00263,4,"autofocus, everyday, subjects, use, autofocus reliable"
GENV2_00861,1,"panel, panel looks, bright, bright situations, looks bright"
GENV2_00963,6,"night, shots, night shots, use, time"
GENV2_02764,-1,
GENV2_03079,-1,
GENV2_03769,-1,
SYNEXP_01068,9,"phone, apps, feels, time, use"
SYNEXP_01086,-1,
SYNEXP_02739,-1,
SYNEXP_03442,-1,
GENV2_00831,5,"charging, speed, fairly, feels, charging speed"
GENV2_01441,-1,
GENV2_01720,-1,
GENV2_01739,-1,
GENV2_01754,-1,
GENV2_02526,-1,
GENV2_02544,-1,
GENV2_02770,-1,
GENV2_02811,-1,
GENV2_02866,-1,
GENV2_03059,-1,
GENV2_03080,-1,
GENV2_03721,-1,
SYNEXP_00577,-1,
SYNEXP_01131,9,"phone, apps, feels, time, use"
SYNEXP_01402,-1,
SYNEXP_01651,-1,
SYNEXP_01922,-1,
SYNEXP_02535,-1,
SYNEXP_02794,-1,
GENV2_00270,2,"photos, use, phone, routine, works"
GENV2_00645,2,"photos, use, phone, routine, works"
GENV2_01357,0,"sessions, stutter, gaming sessions, gaming, bring"
GENV2_01761,-1,
GENV2_01978,-1,
SYNEXP_00238,6,"night, shots, night shots, use, time"
SYNEXP_01453,-1,
GENV2_00527,8,"drain, drain noticeable, noticeable, noticeable overnight, standby drain"
GENV2_00856,5,"charging, speed, fairly, feels, charging speed"
GENV2_01077,0,"sessions, stutter, gaming sessions, gaming, bring"
GENV2_01430,-1,
GENV2_01724,-1,
GENV2_03198,-1,
GENV2_03432,-1,
GENV2_03573,-1,
GENV2_03619,-1,
GENV2_03854,-1,
GENV2_03982,-1,
GENV2_04095,-1,
SYNEXP_00204,4,"autofocus, everyday, subjects, use, autofocus reliable"
SYNEXP_00812,-1,
SYNEXP_02571,-1,
SYNEXP_02797,-1,
SYNEXP_03678,0,"sessions, stutter, gaming sessions, gaming, bring"
GENV2_00513,8,"drain, drain noticeable, noticeable, noticeable overnight, standby drain"
GENV2_01555,-1,
GENV2_01780,-1,
GENV2_02123,-1,
GENV2_02412,-1,
GENV2_02570,-1,
GENV2_02576,-1,
GENV2_03488,-1,
SYNEXP_00087,-1,
SYNEXP_00787,9,"phone, apps, feels, time, use"
SYNEXP_01225,3,"finish, colours, look, use, looks"
SYNEXP_02138,-1,
SYNEXP_03522,-1,
GENV2_00153,8,"drain, drain noticeable, noticeable, noticeable overnight, standby drain"
GENV2_00776,2,"photos, use, phone, routine, works"
GENV2_01127,2,"photos, use, phone, routine, works"
GENV2_01237,6,"night, shots, night shots, use, time"
GENV2_01783,-1,
GENV2_02541,-1,
GENV2_03108,-1,
GENV2_03327,-1,
SYNEXP_00837,-1,
SYNEXP_01121,0,"sessions, stutter, gaming sessions, gaming, bring"
SYNEXP_01594,-1,
SYNEXP_02002,-1,
SYNEXP_02354,-1,
SYNEXP_02576,-1,
SYNEXP_02745,-1,
SYNEXP_02840,-1,
SYNEXP_03017,-1,
GENV2_00687,4,"autofocus, everyday, subjects, use, autofocus reliable"
GENV2_03297,-1,
GENV2_03454,-1,
GENV2_03948,-1,
SYNEXP_00872,-1,
SYNEXP_01561,-1,
SYNEXP_02432,3,"finish, colours, look, use, looks"
SYNEXP_03255,-1,
SYNEXP_03539,-1,
GENV2_00851,6,"night, shots, night shots, use, time"
GENV2_01167,6,"night, shots, night shots, use, time"
GENV2_01229,4,"autofocus, everyday, subjects, use, autofocus reliable"
GENV2_02469,-1,
GENV2_03104,-1,
GENV2_03121,-1,
GENV2_03235,-1,
GENV2_03988,-1,
SYNEXP_00826,-1,
SYNEXP_01318,-1,
SYNEXP_01687,8,"drain, drain noticeable, noticeable, noticeable overnight, standby drain"
SYNEXP_01882,-1,
SYNEXP_01910,-1,
GENV2_00515,3,"finish, colours, look, use, looks"
GENV2_00761,3,"finish, colours, look, use, looks"
GENV2_01218,1,"panel, panel looks, bright, bright situations, looks bright"
GENV2_02400,-1,
GENV2_03385,-1,
SYNEXP_00043,-1,
SYNEXP_00458,-1,
SYNEXP_02124,-1,
SYNEXP_02897,-1,
SYNEXP_03614,-1,
GENV2_00578,2,"photos, use, phone, routine, works"
GENV2_01169,5,"charging, speed, fairly, feels, charging speed"
GENV2_01992,-1,
GENV2_02184,-1,
GENV2_02252,-1,
GENV2_02472,-1,
GENV2_03120,-1,
GENV2_03658,-1,
GENV2_04078,-1,
SYNEXP_01088,-1,
SYNEXP_02346,9,"phone, apps, feels, time, use"
SYNEXP_02436,0,"sessions, stutter, gaming sessions, gaming, bring"
SYNEXP_02746,5,"charging, speed, fairly, feels, charging speed"
SYNEXP_03098,-1,
SYNEXP_03204,-1,
SYNEXP_03501,0,"sessions, stutter, gaming sessions, gaming, bring"
GENV2_00247,2,"photos, use, phone, routine, works"
GENV2_00362,6,"night, shots, night shots, use, time"
GENV2_01435,-1,
GENV2_01880,-1,
GENV2_03016,-1,
GENV2_03311,-1,
GENV2_03504,-1,
SYNEXP_00571,-1,
SYNEXP_03735,-1,
GENV2_00061,6,"night, shots, night shots, use, time"
GENV2_01103,2,"photos, use, phone, routine, works"
GENV2_01315,2,"photos, use, phone, routine, works"
GENV2_01505,-1,
GENV2_01701,-1,
GENV2_02174,-1,
GENV2_02404,-1,
GENV2_02558,-1,
SYNEXP_00858,-1,
SYNEXP_01568,-1,
SYNEXP_01587,-1,
SYNEXP_02243,-1,
SYNEXP_03561,-1,
GENV2_00673,7,"multitasking, multitasking acceptable, acceptable routine, acceptable, workable"
GENV2_00711,5,"charging, speed, fairly, feels, charging speed"
GENV2_00919,9,"phone, apps, feels, time, use"
GENV2_01097,2,"photos, use, phone, routine, works"
GENV2_02014,-1,
GENV2_03507,-1,
GENV2_03576,-1,
SYNEXP_00099,-1,
SYNEXP_00189,-1,
SYNEXP_00507,-1,
SYNEXP_01369,-1,
SYNEXP_02168,9,"phone, apps, feels, time, use"
SYNEXP_02487,0,"sessions, stutter, gaming sessions, gaming, bring"
SYNEXP_02607,3,"finish, colours, look, use, looks"
GENV2_02135,-1,
GENV2_02592,-1,
GENV2_03029,-1,
GENV2_03557,-1,
GENV2_03641,-1,
GENV2_03824,-1,
GENV2_03973,-1,
SYNEXP_00553,-1,
SYNEXP_01203,-1,
SYNEXP_03196,-1,
SYNEXP_03452,-1,
SYNEXP_03598,-1,
GENV2_00396,7,"multitasking, multitasking acceptable, acceptable routine, acceptable, workable"
GENV2_01874,-1,
GENV2_02048,-1,
GENV2_03732,-1,
GENV2_03901,-1,
GENV2_03940,-1,
SYNEXP_00904,-1,
SYNEXP_01662,-1,
SYNEXP_03135,2,"photos, use, phone, routine, works"
SYNEXP_03604,-1,
SYNEXP_03705,-1,
GENV2_00830,2,"photos, use, phone, routine, works"
GENV2_01409,-1,
GENV2_02235,-1,
GENV2_04004,-1,
SYNEXP_00179,-1,
SYNEXP_00925,-1,
SYNEXP_03648,9,"phone, apps, feels, time, use"
GENV2_00493,6,"night, shots, night shots, use, time"
GENV2_00973,6,"night, shots, night shots, use, time"
GENV2_01326,3,"finish, colours, look, use, looks"
GENV2_01709,-1,
GENV2_02777,-1,
GENV2_03187,-1,
GENV2_03406,-1,
GENV2_04127,-1,
SYNEXP_00781,1,"panel, panel looks, bright, bright situations, looks bright"
SYNEXP_00797,-1,
SYNEXP_02112,-1,
SYNEXP_02496,-1,
SYNEXP_02507,-1,
SYNEXP_03126,-1,
GENV2_01901,-1,
GENV2_01933,-1,
GENV2_02785,-1,
GENV2_03111,-1,
GENV2_03915,-1,
GENV2_04169,-1,
SYNEXP_00064,-1,
SYNEXP_01070,-1,
SYNEXP_01333,6,"night, shots, night shots, use, time"
SYNEXP_01387,-1,
SYNEXP_03294,-1,
GENV2_02586,-1,
GENV2_02990,-1,
GENV2_03490,-1,
SYNEXP_01328,-1,
SYNEXP_01702,-1,
SYNEXP_03757,-1,
GENV2_00036,9,"phone, apps, feels, time, use"
GENV2_00113,7,"multitasking, multitasking acceptable, acceptable routine, acceptable, workable"
GENV2_00192,8,"drain, drain noticeable, noticeable, noticeable overnight, standby drain"
GENV2_01891,-1,
GENV2_04099,-1,
SYNEXP_00399,-1,
SYNEXP_00728,-1,
SYNEXP_00938,-1,
SYNEXP_01350,5,"charging, speed, fairly, feels, charging speed"
SYNEXP_02600,4,"autofocus, everyday, subjects, use, autofocus reliable"
GENV2_00254,6,"night, shots, night shots, use, time"
GENV2_00904,8,"drain, drain noticeable, noticeable, noticeable overnight, standby drain"
GENV2_00927,5,"charging, speed, fairly, feels, charging speed"
GENV2_02106,-1,
GENV2_02554,-1,
GENV2_03672,-1,
GENV2_03775,-1,
SYNEXP_00502,-1,
SYNEXP_00585,-1,
SYNEXP_01509,-1,
SYNEXP_01685,-1,
SYNEXP_02038,5,"charging, speed, fairly, feels, charging speed"
SYNEXP_02322,-1,
GENV2_00013,8,"drain, drain noticeable, noticeable, noticeable overnight, standby drain"
GENV2_01253,6,"night, shots, night shots, use, time"
GENV2_01299,6,"night, shots, night shots, use, time"
GENV2_01471,-1,
GENV2_02443,-1,
SYNEXP_00251,-1,
SYNEXP_00689,5,"charging, speed, fairly, feels, charging speed"
SYNEXP_01336,-1,
SYNEXP_03231,-1,
SYNEXP_03666,-1,
SYNEXP_03668,-1,
GENV2_01629,-1,
GENV2_02165,-1,
GENV2_02310,-1,
SYNEXP_00083,-1,
SYNEXP_00673,-1,
SYNEXP_02279,-1,
SYNEXP_02438,-1,
SYNEXP_03040,1,"panel, panel looks, bright, bright situations, looks bright"
SYNEXP_03091,-1,
GENV2_00103,2,"photos, use, phone, routine, works"
GENV2_00268,7,"multitasking, multitasking acceptable, acceptable routine, acceptable, workable"
GENV2_02445,-1,
GENV2_02779,-1,
GENV2_03110,-1,
SYNEXP_00253,-1,
SYNEXP_00495,-1,
SYNEXP_00697,5,"charging, speed, fairly, feels, charging speed"
SYNEXP_02237,-1,
SYNEXP_02446,-1,
SYNEXP_02815,-1,
SYNEXP_03069,-1,
SYNEXP_03188,-1,
SYNEXP_03386,-1,
GENV2_00393,9,"phone, apps, feels, time, use"
GENV2_01453,-1,
GENV2_03030,-1,
GENV2_03057,-1,
GENV2_03278,-1,
GENV2_03774,-1,
GENV2_03878,-1,
GENV2_04050,-1,
GENV2_04068,-1,
SYNEXP_01399,9,"phone, apps, feels, time, use"
SYNEXP_01475,8,"drain, drain noticeable, noticeable, noticeable overnight, standby drain"
SYNEXP_02317,-1,
SYNEXP_02593,-1,
SYNEXP_03425,-1,
GENV2_00781,2,"photos, use, phone, routine, works"
GENV2_01941,-1,
GENV2_02398,-1,
GENV2_02991,-1,
GENV2_03806,-1,
GENV2_03963,-1,
GENV2_04143,-1,
SYNEXP_01023,-1,
GENV2_00413,2,"photos, use, phone, routine, works"
GENV2_00491,5,"charging, speed, fairly, feels, charging speed"
GENV2_00840,2,"photos, use, phone, routine, works"
GENV2_01057,2,"photos, use, phone, routine, works"
GENV2_01100,2,"photos, use, phone, routine, works"
GENV2_01793,-1,
GENV2_02338,-1,
GENV2_03093,-1,
GENV2_03099,-1,
SYNEXP_01175,-1,
SYNEXP_01183,-1,
SYNEXP_01416,1,"panel, panel looks, bright, bright situations, looks bright"
SYNEXP_01898,-1,
SYNEXP_01960,9,"phone, apps, feels, time, use"
SYNEXP_02557,-1,
GENV2_00512,2,"photos, use, phone, routine, works"
GENV2_01699,-1,
GENV2_01816,-1,
GENV2_02145,-1,
GENV2_02427,-1,
GENV2_03134,-1,
GENV2_03763,-1,
SYNEXP_02108,-1,
SYNEXP_02132,9,"phone, apps, feels, time, use"
SYNEXP_02383,-1,
SYNEXP_02767,-1,
SYNEXP_03324,-1,
SYNEXP_03531,-1,
GENV2_00035,4,"autofocus, everyday, subjects, use, autofocus reliable"
GENV2_00812,5,"charging, speed, fairly, feels, charging speed"
GENV2_01619,-1,
GENV2_01669,-1,
GENV2_02327,-1,
GENV2_03895,-1,
GENV2_04041,-1,
SYNEXP_00150,2,"photos, use, phone, routine, works"
SYNEXP_00710,6,"night, shots, night shots, use, time"
SYNEXP_01749,-1,
SYNEXP_02021,-1,
SYNEXP_02522,-1,
SYNEXP_03267,3,"finish, colours, look, use, looks"
GENV2_00281,6,"night, shots, night shots, use, time"
GENV2_01126,2,"photos, use, phone, routine, works"
GENV2_02012,-1,
GENV2_02178,-1,
GENV2_02686,-1,
GENV2_02855,-1,
GENV2_03716,-1,
GENV2_03737,-1,
SYNEXP_01712,-1,
SYNEXP_01980,-1,
SYNEXP_02700,-1,
GENV2_00043,2,"photos, use, phone, routine, works"
GENV2_00665,6,"night, shots, night shots, use, time"
GENV2_01086,6,"night, shots, night shots, use, time"
GENV2_03058,-1,
GENV2_03250,-1,
GENV2_03484,-1,
SYNEXP_01527,-1,
SYNEXP_01895,-1,
SYNEXP_02493,-1,
SYNEXP_03726,-1,
GENV2_01622,-1,
GENV2_02209,-1,
GENV2_02301,-1,
GENV2_02496,-1,
GENV2_03067,-1,
GENV2_03584,-1,
GENV2_04066,-1,
SYNEXP_00545,-1,
SYNEXP_00717,9,"phone, apps, feels, time, use"
SYNEXP_01611,-1,
SYNEXP_01808,-1,
SYNEXP_02565,0,"sessions, stutter, gaming sessions, gaming, bring"
SYNEXP_03594,0,"sessions, stutter, gaming sessions, gaming, bring"
GENV2_03034,-1,
GENV2_03076,-1,
GENV2_03336,-1,
GENV2_03494,-1,
GENV2_03707,-1,
GENV2_04163,-1,
SYNEXP_00104,-1,
SYNEXP_01411,-1,
SYNEXP_01988,5,"charging, speed, fairly, feels, charging speed"
SYNEXP_02151,-1,
SYNEXP_02356,-1,
GENV2_00696,2,"photos, use, phone, routine, works"
GENV2_01080,5,"charging, speed, fairly, feels, charging speed"
GENV2_01383,8,"drain, drain noticeable, noticeable, noticeable overnight, standby drain"
GENV2_02283,-1,
GENV2_02712,-1,
GENV2_03345,-1,
GENV2_03998,-1,
GENV2_04093,-1,
GENV2_04120,-1,
SYNEXP_01187,-1,
SYNEXP_02650,7,"multitasking, multitasking acceptable, acceptable routine, acceptable, workable"
SYNEXP_03194,-1,
GENV2_00237,8,"drain, drain noticeable, noticeable, noticeable overnight, standby drain"
GENV2_00554,2,"photos, use, phone, routine, works"
GENV2_00601,5,"charging, speed, fairly, feels, charging speed"
GENV2_01730,-1,
GENV2_01870,-1,
GENV2_01955,-1,
GENV2_02253,-1,
GENV2_02847,-1,
GENV2_02889,-1,
GENV2_03262,-1,
SYNEXP_01024,-1,
SYNEXP_02981,-1,
SYNEXP_02985,-1,
SYNEXP_03235,-1,
GENV2_00336,8,"drain, drain noticeable, noticeable, noticeable overnight, standby drain"
GENV2_01985,-1,
GENV2_03188,-1,
GENV2_03491,-1,
SYNEXP_00132,-1,
SYNEXP_01030,0,"sessions, stutter, gaming sessions, gaming, bring"
SYNEXP_01671,-1,
SYNEXP_02893,-1,
SYNEXP_03278,9,"phone, apps, feels, time, use"
GENV2_00157,6,"night, shots, night shots, use, time"
GENV2_01692,-1,
GENV2_02819,-1,
SYNEXP_01000,-1,
SYNEXP_01005,-1,
SYNEXP_01958,9,"phone, apps, feels, time, use"
SYNEXP_02719,-1,
SYNEXP_02886,-1,
GENV2_00121,3,"finish, colours, look, use, looks"
GENV2_00349,5,"charging, speed, fairly, feels, charging speed"
GENV2_00932,3,"finish, colours, look, use, looks"
GENV2_03053,-1,
GENV2_03525,-1,
GENV2_03863,-1,
GENV2_04091,-1,
SYNEXP_00090,-1,
SYNEXP_00367,-1,
SYNEXP_00975,4,"autofocus, everyday, subjects, use, autofocus reliable"
SYNEXP_01439,-1,
SYNEXP_01574,-1,
SYNEXP_02082,-1,
SYNEXP_03504,-1,
SYNEXP_03619,9,"phone, apps, feels, time, use"
GENV2_00090,0,"sessions, stutter, gaming sessions, gaming, bring"
GENV2_00317,6,"night, shots, night shots, use, time"
GENV2_00845,4,"autofocus, everyday, subjects, use, autofocus reliable"
GENV2_00944,6,"night, shots, night shots, use, time"
GENV2_01995,-1,
GENV2_02089,-1,
GENV2_03323,-1,
GENV2_03434,-1,
GENV2_03768,-1,
SYNEXP_00481,-1,
SYNEXP_01107,-1,
SYNEXP_01503,-1,
SYNEXP_01660,-1,
SYNEXP_01696,-1,
SYNEXP_02052,-1,
SYNEXP_02980,-1,
GENV2_00372,8,"drain, drain noticeable, noticeable, noticeable overnight, standby drain"
GENV2_01380,1,"panel, panel looks, bright, bright situations, looks bright"
GENV2_01618,-1,
GENV2_01795,-1,
GENV2_01829,-1,
GENV2_01890,-1,
GENV2_01959,-1,
GENV2_03953,-1,
SYNEXP_00151,-1,
SYNEXP_00678,7,"multitasking, multitasking acceptable, acceptable routine, acceptable, workable"
SYNEXP_01080,-1,
SYNEXP_01366,-1,
SYNEXP_01981,5,"charging, speed, fairly, feels, charging speed"
SYNEXP_02605,6,"night, shots, night shots, use, time"
SYNEXP_02807,-1,
SYNEXP_03608,1,"panel, panel looks, bright, bright situations, looks bright"
GENV2_00278,0,"sessions, stutter, gaming sessions, gaming, bring"
GENV2_00343,2,"photos, use, phone, routine, works"
GENV2_00561,9,"phone, apps, feels, time, use"
GENV2_00902,5,"charging, speed, fairly, feels, charging speed"
GENV2_01017,2,"photos, use, phone, routine, works"
GENV2_01371,4,"autofocus, everyday, subjects, use, autofocus reliable"
GENV2_01681,-1,
GENV2_02573,-1,
SYNEXP_00562,6,"night, shots, night shots, use, time"
SYNEXP_00714,-1,
SYNEXP_01207,-1,
SYNEXP_02150,6,"night, shots, night shots, use, time"
SYNEXP_03166,-1,
SYNEXP_03333,-1,
SYNEXP_03417,-1,
SYNEXP_03747,-1,
GENV2_00520,6,"night, shots, night shots, use, time"
GENV2_00937,2,"photos, use, phone, routine, works"
GENV2_02162,-1,
GENV2_02719,-1,
SYNEXP_00417,-1,
SYNEXP_00603,3,"finish, colours, look, use, looks"
SYNEXP_00833,-1,
SYNEXP_01468,3,"finish, colours, look, use, looks"
SYNEXP_01476,6,"night, shots, night shots, use, time"
SYNEXP_03357,-1,
GENV2_00989,4,"autofocus, everyday, subjects, use, autofocus reliable"
GENV2_01012,9,"phone, apps, feels, time, use"
GENV2_01318,3,"finish, colours, look, use, looks"
GENV2_02050,-1,
GENV2_02075,-1,
GENV2_03052,-1,
GENV2_03194,-1,
GENV2_04072,-1,
GENV2_04171,-1,
GENV2_04182,-1,
SYNEXP_00227,-1,
SYNEXP_00942,-1,
SYNEXP_01202,-1,
SYNEXP_01276,6,"night, shots, night shots, use, time"
SYNEXP_01604,-1,
SYNEXP_02203,-1,
SYNEXP_02839,-1,
GENV2_01136,2,"photos, use, phone, routine, works"
GENV2_01554,-1,
GENV2_01660,-1,
GENV2_01800,-1,
GENV2_02388,-1,
GENV2_02426,-1,
GENV2_04021,-1,
GENV2_04116,-1,
SYNEXP_01265,3,"finish, colours, look, use, looks"
SYNEXP_01700,0,"sessions, stutter, gaming sessions, gaming, bring"
SYNEXP_01867,-1,
SYNEXP_02089,9,"phone, apps, feels, time, use"
SYNEXP_02208,-1,
SYNEXP_02526,-1,
SYNEXP_03670,-1,
GENV2_00208,1,"panel, panel looks, bright, bright situations, looks bright"
GENV2_01379,1,"panel, panel looks, bright, bright situations, looks bright"
GENV2_02907,-1,
GENV2_03361,-1,
SYNEXP_00261,5,"charging, speed, fairly, feels, charging speed"
SYNEXP_01129,9,"phone, apps, feels, time, use"
SYNEXP_01791,-1,
SYNEXP_02687,-1,
SYNEXP_03414,-1,
GENV2_00081,2,"photos, use, phone, routine, works"
GENV2_00537,8,"drain, drain noticeable, noticeable, noticeable overnight, standby drain"
GENV2_01274,5,"charging, speed, fairly, feels, charging speed"
GENV2_01461,-1,
GENV2_02062,-1,
GENV2_02513,-1,
GENV2_02522,-1,
GENV2_02730,-1,
GENV2_03273,-1,
GENV2_03843,-1,
SYNEXP_00168,8,"drain, drain noticeable, noticeable, noticeable overnight, standby drain"
SYNEXP_00288,-1,
SYNEXP_00500,1,"panel, panel looks, bright, bright situations, looks bright"
SYNEXP_00676,9,"phone, apps, feels, time, use"
SYNEXP_01494,5,"charging, speed, fairly, feels, charging speed"
SYNEXP_02011,7,"multitasking, multitasking acceptable, acceptable routine, acceptable, workable"
GENV2_00010,8,"drain, drain noticeable, noticeable, noticeable overnight, standby drain"
GENV2_00087,2,"photos, use, phone, routine, works"
GENV2_00298,9,"phone, apps, feels, time, use"
GENV2_00366,3,"finish, colours, look, use, looks"
GENV2_00634,2,"photos, use, phone, routine, works"
GENV2_00957,2,"photos, use, phone, routine, works"
GENV2_02112,-1,
GENV2_02703,-1,
GENV2_03528,-1,
SYNEXP_00049,-1,
SYNEXP_00575,-1,
SYNEXP_00713,0,"sessions, stutter, gaming sessions, gaming, bring"
SYNEXP_00865,-1,
SYNEXP_01600,-1,
SYNEXP_01624,-1,
SYNEXP_02726,9,"phone, apps, feels, time, use"
GENV2_00119,5,"charging, speed, fairly, feels, charging speed"
GENV2_00731,4,"autofocus, everyday, subjects, use, autofocus reliable"
GENV2_00763,2,"photos, use, phone, routine, works"
GENV2_02756,-1,
GENV2_03435,-1,
GENV2_03539,-1,
SYNEXP_00685,-1,
SYNEXP_01095,9,"phone, apps, feels, time, use"
SYNEXP_02225,3,"finish, colours, look, use, looks"
SYNEXP_02250,0,"sessions, stutter, gaming sessions, gaming, bring"
SYNEXP_02385,-1,
GENV2_00584,3,"finish, colours, look, use, looks"
GENV2_01081,6,"night, shots, night shots, use, time"
GENV2_01842,-1,
GENV2_02780,-1,
GENV2_02999,-1,
GENV2_03022,-1,
GENV2_03044,-1,
GENV2_03261,-1,
GENV2_03567,-1,
GENV2_03595,-1,
SYNEXP_01866,6,"night, shots, night shots, use, time"
SYNEXP_02618,-1,
SYNEXP_02712,-1,
SYNEXP_02929,-1,
SYNEXP_03024,4,"autofocus, everyday, subjects, use, autofocus reliable"
SYNEXP_03296,3,"finish, colours, look, use, looks"
SYNEXP_03713,-1,
GENV2_00181,5,"charging, speed, fairly, feels, charging speed"
GENV2_00523,4,"autofocus, everyday, subjects, use, autofocus reliable"
GENV2_01074,2,"photos, use, phone, routine, works"
GENV2_01377,3,"finish, colours, look, use, looks"
GENV2_01655,-1,
GENV2_02284,-1,
GENV2_02600,-1,
GENV2_03399,-1,
GENV2_03499,-1,
GENV2_03503,-1,
GENV2_03599,-1,
SYNEXP_01197,-1,
SYNEXP_01518,-1,
SYNEXP_01529,-1,
SYNEXP_01705,-1,
SYNEXP_02587,-1,
GENV2_00624,7,"multitasking, multitasking acceptable, acceptable routine, acceptable, workable"
GENV2_01267,4,"autofocus, everyday, subjects, use, autofocus reliable"
GENV2_03050,-1,
GENV2_03095,-1,
GENV2_03245,-1,
GENV2_03662,-1,
GENV2_03892,-1,
SYNEXP_00775,-1,
SYNEXP_01322,-1,
SYNEXP_01676,-1,
SYNEXP_01741,-1,
SYNEXP_01886,-1,
SYNEXP_02119,-1,
SYNEXP_02292,-1,
SYNEXP_02782,-1,
SYNEXP_02970,-1,
GENV2_00555,9,"phone, apps, feels, time, use"
GENV2_00841,2,"photos, use, phone, routine, works"
GENV2_00905,6,"night, shots, night shots, use, time"
GENV2_00984,3,"finish, colours, look, use, looks"
GENV2_01573,-1,
GENV2_02065,-1,
GENV2_02344,-1,
GENV2_02789,-1,
GENV2_03565,-1,
GENV2_04107,-1,
SYNEXP_00255,-1,
SYNEXP_00546,-1,
SYNEXP_03717,6,"night, shots, night shots, use, time"
GENV2_00341,2,"photos, use, phone, routine, works"
GENV2_02245,-1,
GENV2_02257,-1,
GENV2_02532,-1,
GENV2_02808,-1,
GENV2_02903,-1,
GENV2_02934,-1,
GENV2_03146,-1,
SYNEXP_01572,3,"finish, colours, look, use, looks"
SYNEXP_02220,-1,
SYNEXP_02360,6,"night, shots, night shots, use, time"
SYNEXP_02447,-1,
GENV2_00715,7,"multitasking, multitasking acceptable, acceptable routine, acceptable, workable"
GENV2_01475,-1,
GENV2_02620,-1,
GENV2_02824,-1,
GENV2_03013,-1,
GENV2_03243,-1,
GENV2_03298,-1,
GENV2_03436,-1,
GENV2_03600,-1,
GENV2_03708,-1,
GENV2_04055,-1,
SYNEXP_00372,6,"night, shots, night shots, use, time"
SYNEXP_00580,3,"finish, colours, look, use, looks"
SYNEXP_01342,-1,
SYNEXP_01553,-1,
SYNEXP_02591,1,"panel, panel looks, bright, bright situations, looks bright"
SYNEXP_02649,-1,
SYNEXP_03257,-1,
GENV2_00757,2,"photos, use, phone, routine, works"
GENV2_02682,-1,
GENV2_02751,-1,
GENV2_03195,-1,
SYNEXP_00213,-1,
SYNEXP_01560,-1,
SYNEXP_03391,0,"sessions, stutter, gaming sessions, gaming, bring"
SYNEXP_03733,-1,
GENV2_00352,2,"photos, use, phone, routine, works"
GENV2_00661,3,"finish, colours, look, use, looks"
GENV2_01091,6,"night, shots, night shots, use, time"
GENV2_01810,-1,
GENV2_02642,-1,
GENV2_02852,-1,
GENV2_03776,-1,
SYNEXP_01089,-1,
SYNEXP_01185,-1,
SYNEXP_01268,-1,
GENV2_00979,2,"photos, use, phone, routine, works"
GENV2_01014,0,"sessions, stutter, gaming sessions, gaming, bring"
GENV2_01114,2,"photos, use, phone, routine, works"
GENV2_01330,1,"panel, panel looks, bright, bright situations, looks bright"
GENV2_01846,-1,
GENV2_04137,-1,
SYNEXP_00654,-1,
SYNEXP_00792,-1,
SYNEXP_01113,-1,
SYNEXP_02169,-1,
SYNEXP_02184,-1,
SYNEXP_02300,-1,
SYNEXP_03122,-1,
GENV2_01069,8,"drain, drain noticeable, noticeable, noticeable overnight, standby drain"
GENV2_01786,-1,
GENV2_02367,-1,
GENV2_03643,-1,
GENV2_03719,-1,
SYNEXP_00323,-1,
SYNEXP_02075,-1,
SYNEXP_02470,5,"charging, speed, fairly, feels, charging speed"
SYNEXP_02502,9,"phone, apps, feels, time, use"
SYNEXP_02963,-1,
SYNEXP_03673,9,"phone, apps, feels, time, use"
GENV2_00133,2,"photos, use, phone, routine, works"
GENV2_00770,2,"photos, use, phone, routine, works"
GENV2_00853,7,"multitasking, multitasking acceptable, acceptable routine, acceptable, workable"
GENV2_03132,-1,
GENV2_03521,-1,
SYNEXP_02741,9,"phone, apps, feels, time, use"
GENV2_00651,2,"photos, use, phone, routine, works"
GENV2_01257,9,"phone, apps, feels, time, use"
GENV2_01570,-1,
GENV2_01649,-1,
GENV2_01686,-1,
GENV2_02515,-1,
GENV2_02649,-1,
GENV2_02894,-1,
GENV2_02977,-1,
GENV2_03060,-1,
GENV2_03542,-1,
GENV2_03640,-1,
SYNEXP_00738,-1,
SYNEXP_01082,-1,
SYNEXP_01283,-1,
SYNEXP_01493,1,"panel, panel looks, bright, bright situations, looks bright"
SYNEXP_01903,-1,
SYNEXP_01904,5,"charging, speed, fairly, feels, charging speed"
SYNEXP_03071,-1,
GENV2_00750,5,"charging, speed, fairly, feels, charging speed"
GENV2_01913,-1,
GENV2_03893,-1,
SYNEXP_00328,8,"drain, drain noticeable, noticeable, noticeable overnight, standby drain"
SYNEXP_00565,-1,
SYNEXP_00679,-1,
SYNEXP_01707,-1,
SYNEXP_01744,-1,
SYNEXP_01816,-1,
SYNEXP_02489,-1,
GENV2_00445,1,"panel, panel looks, bright, bright situations, looks bright"
GENV2_00899,2,"photos, use, phone, routine, works"
GENV2_01675,-1,
GENV2_01946,-1,
GENV2_03130,-1,
GENV2_03633,-1,
SYNEXP_00198,-1,
SYNEXP_01312,3,"finish, colours, look, use, looks"
SYNEXP_02531,2,"photos, use, phone, routine, works"
SYNEXP_03602,0,"sessions, stutter, gaming sessions, gaming, bring"
GENV2_00565,1,"panel, panel looks, bright, bright situations, looks bright"
GENV2_01472,-1,
GENV2_01932,-1,
GENV2_03384,-1,
GENV2_03795,-1,
GENV2_03927,-1,
GENV2_04139,-1,
SYNEXP_00945,5,"charging, speed, fairly, feels, charging speed"
SYNEXP_01064,0,"sessions, stutter, gaming sessions, gaming, bring"
SYNEXP_01626,4,"autofocus, everyday, subjects, use, autofocus reliable"
SYNEXP_01875,-1,
SYNEXP_01990,-1,
SYNEXP_02546,-1,
GENV2_00177,8,"drain, drain noticeable, noticeable, noticeable overnight, standby drain"
GENV2_00864,5,"charging, speed, fairly, feels, charging speed"
GENV2_01342,2,"photos, use, phone, routine, works"
GENV2_01540,-1,
GENV2_03088,-1,
GENV2_03699,-1,
SYNEXP_00709,6,"night, shots, night shots, use, time"
SYNEXP_01510,-1,
SYNEXP_01844,-1,
SYNEXP_02715,-1,
GENV2_00260,2,"photos, use, phone, routine, works"
GENV2_00488,1,"panel, panel looks, bright, bright situations, looks bright"
GENV2_00807,4,"autofocus, everyday, subjects, use, autofocus reliable"
GENV2_00943,4,"autofocus, everyday, subjects, use, autofocus reliable"
GENV2_01416,-1,
GENV2_02169,-1,
GENV2_03543,-1,
GENV2_03548,-1,
GENV2_03713,-1,
SYNEXP_01003,1,"panel, panel looks, bright, bright situations, looks bright"
SYNEXP_01351,-1,
SYNEXP_01733,-1,
SYNEXP_02364,-1,
SYNEXP_03249,-1,
SYNEXP_03651,-1,
GENV2_00418,3,"finish, colours, look, use, looks"
GENV2_01162,2,"photos, use, phone, routine, works"
GENV2_01621,-1,
GENV2_01830,-1,
GENV2_01952,-1,
GENV2_03632,-1,
SYNEXP_01661,-1,
SYNEXP_02090,-1,
SYNEXP_03765,6,"night, shots, night shots, use, time"
GENV2_01509,-1,
GENV2_02308,-1,
GENV2_03275,-1,
GENV2_03453,-1,
GENV2_03519,-1,
GENV2_03867,-1,
GENV2_04044,-1,
SYNEXP_00051,-1,
SYNEXP_00560,-1,
SYNEXP_00655,6,"night, shots, night shots, use, time"
SYNEXP_01259,-1,
SYNEXP_01715,9,"phone, apps, feels, time, use"
SYNEXP_02916,0,"sessions, stutter, gaming sessions, gaming, bring"
SYNEXP_03016,-1,
SYNEXP_03076,0,"sessions, stutter, gaming sessions, gaming, bring"
SYNEXP_03729,9,"phone, apps, feels, time, use"
GENV2_00021,2,"photos, use, phone, routine, works"
GENV2_00201,0,"sessions, stutter, gaming sessions, gaming, bring"
GENV2_00903,5,"charging, speed, fairly, feels, charging speed"
GENV2_00928,1,"panel, panel looks, bright, bright situations, looks bright"
GENV2_01134,6,"night, shots, night shots, use, time"
GENV2_01963,-1,
GENV2_02538,-1,
GENV2_02960,-1,
GENV2_03819,-1,
SYNEXP_00754,6,"night, shots, night shots, use, time"
SYNEXP_01243,-1,
SYNEXP_01994,0,"sessions, stutter, gaming sessions, gaming, bring"
SYNEXP_02272,-1,
SYNEXP_03345,-1,
GENV2_00486,2,"photos, use, phone, routine, works"
GENV2_00688,9,"phone, apps, feels, time, use"
GENV2_00732,9,"phone, apps, feels, time, use"
GENV2_00883,1,"panel, panel looks, bright, bright situations, looks bright"
GENV2_00892,3,"finish, colours, look, use, looks"
GENV2_01040,6,"night, shots, night shots, use, time"
GENV2_01251,8,"drain, drain noticeable, noticeable, noticeable overnight, standby drain"
GENV2_01476,-1,
GENV2_01775,-1,
GENV2_02237,-1,
GENV2_02775,-1,
GENV2_03655,-1,
GENV2_04052,-1,
SYNEXP_00410,-1,
SYNEXP_00503,-1,
SYNEXP_00845,-1,
SYNEXP_02594,6,"night, shots, night shots, use, time"
SYNEXP_03039,-1,
SYNEXP_03546,9,"phone, apps, feels, time, use"
GENV2_00210,6,"night, shots, night shots, use, time"
GENV2_02482,-1,
GENV2_02621,-1,
GENV2_02710,-1,
GENV2_03561,-1,
GENV2_03745,-1,
SYNEXP_00806,-1,
SYNEXP_01443,-1,
SYNEXP_01580,-1,
SYNEXP_01798,-1,
SYNEXP_02586,-1,
SYNEXP_02644,-1,
SYNEXP_03075,-1,
SYNEXP_03704,-1,
GENV2_00223,1,"panel, panel looks, bright, bright situations, looks bright"
GENV2_02309,-1,
GENV2_02508,-1,
GENV2_02924,-1,
GENV2_03381,-1,
GENV2_03880,-1,
SYNEXP_01488,-1,
SYNEXP_01865,-1,
SYNEXP_02805,-1,
SYNEXP_03449,-1,
GENV2_01208,1,"panel, panel looks, bright, bright situations, looks bright"
GENV2_01240,1,"panel, panel looks, bright, bright situations, looks bright"
GENV2_01305,2,"photos, use, phone, routine, works"
GENV2_03804,-1,
SYNEXP_00877,-1,
SYNEXP_01567,-1,
SYNEXP_01717,-1,
SYNEXP_01982,6,"night, shots, night shots, use, time"
SYNEXP_02280,-1,
SYNEXP_02313,6,"night, shots, night shots, use, time"
SYNEXP_02658,-1,
SYNEXP_02765,-1,
SYNEXP_02855,1,"panel, panel looks, bright, bright situations, looks bright"
SYNEXP_03034,-1,
SYNEXP_03085,-1,
SYNEXP_03542,-1,
GENV2_00189,2,"photos, use, phone, routine, works"
GENV2_01020,2,"photos, use, phone, routine, works"
GENV2_02467,-1,
GENV2_03173,-1,
GENV2_04108,-1,
SYNEXP_00107,-1,
SYNEXP_00793,0,"sessions, stutter, gaming sessions, gaming, bring"
SYNEXP_01111,-1,
SYNEXP_01647,-1,
SYNEXP_01831,-1,
SYNEXP_03325,5,"charging, speed, fairly, feels, charging speed"
GENV2_00094,2,"photos, use, phone, routine, works"
GENV2_01083,2,"photos, use, phone, routine, works"
GENV2_01223,9,"phone, apps, feels, time, use"
GENV2_01278,2,"photos, use, phone, routine, works"
GENV2_01886,-1,
GENV2_02704,-1,
GENV2_02800,-1,
GENV2_03209,-1,
SYNEXP_00885,1,"panel, panel looks, bright, bright situations, looks bright"
SYNEXP_00930,9,"phone, apps, feels, time, use"
SYNEXP_01321,0,"sessions, stutter, gaming sessions, gaming, bring"
SYNEXP_02270,-1,
SYNEXP_03025,-1,
GENV2_01821,-1,
GENV2_03161,-1,
GENV2_03429,-1,
GENV2_04075,-1,
SYNEXP_00496,9,"phone, apps, feels, time, use"
SYNEXP_00708,-1,
SYNEXP_00767,1,"panel, panel looks, bright, bright situations, looks bright"
SYNEXP_00976,-1,
SYNEXP_01046,-1,
SYNEXP_03136,3,"finish, colours, look, use, looks"
SYNEXP_03140,9,"phone, apps, feels, time, use"
GENV2_00250,2,"photos, use, phone, routine, works"
GENV2_01429,-1,
GENV2_01527,-1,
GENV2_01581,-1,
GENV2_01600,-1,
GENV2_02546,-1,
GENV2_02611,-1,
GENV2_03517,-1,
SYNEXP_01496,-1,
SYNEXP_02696,-1,
GENV2_00143,2,"photos, use, phone, routine, works"
GENV2_01989,-1,
GENV2_02395,-1,
GENV2_03358,-1,
SYNEXP_01162,-1,
SYNEXP_02440,-1,
SYNEXP_02925,5,"charging, speed, fairly, feels, charging speed"
SYNEXP_03010,4,"autofocus, everyday, subjects, use, autofocus reliable"
SYNEXP_03139,-1,
GENV2_00910,4,"autofocus, everyday, subjects, use, autofocus reliable"
GENV2_01189,3,"finish, colours, look, use, looks"
GENV2_01602,-1,
GENV2_01884,-1,
GENV2_02118,-1,
GENV2_02175,-1,
GENV2_03101,-1,
GENV2_03486,-1,
GENV2_03613,-1,
GENV2_04118,-1,
SYNEXP_00977,-1,
SYNEXP_01302,4,"autofocus, everyday, subjects, use, autofocus reliable"
SYNEXP_02479,-1,
SYNEXP_03571,4,"autofocus, everyday, subjects, use, autofocus reliable"
GENV2_00499,2,"photos, use, phone, routine, works"
GENV2_00868,5,"charging, speed, fairly, feels, charging speed"
GENV2_01868,-1,
GENV2_02146,-1,
GENV2_02171,-1,
GENV2_02941,-1,
GENV2_03264,-1,
GENV2_03846,-1,
SYNEXP_00332,0,"sessions, stutter, gaming sessions, gaming, bring"
SYNEXP_02662,9,"phone, apps, feels, time, use"
SYNEXP_02684,-1,
SYNEXP_03493,-1,
GENV2_00431,2,"photos, use, phone, routine, works"
GENV2_00479,3,"finish, colours, look, use, looks"
GENV2_01506,-1,
GENV2_03140,-1,
GENV2_03773,-1,
GENV2_03884,-1,
SYNEXP_00214,-1,
SYNEXP_01280,3,"finish, colours, look, use, looks"
SYNEXP_01679,-1,
SYNEXP_02480,-1,
SYNEXP_03510,-1,
GENV2_00026,3,"finish, colours, look, use, looks"
GENV2_00504,6,"night, shots, night shots, use, time"
GENV2_00664,6,"night, shots, night shots, use, time"
GENV2_00961,9,"phone, apps, feels, time, use"
GENV2_01231,6,"night, shots, night shots, use, time"
GENV2_02839,-1,
GENV2_02869,-1,
GENV2_03413,-1,
GENV2_03949,-1,
SYNEXP_01609,9,"phone, apps, feels, time, use"
SYNEXP_01694,-1,
SYNEXP_01750,9,"phone, apps, feels, time, use"
SYNEXP_01992,6,"night, shots, night shots, use, time"
SYNEXP_02962,0,"sessions, stutter, gaming sessions, gaming, bring"
SYNEXP_03244,-1,
SYNEXP_03578,6,"night, shots, night shots, use, time"
GENV2_00391,6,"night, shots, night shots, use, time"
GENV2_00896,2,"photos, use, phone, routine, works"
GENV2_00947,2,"photos, use, phone, routine, works"
GENV2_01341,4,"autofocus, everyday, subjects, use, autofocus reliable"
GENV2_01504,-1,
GENV2_01697,-1,
GENV2_02260,-1,
SYNEXP_00041,9,"phone, apps, feels, time, use"
SYNEXP_00493,-1,
SYNEXP_00666,-1,
SYNEXP_01122,-1,
SYNEXP_01782,-1,
SYNEXP_01818,-1,
SYNEXP_02328,-1,
SYNEXP_03337,-1,
GENV2_00093,4,"autofocus, everyday, subjects, use, autofocus reliable"
GENV2_01296,5,"charging, speed, fairly, feels, charging speed"
GENV2_02097,-1,
GENV2_02588,-1,
SYNEXP_00311,-1,
SYNEXP_00438,-1,
SYNEXP_00453,-1,
SYNEXP_01457,-1,
SYNEXP_02642,-1,
GENV2_00022,9,"phone, apps, feels, time, use"
GENV2_01470,-1,
GENV2_01803,-1,
GENV2_02028,-1,
GENV2_03478,-1,
GENV2_03618,-1,
GENV2_03754,-1,
SYNEXP_00108,-1,
SYNEXP_00304,1,"panel, panel looks, bright, bright situations, looks bright"
SYNEXP_00842,-1,
SYNEXP_01428,-1,
SYNEXP_01968,-1,
SYNEXP_02559,0,"sessions, stutter, gaming sessions, gaming, bring"
SYNEXP_02956,-1,
SYNEXP_03252,-1,
GENV2_00027,8,"drain, drain noticeable, noticeable, noticeable overnight, standby drain"
GENV2_00677,3,"finish, colours, look, use, looks"
GENV2_00735,5,"charging, speed, fairly, feels, charging speed"
GENV2_01119,5,"charging, speed, fairly, feels, charging speed"
GENV2_02451,-1,
GENV2_02531,-1,
GENV2_03479,-1,
GENV2_03546,-1,
GENV2_03836,-1,
SYNEXP_01133,-1,
SYNEXP_01703,-1,
SYNEXP_01993,9,"phone, apps, feels, time, use"
SYNEXP_02467,-1,
SYNEXP_02690,0,"sessions, stutter, gaming sessions, gaming, bring"
SYNEXP_02692,-1,
GENV2_00164,4,"autofocus, everyday, subjects, use, autofocus reliable"
GENV2_01617,-1,
GENV2_02844,-1,
GENV2_03124,-1,
GENV2_03334,-1,
GENV2_04154,-1,
SYNEXP_00616,-1,
SYNEXP_02263,6,"night, shots, night shots, use, time"
SYNEXP_03715,6,"night, shots, night shots, use, time"
GENV2_00589,2,"photos, use, phone, routine, works"
GENV2_01668,-1,
GENV2_02002,-1,
GENV2_02470,-1,
GENV2_02922,-1,
GENV2_03740,-1,
SYNEXP_01640,-1,
SYNEXP_01667,-1,
SYNEXP_02309,-1,
SYNEXP_02809,-1,
SYNEXP_02870,2,"photos, use, phone, routine, works"
SYNEXP_02898,0,"sessions, stutter, gaming sessions, gaming, bring"
SYNEXP_03054,-1,
SYNEXP_03318,0,"sessions, stutter, gaming sessions, gaming, bring"
SYNEXP_03470,9,"phone, apps, feels, time, use"
SYNEXP_03654,-1,
SYNEXP_03760,-1,
GENV2_00440,2,"photos, use, phone, routine, works"
GENV2_01541,-1,
GENV2_02748,-1,
GENV2_03433,-1,
GENV2_03468,-1,
SYNEXP_00661,9,"phone, apps, feels, time, use"
SYNEXP_01659,-1,
SYNEXP_02567,-1,
SYNEXP_03205,6,"night, shots, night shots, use, time"
SYNEXP_03212,-1,
GENV2_00995,4,"autofocus, everyday, subjects, use, autofocus reliable"
GENV2_01098,1,"panel, panel looks, bright, bright situations, looks bright"
GENV2_01196,6,"night, shots, night shots, use, time"
GENV2_02142,-1,
GENV2_02328,-1,
GENV2_02382,-1,
GENV2_02633,-1,
GENV2_03168,-1,
GENV2_03800,-1,
SYNEXP_00530,-1,
SYNEXP_01109,6,"night, shots, night shots, use, time"
SYNEXP_01173,-1,
SYNEXP_01938,-1,
SYNEXP_02518,-1,
GENV2_00005,6,"night, shots, night shots, use, time"
GENV2_00618,1,"panel, panel looks, bright, bright situations, looks bright"
GENV2_01359,6,"night, shots, night shots, use, time"
GENV2_01437,-1,
GENV2_03472,-1,
GENV2_04012,-1,
SYNEXP_00210,-1,
SYNEXP_00628,-1,
SYNEXP_00776,0,"sessions, stutter, gaming sessions, gaming, bring"
SYNEXP_02363,-1,
SYNEXP_02723,-1,
SYNEXP_03100,-1,
SYNEXP_03730,-1,
GENV2_00048,2,"photos, use, phone, routine, works"
GENV2_00084,5,"charging, speed, fairly, feels, charging speed"
GENV2_03098,-1,
GENV2_03176,-1,
GENV2_03451,-1,
SYNEXP_00197,-1,
SYNEXP_00362,-1,
SYNEXP_02425,-1,
SYNEXP_03287,3,"finish, colours, look, use, looks"
GENV2_00449,2,"photos, use, phone, routine, works"
GENV2_00954,3,"finish, colours, look, use, looks"
GENV2_01216,4,"autofocus, everyday, subjects, use, autofocus reliable"
GENV2_02912,-1,
GENV2_03688,-1,
SYNEXP_00290,-1,
SYNEXP_00663,6,"night, shots, night shots, use, time"
SYNEXP_03631,-1,
SYNEXP_03707,-1,
GENV2_00410,2,"photos, use, phone, routine, works"
GENV2_00972,1,"panel, panel looks, bright, bright situations, looks bright"
GENV2_03679,-1,
GENV2_03728,-1,
SYNEXP_00359,-1,
SYNEXP_00810,0,"sessions, stutter, gaming sessions, gaming, bring"
SYNEXP_02188,-1,
SYNEXP_02976,-1,
SYNEXP_03021,-1,
SYNEXP_03067,-1,
SYNEXP_03566,-1,
GENV2_00825,6,"night, shots, night shots, use, time"
GENV2_01138,2,"photos, use, phone, routine, works"
GENV2_01537,-1,
GENV2_02737,-1,
GENV2_03427,-1,
GENV2_04029,-1,
SYNEXP_02422,0,"sessions, stutter, gaming sessions, gaming, bring"
GENV2_00891,6,"night, shots, night shots, use, time"
GENV2_01726,-1,
GENV2_03587,-1,
GENV2_03812,-1,
SYNEXP_02355,-1,
SYNEXP_02516,-1,
SYNEXP_02659,-1,
SYNEXP_03191,5,"charging, speed, fairly, feels, charging speed"
SYNEXP_03520,0,"sessions, stutter, gaming sessions, gaming, bring"
GENV2_01676,-1,
GENV2_01912,-1,
GENV2_02122,-1,
GENV2_02681,-1,
GENV2_03102,-1,
GENV2_03165,-1,
SYNEXP_00361,-1,
SYNEXP_00491,2,"photos, use, phone, routine, works"
SYNEXP_01370,9,"phone, apps, feels, time, use"
SYNEXP_03094,-1,
SYNEXP_03144,-1,
GENV2_01076,0,"sessions, stutter, gaming sessions, gaming, bring"
GENV2_01397,-1,
GENV2_01748,-1,
GENV2_02536,-1,
GENV2_02895,-1,
SYNEXP_00887,0,"sessions, stutter, gaming sessions, gaming, bring"
SYNEXP_00960,0,"sessions, stutter, gaming sessions, gaming, bring"
SYNEXP_01247,3,"finish, colours, look, use, looks"
SYNEXP_01545,-1,
SYNEXP_02257,-1,
SYNEXP_02501,-1,
SYNEXP_02939,7,"multitasking, multitasking acceptable, acceptable routine, acceptable, workable"
SYNEXP_02979,-1,
SYNEXP_03201,-1,
SYNEXP_03237,-1,
SYNEXP_03364,-1,
GENV2_01592,-1,
GENV2_02803,-1,
GENV2_04045,-1,
GENV2_04180,-1,
SYNEXP_00368,-1,
SYNEXP_00436,6,"night, shots, night shots, use, time"
SYNEXP_01551,-1,
SYNEXP_02634,-1,
SYNEXP_02845,3,"finish, colours, look, use, looks"
SYNEXP_03307,-1,
SYNEXP_03743,-1,
GENV2_00642,2,"photos, use, phone, routine, works"
GENV2_00843,3,"finish, colours, look, use, looks"
GENV2_00872,6,"night, shots, night shots, use, time"
GENV2_02589,-1,
GENV2_02826,-1,
GENV2_03498,-1,
GENV2_03646,-1,
GENV2_03860,-1,
SYNEXP_01521,-1,
SYNEXP_01732,-1,
SYNEXP_01890,-1,
SYNEXP_02092,-1,
SYNEXP_02156,-1,
SYNEXP_02306,-1,
SYNEXP_02902,-1,
SYNEXP_02920,-1,
SYNEXP_03125,5,"charging, speed, fairly, feels, charging speed"
GENV2_00125,1,"panel, panel looks, bright, bright situations, looks bright"
GENV2_00243,6,"night, shots, night shots, use, time"
GENV2_00490,4,"autofocus, everyday, subjects, use, autofocus reliable"
GENV2_01365,9,"phone, apps, feels, time, use"
GENV2_02932,-1,
GENV2_03936,-1,
GENV2_04037,-1,
GENV2_04049,-1,
SYNEXP_00299,9,"phone, apps, feels, time, use"
SYNEXP_01374,-1,
SYNEXP_01448,-1,
SYNEXP_02862,-1,
SYNEXP_03298,-1,
SYNEXP_03659,-1,
GENV2_00670,3,"finish, colours, look, use, looks"
GENV2_01275,6,"night, shots, night shots, use, time"
GENV2_01339,1,"panel, panel looks, bright, bright situations, looks bright"
GENV2_01585,-1,
GENV2_01982,-1,
GENV2_02487,-1,
GENV2_02833,-1,
GENV2_02949,-1,
GENV2_03185,-1,
SYNEXP_00322,-1,
SYNEXP_00531,-1,
SYNEXP_00911,-1,
SYNEXP_01735,-1,
SYNEXP_02146,-1,
SYNEXP_02656,-1,
SYNEXP_03491,-1,
SYNEXP_03645,6,"night, shots, night shots, use, time"
GENV2_00368,6,"night, shots, night shots, use, time"
GENV2_00990,7,"multitasking, multitasking acceptable, acceptable routine, acceptable, workable"
GENV2_01176,8,"drain, drain noticeable, noticeable, noticeable overnight, standby drain"
GENV2_01712,-1,
GENV2_01813,-1,
GENV2_03875,-1,
SYNEXP_00085,-1,
SYNEXP_01006,-1,
SYNEXP_01120,-1,
SYNEXP_02333,-1,
SYNEXP_02646,4,"autofocus, everyday, subjects, use, autofocus reliable"
SYNEXP_02725,-1,
SYNEXP_03424,0,"sessions, stutter, gaming sessions, gaming, bring"
SYNEXP_03431,-1,
GENV2_00259,5,"charging, speed, fairly, feels, charging speed"
GENV2_00451,2,"photos, use, phone, routine, works"
GENV2_01791,-1,
GENV2_02013,-1,
GENV2_02187,-1,
GENV2_03459,-1,
GENV2_03585,-1,
SYNEXP_00040,-1,
SYNEXP_00612,-1,
SYNEXP_00735,-1,
SYNEXP_01912,-1,
SYNEXP_01995,-1,
SYNEXP_02077,-1,
SYNEXP_02625,6,"night, shots, night shots, use, time"
GENV2_00167,3,"finish, colours, look, use, looks"
GENV2_00808,0,"sessions, stutter, gaming sessions, gaming, bring"
GENV2_03501,-1,
GENV2_03509,-1,
GENV2_03645,-1,
SYNEXP_00958,-1,
SYNEXP_01737,0,"sessions, stutter, gaming sessions, gaming, bring"
SYNEXP_02875,-1,
SYNEXP_03078,0,"sessions, stutter, gaming sessions, gaming, bring"
GENV2_00252,9,"phone, apps, feels, time, use"
GENV2_00992,6,"night, shots, night shots, use, time"
GENV2_02167,-1,
GENV2_02330,-1,
GENV2_02581,-1,
SYNEXP_00147,-1,
SYNEXP_00970,-1,
SYNEXP_00994,-1,
SYNEXP_01540,0,"sessions, stutter, gaming sessions, gaming, bring"
SYNEXP_01823,9,"phone, apps, feels, time, use"
SYNEXP_03326,-1,
GENV2_00686,6,"night, shots, night shots, use, time"
GENV2_00784,9,"phone, apps, feels, time, use"
GENV2_01199,4,"autofocus, everyday, subjects, use, autofocus reliable"
GENV2_02127,-1,
GENV2_02329,-1,
GENV2_02512,-1,
GENV2_03359,-1,
GENV2_03405,-1,
GENV2_04175,-1,
SYNEXP_00434,-1,
SYNEXP_00477,0,"sessions, stutter, gaming sessions, gaming, bring"
SYNEXP_01341,9,"phone, apps, feels, time, use"
SYNEXP_01623,-1,
SYNEXP_02377,0,"sessions, stutter, gaming sessions, gaming, bring"
SYNEXP_02570,0,"sessions, stutter, gaming sessions, gaming, bring"
SYNEXP_03534,9,"phone, apps, feels, time, use"
GENV2_00187,9,"phone, apps, feels, time, use"
GENV2_01469,-1,
GENV2_01485,-1,
GENV2_01546,-1,
GENV2_03122,-1,
GENV2_03844,-1,
SYNEXP_00300,-1,
SYNEXP_00932,9,"phone, apps, feels, time, use"
SYNEXP_01590,-1,
SYNEXP_02348,-1,
SYNEXP_02686,8,"drain, drain noticeable, noticeable, noticeable overnight, standby drain"
SYNEXP_03363,-1,
GENV2_00637,3,"finish, colours, look, use, looks"
GENV2_01423,-1,
GENV2_01489,-1,
GENV2_02170,-1,
GENV2_02352,-1,
GENV2_03397,-1,
GENV2_03558,-1,
GENV2_03621,-1,
SYNEXP_00389,1,"panel, panel looks, bright, bright situations, looks bright"
SYNEXP_01339,-1,
SYNEXP_01885,3,"finish, colours, look, use, looks"
SYNEXP_01934,-1,
SYNEXP_03538,5,"charging, speed, fairly, feels, charging speed"
SYNEXP_03639,-1,
GENV2_00450,9,"phone, apps, feels, time, use"
GENV2_00821,9,"phone, apps, feels, time, use"
GENV2_01906,-1,
GENV2_01977,-1,
GENV2_03523,-1,
GENV2_03650,-1,
GENV2_03789,-1,
GENV2_03842,-1,
SYNEXP_01119,-1,
SYNEXP_01327,-1,
SYNEXP_03187,-1,
SYNEXP_03282,2,"photos, use, phone, routine, works"
SYNEXP_03285,6,"night, shots, night shots, use, time"
SYNEXP_03624,0,"sessions, stutter, gaming sessions, gaming, bring"
GENV2_01093,5,"charging, speed, fairly, feels, charging speed"
GENV2_01524,-1,
GENV2_02680,-1,
GENV2_03652,-1,
GENV2_03835,-1,
GENV2_04002,-1,
SYNEXP_02114,-1,
SYNEXP_02197,-1,
SYNEXP_02232,-1,
SYNEXP_02353,8,"drain, drain noticeable, noticeable, noticeable overnight, standby drain"
SYNEXP_02622,-1,
SYNEXP_03052,-1,
SYNEXP_03451,-1,
GENV2_00935,2,"photos, use, phone, routine, works"
GENV2_01013,7,"multitasking, multitasking acceptable, acceptable routine, acceptable, workable"
GENV2_01209,4,"autofocus, everyday, subjects, use, autofocus reliable"
GENV2_01467,-1,
GENV2_01934,-1,
GENV2_02104,-1,
GENV2_04016,-1,
SYNEXP_00295,-1,
SYNEXP_01102,-1,
SYNEXP_02400,-1,
SYNEXP_02478,-1,
SYNEXP_02812,-1,
SYNEXP_03581,4,"autofocus, everyday, subjects, use, autofocus reliable"
GENV2_00322,6,"night, shots, night shots, use, time"
GENV2_00818,9,"phone, apps, feels, time, use"
GENV2_03396,-1,
SYNEXP_00480,-1,
SYNEXP_00706,-1,
SYNEXP_01306,0,"sessions, stutter, gaming sessions, gaming, bring"
SYNEXP_01406,-1,
SYNEXP_03574,-1,
GENV2_00209,5,"charging, speed, fairly, feels, charging speed"
GENV2_00461,2,"photos, use, phone, routine, works"
GENV2_01671,-1,
GENV2_02942,-1,
GENV2_03224,-1,
GENV2_03530,-1,
GENV2_04102,-1,
SYNEXP_00274,6,"night, shots, night shots, use, time"
SYNEXP_00511,6,"night, shots, night shots, use, time"
SYNEXP_00819,9,"phone, apps, feels, time, use"
SYNEXP_01055,-1,
SYNEXP_01356,-1,
SYNEXP_02100,-1,
SYNEXP_03106,0,"sessions, stutter, gaming sessions, gaming, bring"
SYNEXP_03189,0,"sessions, stutter, gaming sessions, gaming, bring"
SYNEXP_03266,9,"phone, apps, feels, time, use"
SYNEXP_03477,-1,
GENV2_01000,2,"photos, use, phone, routine, works"
GENV2_01131,2,"photos, use, phone, routine, works"
GENV2_01630,-1,
SYNEXP_00838,8,"drain, drain noticeable, noticeable, noticeable overnight, standby drain"
SYNEXP_00921,-1,
SYNEXP_01105,0,"sessions, stutter, gaming sessions, gaming, bring"
SYNEXP_01523,5,"charging, speed, fairly, feels, charging speed"
SYNEXP_02157,-1,
SYNEXP_02303,-1,
SYNEXP_02597,-1,
SYNEXP_03063,-1,
SYNEXP_03133,-1,
SYNEXP_03420,-1,
SYNEXP_03484,-1,
SYNEXP_03487,-1,
GENV2_00230,4,"autofocus, everyday, subjects, use, autofocus reliable"
GENV2_00837,7,"multitasking, multitasking acceptable, acceptable routine, acceptable, workable"
GENV2_00940,4,"autofocus, everyday, subjects, use, autofocus reliable"
GENV2_01767,-1,
GENV2_01872,-1,
GENV2_01938,-1,
GENV2_02116,-1,
GENV2_02128,-1,
GENV2_03139,-1,
GENV2_03316,-1,
GENV2_03623,-1,
SYNEXP_00278,1,"panel, panel looks, bright, bright situations, looks bright"
SYNEXP_02374,-1,
SYNEXP_02394,4,"autofocus, everyday, subjects, use, autofocus reliable"
SYNEXP_03142,-1,
SYNEXP_03146,-1,
SYNEXP_03385,-1,
GENV2_00566,5,"charging, speed, fairly, feels, charging speed"
GENV2_01228,4,"autofocus, everyday, subjects, use, autofocus reliable"
GENV2_02804,-1,
GENV2_03981,-1,
SYNEXP_00271,9,"phone, apps, feels, time, use"
SYNEXP_00762,3,"finish, colours, look, use, looks"
SYNEXP_01211,-1,
SYNEXP_01316,-1,
GENV2_00315,2,"photos, use, phone, routine, works"
GENV2_00328,2,"photos, use, phone, routine, works"
GENV2_00643,2,"photos, use, phone, routine, works"
GENV2_01246,3,"finish, colours, look, use, looks"
GENV2_01445,-1,
GENV2_02658,-1,
GENV2_03222,-1,
GENV2_03797,-1,
SYNEXP_00012,-1,
SYNEXP_01266,-1,
SYNEXP_02293,-1,
GENV2_00202,6,"night, shots, night shots, use, time"
GENV2_00399,2,"photos, use, phone, routine, works"
GENV2_01352,2,"photos, use, phone, routine, works"
GENV2_01385,9,"phone, apps, feels, time, use"
GENV2_01685,-1,
GENV2_01851,-1,
SYNEXP_01905,-1,
SYNEXP_02573,-1,
SYNEXP_03081,-1,
GENV2_00034,3,"finish, colours, look, use, looks"
GENV2_01165,6,"night, shots, night shots, use, time"
GENV2_02076,-1,
GENV2_03024,-1,
GENV2_03324,-1,
GENV2_03856,-1,
GENV2_03881,-1,
SYNEXP_00078,0,"sessions, stutter, gaming sessions, gaming, bring"
SYNEXP_00298,-1,
SYNEXP_00394,0,"sessions, stutter, gaming sessions, gaming, bring"
SYNEXP_00479,-1,
SYNEXP_00614,-1,
SYNEXP_00929,-1,
SYNEXP_01447,-1,
SYNEXP_02323,0,"sessions, stutter, gaming sessions, gaming, bring"
SYNEXP_02802,-1,
GENV2_00562,5,"charging, speed, fairly, feels, charging speed"
GENV2_00579,8,"drain, drain noticeable, noticeable, noticeable overnight, standby drain"
GENV2_00654,6,"night, shots, night shots, use, time"
GENV2_01123,0,"sessions, stutter, gaming sessions, gaming, bring"
GENV2_01833,-1,
GENV2_02439,-1,
GENV2_03066,-1,
GENV2_03169,-1,
GENV2_03277,-1,
GENV2_03373,-1,
SYNEXP_00670,-1,
SYNEXP_00916,3,"finish, colours, look, use, looks"
SYNEXP_01550,-1,
SYNEXP_02191,-1,
SYNEXP_02457,5,"charging, speed, fairly, feels, charging speed"
SYNEXP_02474,-1,
SYNEXP_03053,-1,
SYNEXP_03579,6,"night, shots, night shots, use, time"
GENV2_00800,2,"photos, use, phone, routine, works"
GENV2_01404,-1,
GENV2_01474,-1,
GENV2_03681,-1,
SYNEXP_02005,-1,
SYNEXP_02314,-1,
SYNEXP_02381,0,"sessions, stutter, gaming sessions, gaming, bring"
SYNEXP_02955,-1,
GENV2_00404,6,"night, shots, night shots, use, time"
GENV2_00596,2,"photos, use, phone, routine, works"
GENV2_02302,-1,
GENV2_02763,-1,
GENV2_03390,-1,
GENV2_03444,-1,
GENV2_03930,-1,
SYNEXP_00277,-1,
SYNEXP_00561,-1,
SYNEXP_00586,-1,
SYNEXP_00766,-1,
SYNEXP_01777,9,"phone, apps, feels, time, use"
SYNEXP_02083,-1,
SYNEXP_03274,6,"night, shots, night shots, use, time"
SYNEXP_03647,0,"sessions, stutter, gaming sessions, gaming, bring"
GENV2_00161,3,"finish, colours, look, use, looks"
GENV2_00470,6,"night, shots, night shots, use, time"
GENV2_00876,6,"night, shots, night shots, use, time"
GENV2_01026,1,"panel, panel looks, bright, bright situations, looks bright"
GENV2_01282,6,"night, shots, night shots, use, time"
GENV2_01797,-1,
GENV2_02453,-1,
GENV2_02459,-1,
GENV2_02865,-1,
GENV2_03497,-1,
GENV2_04069,-1,
SYNEXP_01012,-1,
SYNEXP_01334,-1,
SYNEXP_01812,3,"finish, colours, look, use, looks"
GENV2_00323,3,"finish, colours, look, use, looks"
GENV2_00430,9,"phone, apps, feels, time, use"
GENV2_00991,8,"drain, drain noticeable, noticeable, noticeable overnight, standby drain"
GENV2_01113,6,"night, shots, night shots, use, time"
GENV2_01843,-1,
GENV2_02017,-1,
GENV2_02720,-1,
GENV2_03070,-1,
GENV2_03833,-1,
GENV2_03934,-1,
SYNEXP_01731,-1,
SYNEXP_01807,-1,
SYNEXP_02538,-1,
GENV2_00697,8,"drain, drain noticeable, noticeable, noticeable overnight, standby drain"
GENV2_00906,1,"panel, panel looks, bright, bright situations, looks bright"
GENV2_01023,8,"drain, drain noticeable, noticeable, noticeable overnight, standby drain"
GENV2_01294,7,"multitasking, multitasking acceptable, acceptable routine, acceptable, workable"
GENV2_01382,2,"photos, use, phone, routine, works"
GENV2_02408,-1,
GENV2_03281,-1,
GENV2_03495,-1,
GENV2_03574,-1,
SYNEXP_00174,0,"sessions, stutter, gaming sessions, gaming, bring"
SYNEXP_01246,-1,
SYNEXP_01377,-1,
SYNEXP_02066,6,"night, shots, night shots, use, time"
SYNEXP_02086,-1,
SYNEXP_02414,-1,
SYNEXP_02919,-1,
SYNEXP_03366,-1,
SYNEXP_03460,0,"sessions, stutter, gaming sessions, gaming, bring"
GENV2_00514,6,"night, shots, night shots, use, time"
GENV2_00764,2,"photos, use, phone, routine, works"
GENV2_01232,6,"night, shots, night shots, use, time"
SYNEXP_00038,5,"charging, speed, fairly, feels, charging speed"
SYNEXP_00125,6,"night, shots, night shots, use, time"
SYNEXP_00229,-1,
SYNEXP_00720,-1,
SYNEXP_01226,1,"panel, panel looks, bright, bright situations, looks bright"
SYNEXP_01242,-1,
SYNEXP_01396,-1,
SYNEXP_01716,-1,
SYNEXP_02998,-1,
SYNEXP_03259,1,"panel, panel looks, bright, bright situations, looks bright"
GENV2_02268,-1,
GENV2_04130,-1,
SYNEXP_00413,-1,
SYNEXP_01014,-1,
SYNEXP_01074,-1,
SYNEXP_01389,0,"sessions, stutter, gaming sessions, gaming, bring"
SYNEXP_01390,8,"drain, drain noticeable, noticeable, noticeable overnight, standby drain"
SYNEXP_02096,-1,
SYNEXP_02357,6,"night, shots, night shots, use, time"
SYNEXP_02711,-1,
SYNEXP_03740,-1,
GENV2_00124,2,"photos, use, phone, routine, works"
GENV2_00787,5,"charging, speed, fairly, feels, charging speed"
GENV2_01088,5,"charging, speed, fairly, feels, charging speed"
GENV2_01586,-1,
GENV2_01900,-1,
GENV2_01998,-1,
GENV2_02311,-1,
GENV2_03859,-1,
SYNEXP_00183,-1,
SYNEXP_00730,9,"phone, apps, feels, time, use"
GENV2_00383,6,"night, shots, night shots, use, time"
GENV2_00459,9,"phone, apps, feels, time, use"
GENV2_00803,1,"panel, panel looks, bright, bright situations, looks bright"
GENV2_02194,-1,
GENV2_02596,-1,
GENV2_02857,-1,
SYNEXP_00301,-1,
SYNEXP_00324,0,"sessions, stutter, gaming sessions, gaming, bring"
SYNEXP_01668,-1,
SYNEXP_02701,-1,
GENV2_00134,2,"photos, use, phone, routine, works"
GENV2_03431,-1,
GENV2_03810,-1,
SYNEXP_00333,-1,
SYNEXP_02316,9,"phone, apps, feels, time, use"
SYNEXP_02731,9,"phone, apps, feels, time, use"
GENV2_00681,2,"photos, use, phone, routine, works"
GENV2_00930,2,"photos, use, phone, routine, works"
GENV2_03252,-1,
SYNEXP_00097,-1,
SYNEXP_01440,1,"panel, panel looks, bright, bright situations, looks bright"
SYNEXP_01514,-1,
SYNEXP_03062,-1,
SYNEXP_03119,-1,
SYNEXP_03486,-1,
GENV2_00197,7,"multitasking, multitasking acceptable, acceptable routine, acceptable, workable"
GENV2_01345,3,"finish, colours, look, use, looks"
GENV2_01455,-1,
GENV2_01826,-1,
GENV2_02950,-1,
GENV2_03383,-1,
GENV2_03653,-1,
GENV2_03715,-1,
GENV2_03950,-1,
GENV2_03989,-1,
SYNEXP_00405,6,"night, shots, night shots, use, time"
SYNEXP_00450,-1,
SYNEXP_01325,-1,
SYNEXP_01891,0,"sessions, stutter, gaming sessions, gaming, bring"
SYNEXP_01911,-1,
SYNEXP_02391,9,"phone, apps, feels, time, use"
GENV2_00611,1,"panel, panel looks, bright, bright situations, looks bright"
GENV2_01614,-1,
GENV2_02011,-1,
GENV2_02294,-1,
GENV2_02655,-1,
GENV2_02716,-1,
GENV2_03074,-1,
GENV2_03753,-1,
SYNEXP_00249,-1,
SYNEXP_02491,-1,
GENV2_00829,5,"charging, speed, fairly, feels, charging speed"
GENV2_02077,-1,
GENV2_02254,-1,
GENV2_03727,-1,
SYNEXP_00175,-1,
SYNEXP_00414,-1,
SYNEXP_00421,-1,
SYNEXP_01625,-1,
SYNEXP_02550,-1,
SYNEXP_02714,-1,
SYNEXP_02895,6,"night, shots, night shots, use, time"
SYNEXP_03754,9,"phone, apps, feels, time, use"
GENV2_00370,2,"photos, use, phone, routine, works"
GENV2_00422,3,"finish, colours, look, use, looks"
GENV2_00777,9,"phone, apps, feels, time, use"
GENV2_01239,2,"photos, use, phone, routine, works"
GENV2_01729,-1,
GENV2_02569,-1,
SYNEXP_01819,9,"phone, apps, feels, time, use"
SYNEXP_01884,-1,
SYNEXP_02427,-1,
GENV2_00060,4,"autofocus, everyday, subjects, use, autofocus reliable"
GENV2_00251,4,"autofocus, everyday, subjects, use, autofocus reliable"
GENV2_01233,0,"sessions, stutter, gaming sessions, gaming, bring"
GENV2_01295,0,"sessions, stutter, gaming sessions, gaming, bring"
GENV2_01498,-1,
GENV2_02153,-1,
GENV2_03465,-1,
GENV2_03680,-1,
GENV2_03696,-1,
SYNEXP_00028,6,"night, shots, night shots, use, time"
SYNEXP_00352,-1,
SYNEXP_00643,-1,
SYNEXP_01535,1,"panel, panel looks, bright, bright situations, looks bright"
SYNEXP_02373,-1,
SYNEXP_03499,-1,
SYNEXP_03731,4,"autofocus, everyday, subjects, use, autofocus reliable"
GENV2_00483,6,"night, shots, night shots, use, time"
GENV2_01297,7,"multitasking, multitasking acceptable, acceptable routine, acceptable, workable"
GENV2_02761,-1,
GENV2_03947,-1,
SYNEXP_00406,-1,
SYNEXP_01665,3,"finish, colours, look, use, looks"
SYNEXP_01991,-1,
SYNEXP_03505,-1,
SYNEXP_03669,5,"charging, speed, fairly, feels, charging speed"
GENV2_00082,2,"photos, use, phone, routine, works"
GENV2_00099,8,"drain, drain noticeable, noticeable, noticeable overnight, standby drain"
GENV2_00873,1,"panel, panel looks, bright, bright situations, looks bright"
GENV2_02006,-1,
GENV2_02272,-1,
GENV2_02594,-1,
GENV2_02732,-1,
GENV2_03040,-1,
GENV2_04190,-1,
SYNEXP_00711,8,"drain, drain noticeable, noticeable, noticeable overnight, standby drain"
SYNEXP_01817,-1,
SYNEXP_01999,-1,
SYNEXP_02258,0,"sessions, stutter, gaming sessions, gaming, bring"
SYNEXP_02277,0,"sessions, stutter, gaming sessions, gaming, bring"
SYNEXP_02879,5,"charging, speed, fairly, feels, charging speed"
SYNEXP_02912,-1,
GENV2_01032,1,"panel, panel looks, bright, bright situations, looks bright"
GENV2_03288,-1,
SYNEXP_00015,0,"sessions, stutter, gaming sessions, gaming, bring"
SYNEXP_01045,-1,
SYNEXP_02530,-1,
SYNEXP_03441,-1,
GENV2_00190,6,"night, shots, night shots, use, time"
GENV2_00409,0,"sessions, stutter, gaming sessions, gaming, bring"
GENV2_01034,9,"phone, apps, feels, time, use"
GENV2_01273,2,"photos, use, phone, routine, works"
GENV2_01388,-1,
GENV2_03247,-1,
GENV2_03673,-1,
GENV2_03678,-1,
SYNEXP_02806,-1,
GENV2_01396,-1,
GENV2_01677,-1,
GENV2_03974,-1,
SYNEXP_00596,-1,
SYNEXP_01077,-1,
SYNEXP_01745,9,"phone, apps, feels, time, use"
SYNEXP_01932,-1,
SYNEXP_02379,-1,
SYNEXP_02770,-1,
SYNEXP_03445,8,"drain, drain noticeable, noticeable, noticeable overnight, standby drain"
GENV2_01188,0,"sessions, stutter, gaming sessions, gaming, bring"
GENV2_01270,6,"night, shots, night shots, use, time"
GENV2_04199,-1,
SYNEXP_00215,-1,
SYNEXP_00613,-1,
SYNEXP_01841,-1,
SYNEXP_02884,0,"sessions, stutter, gaming sessions, gaming, bring"
GENV2_00379,1,"panel, panel looks, bright, bright situations, looks bright"
GENV2_00668,5,"charging, speed, fairly, feels, charging speed"
GENV2_01393,-1,
GENV2_03675,-1,
GENV2_04141,-1,
SYNEXP_00156,3,"finish, colours, look, use, looks"
SYNEXP_00391,-1,
SYNEXP_00722,0,"sessions, stutter, gaming sessions, gaming, bring"
SYNEXP_00741,9,"phone, apps, feels, time, use"
SYNEXP_00802,-1,
SYNEXP_00856,-1,
SYNEXP_01852,-1,
SYNEXP_02442,2,"photos, use, phone, routine, works"
SYNEXP_02859,-1,
SYNEXP_02971,-1,
SYNEXP_03615,0,"sessions, stutter, gaming sessions, gaming, bring"
GENV2_00473,9,"phone, apps, feels, time, use"
GENV2_01128,4,"autofocus, everyday, subjects, use, autofocus reliable"
GENV2_02232,-1,
GENV2_02794,-1,
GENV2_02930,-1,
GENV2_03232,-1,
GENV2_03402,-1,
SYNEXP_00047,-1,
SYNEXP_02629,-1,
SYNEXP_02685,7,"multitasking, multitasking acceptable, acceptable routine, acceptable, workable"
SYNEXP_02918,-1,
SYNEXP_03683,-1,
GENV2_00309,6,"night, shots, night shots, use, time"
GENV2_00414,2,"photos, use, phone, routine, works"
GENV2_00869,6,"night, shots, night shots, use, time"
GENV2_00929,5,"charging, speed, fairly, feels, charging speed"
GENV2_01293,1,"panel, panel looks, bright, bright situations, looks bright"
GENV2_01974,-1,
GENV2_02109,-1,
GENV2_02675,-1,
GENV2_02699,-1,
GENV2_03780,-1,
GENV2_04030,-1,
SYNEXP_02123,-1,
SYNEXP_02528,6,"night, shots, night shots, use, time"
SYNEXP_03633,0,"sessions, stutter, gaming sessions, gaming, bring"
GENV2_00162,3,"finish, colours, look, use, looks"
GENV2_00375,6,"night, shots, night shots, use, time"
GENV2_00698,5,"charging, speed, fairly, feels, charging speed"
GENV2_00817,3,"finish, colours, look, use, looks"
GENV2_02094,-1,
GENV2_02101,-1,
GENV2_03733,-1,
GENV2_04181,-1,
SYNEXP_00472,7,"multitasking, multitasking acceptable, acceptable routine, acceptable, workable"
SYNEXP_01997,-1,
SYNEXP_03171,-1,
GENV2_00308,6,"night, shots, night shots, use, time"
GENV2_00534,2,"photos, use, phone, routine, works"
GENV2_00598,2,"photos, use, phone, routine, works"
GENV2_01799,-1,
GENV2_02347,-1,
GENV2_03023,-1,
GENV2_03085,-1,
GENV2_03723,-1,
SYNEXP_00954,5,"charging, speed, fairly, feels, charging speed"
SYNEXP_01543,-1,
SYNEXP_02194,1,"panel, panel looks, bright, bright situations, looks bright"
SYNEXP_02637,-1,
SYNEXP_03419,1,"panel, panel looks, bright, bright situations, looks bright"
SYNEXP_03739,-1,
GENV2_00619,4,"autofocus, everyday, subjects, use, autofocus reliable"
GENV2_01254,4,"autofocus, everyday, subjects, use, autofocus reliable"
GENV2_01719,-1,
GENV2_01747,-1,
GENV2_02256,-1,
GENV2_02425,-1,
GENV2_03186,-1,
SYNEXP_00017,-1,
SYNEXP_00036,-1,
SYNEXP_00910,0,"sessions, stutter, gaming sessions, gaming, bring"
SYNEXP_01295,-1,
SYNEXP_01986,6,"night, shots, night shots, use, time"
SYNEXP_03378,-1,
GENV2_00321,3,"finish, colours, look, use, looks"
GENV2_00400,9,"phone, apps, feels, time, use"
GENV2_02056,-1,
GENV2_02402,-1,
GENV2_03154,-1,
GENV2_04060,-1,
SYNEXP_00696,-1,
SYNEXP_00752,0,"sessions, stutter, gaming sessions, gaming, bring"
SYNEXP_01719,-1,
SYNEXP_02885,5,"charging, speed, fairly, feels, charging speed"
SYNEXP_03177,-1,
SYNEXP_03280,-1,
SYNEXP_03406,-1,
GENV2_00097,4,"autofocus, everyday, subjects, use, autofocus reliable"
GENV2_00917,6,"night, shots, night shots, use, time"
GENV2_03560,-1,
GENV2_03866,-1,
SYNEXP_00098,-1,
SYNEXP_00357,-1,
SYNEXP_00859,3,"finish, colours, look, use, looks"
SYNEXP_01112,4,"autofocus, everyday, subjects, use, autofocus reliable"
SYNEXP_02223,-1,
SYNEXP_03334,-1,
SYNEXP_03463,4,"autofocus, everyday, subjects, use, autofocus reliable"
GENV2_01324,6,"night, shots, night shots, use, time"
GENV2_01737,-1,
GENV2_02177,-1,
GENV2_03061,-1,
GENV2_03996,-1,
GENV2_04006,-1,
SYNEXP_00171,-1,
SYNEXP_00606,-1,
SYNEXP_00718,-1,
SYNEXP_01007,3,"finish, colours, look, use, looks"
SYNEXP_01136,-1,
SYNEXP_02067,-1,
SYNEXP_02396,-1,
SYNEXP_03661,0,"sessions, stutter, gaming sessions, gaming, bring"
GENV2_00489,2,"photos, use, phone, routine, works"
GENV2_02015,-1,
GENV2_02086,-1,
GENV2_02641,-1,
GENV2_03798,-1,
GENV2_03956,-1,
SYNEXP_00159,-1,
SYNEXP_00967,-1,
SYNEXP_01953,-1,
SYNEXP_02706,-1,
GENV2_00862,4,"autofocus, everyday, subjects, use, autofocus reliable"
GENV2_01180,8,"drain, drain noticeable, noticeable, noticeable overnight, standby drain"
GENV2_01271,5,"charging, speed, fairly, feels, charging speed"
GENV2_01322,9,"phone, apps, feels, time, use"
GENV2_02189,-1,
GENV2_02289,-1,
GENV2_03512,-1,
GENV2_03601,-1,
GENV2_03668,-1,
GENV2_04090,-1,
GENV2_04128,-1,
GENV2_04183,-1,
SYNEXP_01413,6,"night, shots, night shots, use, time"
SYNEXP_01576,-1,
GENV2_00640,2,"photos, use, phone, routine, works"
GENV2_00653,8,"drain, drain noticeable, noticeable, noticeable overnight, standby drain"
GENV2_00676,6,"night, shots, night shots, use, time"
GENV2_00714,6,"night, shots, night shots, use, time"
GENV2_01110,9,"phone, apps, feels, time, use"
GENV2_01535,-1,
GENV2_02507,-1,
GENV2_02604,-1,
GENV2_03412,-1,
GENV2_03516,-1,
SYNEXP_00314,-1,
SYNEXP_01300,0,"sessions, stutter, gaming sessions, gaming, bring"
SYNEXP_01441,-1,
SYNEXP_02729,5,"charging, speed, fairly, feels, charging speed"
SYNEXP_03564,-1,
GENV2_01030,2,"photos, use, phone, routine, works"
GENV2_01394,-1,
GENV2_02848,-1,
GENV2_03524,-1,
SYNEXP_01058,1,"panel, panel looks, bright, bright situations, looks bright"
SYNEXP_01286,-1,
SYNEXP_01487,2,"photos, use, phone, routine, works"
SYNEXP_01772,-1,
SYNEXP_01785,6,"night, shots, night shots, use, time"
SYNEXP_03289,0,"sessions, stutter, gaming sessions, gaming, bring"
SYNEXP_03384,3,"finish, colours, look, use, looks"
SYNEXP_03626,-1,
GENV2_00609,1,"panel, panel looks, bright, bright situations, looks bright"
GENV2_01823,-1,
GENV2_03580,-1,
GENV2_04065,-1,
SYNEXP_00265,-1,
SYNEXP_00386,6,"night, shots, night shots, use, time"
SYNEXP_00465,-1,
SYNEXP_01767,2,"photos, use, phone, routine, works"
GENV2_00102,2,"photos, use, phone, routine, works"
GENV2_00674,6,"night, shots, night shots, use, time"
GENV2_00996,4,"autofocus, everyday, subjects, use, autofocus reliable"
GENV2_01155,6,"night, shots, night shots, use, time"
GENV2_01192,1,"panel, panel looks, bright, bright situations, looks bright"
GENV2_01635,-1,
GENV2_03048,-1,
GENV2_03391,-1,
SYNEXP_00449,-1,
SYNEXP_01248,-1,
SYNEXP_01591,0,"sessions, stutter, gaming sessions, gaming, bring"
SYNEXP_02221,9,"phone, apps, feels, time, use"
SYNEXP_02403,-1,
SYNEXP_03585,-1,
GENV2_00847,8,"drain, drain noticeable, noticeable, noticeable overnight, standby drain"
GENV2_01446,-1,
GENV2_01631,-1,
GENV2_01928,-1,
GENV2_02291,-1,
GENV2_03178,-1,
GENV2_03698,-1,
GENV2_03889,-1,
SYNEXP_01311,-1,
SYNEXP_01354,-1,
SYNEXP_01612,-1,
SYNEXP_03674,-1,
GENV2_02052,-1,
GENV2_02817,-1,
GENV2_03526,-1,
SYNEXP_00260,-1,
SYNEXP_00604,-1,
SYNEXP_00686,3,"finish, colours, look, use, looks"
SYNEXP_00780,-1,
SYNEXP_01363,-1,
SYNEXP_01761,9,"phone, apps, feels, time, use"
SYNEXP_02957,-1,
GENV2_00257,2,"photos, use, phone, routine, works"
GENV2_00616,1,"panel, panel looks, bright, bright situations, looks bright"
GENV2_02042,-1,
GENV2_02698,-1,
GENV2_03767,-1,
GENV2_03908,-1,
SYNEXP_00569,-1,
SYNEXP_01418,-1,
SYNEXP_01803,9,"phone, apps, feels, time, use"
SYNEXP_01945,-1,
SYNEXP_02327,-1,
SYNEXP_02411,1,"panel, panel looks, bright, bright situations, looks bright"
SYNEXP_02788,-1,
SYNEXP_02987,-1,
SYNEXP_03415,-1,
SYNEXP_03758,-1,
GENV2_02896,-1,
GENV2_03062,-1,
GENV2_03529,-1,
GENV2_03838,-1,
GENV2_04117,-1,
SYNEXP_00037,9,"phone, apps, feels, time, use"
SYNEXP_00205,-1,
SYNEXP_00439,3,"finish, colours, look, use, looks"
SYNEXP_01615,7,"multitasking, multitasking acceptable, acceptable routine, acceptable, workable"
SYNEXP_01683,-1,
SYNEXP_01768,0,"sessions, stutter, gaming sessions, gaming, bring"
SYNEXP_02042,-1,
SYNEXP_02189,-1,
SYNEXP_02460,-1,
SYNEXP_03087,9,"phone, apps, feels, time, use"
GENV2_00070,3,"finish, colours, look, use, looks"
GENV2_01745,-1,
GENV2_02494,-1,
GENV2_03054,-1,
GENV2_04123,-1,
GENV2_04148,-1,
SYNEXP_00420,-1,
SYNEXP_00839,-1,
SYNEXP_01009,-1,
SYNEXP_01062,-1,
SYNEXP_02174,0,"sessions, stutter, gaming sessions, gaming, bring"
SYNEXP_02282,9,"phone, apps, feels, time, use"
GENV2_00023,0,"sessions, stutter, gaming sessions, gaming, bring"
GENV2_01198,4,"autofocus, everyday, subjects, use, autofocus reliable"
SYNEXP_00303,-1,
SYNEXP_00898,-1,
SYNEXP_01230,-1,
SYNEXP_01829,-1,
SYNEXP_03074,6,"night, shots, night shots, use, time"
SYNEXP_03434,-1,
SYNEXP_03479,-1,
SYNEXP_03663,-1,
GENV2_00173,5,"charging, speed, fairly, feels, charging speed"
GENV2_00510,5,"charging, speed, fairly, feels, charging speed"
GENV2_01530,-1,
GENV2_02572,-1,
GENV2_02765,-1,
GENV2_03473,-1,
GENV2_03909,-1,
SYNEXP_01167,-1,
SYNEXP_01977,-1,
SYNEXP_02365,-1,
SYNEXP_02397,-1,
GENV2_00127,9,"phone, apps, feels, time, use"
GENV2_01391,-1,
GENV2_01624,-1,
GENV2_01673,-1,
GENV2_02795,-1,
SYNEXP_00135,-1,
SYNEXP_01519,-1,
SYNEXP_01678,-1,
SYNEXP_01704,0,"sessions, stutter, gaming sessions, gaming, bring"
SYNEXP_02018,-1,
SYNEXP_02401,0,"sessions, stutter, gaming sessions, gaming, bring"
SYNEXP_02789,-1,
SYNEXP_03051,-1,
GENV2_00058,5,"charging, speed, fairly, feels, charging speed"
GENV2_00337,1,"panel, panel looks, bright, bright situations, looks bright"
GENV2_00798,1,"panel, panel looks, bright, bright situations, looks bright"
GENV2_01186,2,"photos, use, phone, routine, works"
GENV2_01402,-1,
GENV2_02240,-1,
GENV2_02298,-1,
GENV2_02709,-1,
GENV2_02931,-1,
SYNEXP_00101,-1,
SYNEXP_00581,9,"phone, apps, feels, time, use"
SYNEXP_01294,-1,
SYNEXP_01392,-1,
SYNEXP_01525,3,"finish, colours, look, use, looks"
SYNEXP_01942,-1,
SYNEXP_02691,-1,
SYNEXP_02852,-1,
SYNEXP_02888,-1,
SYNEXP_03607,-1,
GENV2_02149,-1,
GENV2_03274,-1,
GENV2_03527,-1,
SYNEXP_00027,-1,
SYNEXP_00217,-1,
SYNEXP_00283,-1,
SYNEXP_01419,-1,
SYNEXP_02781,-1,
SYNEXP_03169,-1,
SYNEXP_03439,-1,
GENV2_01056,1,"panel, panel looks, bright, bright situations, looks bright"
GENV2_01207,6,"night, shots, night shots, use, time"
GENV2_01248,2,"photos, use, phone, routine, works"
GENV2_01784,-1,
GENV2_02815,-1,
GENV2_02935,-1,
GENV2_03190,-1,
GENV2_04134,-1,
SYNEXP_00475,5,"charging, speed, fairly, feels, charging speed"
SYNEXP_02140,-1,
SYNEXP_02428,-1,
SYNEXP_03454,-1,
GENV2_00169,5,"charging, speed, fairly, feels, charging speed"
GENV2_00371,2,"photos, use, phone, routine, works"
GENV2_01526,-1,
GENV2_01984,-1,
GENV2_03216,-1,
SYNEXP_00269,-1,
SYNEXP_00461,-1,
SYNEXP_00489,-1,
SYNEXP_01766,-1,
GENV2_01161,6,"night, shots, night shots, use, time"
GENV2_01484,-1,
GENV2_01698,-1,
GENV2_04186,-1,
SYNEXP_00407,-1,
SYNEXP_00821,-1,
SYNEXP_00913,-1,
SYNEXP_01460,-1,
SYNEXP_02212,-1,
SYNEXP_03395,-1,
GENV2_00159,4,"autofocus, everyday, subjects, use, autofocus reliable"
GENV2_00728,3,"finish, colours, look, use, looks"
GENV2_00915,6,"night, shots, night shots, use, time"
GENV2_01053,2,"photos, use, phone, routine, works"
GENV2_01514,-1,
GENV2_01937,-1,
GENV2_02874,-1,
GENV2_02948,-1,
GENV2_03167,-1,
GENV2_03233,-1,
GENV2_03556,-1,
GENV2_03972,-1,
SYNEXP_00315,-1,
SYNEXP_00745,-1,
SYNEXP_01299,-1,
SYNEXP_01726,-1,
SYNEXP_02702,-1,
SYNEXP_03428,8,"drain, drain noticeable, noticeable, noticeable overnight, standby drain"
SYNEXP_03496,-1,
GENV2_00110,2,"photos, use, phone, routine, works"
GENV2_00123,9,"phone, apps, feels, time, use"
GENV2_00647,1,"panel, panel looks, bright, bright situations, looks bright"
GENV2_02565,-1,
GENV2_02879,-1,
SYNEXP_01018,-1,
SYNEXP_02304,-1,
SYNEXP_02420,9,"phone, apps, feels, time, use"
SYNEXP_03192,-1,
GENV2_00367,2,"photos, use, phone, routine, works"
GENV2_00498,4,"autofocus, everyday, subjects, use, autofocus reliable"
GENV2_01612,-1,
GENV2_01613,-1,
GENV2_02143,-1,
GENV2_03549,-1,
GENV2_04071,-1,
SYNEXP_00618,-1,
SYNEXP_00804,-1,
SYNEXP_02097,-1,
SYNEXP_02934,-1,
SYNEXP_03268,-1,
SYNEXP_03497,-1,
GENV2_02409,-1,
GENV2_02537,-1,
GENV2_02933,-1,
GENV2_03532,-1,
GENV2_03787,-1,
GENV2_04121,-1,
SYNEXP_00138,5,"charging, speed, fairly, feels, charging speed"
SYNEXP_00185,-1,
SYNEXP_01118,-1,
SYNEXP_03013,-1,
SYNEXP_03338,-1,
SYNEXP_03635,-1,
GENV2_00120,8,"drain, drain noticeable, noticeable, noticeable overnight, standby drain"
GENV2_00275,2,"photos, use, phone, routine, works"
GENV2_00385,2,"photos, use, phone, routine, works"
GENV2_00848,2,"photos, use, phone, routine, works"
GENV2_01204,1,"panel, panel looks, bright, bright situations, looks bright"
GENV2_01947,-1,
GENV2_03149,-1,
GENV2_03671,-1,
GENV2_03968,-1,
SYNEXP_00423,-1,
SYNEXP_00659,7,"multitasking, multitasking acceptable, acceptable routine, acceptable, workable"
SYNEXP_00732,9,"phone, apps, feels, time, use"
SYNEXP_01346,-1,
SYNEXP_02660,-1,
SYNEXP_02669,8,"drain, drain noticeable, noticeable, noticeable overnight, standby drain"
SYNEXP_02905,0,"sessions, stutter, gaming sessions, gaming, bring"
SYNEXP_03147,-1,
GENV2_00842,2,"photos, use, phone, routine, works"
GENV2_01473,-1,
GENV2_01566,-1,
GENV2_01659,-1,
GENV2_01801,-1,
GENV2_02504,-1,
GENV2_02956,-1,
GENV2_02959,-1,
GENV2_02972,-1,
GENV2_03553,-1,
SYNEXP_01730,-1,
SYNEXP_02371,4,"autofocus, everyday, subjects, use, autofocus reliable"
SYNEXP_02850,9,"phone, apps, feels, time, use"
SYNEXP_03376,7,"multitasking, multitasking acceptable, acceptable routine, acceptable, workable"
GENV2_01064,8,"drain, drain noticeable, noticeable, noticeable overnight, standby drain"
GENV2_01349,3,"finish, colours, look, use, looks"
GENV2_01366,1,"panel, panel looks, bright, bright situations, looks bright"
GENV2_02421,-1,
GENV2_02613,-1,
GENV2_03152,-1,
GENV2_04094,-1,
SYNEXP_00259,-1,
SYNEXP_00392,-1,
SYNEXP_00443,5,"charging, speed, fairly, feels, charging speed"
SYNEXP_00796,0,"sessions, stutter, gaming sessions, gaming, bring"
SYNEXP_02219,-1,
SYNEXP_02290,-1,
SYNEXP_03165,-1,
SYNEXP_03340,7,"multitasking, multitasking acceptable, acceptable routine, acceptable, workable"
GENV2_00105,5,"charging, speed, fairly, feels, charging speed"
GENV2_00529,2,"photos, use, phone, routine, works"
GENV2_00913,4,"autofocus, everyday, subjects, use, autofocus reliable"
GENV2_01844,-1,
GENV2_03978,-1,
GENV2_04031,-1,
SYNEXP_00963,4,"autofocus, everyday, subjects, use, autofocus reliable"
SYNEXP_03474,0,"sessions, stutter, gaming sessions, gaming, bring"
SYNEXP_03478,-1,
GENV2_00160,5,"charging, speed, fairly, feels, charging speed"
GENV2_00889,6,"night, shots, night shots, use, time"
GENV2_01347,3,"finish, colours, look, use, looks"
GENV2_01408,-1,
GENV2_02007,-1,
GENV2_02204,-1,
GENV2_02483,-1,
GENV2_03966,-1,
SYNEXP_00016,-1,
SYNEXP_01407,-1,
SYNEXP_02588,6,"night, shots, night shots, use, time"
GENV2_00481,9,"phone, apps, feels, time, use"
GENV2_01639,-1,
GENV2_03891,-1,
SYNEXP_00690,7,"multitasking, multitasking acceptable, acceptable routine, acceptable, workable"
SYNEXP_01149,-1,
SYNEXP_01672,-1,
GENV2_00539,2,"photos, use, phone, routine, works"
GENV2_01807,-1,
GENV2_02659,-1,
GENV2_02870,-1,
GENV2_03960,-1,
GENV2_04196,-1,
SYNEXP_00912,-1,
SYNEXP_02044,-1,
SYNEXP_02325,-1,
SYNEXP_02517,-1,
SYNEXP_02832,1,"panel, panel looks, bright, bright situations, looks bright"
SYNEXP_03046,-1,
SYNEXP_03178,-1,
SYNEXP_03190,-1,
GENV2_01960,-1,
GENV2_02945,-1,
GENV2_02971,-1,
GENV2_03423,-1,
GENV2_03758,-1,
GENV2_04133,-1,
SYNEXP_00822,-1,
SYNEXP_02382,-1,
SYNEXP_03518,6,"night, shots, night shots, use, time"
GENV2_00434,7,"multitasking, multitasking acceptable, acceptable routine, acceptable, workable"
GENV2_00574,8,"drain, drain noticeable, noticeable, noticeable overnight, standby drain"
GENV2_00627,2,"photos, use, phone, routine, works"
GENV2_01039,1,"panel, panel looks, bright, bright situations, looks bright"
GENV2_01084,5,"charging, speed, fairly, feels, charging speed"
GENV2_01133,1,"panel, panel looks, bright, bright situations, looks bright"
GENV2_01303,5,"charging, speed, fairly, feels, charging speed"
GENV2_03481,-1,
GENV2_03597,-1,
SYNEXP_00115,-1,
SYNEXP_01195,-1,
SYNEXP_02326,-1,
SYNEXP_02417,-1,
SYNEXP_02673,-1,
SYNEXP_03380,-1,
GENV2_00198,2,"photos, use, phone, routine, works"
GENV2_00548,2,"photos, use, phone, routine, works"
GENV2_01037,5,"charging, speed, fairly, feels, charging speed"
GENV2_01247,2,"photos, use, phone, routine, works"
GENV2_02003,-1,
GENV2_02677,-1,
GENV2_02898,-1,
GENV2_03036,-1,
SYNEXP_00143,9,"phone, apps, feels, time, use"
GENV2_01662,-1,
GENV2_02340,-1,
GENV2_02578,-1,
GENV2_02944,-1,
GENV2_04040,-1,
SYNEXP_00514,-1,
SYNEXP_00699,-1,
SYNEXP_00848,-1,
SYNEXP_00903,-1,
SYNEXP_03198,-1,
GENV2_01055,4,"autofocus, everyday, subjects, use, autofocus reliable"
GENV2_02144,-1,
SYNEXP_01208,-1,
SYNEXP_02259,-1,
GENV2_01148,6,"night, shots, night shots, use, time"
GENV2_02318,-1,
GENV2_02707,-1,
GENV2_03084,-1,
GENV2_03164,-1,
SYNEXP_01805,-1,
SYNEXP_02392,6,"night, shots, night shots, use, time"
SYNEXP_02869,-1,
SYNEXP_03183,-1,
SYNEXP_03696,-1,
GENV2_00340,2,"photos, use, phone, routine, works"
GENV2_00630,6,"night, shots, night shots, use, time"
GENV2_01405,-1,
GENV2_02701,-1,
GENV2_03583,-1,
GENV2_03757,-1,
SYNEXP_00105,-1,
GENV2_00101,9,"phone, apps, feels, time, use"
GENV2_02380,-1,
GENV2_02648,-1,
GENV2_03677,-1,
SYNEXP_00316,-1,
SYNEXP_00653,-1,
SYNEXP_01192,7,"multitasking, multitasking acceptable, acceptable routine, acceptable, workable"
SYNEXP_01603,-1,
SYNEXP_03209,9,"phone, apps, feels, time, use"
SYNEXP_03738,-1,
GENV2_00239,9,"phone, apps, feels, time, use"
GENV2_00469,6,"night, shots, night shots, use, time"
GENV2_00595,2,"photos, use, phone, routine, works"
GENV2_00751,4,"autofocus, everyday, subjects, use, autofocus reliable"
GENV2_01519,-1,
GENV2_01562,-1,
GENV2_01953,-1,
GENV2_02422,-1,
SYNEXP_00572,-1,
SYNEXP_00731,-1,
SYNEXP_01797,-1,
SYNEXP_02847,-1,
SYNEXP_02950,-1,
SYNEXP_03490,-1,
GENV2_00046,6,"night, shots, night shots, use, time"
GENV2_00727,5,"charging, speed, fairly, feels, charging speed"
GENV2_01367,4,"autofocus, everyday, subjects, use, autofocus reliable"
GENV2_02201,-1,
GENV2_02374,-1,
GENV2_02754,-1,
GENV2_03922,-1,
SYNEXP_00060,6,"night, shots, night shots, use, time"
SYNEXP_00193,-1,
SYNEXP_01205,6,"night, shots, night shots, use, time"
SYNEXP_01287,9,"phone, apps, feels, time, use"
SYNEXP_01652,-1,
SYNEXP_02577,-1,
GENV2_00796,2,"photos, use, phone, routine, works"
GENV2_01050,4,"autofocus, everyday, subjects, use, autofocus reliable"
GENV2_01335,3,"finish, colours, look, use, looks"
GENV2_01395,-1,
GENV2_01883,-1,
GENV2_03203,-1,
SYNEXP_00641,0,"sessions, stutter, gaming sessions, gaming, bring"
SYNEXP_01414,0,"sessions, stutter, gaming sessions, gaming, bring"
SYNEXP_01465,-1,
SYNEXP_01827,-1,
SYNEXP_02110,-1,
SYNEXP_02375,-1,
SYNEXP_02512,-1,
GENV2_00056,3,"finish, colours, look, use, looks"
GENV2_00613,1,"panel, panel looks, bright, bright situations, looks bright"
GENV2_01225,7,"multitasking, multitasking acceptable, acceptable routine, acceptable, workable"
GENV2_02383,-1,
GENV2_02983,-1,
GENV2_04146,-1,
SYNEXP_01048,-1,
SYNEXP_02145,-1,
SYNEXP_03599,9,"phone, apps, feels, time, use"
GENV2_00233,1,"panel, panel looks, bright, bright situations, looks bright"
GENV2_01889,-1,
GENV2_02617,-1,
GENV2_03056,-1,
GENV2_03447,-1,
GENV2_03829,-1,
GENV2_03992,-1,
SYNEXP_00088,6,"night, shots, night shots, use, time"
SYNEXP_00234,9,"phone, apps, feels, time, use"
SYNEXP_00533,-1,
SYNEXP_01038,8,"drain, drain noticeable, noticeable, noticeable overnight, standby drain"
SYNEXP_01331,9,"phone, apps, feels, time, use"
SYNEXP_02366,9,"phone, apps, feels, time, use"
SYNEXP_03341,-1,
SYNEXP_03513,-1,
SYNEXP_03523,9,"phone, apps, feels, time, use"
GENV2_01144,2,"photos, use, phone, routine, works"
GENV2_01241,2,"photos, use, phone, routine, works"
GENV2_01460,-1,
GENV2_01728,-1,
GENV2_02892,-1,
GENV2_03227,-1,
GENV2_03916,-1,
GENV2_04126,-1,
SYNEXP_00744,-1,
SYNEXP_01104,-1,
SYNEXP_01658,-1,
SYNEXP_02299,-1,
SYNEXP_02779,-1,
SYNEXP_02931,-1,
SYNEXP_03461,-1,
GENV2_00586,6,"night, shots, night shots, use, time"
GENV2_00672,8,"drain, drain noticeable, noticeable, noticeable overnight, standby drain"
GENV2_00712,3,"finish, colours, look, use, looks"
GENV2_01174,2,"photos, use, phone, routine, works"
GENV2_01732,-1,
GENV2_01935,-1,
GENV2_02190,-1,
GENV2_02208,-1,
GENV2_03302,-1,
GENV2_03761,-1,
SYNEXP_01588,9,"phone, apps, feels, time, use"
SYNEXP_01877,5,"charging, speed, fairly, feels, charging speed"
SYNEXP_01985,-1,
SYNEXP_02229,-1,
SYNEXP_02320,0,"sessions, stutter, gaming sessions, gaming, bring"
SYNEXP_02909,-1,
SYNEXP_03586,-1,
SYNEXP_03762,-1,
GENV2_00147,5,"charging, speed, fairly, feels, charging speed"
GENV2_00183,4,"autofocus, everyday, subjects, use, autofocus reliable"
GENV2_00545,5,"charging, speed, fairly, feels, charging speed"
GENV2_00894,1,"panel, panel looks, bright, bright situations, looks bright"
GENV2_00950,1,"panel, panel looks, bright, bright situations, looks bright"
GENV2_01325,3,"finish, colours, look, use, looks"
GENV2_01522,-1,
GENV2_01733,-1,
GENV2_02607,-1,
GENV2_02958,-1,
GENV2_04177,-1,
SYNEXP_00235,9,"phone, apps, feels, time, use"
SYNEXP_00284,-1,
SYNEXP_01517,9,"phone, apps, feels, time, use"
SYNEXP_01860,-1,
SYNEXP_01897,-1,
SYNEXP_02236,1,"panel, panel looks, bright, bright situations, looks bright"
SYNEXP_02492,-1,
SYNEXP_02836,0,"sessions, stutter, gaming sessions, gaming, bring"
GENV2_00411,5,"charging, speed, fairly, feels, charging speed"
GENV2_01312,3,"finish, colours, look, use, looks"
GENV2_01645,-1,
SYNEXP_00003,1,"panel, panel looks, bright, bright situations, looks bright"
SYNEXP_00035,0,"sessions, stutter, gaming sessions, gaming, bring"
SYNEXP_01547,8,"drain, drain noticeable, noticeable, noticeable overnight, standby drain"
SYNEXP_01578,0,"sessions, stutter, gaming sessions, gaming, bring"
SYNEXP_02261,-1,
SYNEXP_02523,-1,
SYNEXP_03107,-1,
SYNEXP_03724,-1,
GENV2_00444,2,"photos, use, phone, routine, works"
GENV2_00617,2,"photos, use, phone, routine, works"
GENV2_01045,3,"finish, colours, look, use, looks"
GENV2_02897,-1,
GENV2_03786,-1,
GENV2_03857,-1,
GENV2_03975,-1,
SYNEXP_00861,5,"charging, speed, fairly, feels, charging speed"
SYNEXP_02636,-1,
SYNEXP_03223,-1,
GENV2_00920,2,"photos, use, phone, routine, works"
GENV2_00962,6,"night, shots, night shots, use, time"
GENV2_01316,4,"autofocus, everyday, subjects, use, autofocus reliable"
GENV2_01599,-1,
GENV2_02584,-1,
GENV2_02654,-1,
SYNEXP_00293,-1,
SYNEXP_01142,-1,
SYNEXP_02025,-1,
SYNEXP_03138,6,"night, shots, night shots, use, time"
SYNEXP_03185,4,"autofocus, everyday, subjects, use, autofocus reliable"
GENV2_00240,6,"night, shots, night shots, use, time"
GENV2_01068,8,"drain, drain noticeable, noticeable, noticeable overnight, standby drain"
GENV2_01201,1,"panel, panel looks, bright, bright situations, looks bright"
GENV2_01418,-1,
GENV2_01442,-1,
GENV2_01598,-1,
GENV2_01819,-1,
GENV2_01970,-1,
GENV2_03357,-1,
GENV2_03602,-1,
GENV2_03634,-1,
SYNEXP_00824,3,"finish, colours, look, use, looks"
SYNEXP_00915,0,"sessions, stutter, gaming sessions, gaming, bring"
SYNEXP_00947,-1,
SYNEXP_01579,-1,
SYNEXP_01755,0,"sessions, stutter, gaming sessions, gaming, bring"
SYNEXP_02350,-1,
GENV2_00215,6,"night, shots, night shots, use, time"
GENV2_00968,6,"night, shots, night shots, use, time"
GENV2_01765,-1,
GENV2_01878,-1,
GENV2_02841,-1,
GENV2_02854,-1,
GENV2_02965,-1,
GENV2_03191,-1,
GENV2_04087,-1,
SYNEXP_00350,-1,
SYNEXP_01153,-1,
SYNEXP_01770,1,"panel, panel looks, bright, bright situations, looks bright"
SYNEXP_03353,5,"charging, speed, fairly, feels, charging speed"
SYNEXP_03494,-1,
GENV2_00970,8,"drain, drain noticeable, noticeable, noticeable overnight, standby drain"
GENV2_01099,1,"panel, panel looks, bright, bright situations, looks bright"
GENV2_01828,-1,
GENV2_02458,-1,
GENV2_03272,-1,
GENV2_03282,-1,
GENV2_03706,-1,
GENV2_03925,-1,
SYNEXP_00468,0,"sessions, stutter, gaming sessions, gaming, bring"
SYNEXP_02665,-1,
SYNEXP_03048,6,"night, shots, night shots, use, time"
SYNEXP_03304,-1,
SYNEXP_03755,-1,
GENV2_00264,2,"photos, use, phone, routine, works"
GENV2_00793,4,"autofocus, everyday, subjects, use, autofocus reliable"
GENV2_01350,1,"panel, panel looks, bright, bright situations, looks bright"
GENV2_02450,-1,
GENV2_02639,-1,
GENV2_02653,-1,
GENV2_03897,-1,
SYNEXP_01978,-1,
SYNEXP_03361,7,"multitasking, multitasking acceptable, acceptable routine, acceptable, workable"
SYNEXP_03535,-1,
SYNEXP_03768,9,"phone, apps, feels, time, use"
GENV2_01112,8,"drain, drain noticeable, noticeable, noticeable overnight, standby drain"
GENV2_01516,-1,
GENV2_01548,-1,
GENV2_02140,-1,
GENV2_03162,-1,
SYNEXP_00875,0,"sessions, stutter, gaming sessions, gaming, bring"
SYNEXP_01470,-1,
SYNEXP_02713,8,"drain, drain noticeable, noticeable, noticeable overnight, standby drain"
SYNEXP_03023,9,"phone, apps, feels, time, use"
SYNEXP_03488,-1,
GENV2_00088,5,"charging, speed, fairly, feels, charging speed"
GENV2_00273,9,"phone, apps, feels, time, use"
GENV2_01041,2,"photos, use, phone, routine, works"
GENV2_01517,-1,
GENV2_01866,-1,
GENV2_02940,-1,
GENV2_03445,-1,
GENV2_03502,-1,
SYNEXP_00061,-1,
SYNEXP_00918,-1,
SYNEXP_01067,-1,
SYNEXP_01720,-1,
SYNEXP_03352,-1,
SYNEXP_03573,-1,
GENV2_01711,-1,
GENV2_01939,-1,
GENV2_03170,-1,
SYNEXP_00850,-1,
SYNEXP_01200,-1,
SYNEXP_01458,-1,
SYNEXP_02051,-1,
SYNEXP_02443,-1,
SYNEXP_03320,-1,
GENV2_01115,6,"night, shots, night shots, use, time"
GENV2_01543,-1,
GENV2_01727,-1,
GENV2_02987,-1,
GENV2_03283,-1,
GENV2_03735,-1,
SYNEXP_00096,-1,
SYNEXP_00354,-1,
SYNEXP_01234,-1,
SYNEXP_03286,-1,
SYNEXP_03438,0,"sessions, stutter, gaming sessions, gaming, bring"
GENV2_00025,3,"finish, colours, look, use, looks"
GENV2_00331,6,"night, shots, night shots, use, time"
GENV2_00570,2,"photos, use, phone, routine, works"
GENV2_00694,5,"charging, speed, fairly, feels, charging speed"
GENV2_01005,0,"sessions, stutter, gaming sessions, gaming, bring"
GENV2_01584,-1,
GENV2_02360,-1,
GENV2_03126,-1,
GENV2_03589,-1,
SYNEXP_00764,-1,
SYNEXP_01285,-1,
SYNEXP_01420,-1,
GENV2_00985,0,"sessions, stutter, gaming sessions, gaming, bring"
GENV2_01042,5,"charging, speed, fairly, feels, charging speed"
GENV2_01327,4,"autofocus, everyday, subjects, use, autofocus reliable"
GENV2_01756,-1,
GENV2_01760,-1,
GENV2_02886,-1,
GENV2_03518,-1,
GENV2_03790,-1,
GENV2_04135,-1,
SYNEXP_00126,3,"finish, colours, look, use, looks"
SYNEXP_00831,6,"night, shots, night shots, use, time"
SYNEXP_00965,-1,
SYNEXP_01098,-1,
SYNEXP_01227,-1,
SYNEXP_01501,0,"sessions, stutter, gaming sessions, gaming, bring"
SYNEXP_01834,-1,
SYNEXP_02308,-1,
GENV2_00559,8,"drain, drain noticeable, noticeable, noticeable overnight, standby drain"
GENV2_00762,5,"charging, speed, fairly, feels, charging speed"
GENV2_01283,2,"photos, use, phone, routine, works"
GENV2_01348,7,"multitasking, multitasking acceptable, acceptable routine, acceptable, workable"
GENV2_02341,-1,
GENV2_03246,-1,
GENV2_03457,-1,
SYNEXP_02213,-1,
SYNEXP_02846,4,"autofocus, everyday, subjects, use, autofocus reliable"
SYNEXP_03115,-1,
GENV2_00232,1,"panel, panel looks, bright, bright situations, looks bright"
GENV2_00908,2,"photos, use, phone, routine, works"
GENV2_00975,2,"photos, use, phone, routine, works"
GENV2_02915,-1,
SYNEXP_00969,-1,
SYNEXP_01836,3,"finish, colours, look, use, looks"
SYNEXP_02162,-1,
SYNEXP_02762,6,"night, shots, night shots, use, time"
SYNEXP_03400,-1,
GENV2_01171,6,"night, shots, night shots, use, time"
GENV2_01838,-1,
GENV2_02210,-1,
GENV2_02929,-1,
GENV2_03610,-1,
SYNEXP_00326,-1,
SYNEXP_01332,-1,
SYNEXP_01391,-1,
SYNEXP_03032,9,"phone, apps, feels, time, use"
SYNEXP_03038,-1,
SYNEXP_03263,-1,
SYNEXP_03396,-1,
SYNEXP_03530,9,"phone, apps, feels, time, use"
GENV2_00100,1,"panel, panel looks, bright, bright situations, looks bright"
GENV2_00882,8,"drain, drain noticeable, noticeable, noticeable overnight, standby drain"
GENV2_01277,6,"night, shots, night shots, use, time"
GENV2_01500,-1,
GENV2_02063,-1,
GENV2_02511,-1,
GENV2_02884,-1,
SYNEXP_00246,0,"sessions, stutter, gaming sessions, gaming, bring"
SYNEXP_00268,-1,
SYNEXP_00363,-1,
SYNEXP_00576,9,"phone, apps, feels, time, use"
SYNEXP_00909,-1,
SYNEXP_02022,-1,
SYNEXP_03313,-1,
GENV2_00112,1,"panel, panel looks, bright, bright situations, looks bright"
GENV2_00542,2,"photos, use, phone, routine, works"
GENV2_00700,5,"charging, speed, fairly, feels, charging speed"
GENV2_01054,1,"panel, panel looks, bright, bright situations, looks bright"
GENV2_01683,-1,
GENV2_01749,-1,
GENV2_01876,-1,
GENV2_02293,-1,
GENV2_02437,-1,
GENV2_03234,-1,
GENV2_03492,-1,
SYNEXP_01282,-1,
SYNEXP_01352,-1,
GENV2_01125,1,"panel, panel looks, bright, bright situations, looks bright"
GENV2_01643,-1,
GENV2_01744,-1,
GENV2_02325,-1,
GENV2_02914,-1,
GENV2_03467,-1,
GENV2_03994,-1,
SYNEXP_00102,-1,
SYNEXP_00211,-1,
SYNEXP_00409,0,"sessions, stutter, gaming sessions, gaming, bring"
SYNEXP_00854,5,"charging, speed, fairly, feels, charging speed"
SYNEXP_01552,-1,
SYNEXP_02768,0,"sessions, stutter, gaming sessions, gaming, bring"
GENV2_00839,2,"photos, use, phone, routine, works"
GENV2_01289,2,"photos, use, phone, routine, works"
GENV2_01412,-1,
GENV2_02304,-1,
GENV2_03450,-1,
GENV2_03741,-1,
SYNEXP_00928,0,"sessions, stutter, gaming sessions, gaming, bring"
SYNEXP_01690,-1,
SYNEXP_02266,-1,
SYNEXP_02563,-1,
SYNEXP_02632,2,"photos, use, phone, routine, works"
SYNEXP_02953,2,"photos, use, phone, routine, works"
GENV2_00076,7,"multitasking, multitasking acceptable, acceptable routine, acceptable, workable"
GENV2_00295,1,"panel, panel looks, bright, bright situations, looks bright"
GENV2_00934,0,"sessions, stutter, gaming sessions, gaming, bring"
GENV2_01328,5,"charging, speed, fairly, feels, charging speed"
GENV2_03038,-1,
GENV2_03617,-1,
GENV2_03628,-1,
GENV2_03730,-1,
SYNEXP_00232,9,"phone, apps, feels, time, use"
SYNEXP_00597,-1,
SYNEXP_01059,-1,
SYNEXP_01409,-1,
SYNEXP_01631,9,"phone, apps, feels, time, use"
SYNEXP_03600,0,"sessions, stutter, gaming sessions, gaming, bring"
GENV2_00497,5,"charging, speed, fairly, feels, charging speed"
GENV2_00874,5,"charging, speed, fairly, feels, charging speed"
GENV2_01185,5,"charging, speed, fairly, feels, charging speed"
GENV2_01486,-1,
GENV2_02632,-1,
GENV2_02816,-1,
GENV2_03951,-1,
SYNEXP_00140,5,"charging, speed, fairly, feels, charging speed"
SYNEXP_01255,-1,
SYNEXP_01464,-1,
SYNEXP_02196,5,"charging, speed, fairly, feels, charging speed"
SYNEXP_02253,5,"charging, speed, fairly, feels, charging speed"
SYNEXP_02405,-1,
SYNEXP_02671,-1,
SYNEXP_03277,-1,
SYNEXP_03545,0,"sessions, stutter, gaming sessions, gaming, bring"
GENV2_00549,6,"night, shots, night shots, use, time"
GENV2_00636,2,"photos, use, phone, routine, works"
GENV2_02444,-1,
GENV2_02556,-1,
GENV2_02599,-1,
GENV2_03253,-1,
GENV2_04092,-1,
SYNEXP_00400,-1,
SYNEXP_00471,-1,
SYNEXP_01869,-1,
SYNEXP_02344,-1,
SYNEXP_02434,-1,
SYNEXP_03114,9,"phone, apps, feels, time, use"
GENV2_00536,9,"phone, apps, feels, time, use"
GENV2_00926,3,"finish, colours, look, use, looks"
GENV2_02590,-1,
GENV2_03475,-1,
SYNEXP_00053,-1,
SYNEXP_03283,0,"sessions, stutter, gaming sessions, gaming, bring"
SYNEXP_03354,-1,
SYNEXP_03511,6,"night, shots, night shots, use, time"
SYNEXP_03603,-1,
GENV2_00002,6,"night, shots, night shots, use, time"
GENV2_00062,2,"photos, use, phone, routine, works"
GENV2_00621,7,"multitasking, multitasking acceptable, acceptable routine, acceptable, workable"
GENV2_00997,1,"panel, panel looks, bright, bright situations, looks bright"
GENV2_01513,-1,
GENV2_02307,-1,
GENV2_02376,-1,
GENV2_02919,-1,
GENV2_03271,-1,
GENV2_04189,-1,
SYNEXP_00376,0,"sessions, stutter, gaming sessions, gaming, bring"
SYNEXP_01116,-1,
SYNEXP_02973,-1,
SYNEXP_03145,-1,
GENV2_00324,2,"photos, use, phone, routine, works"
GENV2_01642,-1,
GENV2_02822,-1,
GENV2_02969,-1,
GENV2_03378,-1,
SYNEXP_00116,-1,
SYNEXP_01320,9,"phone, apps, feels, time, use"
SYNEXP_01571,6,"night, shots, night shots, use, time"
SYNEXP_01738,-1,
SYNEXP_02655,-1,
SYNEXP_03167,-1,
SYNEXP_03243,-1,
SYNEXP_03703,-1,
GENV2_02046,-1,
GENV2_02269,-1,
GENV2_02372,-1,
SYNEXP_00770,6,"night, shots, night shots, use, time"
SYNEXP_01686,-1,
SYNEXP_01902,5,"charging, speed, fairly, feels, charging speed"
SYNEXP_02105,-1,
SYNEXP_02172,0,"sessions, stutter, gaming sessions, gaming, bring"
SYNEXP_03096,-1,
SYNEXP_03117,-1,
SYNEXP_03148,-1,
GENV2_00165,6,"night, shots, night shots, use, time"
GENV2_00441,3,"finish, colours, look, use, looks"
GENV2_00568,1,"panel, panel looks, bright, bright situations, looks bright"
GENV2_01740,-1,
GENV2_02840,-1,
GENV2_03200,-1,
GENV2_03718,-1,
SYNEXP_00239,-1,
SYNEXP_02311,3,"finish, colours, look, use, looks"
SYNEXP_02611,-1,
GENV2_01016,6,"night, shots, night shots, use, time"
GENV2_02205,-1,
GENV2_02535,-1,
GENV2_03009,-1,
GENV2_03313,-1,
SYNEXP_00155,-1,
SYNEXP_01032,-1,
SYNEXP_01224,8,"drain, drain noticeable, noticeable, noticeable overnight, standby drain"
GENV2_00200,2,"photos, use, phone, routine, works"
GENV2_00355,2,"photos, use, phone, routine, works"
GENV2_01354,5,"charging, speed, fairly, feels, charging speed"
GENV2_02631,-1,
GENV2_02661,-1,
SYNEXP_00119,-1,
SYNEXP_00347,-1,
SYNEXP_00683,6,"night, shots, night shots, use, time"
SYNEXP_01293,4,"autofocus, everyday, subjects, use, autofocus reliable"
SYNEXP_01748,-1,
SYNEXP_02295,-1,
SYNEXP_02675,5,"charging, speed, fairly, feels, charging speed"
GENV2_00172,3,"finish, colours, look, use, looks"
GENV2_00330,3,"finish, colours, look, use, looks"
GENV2_00782,0,"sessions, stutter, gaming sessions, gaming, bring"
GENV2_01181,1,"panel, panel looks, bright, bright situations, looks bright"
GENV2_02200,-1,
GENV2_02480,-1,
GENV2_03414,-1,
GENV2_04159,-1,
SYNEXP_00169,2,"photos, use, phone, routine, works"
SYNEXP_00800,-1,
SYNEXP_01505,-1,
SYNEXP_02426,9,"phone, apps, feels, time, use"
SYNEXP_02954,-1,
SYNEXP_03593,0,"sessions, stutter, gaming sessions, gaming, bring"
GENV2_00387,6,"night, shots, night shots, use, time"
GENV2_03315,-1,
GENV2_04088,-1,
SYNEXP_01249,-1,
SYNEXP_01385,6,"night, shots, night shots, use, time"
SYNEXP_01673,-1,
SYNEXP_02072,-1,
SYNEXP_03605,-1,
SYNEXP_03744,-1,
GENV2_00738,7,"multitasking, multitasking acceptable, acceptable routine, acceptable, workable"
GENV2_01988,-1,
GENV2_03493,-1,
GENV2_04124,-1,
SYNEXP_00056,9,"phone, apps, feels, time, use"
SYNEXP_00705,6,"night, shots, night shots, use, time"
SYNEXP_00763,-1,
SYNEXP_03233,-1,
SYNEXP_03524,-1,
GENV2_01195,1,"panel, panel looks, bright, bright situations, looks bright"
GENV2_01531,-1,
GENV2_01774,-1,
GENV2_02882,-1,
GENV2_03239,-1,
GENV2_03443,-1,
GENV2_03487,-1,
SYNEXP_00228,-1,
SYNEXP_00584,8,"drain, drain noticeable, noticeable, noticeable overnight, standby drain"
SYNEXP_00630,-1,
SYNEXP_00897,-1,
SYNEXP_01482,5,"charging, speed, fairly, feels, charging speed"
SYNEXP_01949,-1,
SYNEXP_02596,-1,
SYNEXP_02648,-1,
SYNEXP_03448,-1,
GENV2_00073,8,"drain, drain noticeable, noticeable, noticeable overnight, standby drain"
GENV2_00517,2,"photos, use, phone, routine, works"
GENV2_00729,2,"photos, use, phone, routine, works"
GENV2_00852,6,"night, shots, night shots, use, time"
GENV2_01558,-1,
GENV2_01881,-1,
GENV2_01976,-1,
GENV2_02137,-1,
GENV2_02192,-1,
GENV2_03065,-1,
GENV2_03196,-1,
GENV2_03799,-1,
SYNEXP_00723,-1,
SYNEXP_01132,-1,
SYNEXP_01666,-1,
SYNEXP_02536,-1,
SYNEXP_03254,-1,
GENV2_00178,2,"photos, use, phone, routine, works"
GENV2_00749,4,"autofocus, everyday, subjects, use, autofocus reliable"
GENV2_01503,-1,
GENV2_02295,-1,
GENV2_02610,-1,
GENV2_02739,-1,
GENV2_03020,-1,
GENV2_03069,-1,
SYNEXP_00033,-1,
SYNEXP_01376,7,"multitasking, multitasking acceptable, acceptable routine, acceptable, workable"
SYNEXP_01583,-1,
SYNEXP_01971,-1,
SYNEXP_02416,-1,
SYNEXP_02549,-1,
SYNEXP_03214,9,"phone, apps, feels, time, use"
SYNEXP_03229,0,"sessions, stutter, gaming sessions, gaming, bring"
GENV2_00171,5,"charging, speed, fairly, feels, charging speed"
GENV2_00195,2,"photos, use, phone, routine, works"
GENV2_01834,-1,
GENV2_02227,-1,
GENV2_02583,-1,
GENV2_03659,-1,
GENV2_03788,-1,
GENV2_04187,-1,
SYNEXP_00334,-1,
SYNEXP_00335,-1,
SYNEXP_01929,-1,
SYNEXP_02013,-1,
SYNEXP_02362,-1,
SYNEXP_02627,9,"phone, apps, feels, time, use"
SYNEXP_02864,-1,
SYNEXP_02891,4,"autofocus, everyday, subjects, use, autofocus reliable"
SYNEXP_03418,-1,
GENV2_00054,0,"sessions, stutter, gaming sessions, gaming, bring"
GENV2_00069,2,"photos, use, phone, routine, works"
GENV2_00150,3,"finish, colours, look, use, looks"
GENV2_00577,3,"finish, colours, look, use, looks"
GENV2_01940,-1,
GENV2_02282,-1,
GENV2_03328,-1,
SYNEXP_01154,-1,
SYNEXP_01319,1,"panel, panel looks, bright, bright situations, looks bright"
SYNEXP_01846,-1,
SYNEXP_01855,-1,
SYNEXP_02288,-1,
SYNEXP_03525,-1,
GENV2_00199,4,"autofocus, everyday, subjects, use, autofocus reliable"
GENV2_00682,6,"night, shots, night shots, use, time"
GENV2_00858,6,"night, shots, night shots, use, time"
GENV2_00901,2,"photos, use, phone, routine, works"
GENV2_00958,3,"finish, colours, look, use, looks"
GENV2_01464,-1,
GENV2_01478,-1,
GENV2_01601,-1,
GENV2_01706,-1,
GENV2_02141,-1,
GENV2_02489,-1,
GENV2_03131,-1,
GENV2_03419,-1,
GENV2_04096,-1,
SYNEXP_00864,6,"night, shots, night shots, use, time"
SYNEXP_03387,-1,
GENV2_00216,8,"drain, drain noticeable, noticeable, noticeable overnight, standby drain"
GENV2_00261,2,"photos, use, phone, routine, works"
GENV2_00639,2,"photos, use, phone, routine, works"
GENV2_02276,-1,
GENV2_02867,-1,
GENV2_03820,-1,
SYNEXP_00529,0,"sessions, stutter, gaming sessions, gaming, bring"
SYNEXP_02274,-1,
SYNEXP_02564,-1,
SYNEXP_03129,9,"phone, apps, feels, time, use"
GENV2_00608,3,"finish, colours, look, use, looks"
GENV2_02477,-1,
GENV2_02832,-1,
GENV2_03290,-1,
GENV2_03654,-1,
SYNEXP_00161,-1,
SYNEXP_00377,-1,
SYNEXP_00778,-1,
SYNEXP_01040,-1,
SYNEXP_01169,-1,
SYNEXP_01752,-1,
SYNEXP_02944,6,"night, shots, night shots, use, time"
SYNEXP_03295,9,"phone, apps, feels, time, use"
SYNEXP_03332,-1,
GENV2_00722,6,"night, shots, night shots, use, time"
GENV2_01309,4,"autofocus, everyday, subjects, use, autofocus reliable"
GENV2_02163,-1,
GENV2_03220,-1,
GENV2_03868,-1,
SYNEXP_00408,-1,
SYNEXP_00432,-1,
SYNEXP_01989,1,"panel, panel looks, bright, bright situations, looks bright"
SYNEXP_02752,-1,
GENV2_01392,-1,
GENV2_02683,-1,
SYNEXP_01526,0,"sessions, stutter, gaming sessions, gaming, bring"
SYNEXP_01669,-1,
SYNEXP_02029,-1,
SYNEXP_02107,-1,
SYNEXP_02645,-1,
SYNEXP_03155,-1,
SYNEXP_03456,-1,
SYNEXP_03741,9,"phone, apps, feels, time, use"
GENV2_00258,4,"autofocus, everyday, subjects, use, autofocus reliable"
GENV2_00572,8,"drain, drain noticeable, noticeable, noticeable overnight, standby drain"
GENV2_00783,8,"drain, drain noticeable, noticeable, noticeable overnight, standby drain"
GENV2_01018,6,"night, shots, night shots, use, time"
GENV2_01062,4,"autofocus, everyday, subjects, use, autofocus reliable"
GENV2_01364,5,"charging, speed, fairly, feels, charging speed"
GENV2_02280,-1,
GENV2_03531,-1,
GENV2_03874,-1,
GENV2_03958,-1,
SYNEXP_00946,-1,
SYNEXP_01801,-1,
SYNEXP_02062,-1,
SYNEXP_02654,9,"phone, apps, feels, time, use"
GENV2_00055,9,"phone, apps, feels, time, use"
GENV2_02418,-1,
GENV2_02454,-1,
GENV2_02501,-1,
GENV2_03223,-1,
GENV2_03793,-1,
GENV2_04160,-1,
SYNEXP_00445,5,"charging, speed, fairly, feels, charging speed"
SYNEXP_01016,-1,
SYNEXP_01940,-1,
SYNEXP_02084,-1,
SYNEXP_02349,-1,
SYNEXP_02814,-1,
SYNEXP_03186,3,"finish, colours, look, use, looks"
SYNEXP_03310,-1,
GENV2_00392,5,"charging, speed, fairly, feels, charging speed"
GENV2_01200,0,"sessions, stutter, gaming sessions, gaming, bring"
GENV2_01436,-1,
GENV2_01482,-1,
GENV2_01587,-1,
GENV2_03564,-1,
GENV2_03827,-1,
SYNEXP_00081,-1,
SYNEXP_00291,-1,
SYNEXP_01773,-1,
SYNEXP_02352,-1,
GENV2_00365,2,"photos, use, phone, routine, works"
GENV2_01154,5,"charging, speed, fairly, feels, charging speed"
GENV2_01818,-1,
GENV2_02072,-1,
GENV2_02424,-1,
GENV2_03862,-1,
GENV2_04103,-1,
SYNEXP_03690,-1,
GENV2_00528,2,"photos, use, phone, routine, works"
GENV2_02853,-1,
GENV2_03945,-1,
SYNEXP_00558,-1,
SYNEXP_00979,-1,
SYNEXP_01753,-1,
SYNEXP_02217,-1,
SYNEXP_02553,-1,
SYNEXP_02639,-1,
GENV2_00556,9,"phone, apps, feels, time, use"
GENV2_00871,3,"finish, colours, look, use, looks"
GENV2_01217,2,"photos, use, phone, routine, works"
GENV2_02416,-1,
GENV2_03192,-1,
GENV2_03320,-1,
GENV2_03335,-1,
GENV2_04110,-1,
SYNEXP_00402,-1,
SYNEXP_00447,-1,
SYNEXP_01915,-1,
SYNEXP_01919,0,"sessions, stutter, gaming sessions, gaming, bring"
SYNEXP_02128,6,"night, shots, night shots, use, time"
SYNEXP_03331,-1,
SYNEXP_03559,-1,
GENV2_00238,7,"multitasking, multitasking acceptable, acceptable routine, acceptable, workable"
GENV2_00747,2,"photos, use, phone, routine, works"
GENV2_01122,9,"phone, apps, feels, time, use"
GENV2_01777,-1,
GENV2_01873,-1,
GENV2_01945,-1,
GENV2_02913,-1,
GENV2_03322,-1,
GENV2_03642,-1,
SYNEXP_00073,-1,
SYNEXP_01459,8,"drain, drain noticeable, noticeable, noticeable overnight, standby drain"
SYNEXP_01763,-1,
SYNEXP_02264,-1,
SYNEXP_03688,-1,
GENV2_01051,3,"finish, colours, look, use, looks"
GENV2_01417,-1,
GENV2_02155,-1,
GENV2_02228,-1,
GENV2_02516,-1,
GENV2_03294,-1,
GENV2_03317,-1,
GENV2_03898,-1,
SYNEXP_01209,-1,
SYNEXP_02880,-1,
GENV2_00898,8,"drain, drain noticeable, noticeable, noticeable overnight, standby drain"
GENV2_02261,-1,
GENV2_02406,-1,
GENV2_02772,-1,
GENV2_03387,-1,
GENV2_03691,-1,
GENV2_03709,-1,
GENV2_03906,-1,
SYNEXP_01245,7,"multitasking, multitasking acceptable, acceptable routine, acceptable, workable"
SYNEXP_01417,3,"finish, colours, look, use, looks"
SYNEXP_01432,9,"phone, apps, feels, time, use"
SYNEXP_02249,-1,
SYNEXP_03131,-1,
SYNEXP_03389,-1,
GENV2_00690,9,"phone, apps, feels, time, use"
GENV2_00703,9,"phone, apps, feels, time, use"
GENV2_01286,5,"charging, speed, fairly, feels, charging speed"
GENV2_01596,-1,
GENV2_02343,-1,
GENV2_02593,-1,
GENV2_02735,-1,
GENV2_02985,-1,
GENV2_03325,-1,
GENV2_04034,-1,
SYNEXP_00393,-1,
SYNEXP_01423,-1,
SYNEXP_01538,8,"drain, drain noticeable, noticeable, noticeable overnight, standby drain"
SYNEXP_02276,-1,
SYNEXP_02509,-1,
SYNEXP_02790,-1,
SYNEXP_02858,0,"sessions, stutter, gaming sessions, gaming, bring"
SYNEXP_03141,-1,
GENV2_00538,6,"night, shots, night shots, use, time"
GENV2_01479,-1,
GENV2_01510,-1,
GENV2_02693,-1,
GENV2_02750,-1,
GENV2_03747,-1,
GENV2_03834,-1,
GENV2_04161,-1,
SYNEXP_00243,-1,
SYNEXP_00638,-1,
SYNEXP_02315,5,"charging, speed, fairly, feels, charging speed"
SYNEXP_02378,-1,
GENV2_00262,6,"night, shots, night shots, use, time"
GENV2_01362,2,"photos, use, phone, routine, works"
GENV2_03171,-1,
GENV2_03382,-1,
GENV2_03967,-1,
SYNEXP_02095,-1,
SYNEXP_03219,-1,
SYNEXP_03293,-1,
GENV2_01848,-1,
GENV2_02550,-1,
GENV2_02778,-1,
GENV2_02825,-1,
GENV2_03123,-1,
SYNEXP_01362,-1,
SYNEXP_03408,-1,
SYNEXP_03649,3,"finish, colours, look, use, looks"
GENV2_00072,0,"sessions, stutter, gaming sessions, gaming, bring"
GENV2_01652,-1,
GENV2_02299,-1,
GENV2_02539,-1,
GENV2_02628,-1,
GENV2_02733,-1,
GENV2_03368,-1,
SYNEXP_01087,-1,
SYNEXP_01262,-1,
SYNEXP_03110,1,"panel, panel looks, bright, bright situations, looks bright"
SYNEXP_03261,-1,
SYNEXP_03572,3,"finish, colours, look, use, looks"
GENV2_01067,6,"night, shots, night shots, use, time"
GENV2_01695,-1,
GENV2_02159,-1,
GENV2_02394,-1,
GENV2_02864,-1,
GENV2_03231,-1,
SYNEXP_02599,9,"phone, apps, feels, time, use"
GENV2_00465,8,"drain, drain noticeable, noticeable, noticeable overnight, standby drain"
GENV2_01156,2,"photos, use, phone, routine, works"
GENV2_01722,-1,
GENV2_01882,-1,
GENV2_01895,-1,
GENV2_02438,-1,
GENV2_02452,-1,
SYNEXP_00448,-1,
SYNEXP_00508,-1,
SYNEXP_00825,-1,
SYNEXP_01001,-1,
SYNEXP_01364,0,"sessions, stutter, gaming sessions, gaming, bring"
SYNEXP_01570,-1,
SYNEXP_01757,-1,
SYNEXP_03369,-1,
GENV2_00052,4,"autofocus, everyday, subjects, use, autofocus reliable"
GENV2_00256,4,"autofocus, everyday, subjects, use, autofocus reliable"
GENV2_00303,6,"night, shots, night shots, use, time"
GENV2_00472,2,"photos, use, phone, routine, works"
GENV2_00476,0,"sessions, stutter, gaming sessions, gaming, bring"
GENV2_00576,6,"night, shots, night shots, use, time"
GENV2_00679,0,"sessions, stutter, gaming sessions, gaming, bring"
GENV2_01551,-1,
GENV2_02027,-1,
GENV2_03018,-1,
GENV2_03268,-1,
GENV2_03817,-1,
GENV2_04077,-1,
SYNEXP_00702,-1,
SYNEXP_00914,-1,
SYNEXP_02653,-1,
SYNEXP_03109,-1,
SYNEXP_03322,4,"autofocus, everyday, subjects, use, autofocus reliable"
GENV2_00152,6,"night, shots, night shots, use, time"
GENV2_00363,2,"photos, use, phone, routine, works"
GENV2_00860,2,"photos, use, phone, routine, works"
GENV2_00955,4,"autofocus, everyday, subjects, use, autofocus reliable"
GENV2_01515,-1,
GENV2_01688,-1,
GENV2_02527,-1,
GENV2_03004,-1,
GENV2_03075,-1,
GENV2_03389,-1,
GENV2_04162,-1,
SYNEXP_00067,-1,
SYNEXP_00790,-1,
SYNEXP_01027,-1,
SYNEXP_01663,1,"panel, panel looks, bright, bright situations, looks bright"
SYNEXP_02069,3,"finish, colours, look, use, looks"
SYNEXP_02776,7,"multitasking, multitasking acceptable, acceptable routine, acceptable, workable"
SYNEXP_03312,3,"finish, colours, look, use, looks"
GENV2_00083,8,"drain, drain noticeable, noticeable, noticeable overnight, standby drain"
GENV2_00625,4,"autofocus, everyday, subjects, use, autofocus reliable"
GENV2_00632,2,"photos, use, phone, routine, works"
GENV2_01052,1,"panel, panel looks, bright, bright situations, looks bright"
GENV2_01124,2,"photos, use, phone, routine, works"
GENV2_01763,-1,
GENV2_03636,-1,
GENV2_03674,-1,
GENV2_04018,-1,
SYNEXP_00172,-1,
SYNEXP_00589,-1,
SYNEXP_01257,5,"charging, speed, fairly, feels, charging speed"
SYNEXP_02942,6,"night, shots, night shots, use, time"
SYNEXP_03416,-1,
GENV2_00068,6,"night, shots, night shots, use, time"
GENV2_00870,6,"night, shots, night shots, use, time"
GENV2_00887,9,"phone, apps, feels, time, use"
GENV2_00976,2,"photos, use, phone, routine, works"
GENV2_00977,2,"photos, use, phone, routine, works"
GENV2_00982,9,"phone, apps, feels, time, use"
GENV2_02084,-1,
GENV2_02331,-1,
GENV2_02353,-1,
GENV2_02602,-1,
GENV2_02786,-1,
GENV2_03796,-1,
GENV2_03858,-1,
GENV2_03913,-1,
SYNEXP_00256,0,"sessions, stutter, gaming sessions, gaming, bring"
SYNEXP_00657,-1,
SYNEXP_00691,-1,
SYNEXP_01853,-1,
SYNEXP_02014,-1,
SYNEXP_02406,-1,
SYNEXP_02734,-1,
SYNEXP_03077,1,"panel, panel looks, bright, bright situations, looks bright"
GENV2_00667,5,"charging, speed, fairly, feels, charging speed"
GENV2_01667,-1,
GENV2_01949,-1,
GENV2_02068,-1,
GENV2_02687,-1,
GENV2_03280,-1,
GENV2_03593,-1,
GENV2_04058,-1,
SYNEXP_00849,-1,
SYNEXP_01947,8,"drain, drain noticeable, noticeable, noticeable overnight, standby drain"
GENV2_00327,2,"photos, use, phone, routine, works"
GENV2_00357,2,"photos, use, phone, routine, works"
GENV2_00604,1,"panel, panel looks, bright, bright situations, looks bright"
GENV2_02379,-1,
GENV2_02656,-1,
GENV2_03424,-1,
GENV2_04129,-1,
SYNEXP_00356,9,"phone, apps, feels, time, use"
SYNEXP_00746,-1,
SYNEXP_01035,5,"charging, speed, fairly, feels, charging speed"
SYNEXP_01210,-1,
SYNEXP_01813,-1,
SYNEXP_03050,-1,
SYNEXP_03609,3,"finish, colours, look, use, looks"
GENV2_00912,2,"photos, use, phone, routine, works"
GENV2_02396,-1,
GENV2_02674,-1,
GENV2_02974,-1,
GENV2_03086,-1,
GENV2_03367,-1,
SYNEXP_00382,1,"panel, panel looks, bright, bright situations, looks bright"
SYNEXP_00440,5,"charging, speed, fairly, feels, charging speed"
SYNEXP_01099,0,"sessions, stutter, gaming sessions, gaming, bring"
SYNEXP_03346,-1,
GENV2_00007,9,"phone, apps, feels, time, use"
GENV2_00300,2,"photos, use, phone, routine, works"
GENV2_01142,6,"night, shots, night shots, use, time"
GENV2_01378,5,"charging, speed, fairly, feels, charging speed"
GENV2_02697,-1,
GENV2_03456,-1,
GENV2_03470,-1,
GENV2_04043,-1,
SYNEXP_02370,7,"multitasking, multitasking acceptable, acceptable routine, acceptable, workable"
SYNEXP_03412,-1,
GENV2_02102,-1,
GENV2_02350,-1,
GENV2_02957,-1,
SYNEXP_00178,8,"drain, drain noticeable, noticeable, noticeable overnight, standby drain"
SYNEXP_00520,0,"sessions, stutter, gaming sessions, gaming, bring"
SYNEXP_00986,-1,
SYNEXP_01633,8,"drain, drain noticeable, noticeable, noticeable overnight, standby drain"
SYNEXP_01859,9,"phone, apps, feels, time, use"
SYNEXP_02228,-1,
SYNEXP_02560,-1,
SYNEXP_02590,-1,
SYNEXP_03290,-1,
GENV2_00253,7,"multitasking, multitasking acceptable, acceptable routine, acceptable, workable"
GENV2_00956,6,"night, shots, night shots, use, time"
GENV2_01855,-1,
GENV2_02275,-1,
GENV2_02891,-1,
GENV2_03500,-1,
GENV2_03781,-1,
GENV2_03886,-1,
GENV2_03946,-1,
GENV2_04024,-1,
SYNEXP_00287,-1,
SYNEXP_02078,0,"sessions, stutter, gaming sessions, gaming, bring"
SYNEXP_02126,-1,
SYNEXP_02135,-1,
SYNEXP_02154,-1,
SYNEXP_03656,-1,
GENV2_00049,0,"sessions, stutter, gaming sessions, gaming, bring"
GENV2_00305,5,"charging, speed, fairly, feels, charging speed"
GENV2_00466,2,"photos, use, phone, routine, works"
GENV2_01061,1,"panel, panel looks, bright, bright situations, looks bright"
GENV2_01279,2,"photos, use, phone, routine, works"
GENV2_01311,5,"charging, speed, fairly, feels, charging speed"
GENV2_02435,-1,
GENV2_03550,-1,
GENV2_03783,-1,
GENV2_03931,-1,
SYNEXP_00396,3,"finish, colours, look, use, looks"
SYNEXP_01201,9,"phone, apps, feels, time, use"
SYNEXP_02978,-1,
SYNEXP_03153,-1,
SYNEXP_03392,9,"phone, apps, feels, time, use"
GENV2_00546,5,"charging, speed, fairly, feels, charging speed"
GENV2_01648,-1,
SYNEXP_00803,-1,
SYNEXP_01161,4,"autofocus, everyday, subjects, use, autofocus reliable"
SYNEXP_01408,6,"night, shots, night shots, use, time"
SYNEXP_01691,-1,
SYNEXP_02058,-1,
GENV2_00405,2,"photos, use, phone, routine, works"
GENV2_00521,9,"phone, apps, feels, time, use"
GENV2_00704,8,"drain, drain noticeable, noticeable, noticeable overnight, standby drain"
GENV2_00897,1,"panel, panel looks, bright, bright situations, looks bright"
GENV2_01710,-1,
GENV2_01746,-1,
GENV2_02529,-1,
GENV2_03404,-1,
GENV2_03894,-1,
SYNEXP_01360,6,"night, shots, night shots, use, time"
SYNEXP_02766,-1,
SYNEXP_02876,-1,
SYNEXP_03221,-1,
SYNEXP_03665,-1,
GENV2_00755,2,"photos, use, phone, routine, works"
GENV2_03090,-1,
SYNEXP_00201,-1,
SYNEXP_01495,-1,
SYNEXP_01536,-1,
SYNEXP_01916,5,"charging, speed, fairly, feels, charging speed"
SYNEXP_01974,-1,
SYNEXP_02796,3,"finish, colours, look, use, looks"
SYNEXP_02843,-1,
SYNEXP_02937,1,"panel, panel looks, bright, bright situations, looks bright"
SYNEXP_03130,-1,
SYNEXP_03675,-1,
GENV2_00032,3,"finish, colours, look, use, looks"
GENV2_00311,6,"night, shots, night shots, use, time"
GENV2_00820,2,"photos, use, phone, routine, works"
GENV2_01948,-1,
GENV2_02090,-1,
GENV2_03411,-1,
GENV2_03483,-1,
SYNEXP_00079,1,"panel, panel looks, bright, bright situations, looks bright"
SYNEXP_02173,-1,
SYNEXP_02238,-1,
SYNEXP_03176,-1,
SYNEXP_03625,-1,
GENV2_01058,6,"night, shots, night shots, use, time"
GENV2_01533,-1,
GENV2_01574,-1,
GENV2_02191,-1,
GENV2_02468,-1,
GENV2_02818,-1,
GENV2_03762,-1,
SYNEXP_00380,-1,
SYNEXP_00522,3,"finish, colours, look, use, looks"
SYNEXP_00591,-1,
SYNEXP_02187,0,"sessions, stutter, gaming sessions, gaming, bring"
GENV2_00983,2,"photos, use, phone, routine, works"
GENV2_01244,3,"finish, colours, look, use, looks"
GENV2_02334,-1,
GENV2_03355,-1,
GENV2_04057,-1,
GENV2_04147,-1,
SYNEXP_00142,0,"sessions, stutter, gaming sessions, gaming, bring"
SYNEXP_00177,-1,
SYNEXP_00729,-1,
SYNEXP_03041,6,"night, shots, night shots, use, time"
SYNEXP_03200,-1,
SYNEXP_03512,3,"finish, colours, look, use, looks"
GENV2_00607,1,"panel, panel looks, bright, bright situations, looks bright"
GENV2_01202,6,"night, shots, night shots, use, time"
GENV2_01249,3,"finish, colours, look, use, looks"
GENV2_01820,-1,
GENV2_02212,-1,
GENV2_03648,-1,
GENV2_03714,-1,
GENV2_03822,-1,
SYNEXP_00202,-1,
SYNEXP_01036,6,"night, shots, night shots, use, time"
SYNEXP_01218,-1,
SYNEXP_01430,-1,
SYNEXP_02896,-1,
GENV2_00564,2,"photos, use, phone, routine, works"
GENV2_00695,8,"drain, drain noticeable, noticeable, noticeable overnight, standby drain"
GENV2_01116,8,"drain, drain noticeable, noticeable, noticeable overnight, standby drain"
GENV2_02723,-1,
GENV2_02821,-1,
GENV2_02951,-1,
GENV2_03159,-1,
GENV2_03422,-1,
GENV2_03831,-1,
SYNEXP_00048,-1,
SYNEXP_00186,-1,
SYNEXP_00419,-1,
SYNEXP_00651,-1,
SYNEXP_02133,-1,
SYNEXP_03680,-1,
GENV2_00185,2,"photos, use, phone, routine, works"
GENV2_00495,5,"charging, speed, fairly, feels, charging speed"
GENV2_00918,3,"finish, colours, look, use, looks"
GENV2_01065,5,"charging, speed, fairly, feels, charging speed"
GENV2_01403,-1,
GENV2_03426,-1,
GENV2_03441,-1,
GENV2_03508,-1,
SYNEXP_00058,-1,
SYNEXP_00540,-1,
SYNEXP_00843,-1,
SYNEXP_01484,-1,
SYNEXP_01760,9,"phone, apps, feels, time, use"
SYNEXP_02209,-1,
SYNEXP_02449,-1,
SYNEXP_02958,0,"sessions, stutter, gaming sessions, gaming, bring"
SYNEXP_03157,-1,
SYNEXP_03551,6,"night, shots, night shots, use, time"
GENV2_00279,8,"drain, drain noticeable, noticeable, noticeable overnight, standby drain"
GENV2_01215,2,"photos, use, phone, routine, works"
GENV2_01860,-1,
GENV2_02249,-1,
GENV2_02624,-1,
SYNEXP_00122,-1,
SYNEXP_01261,-1,
SYNEXP_01373,7,"multitasking, multitasking acceptable, acceptable routine, acceptable, workable"
SYNEXP_01742,-1,
SYNEXP_01832,-1,
SYNEXP_02251,-1,
SYNEXP_02390,5,"charging, speed, fairly, feels, charging speed"
SYNEXP_02666,6,"night, shots, night shots, use, time"
SYNEXP_02878,5,"charging, speed, fairly, feels, charging speed"
SYNEXP_02941,3,"finish, colours, look, use, looks"
SYNEXP_03472,-1,
GENV2_00585,6,"night, shots, night shots, use, time"
GENV2_01682,-1,
GENV2_01694,-1,
GENV2_01781,-1,
GENV2_02226,-1,
GENV2_02478,-1,
SYNEXP_00321,6,"night, shots, night shots, use, time"
SYNEXP_00513,-1,
SYNEXP_02139,-1,
SYNEXP_03258,-1,
GENV2_01149,1,"panel, panel looks, bright, bright situations, looks bright"
GENV2_02026,-1,
GENV2_02263,-1,
GENV2_02492,-1,
GENV2_02776,-1,
GENV2_03689,-1,
GENV2_03821,-1,
SYNEXP_00023,-1,
SYNEXP_00162,-1,
SYNEXP_00199,-1,
SYNEXP_00647,2,"photos, use, phone, routine, works"
SYNEXP_00888,-1,
SYNEXP_00907,-1,
SYNEXP_00966,-1,
SYNEXP_01650,-1,
SYNEXP_02907,9,"phone, apps, feels, time, use"
GENV2_00075,3,"finish, colours, look, use, looks"
GENV2_00420,6,"night, shots, night shots, use, time"
GENV2_01245,8,"drain, drain noticeable, noticeable, noticeable overnight, standby drain"
GENV2_02322,-1,
GENV2_03669,-1,
GENV2_04063,-1,
SYNEXP_00621,-1,
SYNEXP_02545,3,"finish, colours, look, use, looks"
SYNEXP_02778,-1,
SYNEXP_02923,-1,
SYNEXP_03061,-1,
SYNEXP_03429,8,"drain, drain noticeable, noticeable, noticeable overnight, standby drain"
GENV2_00424,2,"photos, use, phone, routine, works"
GENV2_01944,-1,
GENV2_02796,-1,
GENV2_03375,-1,
GENV2_03912,-1,
SYNEXP_01050,9,"phone, apps, feels, time, use"
SYNEXP_01188,-1,
SYNEXP_01421,-1,
SYNEXP_02000,-1,
SYNEXP_02035,8,"drain, drain noticeable, noticeable, noticeable overnight, standby drain"
SYNEXP_02149,-1,
SYNEXP_02301,-1,
SYNEXP_02543,-1,
SYNEXP_02777,0,"sessions, stutter, gaming sessions, gaming, bring"
SYNEXP_03043,9,"phone, apps, feels, time, use"
GENV2_00600,3,"finish, colours, look, use, looks"
GENV2_01118,5,"charging, speed, fairly, feels, charging speed"
GENV2_01187,7,"multitasking, multitasking acceptable, acceptable routine, acceptable, workable"
GENV2_01288,3,"finish, colours, look, use, looks"
GENV2_01908,-1,
GENV2_01965,-1,
GENV2_02172,-1,
GENV2_03068,-1,
GENV2_03128,-1,
GENV2_03241,-1,
GENV2_03750,-1,
SYNEXP_02130,-1,
SYNEXP_02485,-1,
GENV2_00875,4,"autofocus, everyday, subjects, use, autofocus reliable"
GENV2_01400,-1,
GENV2_02970,-1,
SYNEXP_00306,4,"autofocus, everyday, subjects, use, autofocus reliable"
SYNEXP_00765,-1,
SYNEXP_01145,-1,
SYNEXP_02113,-1,
GENV2_00063,9,"phone, apps, feels, time, use"
GENV2_00131,5,"charging, speed, fairly, feels, charging speed"
GENV2_01173,5,"charging, speed, fairly, feels, charging speed"
GENV2_01572,-1,
GENV2_01776,-1,
GENV2_03299,-1,
GENV2_03410,-1,
GENV2_03726,-1,
SYNEXP_00783,-1,
SYNEXP_02693,6,"night, shots, night shots, use, time"
SYNEXP_02816,-1,
GENV2_00408,6,"night, shots, night shots, use, time"
GENV2_00916,4,"autofocus, everyday, subjects, use, autofocus reliable"
GENV2_01044,9,"phone, apps, feels, time, use"
GENV2_01290,0,"sessions, stutter, gaming sessions, gaming, bring"
GENV2_01750,-1,
GENV2_02315,-1,
GENV2_02741,-1,
GENV2_03348,-1,
GENV2_03364,-1,
GENV2_03586,-1,
GENV2_03639,-1,
GENV2_03943,-1,
SYNEXP_00025,3,"finish, colours, look, use, looks"
SYNEXP_00026,-1,
SYNEXP_00145,-1,
SYNEXP_00716,-1,
SYNEXP_01780,-1,
SYNEXP_02056,0,"sessions, stutter, gaming sessions, gaming, bring"
SYNEXP_02670,-1,
SYNEXP_03064,0,"sessions, stutter, gaming sessions, gaming, bring"
SYNEXP_03184,-1,
SYNEXP_03502,-1,
GENV2_00179,2,"photos, use, phone, routine, works"
GENV2_00421,5,"charging, speed, fairly, feels, charging speed"
GENV2_01628,-1,
GENV2_02183,-1,
GENV2_02361,-1,
GENV2_03244,-1,
GENV2_03403,-1,
GENV2_03814,-1,
SYNEXP_01160,-1,
SYNEXP_01601,-1,
SYNEXP_02993,-1,
GENV2_00437,0,"sessions, stutter, gaming sessions, gaming, bring"
GENV2_01487,-1,
GENV2_03125,-1,
GENV2_03376,-1,
SYNEXP_00052,8,"drain, drain noticeable, noticeable, noticeable overnight, standby drain"
SYNEXP_00486,-1,
SYNEXP_00636,9,"phone, apps, feels, time, use"
SYNEXP_00995,-1,
SYNEXP_01516,8,"drain, drain noticeable, noticeable, noticeable overnight, standby drain"
SYNEXP_02094,5,"charging, speed, fairly, feels, charging speed"
SYNEXP_03172,0,"sessions, stutter, gaming sessions, gaming, bring"
SYNEXP_03224,-1,
SYNEXP_03262,3,"finish, colours, look, use, looks"
SYNEXP_03611,-1,
SYNEXP_03620,5,"charging, speed, fairly, feels, charging speed"
SYNEXP_03652,-1,
GENV2_00078,1,"panel, panel looks, bright, bright situations, looks bright"
GENV2_00151,4,"autofocus, everyday, subjects, use, autofocus reliable"
GENV2_00602,2,"photos, use, phone, routine, works"
GENV2_00701,6,"night, shots, night shots, use, time"
GENV2_01066,2,"photos, use, phone, routine, works"
GENV2_01206,6,"night, shots, night shots, use, time"
GENV2_01825,-1,
GENV2_02045,-1,
GENV2_02138,-1,
GENV2_03092,-1,
SYNEXP_02415,-1,
SYNEXP_02575,0,"sessions, stutter, gaming sessions, gaming, bring"
SYNEXP_02999,-1,
SYNEXP_03323,-1,
GENV2_00710,6,"night, shots, night shots, use, time"
GENV2_02216,-1,
GENV2_02259,-1,
GENV2_02326,-1,
GENV2_03113,-1,
SYNEXP_00071,5,"charging, speed, fairly, feels, charging speed"
SYNEXP_00452,-1,
SYNEXP_00777,0,"sessions, stutter, gaming sessions, gaming, bring"
SYNEXP_00953,-1,
SYNEXP_01382,9,"phone, apps, feels, time, use"
SYNEXP_02307,-1,
SYNEXP_03154,0,"sessions, stutter, gaming sessions, gaming, bring"
GENV2_00863,9,"phone, apps, feels, time, use"
GENV2_01193,3,"finish, colours, look, use, looks"
GENV2_01390,-1,
GENV2_02366,-1,
GENV2_02561,-1,
GENV2_02708,-1,
GENV2_04081,-1,
SYNEXP_00532,-1,
SYNEXP_02104,-1,
SYNEXP_02244,-1,
GENV2_00541,1,"panel, panel looks, bright, bright situations, looks bright"
GENV2_00810,8,"drain, drain noticeable, noticeable, noticeable overnight, standby drain"
GENV2_01340,1,"panel, panel looks, bright, bright situations, looks bright"
GENV2_01734,-1,
GENV2_02548,-1,
GENV2_02560,-1,
SYNEXP_00128,-1,
SYNEXP_00521,-1,
SYNEXP_01438,5,"charging, speed, fairly, feels, charging speed"
SYNEXP_01728,8,"drain, drain noticeable, noticeable, noticeable overnight, standby drain"
SYNEXP_03222,0,"sessions, stutter, gaming sessions, gaming, bring"
GENV2_01300,8,"drain, drain noticeable, noticeable, noticeable overnight, standby drain"
GENV2_01811,-1,
GENV2_02909,-1,
GENV2_02994,-1,
GENV2_03205,-1,
GENV2_03522,-1,
GENV2_03729,-1,
GENV2_03899,-1,
SYNEXP_00403,-1,
SYNEXP_00552,3,"finish, colours, look, use, looks"
SYNEXP_00791,-1,
SYNEXP_01403,-1,
SYNEXP_01724,9,"phone, apps, feels, time, use"
SYNEXP_02450,-1,
SYNEXP_03272,6,"night, shots, night shots, use, time"
SYNEXP_03381,-1,
GENV2_00785,2,"photos, use, phone, routine, works"
GENV2_00907,6,"night, shots, night shots, use, time"
GENV2_01287,2,"photos, use, phone, routine, works"
GENV2_02377,-1,
GENV2_03087,-1,
GENV2_03813,-1,
GENV2_04172,-1,
SYNEXP_00601,-1,
SYNEXP_00827,3,"finish, colours, look, use, looks"
SYNEXP_01152,2,"photos, use, phone, routine, works"
SYNEXP_02792,-1,
SYNEXP_03527,-1,
GENV2_00186,3,"finish, colours, look, use, looks"
GENV2_01736,-1,
GENV2_03199,-1,
GENV2_03720,-1,
GENV2_03749,-1,
GENV2_03802,-1,
SYNEXP_00582,8,"drain, drain noticeable, noticeable, noticeable overnight, standby drain"
SYNEXP_00620,-1,
SYNEXP_00784,0,"sessions, stutter, gaming sessions, gaming, bring"
SYNEXP_01388,-1,
SYNEXP_01398,9,"phone, apps, feels, time, use"
SYNEXP_03236,-1,
GENV2_00182,6,"night, shots, night shots, use, time"
GENV2_00205,2,"photos, use, phone, routine, works"
GENV2_00234,2,"photos, use, phone, routine, works"
GENV2_00740,5,"charging, speed, fairly, feels, charging speed"
GENV2_00786,2,"photos, use, phone, routine, works"
GENV2_00824,6,"night, shots, night shots, use, time"
GENV2_01859,-1,
GENV2_02147,-1,
GENV2_02258,-1,
GENV2_03724,-1,
SYNEXP_00817,1,"panel, panel looks, bright, bright situations, looks bright"
SYNEXP_01165,-1,
SYNEXP_01375,1,"panel, panel looks, bright, bright situations, looks bright"
SYNEXP_01508,0,"sessions, stutter, gaming sessions, gaming, bring"
SYNEXP_01769,-1,
SYNEXP_02059,9,"phone, apps, feels, time, use"
SYNEXP_02408,-1,
SYNEXP_02461,-1,
SYNEXP_02482,-1,
SYNEXP_02483,-1,
GENV2_00079,6,"night, shots, night shots, use, time"
GENV2_00109,5,"charging, speed, fairly, feels, charging speed"
GENV2_00716,7,"multitasking, multitasking acceptable, acceptable routine, acceptable, workable"
GENV2_02455,-1,
GENV2_03704,-1,
GENV2_03770,-1,
SYNEXP_00216,6,"night, shots, night shots, use, time"
SYNEXP_01422,-1,
SYNEXP_02329,6,"night, shots, night shots, use, time"
SYNEXP_02763,6,"night, shots, night shots, use, time"
SYNEXP_03319,5,"charging, speed, fairly, feels, charging speed"
GENV2_00671,5,"charging, speed, fairly, feels, charging speed"
GENV2_00805,2,"photos, use, phone, routine, works"
GENV2_01022,3,"finish, colours, look, use, looks"
GENV2_02606,-1,
GENV2_03954,-1,
GENV2_03970,-1,
SYNEXP_00435,-1,
SYNEXP_00543,-1,
SYNEXP_00573,0,"sessions, stutter, gaming sessions, gaming, bring"
SYNEXP_01184,-1,
SYNEXP_01214,-1,
SYNEXP_01528,6,"night, shots, night shots, use, time"
SYNEXP_01689,1,"panel, panel looks, bright, bright situations, looks bright"
SYNEXP_02030,-1,
SYNEXP_02448,-1,
SYNEXP_02817,4,"autofocus, everyday, subjects, use, autofocus reliable"
SYNEXP_03112,-1,
SYNEXP_03500,-1,
GENV2_00108,9,"phone, apps, feels, time, use"
GENV2_01762,-1,
GENV2_01796,-1,
GENV2_01902,-1,
GENV2_02384,-1,
GENV2_02423,-1,
GENV2_03533,-1,
GENV2_03712,-1,
GENV2_03766,-1,
GENV2_04017,-1,
GENV2_04038,-1,
GENV2_04112,-1,
SYNEXP_00563,-1,
SYNEXP_02055,-1,
SYNEXP_02178,-1,
SYNEXP_03702,3,"finish, colours, look, use, looks"
GENV2_01333,5,"charging, speed, fairly, feels, charging speed"
GENV2_01368,6,"night, shots, night shots, use, time"
GENV2_01782,-1,
GENV2_02429,-1,
GENV2_02557,-1,
GENV2_02906,-1,
GENV2_03700,-1,
GENV2_03711,-1,
GENV2_03914,-1,
SYNEXP_00089,-1,
SYNEXP_00292,5,"charging, speed, fairly, feels, charging speed"
SYNEXP_00889,-1,
SYNEXP_01123,-1,
SYNEXP_01858,-1,
SYNEXP_03218,5,"charging, speed, fairly, feels, charging speed"
SYNEXP_03746,8,"drain, drain noticeable, noticeable, noticeable overnight, standby drain"
GENV2_00532,2,"photos, use, phone, routine, works"
GENV2_01789,-1,
GENV2_01930,-1,
GENV2_02982,-1,
GENV2_03229,-1,
SYNEXP_00139,-1,
SYNEXP_01221,-1,
SYNEXP_01598,-1,
SYNEXP_01926,9,"phone, apps, feels, time, use"
SYNEXP_02183,-1,
SYNEXP_02421,6,"night, shots, night shots, use, time"
SYNEXP_03684,0,"sessions, stutter, gaming sessions, gaming, bring"
GENV2_00085,0,"sessions, stutter, gaming sessions, gaming, bring"
GENV2_03238,-1,
SYNEXP_00313,0,"sessions, stutter, gaming sessions, gaming, bring"
SYNEXP_01196,-1,
SYNEXP_01477,6,"night, shots, night shots, use, time"
SYNEXP_02533,-1,
SYNEXP_02742,-1,
SYNEXP_02773,-1,
SYNEXP_03086,-1,
SYNEXP_03563,9,"phone, apps, feels, time, use"
GENV2_00759,3,"finish, colours, look, use, looks"
GENV2_01770,-1,
GENV2_02520,-1,
SYNEXP_00117,-1,
SYNEXP_00568,6,"night, shots, night shots, use, time"
SYNEXP_01108,-1,
SYNEXP_02255,-1,
SYNEXP_02444,-1,
SYNEXP_02709,-1,
SYNEXP_03092,-1,
SYNEXP_03748,-1,
GENV2_00544,5,"charging, speed, fairly, feels, charging speed"
GENV2_00597,6,"night, shots, night shots, use, time"
GENV2_01386,2,"photos, use, phone, routine, works"
GENV2_03343,-1,
SYNEXP_00320,-1,
SYNEXP_00737,-1,
SYNEXP_00832,0,"sessions, stutter, gaming sessions, gaming, bring"
SYNEXP_01900,-1,
SYNEXP_02525,-1,
SYNEXP_03180,-1,
SYNEXP_03269,9,"phone, apps, feels, time, use"
SYNEXP_03457,-1,
GENV2_00496,9,"phone, apps, feels, time, use"
GENV2_00855,2,"photos, use, phone, routine, works"
GENV2_01130,6,"night, shots, night shots, use, time"
GENV2_02335,-1,
GENV2_03306,-1,
SYNEXP_01401,-1,
SYNEXP_02087,9,"phone, apps, feels, time, use"
SYNEXP_02163,6,"night, shots, night shots, use, time"
GENV2_00277,2,"photos, use, phone, routine, works"
GENV2_00593,3,"finish, colours, look, use, looks"
GENV2_01957,-1,
GENV2_02103,-1,
GENV2_02262,-1,
GENV2_02414,-1,
GENV2_02479,-1,
GENV2_02562,-1,
GENV2_03344,-1,
SYNEXP_00034,-1,
SYNEXP_00844,9,"phone, apps, feels, time, use"
SYNEXP_02201,2,"photos, use, phone, routine, works"
SYNEXP_02833,3,"finish, colours, look, use, looks"
GENV2_00174,8,"drain, drain noticeable, noticeable, noticeable overnight, standby drain"
GENV2_00748,2,"photos, use, phone, routine, works"
GENV2_00832,5,"charging, speed, fairly, feels, charging speed"
GENV2_02493,-1,
GENV2_02553,-1,
GENV2_02634,-1,
GENV2_02768,-1,
GENV2_03105,-1,
SYNEXP_00279,3,"finish, colours, look, use, looks"
SYNEXP_00715,9,"phone, apps, feels, time, use"
SYNEXP_01015,3,"finish, colours, look, use, looks"
SYNEXP_01864,-1,
SYNEXP_02664,-1,
SYNEXP_03373,-1,
SYNEXP_03517,-1,
SYNEXP_03540,0,"sessions, stutter, gaming sessions, gaming, bring"
GENV2_00288,2,"photos, use, phone, routine, works"
GENV2_00936,4,"autofocus, everyday, subjects, use, autofocus reliable"
GENV2_01178,0,"sessions, stutter, gaming sessions, gaming, bring"
GENV2_01387,-1,
GENV2_01567,-1,
GENV2_02393,-1,
GENV2_02518,-1,
GENV2_03106,-1,
GENV2_03635,-1,
GENV2_04022,-1,
SYNEXP_00080,6,"night, shots, night shots, use, time"
SYNEXP_00230,-1,
SYNEXP_02459,-1,
SYNEXP_02503,9,"phone, apps, feels, time, use"
SYNEXP_03230,-1,
SYNEXP_03759,9,"phone, apps, feels, time, use"
GENV2_01609,-1,
GENV2_01735,-1,
GENV2_03276,-1,
GENV2_03496,-1,
SYNEXP_01091,-1,
SYNEXP_01845,-1,
SYNEXP_02134,-1,
SYNEXP_03526,-1,
GENV2_00136,9,"phone, apps, feels, time, use"
GENV2_00297,9,"phone, apps, feels, time, use"
GENV2_00439,3,"finish, colours, look, use, looks"
GENV2_02688,-1,
GENV2_02899,-1,
SYNEXP_01303,-1,
SYNEXP_02234,-1,
SYNEXP_02601,-1,
SYNEXP_03710,-1,
GENV2_01151,4,"autofocus, everyday, subjects, use, autofocus reliable"
GENV2_01317,8,"drain, drain noticeable, noticeable, noticeable overnight, standby drain"
GENV2_02241,-1,
GENV2_02499,-1,
GENV2_03150,-1,
GENV2_04192,-1,
SYNEXP_00344,-1,
SYNEXP_00895,-1,
SYNEXP_01338,-1,
SYNEXP_02602,-1,
SYNEXP_03402,0,"sessions, stutter, gaming sessions, gaming, bring"
GENV2_00050,9,"phone, apps, feels, time, use"
GENV2_02236,-1,
GENV2_02805,-1,
GENV2_03043,-1,
SYNEXP_00082,-1,
SYNEXP_00973,-1,
SYNEXP_01442,9,"phone, apps, feels, time, use"
SYNEXP_01524,0,"sessions, stutter, gaming sessions, gaming, bring"
SYNEXP_02431,-1,
GENV2_00041,4,"autofocus, everyday, subjects, use, autofocus reliable"
GENV2_01153,4,"autofocus, everyday, subjects, use, autofocus reliable"
GENV2_02088,-1,
GENV2_02164,-1,
GENV2_02248,-1,
SYNEXP_01078,1,"panel, panel looks, bright, bright situations, looks bright"
SYNEXP_01395,-1,
SYNEXP_01581,-1,
SYNEXP_02772,-1,
SYNEXP_03305,3,"finish, colours, look, use, looks"
GENV2_01814,-1,
GENV2_02793,-1,
GENV2_03129,-1,
GENV2_03855,-1,
SYNEXP_00010,9,"phone, apps, feels, time, use"
SYNEXP_00091,-1,
SYNEXP_00296,-1,
SYNEXP_00578,-1,
SYNEXP_00579,-1,
SYNEXP_01582,-1,
SYNEXP_01854,-1,
SYNEXP_02667,-1,
SYNEXP_02672,6,"night, shots, night shots, use, time"
GENV2_00008,5,"charging, speed, fairly, feels, charging speed"
GENV2_00047,6,"night, shots, night shots, use, time"
GENV2_02528,-1,
GENV2_02843,-1,
GENV2_03352,-1,
GENV2_04115,-1,
SYNEXP_00312,-1,
SYNEXP_00972,-1,
SYNEXP_01894,-1,
SYNEXP_01924,-1,
SYNEXP_02404,-1,
SYNEXP_02982,-1,
SYNEXP_03279,-1,
SYNEXP_03433,-1,
GENV2_01497,-1,
GENV2_01991,-1,
GENV2_02574,-1,
GENV2_03552,-1,
SYNEXP_00123,-1,
SYNEXP_01178,6,"night, shots, night shots, use, time"
SYNEXP_01206,-1,
SYNEXP_02098,-1,
SYNEXP_03073,-1,
SYNEXP_03401,-1,
SYNEXP_03444,1,"panel, panel looks, bright, bright situations, looks bright"
SYNEXP_03471,-1,
GENV2_01563,-1,
GENV2_02047,-1,
GENV2_02346,-1,
GENV2_02542,-1,
GENV2_02696,-1,
GENV2_02880,-1,
GENV2_03293,-1,
SYNEXP_01384,-1,
SYNEXP_01569,8,"drain, drain noticeable, noticeable, noticeable overnight, standby drain"
SYNEXP_02451,-1,
SYNEXP_02609,-1,
SYNEXP_03173,-1,
SYNEXP_03459,-1,
SYNEXP_03469,0,"sessions, stutter, gaming sessions, gaming, bring"
GENV2_00758,5,"charging, speed, fairly, feels, charging speed"
GENV2_01381,2,"photos, use, phone, routine, works"
GENV2_02502,-1,
GENV2_03019,-1,
GENV2_03255,-1,
SYNEXP_00358,0,"sessions, stutter, gaming sessions, gaming, bring"
SYNEXP_02735,9,"phone, apps, feels, time, use"
GENV2_00194,4,"autofocus, everyday, subjects, use, autofocus reliable"
GENV2_00590,2,"photos, use, phone, routine, works"
GENV2_00854,5,"charging, speed, fairly, feels, charging speed"
GENV2_00966,4,"autofocus, everyday, subjects, use, autofocus reliable"
GENV2_01926,-1,
GENV2_02213,-1,
GENV2_02246,-1,
GENV2_02878,-1,
GENV2_03269,-1,
SYNEXP_01253,9,"phone, apps, feels, time, use"
SYNEXP_01260,3,"finish, colours, look, use, looks"
SYNEXP_01335,-1,
SYNEXP_01619,9,"phone, apps, feels, time, use"
SYNEXP_03217,-1,
SYNEXP_03360,-1,
GENV2_00318,2,"photos, use, phone, routine, works"
GENV2_01006,8,"drain, drain noticeable, noticeable, noticeable overnight, standby drain"
GENV2_01420,-1,
GENV2_01557,-1,
GENV2_02534,-1,
GENV2_03919,-1,
SYNEXP_00019,-1,
SYNEXP_00411,-1,
SYNEXP_00470,-1,
SYNEXP_02551,9,"phone, apps, feels, time, use"
SYNEXP_02722,-1,
SYNEXP_02960,6,"night, shots, night shots, use, time"
SYNEXP_03207,-1,
SYNEXP_03532,-1,
SYNEXP_03697,-1,
GENV2_00213,2,"photos, use, phone, routine, works"
GENV2_00304,8,"drain, drain noticeable, noticeable, noticeable overnight, standby drain"
GENV2_01259,6,"night, shots, night shots, use, time"
GENV2_02392,-1,
GENV2_02466,-1,
GENV2_03351,-1,
GENV2_04039,-1,
SYNEXP_00595,8,"drain, drain noticeable, noticeable, noticeable overnight, standby drain"
SYNEXP_00633,5,"charging, speed, fairly, feels, charging speed"
SYNEXP_01952,-1,
SYNEXP_03623,-1,
SYNEXP_03642,0,"sessions, stutter, gaming sessions, gaming, bring"
GENV2_00460,2,"photos, use, phone, routine, works"
GENV2_03312,-1,
SYNEXP_00345,-1,
SYNEXP_00941,0,"sessions, stutter, gaming sessions, gaming, bring"
SYNEXP_01983,3,"finish, colours, look, use, looks"
SYNEXP_02798,-1,
GENV2_00380,9,"phone, apps, feels, time, use"
GENV2_01046,4,"autofocus, everyday, subjects, use, autofocus reliable"
GENV2_01129,6,"night, shots, night shots, use, time"
GENV2_01177,1,"panel, panel looks, bright, bright situations, looks bright"
GENV2_02433,-1,
GENV2_03228,-1,
GENV2_03554,-1,
GENV2_03848,-1,
SYNEXP_02001,-1,
SYNEXP_02410,-1,
SYNEXP_03056,8,"drain, drain noticeable, noticeable, noticeable overnight, standby drain"
SYNEXP_03706,-1,
SYNEXP_03742,-1,
GENV2_00294,5,"charging, speed, fairly, feels, charging speed"
GENV2_00480,2,"photos, use, phone, routine, works"
GENV2_01143,4,"autofocus, everyday, subjects, use, autofocus reliable"
GENV2_01184,1,"panel, panel looks, bright, bright situations, looks bright"
GENV2_01292,6,"night, shots, night shots, use, time"
GENV2_02231,-1,
GENV2_03041,-1,
GENV2_03256,-1,
SYNEXP_00057,-1,
SYNEXP_00070,-1,
SYNEXP_00223,-1,
SYNEXP_00587,5,"charging, speed, fairly, feels, charging speed"
SYNEXP_01063,-1,
SYNEXP_01194,-1,
SYNEXP_01371,-1,
SYNEXP_01806,5,"charging, speed, fairly, feels, charging speed"
SYNEXP_01814,-1,
SYNEXP_01908,0,"sessions, stutter, gaming sessions, gaming, bring"
SYNEXP_02751,-1,
SYNEXP_03215,-1,
SYNEXP_03533,-1,
SYNEXP_03700,-1,
GENV2_00974,2,"photos, use, phone, routine, works"
GENV2_01313,4,"autofocus, everyday, subjects, use, autofocus reliable"
GENV2_01962,-1,
GENV2_01999,-1,
GENV2_03944,-1,
GENV2_04033,-1,
SYNEXP_00005,-1,
SYNEXP_00157,-1,
SYNEXP_00329,-1,
SYNEXP_00454,-1,
SYNEXP_02387,-1,
SYNEXP_02619,-1,
GENV2_00988,8,"drain, drain noticeable, noticeable, noticeable overnight, standby drain"
GENV2_02179,-1,
GENV2_03127,-1,
GENV2_03847,-1,
SYNEXP_00674,-1,
SYNEXP_01051,-1,
SYNEXP_01189,-1,
SYNEXP_01718,9,"phone, apps, feels, time, use"
SYNEXP_02423,0,"sessions, stutter, gaming sessions, gaming, bring"
SYNEXP_03355,-1,
GENV2_00942,3,"finish, colours, look, use, looks"
GENV2_01794,-1,
GENV2_01840,-1,
GENV2_01852,-1,
GENV2_01914,-1,
GENV2_02860,-1,
GENV2_03398,-1,
GENV2_04179,-1,
SYNEXP_01498,-1,
SYNEXP_01642,-1,
SYNEXP_02278,-1,
SYNEXP_02908,-1,
SYNEXP_03548,-1,
GENV2_01038,5,"charging, speed, fairly, feels, charging speed"
GENV2_01625,-1,
GENV2_01665,-1,
GENV2_01911,-1,
GENV2_02603,-1,
GENV2_02755,-1,
GENV2_02911,-1,
SYNEXP_00310,-1,
SYNEXP_00662,-1,
SYNEXP_01094,9,"phone, apps, feels, time, use"
SYNEXP_01824,-1,
SYNEXP_01825,2,"photos, use, phone, routine, works"
SYNEXP_02466,-1,
SYNEXP_03162,-1,
GENV2_00267,3,"finish, colours, look, use, looks"
GENV2_00895,1,"panel, panel looks, bright, bright situations, looks bright"
GENV2_02214,-1,
GENV2_02321,-1,
GENV2_02481,-1,
SYNEXP_01140,-1,
SYNEXP_01278,8,"drain, drain noticeable, noticeable, noticeable overnight, standby drain"
SYNEXP_01711,-1,
SYNEXP_02246,-1,
SYNEXP_03015,0,"sessions, stutter, gaming sessions, gaming, bring"
SYNEXP_03309,-1,
GENV2_00012,1,"panel, panel looks, bright, bright situations, looks bright"
GENV2_00599,4,"autofocus, everyday, subjects, use, autofocus reliable"
GENV2_00814,4,"autofocus, everyday, subjects, use, autofocus reliable"
GENV2_02449,-1,
SYNEXP_00640,-1,
SYNEXP_01219,-1,
SYNEXP_02340,9,"phone, apps, feels, time, use"
GENV2_01179,2,"photos, use, phone, routine, works"
GENV2_01369,7,"multitasking, multitasking acceptable, acceptable routine, acceptable, workable"
GENV2_01507,-1,
GENV2_01815,-1,
GENV2_02199,-1,
GENV2_03377,-1,
GENV2_03596,-1,
GENV2_03604,-1,
SYNEXP_00129,6,"night, shots, night shots, use, time"
SYNEXP_00167,-1,
SYNEXP_00703,-1,
SYNEXP_02821,2,"photos, use, phone, routine, works"
GENV2_00106,2,"photos, use, phone, routine, works"
GENV2_00218,6,"night, shots, night shots, use, time"
GENV2_00453,8,"drain, drain noticeable, noticeable, noticeable overnight, standby drain"
GENV2_01307,2,"photos, use, phone, routine, works"
GENV2_01452,-1,
GENV2_01536,-1,
GENV2_01627,-1,
GENV2_01768,-1,
GENV2_01867,-1,
GENV2_03356,-1,
GENV2_04101,-1,
SYNEXP_00437,6,"night, shots, night shots, use, time"
SYNEXP_01076,-1,
SYNEXP_01563,-1,
SYNEXP_01822,9,"phone, apps, feels, time, use"
SYNEXP_01937,-1,
SYNEXP_02435,-1,
SYNEXP_02774,3,"finish, colours, look, use, looks"
SYNEXP_03315,-1,
SYNEXP_03681,-1,
SYNEXP_03694,-1,
GENV2_02022,-1,
GENV2_03694,-1,
SYNEXP_00962,9,"phone, apps, feels, time, use"
SYNEXP_01632,0,"sessions, stutter, gaming sessions, gaming, bring"
SYNEXP_02945,6,"night, shots, night shots, use, time"
SYNEXP_03045,6,"night, shots, night shots, use, time"
GENV2_00015,4,"autofocus, everyday, subjects, use, autofocus reliable"
GENV2_00296,1,"panel, panel looks, bright, bright situations, looks bright"
GENV2_00569,9,"phone, apps, feels, time, use"
GENV2_00622,2,"photos, use, phone, routine, works"
GENV2_01010,6,"night, shots, night shots, use, time"
GENV2_02908,-1,
GENV2_03840,-1,
GENV2_04026,-1,
SYNEXP_00527,-1,
SYNEXP_01124,-1,
SYNEXP_02034,-1,
SYNEXP_02861,-1,
SYNEXP_03058,5,"charging, speed, fairly, feels, charging speed"
GENV2_00452,6,"night, shots, night shots, use, time"
GENV2_00468,2,"photos, use, phone, routine, works"
GENV2_00946,9,"phone, apps, feels, time, use"
GENV2_01258,4,"autofocus, everyday, subjects, use, autofocus reliable"
GENV2_04080,-1,
SYNEXP_00820,-1,
SYNEXP_02043,9,"phone, apps, feels, time, use"
SYNEXP_02537,-1,
SYNEXP_02717,1,"panel, panel looks, bright, bright situations, looks bright"
SYNEXP_03544,8,"drain, drain noticeable, noticeable, noticeable overnight, standby drain"
GENV2_00107,9,"phone, apps, feels, time, use"
GENV2_00306,3,"finish, colours, look, use, looks"
GENV2_00949,6,"night, shots, night shots, use, time"
GENV2_01236,5,"charging, speed, fairly, feels, charging speed"
GENV2_01994,-1,
GENV2_02809,-1,
GENV2_03537,-1,
GENV2_03685,-1,
GENV2_04191,-1,
SYNEXP_00429,0,"sessions, stutter, gaming sessions, gaming, bring"
SYNEXP_00598,9,"phone, apps, feels, time, use"
SYNEXP_00867,-1,
SYNEXP_01233,-1,
SYNEXP_01759,-1,
SYNEXP_01848,-1,
SYNEXP_02109,-1,
SYNEXP_02647,-1,
GENV2_00390,4,"autofocus, everyday, subjects, use, autofocus reliable"
GENV2_00615,8,"drain, drain noticeable, noticeable, noticeable overnight, standby drain"
GENV2_00684,5,"charging, speed, fairly, feels, charging speed"
GENV2_01197,3,"finish, colours, look, use, looks"
GENV2_02415,-1,
GENV2_03717,-1,
GENV2_03722,-1,
SYNEXP_00241,9,"phone, apps, feels, time, use"
SYNEXP_00365,1,"panel, panel looks, bright, bright situations, looks bright"
SYNEXP_00743,0,"sessions, stutter, gaming sessions, gaming, bring"
SYNEXP_01532,5,"charging, speed, fairly, feels, charging speed"
SYNEXP_01850,0,"sessions, stutter, gaming sessions, gaming, bring"
SYNEXP_02020,9,"phone, apps, feels, time, use"
SYNEXP_02540,2,"photos, use, phone, routine, works"
SYNEXP_02747,-1,
GENV2_00051,6,"night, shots, night shots, use, time"
GENV2_02247,-1,
GENV2_02264,-1,
SYNEXP_00426,-1,
SYNEXP_00625,-1,
SYNEXP_00940,-1,
SYNEXP_01446,-1,
SYNEXP_01653,-1,
SYNEXP_02080,3,"finish, colours, look, use, looks"
SYNEXP_03256,0,"sessions, stutter, gaming sessions, gaming, bring"
SYNEXP_03723,0,"sessions, stutter, gaming sessions, gaming, bring"
GENV2_01183,9,"phone, apps, feels, time, use"
GENV2_01898,-1,
GENV2_02292,-1,
GENV2_02473,-1,
GENV2_02724,-1,
GENV2_04085,-1,
SYNEXP_00346,-1,
SYNEXP_01181,3,"finish, colours, look, use, looks"
SYNEXP_01256,5,"charging, speed, fairly, feels, charging speed"
SYNEXP_01463,-1,
SYNEXP_02799,5,"charging, speed, fairly, feels, charging speed"
SYNEXP_03506,9,"phone, apps, feels, time, use"
GENV2_00016,6,"night, shots, night shots, use, time"
GENV2_00724,2,"photos, use, phone, routine, works"
GENV2_02221,-1,
SYNEXP_00539,-1,
SYNEXP_00688,-1,
SYNEXP_01554,3,"finish, colours, look, use, looks"
SYNEXP_02302,-1,
SYNEXP_02554,3,"finish, colours, look, use, looks"
SYNEXP_02785,-1,
SYNEXP_03660,-1,
GENV2_00141,3,"finish, colours, look, use, looks"
GENV2_00806,8,"drain, drain noticeable, noticeable, noticeable overnight, standby drain"
GENV2_01108,2,"photos, use, phone, routine, works"
GENV2_01620,-1,
GENV2_02215,-1,
GENV2_02405,-1,
GENV2_02563,-1,
GENV2_03143,-1,
GENV2_03225,-1,
GENV2_03240,-1,
GENV2_03794,-1,
GENV2_04027,-1,
SYNEXP_00490,-1,
SYNEXP_01794,-1,
SYNEXP_01965,6,"night, shots, night shots, use, time"
SYNEXP_02076,-1,
SYNEXP_02610,-1,
SYNEXP_02917,-1,
GENV2_02601,-1,
GENV2_02766,-1,
GENV2_02910,-1,
GENV2_03420,-1,
GENV2_03534,-1,
SYNEXP_00430,-1,
SYNEXP_00957,-1,
SYNEXP_01204,-1,
SYNEXP_01309,-1,
SYNEXP_02926,-1,
GENV2_00945,1,"panel, panel looks, bright, bright situations, looks bright"
GENV2_01329,0,"sessions, stutter, gaming sessions, gaming, bring"
GENV2_01495,-1,
GENV2_01773,-1,
GENV2_02166,-1,
GENV2_02337,-1,
GENV2_02647,-1,
GENV2_02871,-1,
GENV2_02996,-1,
GENV2_03189,-1,
GENV2_03305,-1,
SYNEXP_00813,-1,
SYNEXP_00836,-1,
SYNEXP_01868,-1,
SYNEXP_02318,-1,
SYNEXP_03308,9,"phone, apps, feels, time, use"
GENV2_00443,6,"night, shots, night shots, use, time"
GENV2_00791,9,"phone, apps, feels, time, use"
GENV2_01238,2,"photos, use, phone, routine, works"
GENV2_01674,-1,
GENV2_01973,-1,
GENV2_02198,-1,
GENV2_03015,-1,
GENV2_03614,-1,
SYNEXP_00236,3,"finish, colours, look, use, looks"
SYNEXP_00687,-1,
SYNEXP_00920,9,"phone, apps, feels, time, use"
SYNEXP_01856,-1,
SYNEXP_03014,-1,
SYNEXP_03065,-1,
SYNEXP_03370,-1,
SYNEXP_03613,-1,
GENV2_00145,6,"night, shots, night shots, use, time"
GENV2_00753,2,"photos, use, phone, routine, works"
GENV2_00846,3,"finish, colours, look, use, looks"
GENV2_01715,-1,
GENV2_01904,-1,
GENV2_02025,-1,
GENV2_02465,-1,
GENV2_02887,-1,
SYNEXP_00109,-1,
SYNEXP_00144,-1,
SYNEXP_01936,-1,
SYNEXP_02828,-1,
SYNEXP_03692,-1,
GENV2_00156,5,"charging, speed, fairly, feels, charging speed"
GENV2_01291,2,"photos, use, phone, routine, works"
GENV2_01411,-1,
GENV2_02111,-1,
GENV2_02134,-1,
GENV2_02279,-1,
GENV2_02564,-1,
GENV2_02664,-1,
GENV2_02692,-1,
SYNEXP_00627,-1,
SYNEXP_01454,0,"sessions, stutter, gaming sessions, gaming, bring"
SYNEXP_02748,-1,
SYNEXP_02995,-1,
SYNEXP_03447,-1,
SYNEXP_03529,3,"finish, colours, look, use, looks"
GENV2_00096,4,"autofocus, everyday, subjects, use, autofocus reliable"
GENV2_00158,2,"photos, use, phone, routine, works"
GENV2_00865,7,"multitasking, multitasking acceptable, acceptable routine, acceptable, workable"
GENV2_02152,-1,
GENV2_02385,-1,
GENV2_02668,-1,
GENV2_02964,-1,
GENV2_03175,-1,
GENV2_03686,-1,
GENV2_03888,-1,
SYNEXP_00121,-1,
SYNEXP_00370,-1,
SYNEXP_00879,3,"finish, colours, look, use, looks"
SYNEXP_01047,-1,
SYNEXP_01648,1,"panel, panel looks, bright, bright situations, looks bright"
SYNEXP_02016,0,"sessions, stutter, gaming sessions, gaming, bring"
SYNEXP_02718,-1,
GENV2_00020,1,"panel, panel looks, bright, bright situations, looks bright"
GENV2_00581,2,"photos, use, phone, routine, works"
GENV2_00683,5,"charging, speed, fairly, feels, charging speed"
GENV2_01640,-1,
GENV2_02297,-1,
GENV2_02978,-1,
GENV2_03710,-1,
SYNEXP_00086,5,"charging, speed, fairly, feels, charging speed"
SYNEXP_00564,-1,
SYNEXP_00896,9,"phone, apps, feels, time, use"
SYNEXP_01467,-1,
SYNEXP_01950,6,"night, shots, night shots, use, time"
SYNEXP_02324,5,"charging, speed, fairly, feels, charging speed"
SYNEXP_02372,-1,
SYNEXP_02872,5,"charging, speed, fairly, feels, charging speed"
GENV2_00406,4,"autofocus, everyday, subjects, use, autofocus reliable"
GENV2_01964,-1,
GENV2_03536,-1,
SYNEXP_00385,-1,
SYNEXP_00494,5,"charging, speed, fairly, feels, charging speed"
SYNEXP_00943,-1,
SYNEXP_01075,-1,
SYNEXP_01379,8,"drain, drain noticeable, noticeable, noticeable overnight, standby drain"
SYNEXP_02947,-1,
SYNEXP_03339,-1,
SYNEXP_03536,-1,
GENV2_01790,-1,
GENV2_02323,-1,
GENV2_03746,-1,
GENV2_04061,-1,
GENV2_04136,-1,
SYNEXP_00795,-1,
SYNEXP_01948,-1,
SYNEXP_02215,7,"multitasking, multitasking acceptable, acceptable routine, acceptable, workable"
SYNEXP_02262,-1,
SYNEXP_03068,-1,
GENV2_00436,5,"charging, speed, fairly, feels, charging speed"
GENV2_00610,1,"panel, panel looks, bright, bright situations, looks bright"
GENV2_00718,8,"drain, drain noticeable, noticeable, noticeable overnight, standby drain"
GENV2_01433,-1,
GENV2_02992,-1,
GENV2_03286,-1,
GENV2_03663,-1,
SYNEXP_00492,-1,
SYNEXP_00622,-1,
SYNEXP_01079,-1,
SYNEXP_01127,5,"charging, speed, fairly, feels, charging speed"
SYNEXP_01158,0,"sessions, stutter, gaming sessions, gaming, bring"
SYNEXP_01217,-1,
SYNEXP_01277,7,"multitasking, multitasking acceptable, acceptable routine, acceptable, workable"
SYNEXP_01466,1,"panel, panel looks, bright, bright situations, looks bright"
GENV2_00364,5,"charging, speed, fairly, feels, charging speed"
GENV2_00550,9,"phone, apps, feels, time, use"
GENV2_00774,5,"charging, speed, fairly, feels, charging speed"
GENV2_03027,-1,
GENV2_03094,-1,
GENV2_03991,-1,
SYNEXP_00136,-1,
SYNEXP_00693,-1,
SYNEXP_01229,-1,
SYNEXP_02091,-1,
SYNEXP_03443,9,"phone, apps, feels, time, use"
GENV2_00525,9,"phone, apps, feels, time, use"
GENV2_00583,9,"phone, apps, feels, time, use"
GENV2_00638,7,"multitasking, multitasking acceptable, acceptable routine, acceptable, workable"
GENV2_00986,5,"charging, speed, fairly, feels, charging speed"
GENV2_01008,1,"panel, panel looks, bright, bright situations, looks bright"
GENV2_01135,1,"panel, panel looks, bright, bright situations, looks bright"
GENV2_02125,-1,
GENV2_02714,-1,
GENV2_03174,-1,
GENV2_03622,-1,
SYNEXP_00218,5,"charging, speed, fairly, feels, charging speed"
SYNEXP_00397,6,"night, shots, night shots, use, time"
SYNEXP_00549,8,"drain, drain noticeable, noticeable, noticeable overnight, standby drain"
SYNEXP_00742,-1,
SYNEXP_03737,-1,
GENV2_00339,2,"photos, use, phone, routine, works"
GENV2_00467,1,"panel, panel looks, bright, bright situations, looks bright"
GENV2_01449,-1,
GENV2_01520,-1,
GENV2_02463,-1,
GENV2_03471,-1,
SYNEXP_00113,-1,
SYNEXP_00149,-1,
SYNEXP_02705,-1,
SYNEXP_03271,-1,
GENV2_00428,6,"night, shots, night shots, use, time"
GENV2_01011,2,"photos, use, phone, routine, works"
GENV2_02846,-1,
GENV2_03594,-1,
GENV2_03772,-1,
SYNEXP_00340,-1,
SYNEXP_00398,9,"phone, apps, feels, time, use"
SYNEXP_02242,6,"night, shots, night shots, use, time"
SYNEXP_03181,-1,
GENV2_01021,2,"photos, use, phone, routine, works"
GENV2_01336,2,"photos, use, phone, routine, works"
GENV2_01414,-1,
GENV2_01549,-1,
GENV2_02980,-1,
GENV2_03045,-1,
GENV2_04086,-1,
SYNEXP_00141,-1,
SYNEXP_00816,6,"night, shots, night shots, use, time"
SYNEXP_01156,-1,
SYNEXP_01288,-1,
SYNEXP_02023,-1,
SYNEXP_02579,-1,
GENV2_00623,1,"panel, panel looks, bright, bright situations, looks bright"
GENV2_00675,2,"photos, use, phone, routine, works"
GENV2_00794,0,"sessions, stutter, gaming sessions, gaming, bring"
GENV2_01376,3,"finish, colours, look, use, looks"
GENV2_01759,-1,
GENV2_02267,-1,
GENV2_03258,-1,
GENV2_03665,-1,
SYNEXP_00876,-1,
SYNEXP_01315,5,"charging, speed, fairly, feels, charging speed"
SYNEXP_02071,-1,
SYNEXP_02190,3,"finish, colours, look, use, looks"
SYNEXP_02337,-1,
SYNEXP_02877,-1,
SYNEXP_03253,5,"charging, speed, fairly, feels, charging speed"
SYNEXP_03367,-1,
GENV2_00494,5,"charging, speed, fairly, feels, charging speed"
GENV2_00547,1,"panel, panel looks, bright, bright situations, looks bright"
GENV2_01121,1,"panel, panel looks, bright, bright situations, looks bright"
GENV2_02314,-1,
GENV2_02640,-1,
GENV2_04158,-1,
SYNEXP_00192,8,"drain, drain noticeable, noticeable, noticeable overnight, standby drain"
SYNEXP_00541,-1,
SYNEXP_01492,6,"night, shots, night shots, use, time"
SYNEXP_02736,5,"charging, speed, fairly, feels, charging speed"
GENV2_01111,6,"night, shots, night shots, use, time"
GENV2_01203,6,"night, shots, night shots, use, time"
GENV2_01499,-1,
GENV2_01689,-1,
GENV2_01919,-1,
GENV2_02577,-1,
GENV2_02928,-1,
SYNEXP_00590,3,"finish, colours, look, use, looks"
SYNEXP_03160,9,"phone, apps, feels, time, use"
GENV2_00001,0,"sessions, stutter, gaming sessions, gaming, bring"
GENV2_00212,0,"sessions, stutter, gaming sessions, gaming, bring"
GENV2_00417,6,"night, shots, night shots, use, time"
GENV2_00773,0,"sessions, stutter, gaming sessions, gaming, bring"
GENV2_01107,2,"photos, use, phone, routine, works"
GENV2_01261,5,"charging, speed, fairly, feels, charging speed"
GENV2_02053,-1,
GENV2_02695,-1,
GENV2_03606,-1,
GENV2_04000,-1,
SYNEXP_00068,-1,
SYNEXP_00355,5,"charging, speed, fairly, feels, charging speed"
SYNEXP_00680,-1,
SYNEXP_01092,5,"charging, speed, fairly, feels, charging speed"
SYNEXP_01500,6,"night, shots, night shots, use, time"
SYNEXP_01549,-1,
SYNEXP_02771,-1,
SYNEXP_03031,1,"panel, panel looks, bright, bright situations, looks bright"
GENV2_01443,-1,
GENV2_01892,-1,
GENV2_02168,-1,
GENV2_03877,-1,
GENV2_03907,-1,
SYNEXP_01629,-1,
SYNEXP_02822,-1,
SYNEXP_02825,3,"finish, colours, look, use, looks"
SYNEXP_02975,9,"phone, apps, feels, time, use"
SYNEXP_03589,-1,
GENV2_01450,-1,
GENV2_02303,-1,
GENV2_02519,-1,
GENV2_03615,-1,
GENV2_03651,-1,
SYNEXP_01252,-1,
SYNEXP_02628,2,"photos, use, phone, routine, works"
SYNEXP_02633,3,"finish, colours, look, use, looks"
SYNEXP_02740,-1,
SYNEXP_03009,-1,
GENV2_00140,9,"phone, apps, feels, time, use"
GENV2_00395,2,"photos, use, phone, routine, works"
GENV2_00967,2,"photos, use, phone, routine, works"
GENV2_01401,-1,
GENV2_01672,-1,
GENV2_02023,-1,
GENV2_02060,-1,
SYNEXP_01263,5,"charging, speed, fairly, feels, charging speed"
SYNEXP_01918,-1,
SYNEXP_02122,-1,
GENV2_01269,6,"night, shots, night shots, use, time"
GENV2_01917,-1,
GENV2_02471,-1,
GENV2_03370,-1,
SYNEXP_00014,0,"sessions, stutter, gaming sessions, gaming, bring"
SYNEXP_02116,-1,
SYNEXP_02283,-1,
SYNEXP_02569,-1,
GENV2_00045,8,"drain, drain noticeable, noticeable, noticeable overnight, standby drain"
GENV2_01210,2,"photos, use, phone, routine, works"
GENV2_01757,-1,
GENV2_02506,-1,
GENV2_03000,-1,
GENV2_03448,-1,
GENV2_04125,-1,
SYNEXP_00118,-1,
SYNEXP_01692,-1,
SYNEXP_02755,4,"autofocus, everyday, subjects, use, autofocus reliable"
SYNEXP_02983,6,"night, shots, night shots, use, time"
SYNEXP_03466,-1,
SYNEXP_03576,-1,
GENV2_00188,6,"night, shots, night shots, use, time"
GENV2_00741,5,"charging, speed, fairly, feels, charging speed"
GENV2_03012,-1,
SYNEXP_00433,-1,
SYNEXP_00610,-1,
SYNEXP_00990,1,"panel, panel looks, bright, bright situations, looks bright"
SYNEXP_01220,-1,
SYNEXP_01507,-1,
SYNEXP_01963,-1,
SYNEXP_02285,-1,
SYNEXP_02388,-1,
SYNEXP_02699,-1,
SYNEXP_03292,0,"sessions, stutter, gaming sessions, gaming, bring"
GENV2_00760,5,"charging, speed, fairly, feels, charging speed"
GENV2_01903,-1,
GENV2_03346,-1,
GENV2_03879,-1,
SYNEXP_00302,0,"sessions, stutter, gaming sessions, gaming, bring"
SYNEXP_00871,9,"phone, apps, feels, time, use"
SYNEXP_01348,-1,
SYNEXP_02206,-1,
SYNEXP_02829,0,"sessions, stutter, gaming sessions, gaming, bring"
GENV2_00429,5,"charging, speed, fairly, feels, charging speed"
GENV2_00886,1,"panel, panel looks, bright, bright situations, looks bright"
GENV2_01929,-1,
GENV2_03341,-1,
GENV2_03942,-1,
SYNEXP_00383,-1,
SYNEXP_00750,7,"multitasking, multitasking acceptable, acceptable routine, acceptable, workable"
SYNEXP_00761,-1,
SYNEXP_01052,4,"autofocus, everyday, subjects, use, autofocus reliable"
SYNEXP_01168,-1,
SYNEXP_01240,9,"phone, apps, feels, time, use"
SYNEXP_02612,-1,
SYNEXP_03270,-1,
GENV2_00398,3,"finish, colours, look, use, looks"
GENV2_00660,5,"charging, speed, fairly, feels, charging speed"
GENV2_00948,6,"night, shots, night shots, use, time"
GENV2_00993,0,"sessions, stutter, gaming sessions, gaming, bring"
GENV2_01035,2,"photos, use, phone, routine, works"
GENV2_01571,-1,
GENV2_03969,-1,
SYNEXP_00160,-1,
SYNEXP_01326,5,"charging, speed, fairly, feels, charging speed"
SYNEXP_02028,-1,
SYNEXP_02180,-1,
GENV2_02157,-1,
GENV2_02345,-1,
GENV2_02354,-1,
GENV2_03452,-1,
SYNEXP_00020,-1,
SYNEXP_00677,-1,
SYNEXP_00991,9,"phone, apps, feels, time, use"
SYNEXP_01349,-1,
SYNEXP_01636,-1,
SYNEXP_02120,-1,
SYNEXP_02506,-1,
SYNEXP_02676,0,"sessions, stutter, gaming sessions, gaming, bring"
SYNEXP_02728,-1,
SYNEXP_03317,6,"night, shots, night shots, use, time"
GENV2_01607,-1,
GENV2_01897,-1,
GENV2_02456,-1,
GENV2_03627,-1,
GENV2_03825,-1,
GENV2_03985,-1,
SYNEXP_00130,-1,
SYNEXP_00153,-1,
SYNEXP_00182,-1,
SYNEXP_00196,-1,
SYNEXP_00707,-1,
SYNEXP_02275,-1,
SYNEXP_02511,-1,
SYNEXP_02572,3,"finish, colours, look, use, looks"
GENV2_00369,5,"charging, speed, fairly, feels, charging speed"
GENV2_00723,6,"night, shots, night shots, use, time"
GENV2_01458,-1,
GENV2_01481,-1,
GENV2_01636,-1,
SYNEXP_00349,3,"finish, colours, look, use, looks"
SYNEXP_00874,-1,
SYNEXP_02409,0,"sessions, stutter, gaming sessions, gaming, bring"
SYNEXP_03239,0,"sessions, stutter, gaming sessions, gaming, bring"
SYNEXP_03503,-1,
GENV2_00065,8,"drain, drain noticeable, noticeable, noticeable overnight, standby drain"
GENV2_00381,9,"phone, apps, feels, time, use"
GENV2_00433,1,"panel, panel looks, bright, bright situations, looks bright"
GENV2_00552,8,"drain, drain noticeable, noticeable, noticeable overnight, standby drain"
GENV2_00626,6,"night, shots, night shots, use, time"
GENV2_02364,-1,
GENV2_02713,-1,
GENV2_02952,-1,
GENV2_03214,-1,
GENV2_03394,-1,
GENV2_03759,-1,
SYNEXP_01613,-1,
SYNEXP_01892,-1,
SYNEXP_02065,-1,
SYNEXP_02341,6,"night, shots, night shots, use, time"
SYNEXP_02899,-1,
SYNEXP_02927,9,"phone, apps, feels, time, use"
SYNEXP_03422,0,"sessions, stutter, gaming sessions, gaming, bring"
SYNEXP_03672,-1,
GENV2_00217,2,"photos, use, phone, routine, works"
GENV2_01653,-1,
GENV2_02070,-1,
SYNEXP_01084,-1,
SYNEXP_01146,-1,
SYNEXP_02312,-1,
SYNEXP_02663,-1,
SYNEXP_02750,0,"sessions, stutter, gaming sessions, gaming, bring"
SYNEXP_03368,6,"night, shots, night shots, use, time"
GENV2_00575,8,"drain, drain noticeable, noticeable, noticeable overnight, standby drain"
GENV2_00685,2,"photos, use, phone, routine, works"
GENV2_01608,-1,
GENV2_01899,-1,
GENV2_02290,-1,
GENV2_02461,-1,
GENV2_04064,-1,
SYNEXP_00075,1,"panel, panel looks, bright, bright situations, looks bright"
SYNEXP_00599,-1,
SYNEXP_00866,-1,
SYNEXP_01630,-1,
SYNEXP_01933,9,"phone, apps, feels, time, use"
SYNEXP_02006,3,"finish, colours, look, use, looks"
SYNEXP_02500,0,"sessions, stutter, gaming sessions, gaming, bring"
SYNEXP_03116,7,"multitasking, multitasking acceptable, acceptable routine, acceptable, workable"
SYNEXP_03643,-1,
GENV2_00702,9,"phone, apps, feels, time, use"
GENV2_02099,-1,
GENV2_02597,-1,
GENV2_02968,-1,
GENV2_03001,-1,
GENV2_03208,-1,
GENV2_03417,-1,
SYNEXP_01577,-1,
SYNEXP_01979,4,"autofocus, everyday, subjects, use, autofocus reliable"
SYNEXP_02402,0,"sessions, stutter, gaming sessions, gaming, bring"
SYNEXP_02759,0,"sessions, stutter, gaming sessions, gaming, bring"
GENV2_00204,5,"charging, speed, fairly, feels, charging speed"
GENV2_00214,5,"charging, speed, fairly, feels, charging speed"
GENV2_00475,7,"multitasking, multitasking acceptable, acceptable routine, acceptable, workable"
GENV2_00705,6,"night, shots, night shots, use, time"
GENV2_01463,-1,
GENV2_02087,-1,
GENV2_02838,-1,
GENV2_02976,-1,
SYNEXP_00378,-1,
SYNEXP_01244,-1,
SYNEXP_01921,-1,
GENV2_00009,2,"photos, use, phone, routine, works"
GENV2_00836,2,"photos, use, phone, routine, works"
GENV2_01029,6,"night, shots, night shots, use, time"
GENV2_01235,7,"multitasking, multitasking acceptable, acceptable routine, acceptable, workable"
GENV2_01268,2,"photos, use, phone, routine, works"
GENV2_01857,-1,
GENV2_02195,-1,
GENV2_02505,-1,
GENV2_03008,-1,
GENV2_03684,-1,
GENV2_03928,-1,
SYNEXP_00516,-1,
SYNEXP_01723,-1,
SYNEXP_01951,9,"phone, apps, feels, time, use"
SYNEXP_01954,-1,
SYNEXP_02198,1,"panel, panel looks, bright, bright situations, looks bright"
SYNEXP_02760,-1,
SYNEXP_02990,1,"panel, panel looks, bright, bright situations, looks bright"
SYNEXP_03220,2,"photos, use, phone, routine, works"
GENV2_01337,7,"multitasking, multitasking acceptable, acceptable routine, acceptable, workable"
GENV2_01355,3,"finish, colours, look, use, looks"
GENV2_01615,-1,
GENV2_01809,-1,
GENV2_02119,-1,
GENV2_02571,-1,
GENV2_02684,-1,
GENV2_02758,-1,
GENV2_02947,-1,
GENV2_03756,-1,
SYNEXP_01069,8,"drain, drain noticeable, noticeable, noticeable overnight, standby drain"
SYNEXP_01297,5,"charging, speed, fairly, feels, charging speed"
SYNEXP_02504,-1,
SYNEXP_03281,0,"sessions, stutter, gaming sessions, gaming, bring"
SYNEXP_03650,-1,
GENV2_01824,-1,
GENV2_02024,-1,
GENV2_02156,-1,
GENV2_02370,-1,
GENV2_02689,-1,
SYNEXP_01998,-1,
SYNEXP_03327,-1,
GENV2_00351,2,"photos, use, phone, routine, works"
GENV2_01027,2,"photos, use, phone, routine, works"
GENV2_02849,-1,
GENV2_03042,-1,
SYNEXP_00055,-1,
SYNEXP_00550,5,"charging, speed, fairly, feels, charging speed"
SYNEXP_02175,-1,
SYNEXP_02827,-1,
SYNEXP_02952,-1,
SYNEXP_03480,-1,
GENV2_00745,6,"night, shots, night shots, use, time"
GENV2_01234,6,"night, shots, night shots, use, time"
GENV2_02605,-1,
GENV2_03249,-1,
GENV2_03388,-1,
SYNEXP_01879,-1,
SYNEXP_03265,-1,
SYNEXP_03590,-1,
GENV2_00492,3,"finish, colours, look, use, looks"
GENV2_01465,-1,
GENV2_02651,-1,
GENV2_02820,-1,
GENV2_04144,-1,
SYNEXP_00739,1,"panel, panel looks, bright, bright situations, looks bright"
SYNEXP_00840,-1,
SYNEXP_02787,-1,
SYNEXP_03411,-1,
GENV2_00286,2,"photos, use, phone, routine, works"
GENV2_00646,9,"phone, apps, feels, time, use"
GENV2_01334,5,"charging, speed, fairly, feels, charging speed"
GENV2_02324,-1,
GENV2_03051,-1,
GENV2_03144,-1,
GENV2_03242,-1,
GENV2_03485,-1,
SYNEXP_01397,-1,
SYNEXP_01878,-1,
SYNEXP_02724,-1,
SYNEXP_03047,-1,
GENV2_01263,2,"photos, use, phone, routine, works"
GENV2_01483,-1,
GENV2_01664,-1,
GENV2_01865,-1,
GENV2_02943,-1,
GENV2_03605,-1,
SYNEXP_01304,-1,
SYNEXP_01863,-1,
SYNEXP_02167,-1,
SYNEXP_02881,-1,
SYNEXP_03152,-1,
GENV2_00044,5,"charging, speed, fairly, feels, charging speed"
GENV2_00464,5,"charging, speed, fairly, feels, charging speed"
GENV2_00822,6,"night, shots, night shots, use, time"
GENV2_01958,-1,
GENV2_02061,-1,
GENV2_02349,-1,
GENV2_02462,-1,
SYNEXP_00404,-1,
SYNEXP_00498,9,"phone, apps, feels, time, use"
SYNEXP_01267,8,"drain, drain noticeable, noticeable, noticeable overnight, standby drain"
SYNEXP_01764,9,"phone, apps, feels, time, use"
SYNEXP_02193,8,"drain, drain noticeable, noticeable, noticeable overnight, standby drain"
SYNEXP_02652,-1,
SYNEXP_02826,-1,
SYNEXP_03170,-1,
GENV2_01243,2,"photos, use, phone, routine, works"
GENV2_02694,-1,
GENV2_03935,-1,
SYNEXP_00547,0,"sessions, stutter, gaming sessions, gaming, bring"
SYNEXP_00873,-1,
SYNEXP_01148,-1,
SYNEXP_01534,-1,
SYNEXP_02338,-1,
SYNEXP_02732,-1,
GENV2_00307,8,"drain, drain noticeable, noticeable, noticeable overnight, standby drain"
GENV2_01150,6,"night, shots, night shots, use, time"
GENV2_01905,-1,
GENV2_03078,-1,
GENV2_03630,-1,
SYNEXP_01029,9,"phone, apps, feels, time, use"
SYNEXP_01714,-1,
SYNEXP_03042,3,"finish, colours, look, use, looks"
SYNEXP_03149,-1,
GENV2_00768,6,"night, shots, night shots, use, time"
GENV2_02217,-1,
SYNEXP_00262,5,"charging, speed, fairly, feels, charging speed"
SYNEXP_00342,-1,
SYNEXP_00634,6,"night, shots, night shots, use, time"
SYNEXP_00692,5,"charging, speed, fairly, feels, charging speed"
SYNEXP_00857,-1,
SYNEXP_00891,-1,
SYNEXP_01222,-1,
SYNEXP_01810,-1,
SYNEXP_01830,-1,
SYNEXP_02465,0,"sessions, stutter, gaming sessions, gaming, bring"
SYNEXP_02830,-1,
SYNEXP_03709,-1,
GENV2_00737,1,"panel, panel looks, bright, bright situations, looks bright"
GENV2_01222,8,"drain, drain noticeable, noticeable, noticeable overnight, standby drain"
GENV2_01817,-1,
GENV2_02893,-1,
SYNEXP_01575,-1,
SYNEXP_02514,-1,
SYNEXP_03123,7,"multitasking, multitasking acceptable, acceptable routine, acceptable, workable"
SYNEXP_03225,-1,
SYNEXP_03521,-1,
GENV2_00826,4,"autofocus, everyday, subjects, use, autofocus reliable"
GENV2_00951,2,"photos, use, phone, routine, works"
GENV2_01281,2,"photos, use, phone, routine, works"
GENV2_01331,6,"night, shots, night shots, use, time"
GENV2_02243,-1,
GENV2_02270,-1,
GENV2_03739,-1,
GENV2_03883,-1,
GENV2_04062,-1,
SYNEXP_00220,-1,
SYNEXP_02063,-1,
SYNEXP_03137,0,"sessions, stutter, gaming sessions, gaming, bring"
SYNEXP_03377,3,"finish, colours, look, use, looks"
GENV2_00344,9,"phone, apps, feels, time, use"
GENV2_00709,7,"multitasking, multitasking acceptable, acceptable routine, acceptable, workable"
GENV2_02736,-1,
GENV2_02836,-1,
GENV2_03212,-1,
GENV2_03506,-1,
GENV2_03918,-1,
SYNEXP_00272,4,"autofocus, everyday, subjects, use, autofocus reliable"
SYNEXP_00860,0,"sessions, stutter, gaming sessions, gaming, bring"
SYNEXP_01357,-1,
SYNEXP_01499,-1,
SYNEXP_01787,5,"charging, speed, fairly, feels, charging speed"
SYNEXP_02455,-1,
GENV2_00132,2,"photos, use, phone, routine, works"
GENV2_01211,2,"photos, use, phone, routine, works"
GENV2_02420,-1,
GENV2_04005,-1,
GENV2_04109,-1,
GENV2_04142,-1,
SYNEXP_00225,6,"night, shots, night shots, use, time"
SYNEXP_00989,-1,
SYNEXP_01170,-1,
SYNEXP_01340,-1,
SYNEXP_01347,-1,
SYNEXP_02319,-1,
SYNEXP_02943,-1,
SYNEXP_03437,-1,
GENV2_00359,4,"autofocus, everyday, subjects, use, autofocus reliable"
GENV2_00775,6,"night, shots, night shots, use, time"
GENV2_00802,3,"finish, colours, look, use, looks"
GENV2_01644,-1,
GENV2_01751,-1,
GENV2_01752,-1,
GENV2_02073,-1,
GENV2_02391,-1,
GENV2_02771,-1,
GENV2_03103,-1,
GENV2_03160,-1,
SYNEXP_00650,-1,
SYNEXP_01151,0,"sessions, stutter, gaming sessions, gaming, bring"
SYNEXP_01497,5,"charging, speed, fairly, feels, charging speed"
SYNEXP_01621,-1,
SYNEXP_03550,-1,
SYNEXP_03721,9,"phone, apps, feels, time, use"
SYNEXP_03727,-1,
GENV2_00507,9,"phone, apps, feels, time, use"
GENV2_00558,6,"night, shots, night shots, use, time"
GENV2_00691,1,"panel, panel looks, bright, bright situations, looks bright"
GENV2_00713,4,"autofocus, everyday, subjects, use, autofocus reliable"
GENV2_01071,8,"drain, drain noticeable, noticeable, noticeable overnight, standby drain"
GENV2_01837,-1,
GENV2_03449,-1,
GENV2_04106,-1,
GENV2_04157,-1,
SYNEXP_00319,-1,
SYNEXP_00504,-1,
SYNEXP_01106,-1,
SYNEXP_01941,-1,
SYNEXP_02631,-1,
SYNEXP_03161,-1,
SYNEXP_03168,-1,
SYNEXP_03427,-1,
GENV2_00219,8,"drain, drain noticeable, noticeable, noticeable overnight, standby drain"
GENV2_00314,2,"photos, use, phone, routine, works"
GENV2_00540,1,"panel, panel looks, bright, bright situations, looks bright"
GENV2_01346,2,"photos, use, phone, routine, works"
GENV2_01591,-1,
GENV2_01802,-1,
GENV2_02105,-1,
GENV2_02287,-1,
GENV2_02917,-1,
GENV2_03082,-1,
GENV2_03511,-1,
SYNEXP_00483,-1,
SYNEXP_00847,-1,
SYNEXP_02012,4,"autofocus, everyday, subjects, use, autofocus reliable"
SYNEXP_02147,8,"drain, drain noticeable, noticeable, noticeable overnight, standby drain"
SYNEXP_03297,-1,
SYNEXP_03359,-1,
GENV2_00998,7,"multitasking, multitasking acceptable, acceptable routine, acceptable, workable"
GENV2_03541,-1,
GENV2_03815,-1,
GENV2_03816,-1,
GENV2_03911,-1,
SYNEXP_00704,0,"sessions, stutter, gaming sessions, gaming, bring"
SYNEXP_01125,6,"night, shots, night shots, use, time"
SYNEXP_02914,-1,
SYNEXP_03210,-1,
GENV2_00057,2,"photos, use, phone, routine, works"
GENV2_00206,2,"photos, use, phone, routine, works"
GENV2_00612,5,"charging, speed, fairly, feels, charging speed"
GENV2_01961,-1,
GENV2_03339,-1,
GENV2_03362,-1,
SYNEXP_02519,9,"phone, apps, feels, time, use"
GENV2_00446,3,"finish, colours, look, use, looks"
GENV2_03805,-1,
SYNEXP_00208,-1,
SYNEXP_00981,0,"sessions, stutter, gaming sessions, gaming, bring"
SYNEXP_02103,-1,
SYNEXP_02793,3,"finish, colours, look, use, looks"
SYNEXP_03481,-1,
GENV2_00030,2,"photos, use, phone, routine, works"
GENV2_00551,8,"drain, drain noticeable, noticeable, noticeable overnight, standby drain"
GENV2_01146,8,"drain, drain noticeable, noticeable, noticeable overnight, standby drain"
GENV2_01373,3,"finish, colours, look, use, looks"
GENV2_02129,-1,
GENV2_02196,-1,
GENV2_03777,-1,
GENV2_03977,-1,
SYNEXP_00110,-1,
SYNEXP_00846,-1,
SYNEXP_01747,-1,
SYNEXP_02848,-1,
SYNEXP_03718,8,"drain, drain noticeable, noticeable, noticeable overnight, standby drain"
GENV2_00717,2,"photos, use, phone, routine, works"
GENV2_00719,2,"photos, use, phone, routine, works"
GENV2_01194,2,"photos, use, phone, routine, works"
GENV2_02286,-1,
GENV2_02752,-1,
GENV2_03136,-1,
GENV2_03374,-1,
GENV2_03660,-1,
GENV2_04079,-1,
SYNEXP_00617,-1,
SYNEXP_00771,-1,
SYNEXP_01539,-1,
SYNEXP_02863,-1,
SYNEXP_02996,-1,
SYNEXP_03708,-1,
GENV2_00245,6,"night, shots, night shots, use, time"
GENV2_00746,1,"panel, panel looks, bright, bright situations, looks bright"
GENV2_00766,6,"night, shots, night shots, use, time"
GENV2_01272,1,"panel, panel looks, bright, bright situations, looks bright"
GENV2_01651,-1,
GENV2_01658,-1,
GENV2_02760,-1,
GENV2_03119,-1,
GENV2_03155,-1,
GENV2_03469,-1,
GENV2_04140,-1,
SYNEXP_00013,-1,
SYNEXP_00222,0,"sessions, stutter, gaming sessions, gaming, bring"
SYNEXP_01682,-1,
SYNEXP_01762,3,"finish, colours, look, use, looks"
SYNEXP_02399,-1,
SYNEXP_02874,9,"phone, apps, feels, time, use"
SYNEXP_02959,4,"autofocus, everyday, subjects, use, autofocus reliable"
SYNEXP_03553,-1,
GENV2_01166,6,"night, shots, night shots, use, time"
GENV2_01559,-1,
GENV2_02500,-1,
GENV2_03291,-1,
GENV2_03464,-1,
GENV2_03581,-1,
SYNEXP_00478,-1,
SYNEXP_00536,-1,
SYNEXP_01117,-1,
SYNEXP_01174,-1,
SYNEXP_02369,4,"autofocus, everyday, subjects, use, autofocus reliable"
SYNEXP_02393,-1,
SYNEXP_03011,-1,
SYNEXP_03108,-1,
SYNEXP_03275,-1,
SYNEXP_03640,-1,
GENV2_00721,3,"finish, colours, look, use, looks"
GENV2_00792,5,"charging, speed, fairly, feels, charging speed"
GENV2_01410,-1,
GENV2_01975,-1,
GENV2_02250,-1,
GENV2_02717,-1,
GENV2_03177,-1,
GENV2_03206,-1,
GENV2_03380,-1,
SYNEXP_00756,-1,
SYNEXP_01101,3,"finish, colours, look, use, looks"
SYNEXP_01635,-1,
SYNEXP_01722,-1,
SYNEXP_02296,-1,
GENV2_00964,4,"autofocus, everyday, subjects, use, autofocus reliable"
GENV2_03408,-1,
GENV2_03939,-1,
GENV2_04168,-1,
SYNEXP_00305,-1,
SYNEXP_00390,9,"phone, apps, feels, time, use"
SYNEXP_00758,-1,
SYNEXP_00905,9,"phone, apps, feels, time, use"
SYNEXP_00924,9,"phone, apps, feels, time, use"
SYNEXP_01028,-1,
SYNEXP_01593,-1,
SYNEXP_01861,0,"sessions, stutter, gaming sessions, gaming, bring"
SYNEXP_02125,-1,
SYNEXP_02248,-1,
SYNEXP_02359,-1,
SYNEXP_02991,-1,
SYNEXP_03435,-1,
GENV2_00427,2,"photos, use, phone, routine, works"
GENV2_02031,-1,
GENV2_02193,-1,
GENV2_02722,-1,
GENV2_03115,-1,
GENV2_03366,-1,
GENV2_03592,-1,
GENV2_03644,-1,
SYNEXP_00004,0,"sessions, stutter, gaming sessions, gaming, bring"
SYNEXP_00065,8,"drain, drain noticeable, noticeable, noticeable overnight, standby drain"
SYNEXP_00289,-1,
SYNEXP_00759,-1,
SYNEXP_01939,-1,
SYNEXP_02192,-1,
SYNEXP_02347,-1,
SYNEXP_02595,9,"phone, apps, feels, time, use"
GENV2_00116,1,"panel, panel looks, bright, bright situations, looks bright"
GENV2_01280,2,"photos, use, phone, routine, works"
GENV2_01931,-1,
GENV2_01969,-1,
GENV2_02124,-1,
GENV2_03440,-1,
GENV2_04122,-1,
SYNEXP_00422,-1,
SYNEXP_00801,-1,
SYNEXP_00807,-1,
SYNEXP_00998,-1,
SYNEXP_02064,0,"sessions, stutter, gaming sessions, gaming, bring"
SYNEXP_03413,-1,
SYNEXP_03699,-1,
GENV2_01230,2,"photos, use, phone, routine, works"
GENV2_01542,-1,
GENV2_01723,-1,
GENV2_02151,-1,
GENV2_02774,-1,
GENV2_03349,-1,
GENV2_03575,-1,
GENV2_04059,-1,
SYNEXP_00675,-1,
SYNEXP_01011,-1,
SYNEXP_01697,-1,
SYNEXP_01849,1,"panel, panel looks, bright, bright situations, looks bright"
SYNEXP_02721,-1,
SYNEXP_03197,-1,
GENV2_00914,8,"drain, drain noticeable, noticeable, noticeable overnight, standby drain"
GENV2_01158,6,"night, shots, night shots, use, time"
GENV2_01561,-1,
GENV2_01875,-1,
GENV2_02244,-1,
GENV2_02381,-1,
GENV2_02587,-1,
GENV2_03114,-1,
SYNEXP_00892,1,"panel, panel looks, bright, bright situations, looks bright"
SYNEXP_01839,5,"charging, speed, fairly, feels, charging speed"
SYNEXP_02704,0,"sessions, stutter, gaming sessions, gaming, bring"
GENV2_00447,6,"night, shots, night shots, use, time"
GENV2_00726,6,"night, shots, night shots, use, time"
GENV2_01063,4,"autofocus, everyday, subjects, use, autofocus reliable"
GENV2_01468,-1,
GENV2_01854,-1,
GENV2_02989,-1,
GENV2_00706,5,"charging, speed, fairly, feels, charging speed"
GENV2_02110,-1,
GENV2_02609,-1,
GENV2_03438,-1,
SYNEXP_00823,-1,
SYNEXP_00883,-1,
SYNEXP_02102,-1,
SYNEXP_03311,-1,
SYNEXP_03725,9,"phone, apps, feels, time, use"
GENV2_01384,2,"photos, use, phone, routine, works"
GENV2_01845,-1,
GENV2_02666,-1,
GENV2_02920,-1,
GENV2_02979,-1,
GENV2_03117,-1,
SYNEXP_00307,-1,
SYNEXP_00785,-1,
SYNEXP_01779,0,"sessions, stutter, gaming sessions, gaming, bring"
SYNEXP_01837,8,"drain, drain noticeable, noticeable, noticeable overnight, standby drain"
SYNEXP_01969,6,"night, shots, night shots, use, time"
SYNEXP_02857,4,"autofocus, everyday, subjects, use, autofocus reliable"
SYNEXP_03516,-1,
GENV2_00006,6,"night, shots, night shots, use, time"
GENV2_00175,6,"night, shots, night shots, use, time"
GENV2_00835,6,"night, shots, night shots, use, time"
GENV2_01611,-1,
GENV2_01993,-1,
GENV2_02373,-1,
GENV2_02790,-1,
GENV2_03331,-1,
GENV2_03372,-1,
SYNEXP_01394,3,"finish, colours, look, use, looks"
SYNEXP_02047,-1,
SYNEXP_02562,-1,
GENV2_00633,9,"phone, apps, feels, time, use"
GENV2_01060,3,"finish, colours, look, use, looks"
GENV2_01490,-1,
GENV2_01822,-1,
GENV2_02019,-1,
GENV2_02614,-1,
GENV2_02883,-1,
GENV2_03415,-1,
SYNEXP_00120,-1,
SYNEXP_01137,0,"sessions, stutter, gaming sessions, gaming, bring"
SYNEXP_01537,0,"sessions, stutter, gaming sessions, gaming, bring"
SYNEXP_02823,-1,
SYNEXP_03159,-1,
SYNEXP_03638,0,"sessions, stutter, gaming sessions, gaming, bring"
SYNEXP_03711,-1,
GENV2_00442,4,"autofocus, everyday, subjects, use, autofocus reliable"
GENV2_00844,8,"drain, drain noticeable, noticeable, noticeable overnight, standby drain"
GENV2_01075,6,"night, shots, night shots, use, time"
GENV2_01893,-1,
GENV2_01980,-1,
GENV2_02010,-1,
GENV2_03284,-1,
GENV2_03416,-1,
GENV2_04170,-1,
SYNEXP_01469,-1,
SYNEXP_01771,-1,
SYNEXP_02289,-1,
SYNEXP_02490,2,"photos, use, phone, routine, works"
SYNEXP_03657,-1,
GENV2_00310,3,"finish, colours, look, use, looks"
GENV2_02251,-1,
GENV2_02342,-1,
GENV2_02988,-1,
GENV2_03304,-1,
SYNEXP_00799,-1,
SYNEXP_01436,-1,
SYNEXP_01776,-1,
SYNEXP_01943,-1,
SYNEXP_02143,3,"finish, colours, look, use, looks"
SYNEXP_03440,3,"finish, colours, look, use, looks"
SYNEXP_03489,-1,
SYNEXP_03676,-1,
SYNEXP_03685,-1,
GENV2_00059,5,"charging, speed, fairly, feels, charging speed"
GENV2_00402,5,"charging, speed, fairly, feels, charging speed"
GENV2_01224,1,"panel, panel looks, bright, bright situations, looks bright"
GENV2_01428,-1,
GENV2_01447,-1,
GENV2_02009,-1,
GENV2_02488,-1,
GENV2_03616,-1,
SYNEXP_00263,-1,
SYNEXP_01216,-1,
SYNEXP_01314,-1,
GENV2_01528,-1,
GENV2_01705,-1,
GENV2_02206,-1,
GENV2_03363,-1,
SYNEXP_00805,0,"sessions, stutter, gaming sessions, gaming, bring"
SYNEXP_00951,-1,
SYNEXP_01241,9,"phone, apps, feels, time, use"
SYNEXP_02040,-1,
SYNEXP_02640,-1,
GENV2_00432,8,"drain, drain noticeable, noticeable, noticeable overnight, standby drain"
GENV2_00573,2,"photos, use, phone, routine, works"
GENV2_02185,-1,
GENV2_02265,-1,
GENV2_02993,-1,
GENV2_03791,-1,
SYNEXP_01383,-1,
SYNEXP_02922,6,"night, shots, night shots, use, time"
SYNEXP_03562,-1,
GENV2_00588,5,"charging, speed, fairly, feels, charging speed"
GENV2_01666,-1,
GENV2_01696,-1,
GENV2_02726,-1,
GENV2_03137,-1,
GENV2_03924,-1,
SYNEXP_00006,6,"night, shots, night shots, use, time"
SYNEXP_00158,9,"phone, apps, feels, time, use"
SYNEXP_00231,9,"phone, apps, feels, time, use"
SYNEXP_00416,-1,
SYNEXP_01681,-1,
SYNEXP_01709,-1,
SYNEXP_01928,-1,
SYNEXP_02439,-1,
SYNEXP_03001,-1,
SYNEXP_03485,-1,
SYNEXP_03630,-1,
GENV2_00163,6,"night, shots, night shots, use, time"
GENV2_00456,2,"photos, use, phone, routine, works"
GENV2_00606,2,"photos, use, phone, routine, works"
GENV2_01680,-1,
GENV2_02030,-1,
GENV2_03430,-1,
GENV2_04048,-1,
GENV2_04082,-1,
SYNEXP_00042,1,"panel, panel looks, bright, bright situations, looks bright"
SYNEXP_00209,-1,
SYNEXP_00286,-1,
SYNEXP_00474,-1,
SYNEXP_00830,-1,
SYNEXP_00908,-1,
SYNEXP_02045,-1,
SYNEXP_02520,5,"charging, speed, fairly, feels, charging speed"
SYNEXP_02842,-1,
SYNEXP_03018,9,"phone, apps, feels, time, use"
SYNEXP_03104,-1,
SYNEXP_03388,3,"finish, colours, look, use, looks"
GENV2_00477,7,"multitasking, multitasking acceptable, acceptable routine, acceptable, workable"
GENV2_00553,8,"drain, drain noticeable, noticeable, noticeable overnight, standby drain"
GENV2_00699,5,"charging, speed, fairly, feels, charging speed"
GENV2_03153,-1,
GENV2_03338,-1,
GENV2_04132,-1,
SYNEXP_00170,-1,
SYNEXP_00757,-1,
SYNEXP_01317,-1,
SYNEXP_01533,3,"finish, colours, look, use, looks"
SYNEXP_01734,-1,
SYNEXP_02678,-1,
SYNEXP_02928,-1,
SYNEXP_02935,-1,
SYNEXP_03118,-1,
SYNEXP_03617,4,"autofocus, everyday, subjects, use, autofocus reliable"
GENV2_04153,-1,
SYNEXP_00191,-1,
SYNEXP_01984,-1,
SYNEXP_02679,-1,
SYNEXP_03330,-1,
SYNEXP_03347,6,"night, shots, night shots, use, time"
SYNEXP_03374,3,"finish, colours, look, use, looks"
SYNEXP_03606,-1,
GENV2_00137,2,"photos, use, phone, routine, works"
GENV2_00350,3,"finish, colours, look, use, looks"
GENV2_01921,-1,
GENV2_02222,-1,
GENV2_02663,-1,
GENV2_03100,-1,
GENV2_03295,-1,
GENV2_03421,-1,
GENV2_03462,-1,
SYNEXP_00371,-1,
SYNEXP_00548,-1,
SYNEXP_00700,-1,
SYNEXP_00934,-1,
GENV2_00276,8,"drain, drain noticeable, noticeable, noticeable overnight, standby drain"
GENV2_00500,1,"panel, panel looks, bright, bright situations, looks bright"
GENV2_00657,8,"drain, drain noticeable, noticeable, noticeable overnight, standby drain"
GENV2_01439,-1,
GENV2_01462,-1,
GENV2_02729,-1,
GENV2_03986,-1,
SYNEXP_00882,-1,
SYNEXP_01412,5,"charging, speed, fairly, feels, charging speed"
SYNEXP_01504,-1,
SYNEXP_02202,-1,
SYNEXP_02441,-1,
SYNEXP_02475,-1,
GENV2_01298,6,"night, shots, night shots, use, time"
GENV2_03077,-1,
SYNEXP_01698,-1,
GENV2_00779,1,"panel, panel looks, bright, bright situations, looks bright"
GENV2_01434,-1,
GENV2_03182,-1,
GENV2_04138,-1,
GENV2_04200,-1,
GENV2_00019,2,"photos, use, phone, routine, works"
GENV2_01534,-1,
GENV2_02662,-1,
GENV2_02810,-1,
SYNEXP_00387,-1,
SYNEXP_01565,-1,
SYNEXP_02900,0,"sessions, stutter, gaming sessions, gaming, bring"
SYNEXP_03398,-1,
GENV2_00320,6,"night, shots, night shots, use, time"
GENV2_01438,-1,
GENV2_01766,-1,
GENV2_02745,-1,
GENV2_02953,-1,
GENV2_03254,-1,
SYNEXP_00007,-1,
SYNEXP_00219,-1,
SYNEXP_01857,-1,
SYNEXP_02070,-1,
SYNEXP_02211,8,"drain, drain noticeable, noticeable, noticeable overnight, standby drain"
SYNEXP_02606,-1,
SYNEXP_02813,-1,
GENV2_00316,5,"charging, speed, fairly, feels, charging speed"
GENV2_00582,3,"finish, colours, look, use, looks"
GENV2_01997,-1,
GENV2_02358,-1,
GENV2_02428,-1,
SYNEXP_00095,-1,
SYNEXP_00427,-1,
SYNEXP_00901,-1,
SYNEXP_00939,7,"multitasking, multitasking acceptable, acceptable routine, acceptable, workable"
SYNEXP_01596,6,"night, shots, night shots, use, time"
SYNEXP_02972,-1,
SYNEXP_03716,-1,
GENV2_00154,7,"multitasking, multitasking acceptable, acceptable routine, acceptable, workable"
GENV2_02757,-1,
SYNEXP_00456,0,"sessions, stutter, gaming sessions, gaming, bring"
SYNEXP_01002,-1,
SYNEXP_01451,-1,
SYNEXP_02286,-1,
SYNEXP_02384,-1,
SYNEXP_02974,6,"night, shots, night shots, use, time"
SYNEXP_03473,0,"sessions, stutter, gaming sessions, gaming, bring"
SYNEXP_03555,-1,
SYNEXP_03587,3,"finish, colours, look, use, looks"
GENV2_00155,4,"autofocus, everyday, subjects, use, autofocus reliable"
GENV2_01743,-1,
GENV2_02281,-1,
GENV2_03107,-1,
SYNEXP_00282,1,"panel, panel looks, bright, bright situations, looks bright"
SYNEXP_00574,1,"panel, panel looks, bright, bright situations, looks bright"
SYNEXP_01013,-1,
SYNEXP_01739,-1,
SYNEXP_03012,-1,
GENV2_00571,4,"autofocus, everyday, subjects, use, autofocus reliable"
GENV2_00730,8,"drain, drain noticeable, noticeable, noticeable overnight, standby drain"
GENV2_03279,-1,
SYNEXP_00325,-1,
SYNEXP_00473,-1,
SYNEXP_01147,-1,
SYNEXP_02780,9,"phone, apps, feels, time, use"
SYNEXP_02786,-1,
SYNEXP_03612,-1,
GENV2_00170,0,"sessions, stutter, gaming sessions, gaming, bring"
GENV2_01079,9,"phone, apps, feels, time, use"
GENV2_01276,2,"photos, use, phone, routine, works"
GENV2_01769,-1,
GENV2_02074,-1,
GENV2_02158,-1,
GENV2_03872,-1,
SYNEXP_00459,-1,
SYNEXP_00818,0,"sessions, stutter, gaming sessions, gaming, bring"
SYNEXP_01114,-1,
SYNEXP_01433,-1,
SYNEXP_01456,-1,
SYNEXP_02231,-1,
SYNEXP_03302,3,"finish, colours, look, use, looks"
GENV2_00508,9,"phone, apps, feels, time, use"
GENV2_00689,1,"panel, panel looks, bright, bright situations, looks bright"
GENV2_02059,-1,
GENV2_02096,-1,
GENV2_03418,-1,
GENV2_03513,-1,
GENV2_03882,-1,
SYNEXP_00275,0,"sessions, stutter, gaming sessions, gaming, bring"
SYNEXP_00318,1,"panel, panel looks, bright, bright situations, looks bright"
GENV2_00292,2,"photos, use, phone, routine, works"
GENV2_00659,9,"phone, apps, feels, time, use"
GENV2_01539,-1,
GENV2_01582,-1,
GENV2_02271,-1,
GENV2_02495,-1,
GENV2_03047,-1,
GENV2_03156,-1,
GENV2_03158,-1,
GENV2_03386,-1,
GENV2_03510,-1,
GENV2_03676,-1,
GENV2_03785,-1,
GENV2_04193,-1,
SYNEXP_00652,-1,
SYNEXP_01622,-1,
SYNEXP_01893,-1,
SYNEXP_01913,-1,
SYNEXP_02233,-1,
SYNEXP_02784,-1,
GENV2_01214,1,"panel, panel looks, bright, bright situations, looks bright"
GENV2_01525,-1,
GENV2_02767,-1,
GENV2_02783,-1,
GENV2_03049,-1,
SYNEXP_00031,0,"sessions, stutter, gaming sessions, gaming, bring"
SYNEXP_00418,-1,
SYNEXP_00672,-1,
SYNEXP_01452,-1,
SYNEXP_01765,0,"sessions, stutter, gaming sessions, gaming, bring"
SYNEXP_02093,6,"night, shots, night shots, use, time"
SYNEXP_03179,4,"autofocus, everyday, subjects, use, autofocus reliable"
SYNEXP_03247,5,"charging, speed, fairly, feels, charging speed"
SYNEXP_03568,-1,
GENV2_00071,1,"panel, panel looks, bright, bright situations, looks bright"
GENV2_00867,1,"panel, panel looks, bright, bright situations, looks bright"
GENV2_03081,-1,
SYNEXP_00008,-1,
SYNEXP_01889,-1,
SYNEXP_02136,-1,
SYNEXP_03390,-1,
GENV2_00272,2,"photos, use, phone, routine, works"
GENV2_01089,2,"photos, use, phone, routine, works"
GENV2_01590,-1,
GENV2_01971,-1,
GENV2_02888,-1,
GENV2_03437,-1,
GENV2_03582,-1,
GENV2_04046,-1,
SYNEXP_00814,-1,
SYNEXP_01150,-1,
SYNEXP_01213,8,"drain, drain noticeable, noticeable, noticeable overnight, standby drain"
SYNEXP_01558,3,"finish, colours, look, use, looks"
SYNEXP_01608,-1,
SYNEXP_02015,6,"night, shots, night shots, use, time"
SYNEXP_03273,-1,
GENV2_00225,9,"phone, apps, feels, time, use"
GENV2_00827,2,"photos, use, phone, routine, works"
GENV2_00893,2,"photos, use, phone, routine, works"
GENV2_02058,-1,
GENV2_02905,-1,
GENV2_03326,-1,
GENV2_03818,-1,
SYNEXP_00072,6,"night, shots, night shots, use, time"
SYNEXP_02910,-1,
SYNEXP_03464,0,"sessions, stutter, gaming sessions, gaming, bring"
SYNEXP_03565,-1,
GENV2_00487,5,"charging, speed, fairly, feels, charging speed"
GENV2_01687,-1,
GENV2_01888,-1,
GENV2_02317,-1,
GENV2_03014,-1,
SYNEXP_00076,4,"autofocus, everyday, subjects, use, autofocus reliable"
SYNEXP_00190,-1,
SYNEXP_01166,-1,
SYNEXP_01820,6,"night, shots, night shots, use, time"
SYNEXP_01909,-1,
SYNEXP_02226,-1,
SYNEXP_02894,9,"phone, apps, feels, time, use"
GENV2_00482,6,"night, shots, night shots, use, time"
GENV2_01175,5,"charging, speed, fairly, feels, charging speed"
GENV2_01532,-1,
GENV2_02835,-1,
GENV2_03138,-1,
GENV2_03218,-1,
GENV2_03428,-1,
SYNEXP_00154,-1,
SYNEXP_00200,6,"night, shots, night shots, use, time"
SYNEXP_00221,-1,
SYNEXP_00487,3,"finish, colours, look, use, looks"
SYNEXP_00950,3,"finish, colours, look, use, looks"
SYNEXP_01199,0,"sessions, stutter, gaming sessions, gaming, bring"
SYNEXP_01677,-1,
SYNEXP_02481,-1,
SYNEXP_02581,-1,
GENV2_00191,9,"phone, apps, feels, time, use"
GENV2_02419,-1,
GENV2_02670,-1,
GENV2_02973,-1,
GENV2_03270,-1,
GENV2_03365,-1,
SYNEXP_00258,9,"phone, apps, feels, time, use"
SYNEXP_00309,0,"sessions, stutter, gaming sessions, gaming, bring"
SYNEXP_00373,-1,
SYNEXP_00624,0,"sessions, stutter, gaming sessions, gaming, bring"
SYNEXP_00868,9,"phone, apps, feels, time, use"
SYNEXP_02542,-1,
SYNEXP_03682,-1,
GENV2_00312,3,"finish, colours, look, use, looks"
GENV2_00509,4,"autofocus, everyday, subjects, use, autofocus reliable"
GENV2_00587,4,"autofocus, everyday, subjects, use, autofocus reliable"
GENV2_02626,-1,
GENV2_02734,-1,
GENV2_03896,-1,
GENV2_04167,-1,
SYNEXP_00366,-1,
SYNEXP_00944,-1,
SYNEXP_02142,4,"autofocus, everyday, subjects, use, autofocus reliable"
SYNEXP_03658,-1,
GENV2_00326,5,"charging, speed, fairly, feels, charging speed"
GENV2_00733,6,"night, shots, night shots, use, time"
GENV2_00888,2,"photos, use, phone, routine, works"
GENV2_01451,-1,
GENV2_01718,-1,
GENV2_02016,-1,
GENV2_03073,-1,
GENV2_03505,-1,
GENV2_04070,-1,
SYNEXP_00343,-1,
SYNEXP_00884,-1,
SYNEXP_01483,0,"sessions, stutter, gaming sessions, gaming, bring"
SYNEXP_01599,5,"charging, speed, fairly, feels, charging speed"
SYNEXP_02032,-1,
SYNEXP_02906,-1,
SYNEXP_03000,-1,
SYNEXP_03728,5,"charging, speed, fairly, feels, charging speed"
GENV2_00813,8,"drain, drain noticeable, noticeable, noticeable overnight, standby drain"
GENV2_01496,-1,
GENV2_01544,-1,
GENV2_01839,-1,
GENV2_02413,-1,
GENV2_02509,-1,
GENV2_02517,-1,
GENV2_02627,-1,
GENV2_03207,-1,
GENV2_03257,-1,
GENV2_03289,-1,
SYNEXP_00062,-1,
SYNEXP_00285,-1,
SYNEXP_00506,-1,
SYNEXP_01472,0,"sessions, stutter, gaming sessions, gaming, bring"
SYNEXP_01646,2,"photos, use, phone, routine, works"
SYNEXP_01883,-1,
SYNEXP_02200,0,"sessions, stutter, gaming sessions, gaming, bring"
SYNEXP_02498,6,"night, shots, night shots, use, time"
GENV2_00603,7,"multitasking, multitasking acceptable, acceptable routine, acceptable, workable"
GENV2_00780,8,"drain, drain noticeable, noticeable, noticeable overnight, standby drain"
GENV2_01025,1,"panel, panel looks, bright, bright situations, looks bright"
GENV2_01332,5,"charging, speed, fairly, feels, charging speed"
GENV2_02091,-1,
GENV2_02510,-1,
GENV2_02863,-1,
GENV2_03731,-1,
SYNEXP_00600,4,"autofocus, everyday, subjects, use, autofocus reliable"
SYNEXP_00626,-1,
SYNEXP_00880,6,"night, shots, night shots, use, time"
SYNEXP_01004,6,"night, shots, night shots, use, time"
SYNEXP_01345,-1,
SYNEXP_01815,5,"charging, speed, fairly, feels, charging speed"
SYNEXP_01961,9,"phone, apps, feels, time, use"
SYNEXP_02508,-1,
SYNEXP_02689,-1,
SYNEXP_03134,-1,
SYNEXP_03575,-1,
GENV2_00033,4,"autofocus, everyday, subjects, use, autofocus reliable"
GENV2_00236,0,"sessions, stutter, gaming sessions, gaming, bring"
GENV2_01182,8,"drain, drain noticeable, noticeable, noticeable overnight, standby drain"
GENV2_01987,-1,
GENV2_03330,-1,
GENV2_04155,-1,
GENV2_04195,-1,
SYNEXP_00607,-1,
SYNEXP_00701,-1,
SYNEXP_01361,-1,
SYNEXP_01444,5,"charging, speed, fairly, feels, charging speed"
SYNEXP_01462,-1,
SYNEXP_01586,-1,
SYNEXP_01789,-1,
SYNEXP_03156,7,"multitasking, multitasking acceptable, acceptable routine, acceptable, workable"
SYNEXP_03344,-1,
SYNEXP_03356,4,"autofocus, everyday, subjects, use, autofocus reliable"
SYNEXP_03514,-1,
GENV2_00066,3,"finish, colours, look, use, looks"
GENV2_01120,6,"night, shots, night shots, use, time"
GENV2_02242,-1,
GENV2_02591,-1,
SYNEXP_00476,-1,
SYNEXP_01186,-1,
SYNEXP_03343,-1,
SYNEXP_03653,1,"panel, panel looks, bright, bright situations, looks bright"
GENV2_01085,0,"sessions, stutter, gaming sessions, gaming, bring"
GENV2_01226,6,"night, shots, night shots, use, time"
GENV2_02650,-1,
GENV2_03342,-1,
GENV2_03379,-1,
GENV2_04010,-1,
SYNEXP_00444,-1,
SYNEXP_00788,-1,
SYNEXP_00789,-1,
SYNEXP_01358,-1,
SYNEXP_01729,-1,
SYNEXP_02254,8,"drain, drain noticeable, noticeable, noticeable overnight, standby drain"
SYNEXP_02269,-1,
SYNEXP_02616,-1,
SYNEXP_02892,-1,
SYNEXP_03549,-1,
GENV2_00227,6,"night, shots, night shots, use, time"
GENV2_00284,2,"photos, use, phone, routine, works"
GENV2_00289,4,"autofocus, everyday, subjects, use, autofocus reliable"
GENV2_01096,6,"night, shots, night shots, use, time"
GENV2_01301,6,"night, shots, night shots, use, time"
GENV2_01951,-1,
GENV2_02540,-1,
GENV2_03702,-1,
GENV2_04083,-1,
SYNEXP_00188,-1,
SYNEXP_01180,-1,
SYNEXP_02358,-1,
GENV2_00881,2,"photos, use, phone, routine, works"
GENV2_01432,-1,
GENV2_02064,-1,
GENV2_02126,-1,
GENV2_02197,-1,
GENV2_03932,-1,
GENV2_03997,-1,
GENV2_04007,-1,
SYNEXP_01381,-1,
SYNEXP_02141,-1,
SYNEXP_02838,-1,
SYNEXP_03088,-1,
SYNEXP_03584,-1,
GENV2_00535,6,"night, shots, night shots, use, time"
GENV2_00859,6,"night, shots, night shots, use, time"
GENV2_01552,-1,
GENV2_01575,-1,
GENV2_01656,-1,
GENV2_02039,-1,
GENV2_02521,-1,
GENV2_03569,-1,
GENV2_03845,-1,
SYNEXP_00415,-1,
SYNEXP_00519,9,"phone, apps, feels, time, use"
SYNEXP_02398,9,"phone, apps, feels, time, use"
SYNEXP_02769,-1,
GENV2_00291,6,"night, shots, night shots, use, time"
GENV2_00423,2,"photos, use, phone, routine, works"
GENV2_00519,9,"phone, apps, feels, time, use"
GENV2_01661,-1,
GENV2_01700,-1,
GENV2_01716,-1,
GENV2_03064,-1,
GENV2_03091,-1,
SYNEXP_01595,-1,
SYNEXP_01654,-1,
SYNEXP_02118,5,"charging, speed, fairly, feels, charging speed"
SYNEXP_03004,9,"phone, apps, feels, time, use"
SYNEXP_03080,-1,
SYNEXP_03105,6,"night, shots, night shots, use, time"
SYNEXP_03246,-1,
GENV2_00221,0,"sessions, stutter, gaming sessions, gaming, bring"
GENV2_01869,-1,
GENV2_02351,-1,
GENV2_02861,-1,
GENV2_03319,-1,
GENV2_03690,-1,
GENV2_04009,-1,
SYNEXP_00242,0,"sessions, stutter, gaming sessions, gaming, bring"
SYNEXP_00631,-1,
SYNEXP_01427,-1,
SYNEXP_01449,9,"phone, apps, feels, time, use"
SYNEXP_01931,-1,
SYNEXP_02170,6,"night, shots, night shots, use, time"
SYNEXP_02179,-1,
SYNEXP_02227,-1,
SYNEXP_02720,-1,
SYNEXP_02853,-1,
GENV2_01082,2,"photos, use, phone, routine, works"
GENV2_01841,-1,
GENV2_01922,-1,
GENV2_02202,-1,
GENV2_02219,-1,
GENV2_02927,-1,
GENV2_03133,-1,
GENV2_03337,-1,
GENV2_03921,-1,
GENV2_03984,-1,
GENV2_04053,-1,
SYNEXP_00029,5,"charging, speed, fairly, feels, charging speed"
SYNEXP_01478,-1,
SYNEXP_02831,-1,
GENV2_00114,7,"multitasking, multitasking acceptable, acceptable routine, acceptable, workable"
GENV2_00319,6,"night, shots, night shots, use, time"
GENV2_01641,-1,
GENV2_02490,-1,
GENV2_02868,-1,
GENV2_02876,-1,
SYNEXP_00512,-1,
SYNEXP_00956,-1,
SYNEXP_01291,-1,
SYNEXP_03111,-1,
SYNEXP_03752,-1,
GENV2_00031,6,"night, shots, night shots, use, time"
GENV2_00037,2,"photos, use, phone, routine, works"
GENV2_00516,9,"phone, apps, feels, time, use"
GENV2_00765,2,"photos, use, phone, routine, works"
GENV2_00769,8,"drain, drain noticeable, noticeable, noticeable overnight, standby drain"
GENV2_01255,1,"panel, panel looks, bright, bright situations, looks bright"
GENV2_01374,6,"night, shots, night shots, use, time"
GENV2_02485,-1,
GENV2_02575,-1,
SYNEXP_00623,-1,
SYNEXP_01049,3,"finish, colours, look, use, looks"
SYNEXP_02332,-1,
SYNEXP_02429,-1,
SYNEXP_02757,-1,
GENV2_00266,2,"photos, use, phone, routine, works"
GENV2_00635,2,"photos, use, phone, routine, works"
GENV2_01087,4,"autofocus, everyday, subjects, use, autofocus reliable"
GENV2_01170,6,"night, shots, night shots, use, time"
GENV2_01415,-1,
GENV2_04056,-1,
SYNEXP_00039,-1,
SYNEXP_00173,-1,
SYNEXP_01034,-1,
SYNEXP_01835,-1,
SYNEXP_02099,9,"phone, apps, feels, time, use"
SYNEXP_02235,9,"phone, apps, feels, time, use"
SYNEXP_02462,9,"phone, apps, feels, time, use"
SYNEXP_02866,-1,
GENV2_00285,2,"photos, use, phone, routine, works"
GENV2_00332,8,"drain, drain noticeable, noticeable, noticeable overnight, standby drain"
GENV2_00353,9,"phone, apps, feels, time, use"
GENV2_00788,0,"sessions, stutter, gaming sessions, gaming, bring"
GENV2_01772,-1,
GENV2_02357,-1,
SYNEXP_00482,-1,
SYNEXP_00733,-1,
SYNEXP_01847,5,"charging, speed, fairly, feels, charging speed"
SYNEXP_01970,-1,
SYNEXP_01987,-1,
SYNEXP_03335,-1,
SYNEXP_03570,-1,
GENV2_01480,-1,
GENV2_03353,-1,
GENV2_03748,-1,
GENV2_04047,-1,
SYNEXP_01546,-1,
SYNEXP_01914,-1,
GENV2_00394,8,"drain, drain noticeable, noticeable, noticeable overnight, standby drain"
GENV2_00924,6,"night, shots, night shots, use, time"
GENV2_00959,8,"drain, drain noticeable, noticeable, noticeable overnight, standby drain"
GENV2_01285,2,"photos, use, phone, routine, works"
GENV2_02234,-1,
GENV2_02998,-1,
GENV2_03803,-1,
SYNEXP_00114,-1,
SYNEXP_00772,-1,
SYNEXP_01296,-1,
SYNEXP_01502,-1,
SYNEXP_01506,-1,
SYNEXP_01876,1,"panel, panel looks, bright, bright situations, looks bright"
SYNEXP_01927,6,"night, shots, night shots, use, time"
GENV2_00335,6,"night, shots, night shots, use, time"
GENV2_01560,-1,
GENV2_02619,-1,
GENV2_03401,-1,
GENV2_03839,-1,
GENV2_04105,-1,
SYNEXP_00338,5,"charging, speed, fairly, feels, charging speed"
SYNEXP_00602,1,"panel, panel looks, bright, bright situations, looks bright"
SYNEXP_01610,-1,
SYNEXP_01639,-1,
SYNEXP_02849,-1,
GENV2_00024,6,"night, shots, night shots, use, time"
GENV2_00656,8,"drain, drain noticeable, noticeable, noticeable overnight, standby drain"
GENV2_00790,2,"photos, use, phone, routine, works"
GENV2_01849,-1,
GENV2_01925,-1,
GENV2_02278,-1,
GENV2_03577,-1,
GENV2_03771,-1,
GENV2_03837,-1,
SYNEXP_00024,-1,
SYNEXP_01627,-1,
SYNEXP_03089,-1,
SYNEXP_03226,4,"autofocus, everyday, subjects, use, autofocus reliable"
SYNEXP_03348,-1,
SYNEXP_03446,-1,
SYNEXP_03714,-1,
GENV2_00384,2,"photos, use, phone, routine, works"
GENV2_01426,-1,
GENV2_02460,-1,
GENV2_03213,-1,
GENV2_03920,-1,
GENV2_04166,-1,
SYNEXP_00917,9,"phone, apps, feels, time, use"
SYNEXP_01190,9,"phone, apps, feels, time, use"
SYNEXP_01191,9,"phone, apps, feels, time, use"
SYNEXP_01274,-1,
SYNEXP_01479,9,"phone, apps, feels, time, use"
SYNEXP_01906,-1,
SYNEXP_01923,-1,
SYNEXP_02265,-1,
SYNEXP_02367,3,"finish, colours, look, use, looks"
SYNEXP_03093,-1,
GENV2_01805,-1,
GENV2_01967,-1,
GENV2_02032,-1,
GENV2_02131,-1,
GENV2_03637,-1,
GENV2_03923,-1,
GENV2_03955,-1,
SYNEXP_00133,-1,
SYNEXP_00207,-1,
SYNEXP_01851,9,"phone, apps, feels, time, use"
SYNEXP_03382,-1,
SYNEXP_03691,1,"panel, panel looks, bright, bright situations, looks bright"
GENV2_00458,4,"autofocus, everyday, subjects, use, autofocus reliable"
GENV2_00799,8,"drain, drain noticeable, noticeable, noticeable overnight, standby drain"
GENV2_01583,-1,
GENV2_01924,-1,
GENV2_03071,-1,
SYNEXP_00753,9,"phone, apps, feels, time, use"
SYNEXP_00935,3,"finish, colours, look, use, looks"
SYNEXP_01198,-1,
SYNEXP_01359,-1,
SYNEXP_01592,-1,
SYNEXP_01618,-1,
SYNEXP_01701,6,"night, shots, night shots, use, time"
SYNEXP_01796,-1,
SYNEXP_02532,-1,
SYNEXP_02707,-1,
SYNEXP_02868,5,"charging, speed, fairly, feels, charging speed"
SYNEXP_02988,-1,
SYNEXP_03007,-1,
SYNEXP_03383,0,"sessions, stutter, gaming sessions, gaming, bring"
SYNEXP_03495,3,"finish, colours, look, use, looks"
GENV2_01157,8,"drain, drain noticeable, noticeable, noticeable overnight, standby drain"
GENV2_01684,-1,
GENV2_02223,-1,
GENV2_02359,-1,
GENV2_02432,-1,
GENV2_02672,-1,
GENV2_02834,-1,
GENV2_03442,-1,
SYNEXP_00384,-1,
SYNEXP_02682,-1,
SYNEXP_02904,3,"finish, colours, look, use, looks"
SYNEXP_03719,6,"night, shots, night shots, use, time"
GENV2_01603,-1,
GENV2_02161,-1,
GENV2_03474,-1,
SYNEXP_00032,5,"charging, speed, fairly, feels, charging speed"
SYNEXP_00760,8,"drain, drain noticeable, noticeable, noticeable overnight, standby drain"
SYNEXP_01237,-1,
SYNEXP_01838,-1,
SYNEXP_02019,-1,
SYNEXP_03070,-1,
GENV2_00389,5,"charging, speed, fairly, feels, charging speed"
GENV2_00526,6,"night, shots, night shots, use, time"
GENV2_00739,4,"autofocus, everyday, subjects, use, autofocus reliable"
GENV2_01101,3,"finish, colours, look, use, looks"
GENV2_02545,-1,
GENV2_02743,-1,
GENV2_03890,-1,
GENV2_04051,-1,
SYNEXP_00535,-1,
SYNEXP_00649,5,"charging, speed, fairly, feels, charging speed"
SYNEXP_02556,-1,
SYNEXP_03006,3,"finish, colours, look, use, looks"
SYNEXP_03766,-1,
GENV2_00265,1,"panel, panel looks, bright, bright situations, looks bright"
GENV2_00658,8,"drain, drain noticeable, noticeable, noticeable overnight, standby drain"
GENV2_01031,5,"charging, speed, fairly, feels, charging speed"
GENV2_01140,2,"photos, use, phone, routine, works"
GENV2_01363,1,"panel, panel looks, bright, bright situations, looks bright"
GENV2_01407,-1,
GENV2_02306,-1,
GENV2_02798,-1,
SYNEXP_00184,-1,
SYNEXP_00988,8,"drain, drain noticeable, noticeable, noticeable overnight, standby drain"
SYNEXP_02205,6,"night, shots, night shots, use, time"
SYNEXP_03151,5,"charging, speed, fairly, feels, charging speed"
SYNEXP_03379,4,"autofocus, everyday, subjects, use, autofocus reliable"
SYNEXP_03646,-1,
GENV2_00885,6,"night, shots, night shots, use, time"
GENV2_01147,2,"photos, use, phone, routine, works"
GENV2_01262,7,"multitasking, multitasking acceptable, acceptable routine, acceptable, workable"
GENV2_01597,-1,
GENV2_01670,-1,
GENV2_01909,-1,
GENV2_02255,-1,
GENV2_02319,-1,
GENV2_03039,-1,
GENV2_03202,-1,
GENV2_03559,-1,
SYNEXP_00348,9,"phone, apps, feels, time, use"
SYNEXP_00985,9,"phone, apps, feels, time, use"
SYNEXP_01809,-1,
SYNEXP_02445,-1,
SYNEXP_02486,-1,
SYNEXP_03498,0,"sessions, stutter, gaming sessions, gaming, bring"
SYNEXP_03597,-1,
GENV2_00594,1,"panel, panel looks, bright, bright situations, looks bright"
GENV2_01792,-1,
GENV2_01847,-1,
GENV2_02823,-1,
GENV2_03425,-1,
SYNEXP_00987,-1,
SYNEXP_01164,9,"phone, apps, feels, time, use"
SYNEXP_01445,-1,
SYNEXP_01489,0,"sessions, stutter, gaming sessions, gaming, bring"
SYNEXP_02361,-1,
SYNEXP_02889,5,"charging, speed, fairly, feels, charging speed"
SYNEXP_03113,-1,
SYNEXP_03211,6,"night, shots, night shots, use, time"
GENV2_00003,9,"phone, apps, feels, time, use"
GENV2_01785,-1,
GENV2_02225,-1,
GENV2_02643,-1,
GENV2_02721,-1,
GENV2_03112,-1,
GENV2_03612,-1,
SYNEXP_00226,-1,
SYNEXP_00740,-1,
SYNEXP_01054,-1,
SYNEXP_01061,-1,
SYNEXP_02121,-1,
SYNEXP_02437,0,"sessions, stutter, gaming sessions, gaming, bring"
GENV2_01004,2,"photos, use, phone, routine, works"
GENV2_01043,9,"phone, apps, feels, time, use"
GENV2_01302,5,"charging, speed, fairly, feels, charging speed"
GENV2_02552,-1,
GENV2_02890,-1,
SYNEXP_00247,-1,
SYNEXP_00632,-1,
SYNEXP_00878,-1,
SYNEXP_01713,-1,
SYNEXP_02131,-1,
SYNEXP_02216,-1,
SYNEXP_02458,-1,
GENV2_00756,6,"night, shots, night shots, use, time"
GENV2_00816,8,"drain, drain noticeable, noticeable, noticeable overnight, standby drain"
GENV2_01001,1,"panel, panel looks, bright, bright situations, looks bright"
GENV2_01589,-1,
GENV2_02407,-1,
GENV2_03141,-1,
GENV2_03993,-1,
SYNEXP_01065,-1,
SYNEXP_01628,-1,
SYNEXP_01634,-1,
SYNEXP_01751,5,"charging, speed, fairly, feels, charging speed"
SYNEXP_02115,-1,
SYNEXP_02472,6,"night, shots, night shots, use, time"
SYNEXP_03582,9,"phone, apps, feels, time, use"
GENV2_01048,1,"panel, panel looks, bright, bright situations, looks bright"
GENV2_01095,5,"charging, speed, fairly, feels, charging speed"
GENV2_01419,-1,
GENV2_02862,-1,
SYNEXP_00594,8,"drain, drain noticeable, noticeable, noticeable overnight, standby drain"
SYNEXP_00726,-1,
SYNEXP_01644,0,"sessions, stutter, gaming sessions, gaming, bring"
SYNEXP_01881,-1,
SYNEXP_03560,-1,
SYNEXP_00001,-1,
SYNEXP_00798,-1,
SYNEXP_01637,-1,
SYNEXP_01675,-1,
SYNEXP_02081,-1,
SYNEXP_02703,-1,
SYNEXP_03328,-1,
SYNEXP_03432,-1,
SYNEXP_00669,-1,
SYNEXP_00694,6,"night, shots, night shots, use, time"
SYNEXP_00862,-1,
SYNEXP_02744,-1,
SYNEXP_02844,3,"finish, colours, look, use, looks"
SYNEXP_00681,-1,
SYNEXP_00900,-1,
SYNEXP_01925,-1,
SYNEXP_02418,-1,
SYNEXP_02854,-1,
SYNEXP_00555,5,"charging, speed, fairly, feels, charging speed"
SYNEXP_02310,9,"phone, apps, feels, time, use"
SYNEXP_03596,-1,
SYNEXP_03655,-1,
SYNEXP_03764,-1,
SYNEXP_00412,0,"sessions, stutter, gaming sessions, gaming, bring"
SYNEXP_00667,-1,
SYNEXP_01710,-1,
SYNEXP_01781,6,"night, shots, night shots, use, time"
SYNEXP_02224,3,"finish, colours, look, use, looks"
SYNEXP_03458,-1,
SYNEXP_03750,-1,
SYNEXP_00166,-1,
SYNEXP_01053,0,"sessions, stutter, gaming sessions, gaming, bring"
SYNEXP_01272,-1,
SYNEXP_01298,5,"charging, speed, fairly, feels, charging speed"
SYNEXP_01405,9,"phone, apps, feels, time, use"
SYNEXP_00163,-1,
SYNEXP_00351,-1,
SYNEXP_00949,-1,
SYNEXP_01020,9,"phone, apps, feels, time, use"
SYNEXP_01071,-1,
SYNEXP_01944,-1,
SYNEXP_02101,-1,
SYNEXP_02380,1,"panel, panel looks, bright, bright situations, looks bright"
SYNEXP_02775,-1,
SYNEXP_03509,-1,
SYNEXP_03636,-1,
SYNEXP_02883,-1,
SYNEXP_02994,-1,
SYNEXP_03250,-1,
SYNEXP_00093,-1,
SYNEXP_00523,-1,
SYNEXP_00534,-1,
SYNEXP_00902,-1,
SYNEXP_01251,0,"sessions, stutter, gaming sessions, gaming, bring"
SYNEXP_01426,3,"finish, colours, look, use, looks"
SYNEXP_01434,9,"phone, apps, feels, time, use"
SYNEXP_02867,-1,
SYNEXP_02936,0,"sessions, stutter, gaming sessions, gaming, bring"
SYNEXP_00557,-1,
SYNEXP_00712,-1,
SYNEXP_01128,-1,
SYNEXP_01542,-1,
SYNEXP_01880,-1,
SYNEXP_02152,-1,
SYNEXP_03291,-1,
SYNEXP_00952,9,"phone, apps, feels, time, use"
SYNEXP_01159,6,"night, shots, night shots, use, time"
SYNEXP_01512,8,"drain, drain noticeable, noticeable, noticeable overnight, standby drain"
SYNEXP_02456,1,"panel, panel looks, bright, bright situations, looks bright"
SYNEXP_01223,-1,
SYNEXP_01664,-1,
SYNEXP_02698,-1,
SYNEXP_02992,3,"finish, colours, look, use, looks"
SYNEXP_00330,-1,
SYNEXP_00593,9,"phone, apps, feels, time, use"
SYNEXP_00605,4,"autofocus, everyday, subjects, use, autofocus reliable"
SYNEXP_01614,0,"sessions, stutter, gaming sessions, gaming, bring"
SYNEXP_02155,-1,
SYNEXP_02297,-1,
SYNEXP_02473,-1,
SYNEXP_02932,-1,
SYNEXP_03059,-1,
SYNEXP_01899,9,"phone, apps, feels, time, use"
SYNEXP_02137,0,"sessions, stutter, gaming sessions, gaming, bring"
SYNEXP_02548,-1,
SYNEXP_02851,-1,
SYNEXP_00254,4,"autofocus, everyday, subjects, use, autofocus reliable"
SYNEXP_00395,-1,
SYNEXP_00428,-1,
SYNEXP_00964,-1,
SYNEXP_02626,-1,
SYNEXP_02924,-1,
SYNEXP_02989,0,"sessions, stutter, gaming sessions, gaming, bring"
SYNEXP_03403,3,"finish, colours, look, use, looks"
SYNEXP_00619,-1,
SYNEXP_02117,-1,
SYNEXP_02578,-1,
