review_id,split
GENV2_00922,test
GENV2_02645,test
SYNEXP_00250,train
SYNEXP_00980,train
SYNEXP_01021,train
SYNEXP_01872,train
SYNEXP_02061,train
SYNEXP_02986,train
GENV2_00180,train
GENV2_00734,train
GENV2_01049,validation
GENV2_01634,validation
GENV2_01864,train
GENV2_02057,validation
GENV2_02233,train
GENV2_02447,validation
GENV2_02762,train
SYNEXP_00009,train
SYNEXP_00834,train
SYNEXP_00997,train
SYNEXP_03610,train
GENV2_00080,train
GENV2_01092,test
GENV2_01105,train
GENV2_01421,train
GENV2_01502,train
GENV2_02224,test
GENV2_02937,train
GENV2_00042,validation
GENV2_00505,train
GENV2_02132,train
GENV2_02608,test
GENV2_03031,train
GENV2_03638,train
GENV2_03751,train
SYNEXP_02181,train
SYNEXP_02218,validation
SYNEXP_02544,validation
SYNEXP_02977,train
SYNEXP_03029,train
SYNEXP_03284,train
GENV2_01778,train
GENV2_02139,train
GENV2_02525,train
GENV2_02727,validation
GENV2_02827,train
GENV2_04198,validation
SYNEXP_00106,train
SYNEXP_00684,train
SYNEXP_01279,train
SYNEXP_01353,train
SYNEXP_01544,validation
SYNEXP_02561,validation
SYNEXP_02694,train
SYNEXP_03049,train
SYNEXP_03060,train
GENV2_00941,train
GENV2_01983,train
GENV2_02399,test
GENV2_03296,train
GENV2_03849,train
SYNEXP_02010,train
GENV2_00282,train
GENV2_00397,train
GENV2_00662,train
GENV2_00801,validation
GENV2_00819,train
GENV2_01047,test
GENV2_02618,train
GENV2_03230,train
GENV2_03976,train
GENV2_04008,train
GENV2_04076,train
SYNEXP_00588,train
SYNEXP_01778,train
SYNEXP_01840,train
SYNEXP_03689,train
SYNEXP_03722,train
GENV2_00028,train
GENV2_01221,train
GENV2_02020,train
GENV2_02332,test
GENV2_02431,train
GENV2_02856,train
GENV2_03520,train
GENV2_03705,test
SYNEXP_00131,train
SYNEXP_00146,train
SYNEXP_01355,train
SYNEXP_02298,validation
SYNEXP_03632,train
GENV2_00567,train
GENV2_00978,validation
GENV2_01550,validation
GENV2_02759,train
GENV2_02859,train
GENV2_02954,train
GENV2_03219,validation
GENV2_03285,train
SYNEXP_00124,train
SYNEXP_00460,train
SYNEXP_00464,train
SYNEXP_01520,validation
SYNEXP_02017,train
SYNEXP_03763,train
GENV2_00373,train
GENV2_00655,train
GENV2_00965,train
GENV2_01213,test
GENV2_02285,train
GENV2_03172,validation
GENV2_04149,validation
SYNEXP_01060,train
GENV2_01456,train
GENV2_02066,validation
GENV2_02356,test
GENV2_02671,train
GENV2_03236,test
GENV2_04178,validation
SYNEXP_00469,validation
SYNEXP_00559,validation
SYNEXP_01026,train
SYNEXP_01141,train
SYNEXP_01641,test
SYNEXP_01721,train
SYNEXP_01871,train
SYNEXP_02129,train
SYNEXP_02339,validation
SYNEXP_02592,validation
SYNEXP_02674,train
GENV2_00224,train
GENV2_00377,test
GENV2_00463,test
GENV2_00981,test
GENV2_01104,train
GENV2_01106,test
GENV2_01252,train
GENV2_02033,test
GENV2_02181,train
GENV2_02457,train
GENV2_04100,test
SYNEXP_01450,validation
SYNEXP_01471,validation
SYNEXP_03455,train
GENV2_00878,train
GENV2_00909,train
GENV2_01678,test
GENV2_02636,train
GENV2_03476,train
SYNEXP_00922,train
SYNEXP_01171,train
SYNEXP_01329,train
SYNEXP_02003,train
SYNEXP_03164,train
SYNEXP_03543,train
GENV2_00092,train
GENV2_02812,test
GENV2_02830,train
GENV2_02845,train
GENV2_03563,train
GENV2_03792,validation
GENV2_03957,train
GENV2_04042,train
SYNEXP_01786,train
SYNEXP_03206,train
SYNEXP_03592,train
GENV2_00115,train
GENV2_00560,train
GENV2_01009,train
GENV2_01853,train
GENV2_01981,validation
GENV2_03025,train
GENV2_03851,train
SYNEXP_00022,train
SYNEXP_00248,train
SYNEXP_00467,validation
SYNEXP_00664,test
SYNEXP_00779,train
SYNEXP_01415,validation
SYNEXP_01802,train
SYNEXP_02171,train
SYNEXP_03102,train
SYNEXP_03245,train
GENV2_01389,test
GENV2_01422,train
GENV2_01466,train
GENV2_01605,train
GENV2_01717,train
GENV2_02660,train
GENV2_03032,test
SYNEXP_02368,test
SYNEXP_02558,validation
SYNEXP_03476,train
GENV2_00211,train
GENV2_00293,validation
GENV2_00382,train
GENV2_00592,train
GENV2_01538,test
GENV2_02120,train
GENV2_02387,train
GENV2_03571,test
GENV2_03598,train
SYNEXP_01110,train
SYNEXP_01239,train
SYNEXP_02036,train
SYNEXP_03251,train
SYNEXP_03404,train
SYNEXP_03667,train
GENV2_00455,train
GENV2_00707,train
GENV2_00767,train
GENV2_00789,train
GENV2_01284,train
GENV2_02229,train
GENV2_02725,train
GENV2_03118,test
GENV2_03779,test
SYNEXP_00273,train
SYNEXP_02887,train
SYNEXP_02890,train
SYNEXP_02901,train
SYNEXP_03020,train
SYNEXP_03375,train
SYNEXP_03583,train
SYNEXP_03595,train
SYNEXP_03629,train
SYNEXP_03701,train
GENV2_00301,train
GENV2_02612,validation
GENV2_02676,train
SYNEXP_01828,train
SYNEXP_02419,test
SYNEXP_02841,train
SYNEXP_03203,train
SYNEXP_03436,train
SYNEXP_03507,train
GENV2_01264,train
GENV2_01448,train
GENV2_01633,train
GENV2_01646,test
GENV2_03308,test
SYNEXP_00642,test
SYNEXP_00748,train
SYNEXP_02161,train
SYNEXP_03637,train
GENV2_01936,test
GENV2_02230,train
GENV2_02300,train
GENV2_02753,test
GENV2_03145,test
SYNEXP_00608,train
SYNEXP_01081,train
SYNEXP_01800,train
SYNEXP_02708,train
SYNEXP_03712,train
SYNEXP_03756,train
GENV2_00018,train
GENV2_01564,validation
GENV2_01690,test
GENV2_02055,test
GENV2_03407,train
GENV2_03782,test
GENV2_03841,train
SYNEXP_01072,train
SYNEXP_02541,validation
SYNEXP_03372,train
GENV2_00850,test
GENV2_01094,validation
GENV2_01703,validation
GENV2_02791,train
GENV2_03096,validation
GENV2_03535,test
GENV2_03971,train
SYNEXP_03601,train
GENV2_00334,train
GENV2_00415,train
GENV2_00580,train
GENV2_00772,train
GENV2_01650,train
GENV2_02274,test
SYNEXP_01967,train
SYNEXP_02454,test
SYNEXP_03022,train
SYNEXP_03329,train
SYNEXP_03426,train
GENV2_00091,train
GENV2_00287,train
GENV2_00933,validation
GENV2_01529,test
GENV2_01593,validation
GENV2_01691,test
GENV2_02054,train
GENV2_02238,train
GENV2_02731,test
GENV2_03037,test
GENV2_04145,test
SYNEXP_00442,train
SYNEXP_00948,train
SYNEXP_01264,train
SYNEXP_01699,test
SYNEXP_01821,train
SYNEXP_02376,test
SYNEXP_02657,validation
GENV2_00506,train
GENV2_00849,train
GENV2_01321,train
GENV2_01606,test
GENV2_01626,validation
GENV2_02401,test
GENV2_02885,train
GENV2_03540,train
SYNEXP_00375,train
SYNEXP_00425,train
SYNEXP_00567,validation
SYNEXP_01238,train
SYNEXP_01695,test
GENV2_01265,train
GENV2_01308,train
GENV2_01356,validation
GENV2_02582,train
GENV2_02669,test
GENV2_03392,validation
GENV2_03667,test
GENV2_03941,train
GENV2_03965,train
SYNEXP_00165,test
SYNEXP_00466,validation
SYNEXP_01480,validation
SYNEXP_01491,validation
SYNEXP_01585,test
SYNEXP_02407,test
SYNEXP_02412,test
SYNEXP_02583,validation
SYNEXP_02641,validation
SYNEXP_03175,train
SYNEXP_03720,train
GENV2_00416,train
GENV2_00797,train
GENV2_02365,train
GENV2_02491,train
GENV2_03197,test
GENV2_03215,train
GENV2_03226,train
GENV2_04152,train
SYNEXP_00556,validation
SYNEXP_01896,train
SYNEXP_01920,train
SYNEXP_03095,train
GENV2_02872,train
GENV2_03135,train
SYNEXP_00462,train
SYNEXP_01473,validation
SYNEXP_01556,validation
SYNEXP_01620,test
SYNEXP_03057,train
GENV2_03887,validation
GENV2_03900,train
GENV2_03952,train
GENV2_03999,train
SYNEXP_00774,train
SYNEXP_00894,train
SYNEXP_01584,test
SYNEXP_01870,train
SYNEXP_02345,validation
SYNEXP_02758,train
SYNEXP_03519,train
GENV2_00419,train
GENV2_00485,validation
GENV2_00628,train
GENV2_00744,train
GENV2_01731,validation
GENV2_02079,train
GENV2_03263,validation
GENV2_03830,train
SYNEXP_00181,test
SYNEXP_00906,train
SYNEXP_01177,train
SYNEXP_01231,train
SYNEXP_01236,train
SYNEXP_01573,test
SYNEXP_03127,train
GENV2_00222,train
GENV2_00438,train
GENV2_00648,train
GENV2_01493,validation
GENV2_01758,test
GENV2_02547,validation
SYNEXP_01073,train
SYNEXP_02294,validation
SYNEXP_02424,test
SYNEXP_03475,train
GENV2_00166,train
GENV2_00511,train
GENV2_01070,validation
GENV2_02001,train
GENV2_02781,train
SYNEXP_01134,train
SYNEXP_01179,train
SYNEXP_01424,validation
SYNEXP_01555,validation
SYNEXP_01564,test
SYNEXP_01566,test
SYNEXP_02214,validation
SYNEXP_02334,validation
SYNEXP_03128,train
GENV2_01459,train
GENV2_01721,test
GENV2_01885,train
GENV2_02503,train
GENV2_02543,test
GENV2_02637,train
GENV2_02638,test
GENV2_03201,train
GENV2_03217,test
GENV2_03701,validation
GENV2_03864,train
GENV2_03933,train
SYNEXP_00252,train
SYNEXP_01126,train
SYNEXP_02582,validation
SYNEXP_03238,train
SYNEXP_03621,train
GENV2_01488,train
GENV2_01576,test
GENV2_02092,validation
GENV2_02566,train
GENV2_03072,train
GENV2_03990,train
GENV2_04176,test
SYNEXP_00002,train
SYNEXP_00206,train
SYNEXP_00237,train
SYNEXP_01193,train
SYNEXP_03121,train
GENV2_00144,train
GENV2_00407,validation
GENV2_00925,train
GENV2_01492,train
GENV2_01910,train
GENV2_02474,train
GENV2_02829,train
GENV2_03551,train
GENV2_03736,train
GENV2_03865,train
SYNEXP_02247,validation
SYNEXP_02471,test
SYNEXP_02795,train
SYNEXP_02938,train
SYNEXP_03421,train
GENV2_00938,train
GENV2_01518,train
GENV2_02305,test
GENV2_02486,train
GENV2_02788,train
SYNEXP_01811,train
SYNEXP_02111,train
SYNEXP_03515,train
SYNEXP_03554,train
GENV2_01078,train
GENV2_01227,train
GENV2_02446,train
GENV2_02773,test
GENV2_04097,test
SYNEXP_00734,train
SYNEXP_02534,validation
SYNEXP_03033,train
GENV2_01832,test
GENV2_02083,train
GENV2_02484,test
GENV2_02814,test
GENV2_03002,test
GENV2_03579,test
SYNEXP_00457,train
SYNEXP_00747,train
SYNEXP_01481,validation
SYNEXP_01511,validation
SYNEXP_01887,train
SYNEXP_02321,validation
SYNEXP_02677,train
SYNEXP_02965,train
SYNEXP_03143,train
SYNEXP_03306,train
GENV2_00074,train
GENV2_00077,train
GENV2_00325,train
GENV2_00348,train
GENV2_02043,validation
GENV2_02288,train
GENV2_02673,train
GENV2_02685,train
GENV2_03409,train
GENV2_03538,validation
GENV2_03666,train
GENV2_03961,train
SYNEXP_00518,train
SYNEXP_01365,train
SYNEXP_01793,train
SYNEXP_02964,train
SYNEXP_02966,train
SYNEXP_03393,train
SYNEXP_03407,train
GENV2_00067,train
GENV2_00207,train
GENV2_01306,train
GENV2_01632,train
GENV2_02904,train
GENV2_03151,train
GENV2_03515,train
GENV2_03625,train
GENV2_03664,train
SYNEXP_00111,train
SYNEXP_01103,train
SYNEXP_01254,train
SYNEXP_01307,train
SYNEXP_01736,train
SYNEXP_02031,train
SYNEXP_02060,train
SYNEXP_02495,test
SYNEXP_03423,train
SYNEXP_03687,train
GENV2_00823,train
GENV2_01399,train
GENV2_02176,train
GENV2_02186,train
GENV2_02313,train
GENV2_02678,test
SYNEXP_01490,validation
SYNEXP_01833,train
SYNEXP_02033,train
GENV2_00833,train
GENV2_01788,train
GENV2_01871,train
GENV2_02277,validation
GENV2_03439,train
GENV2_03562,train
GENV2_03823,train
GENV2_04131,train
SYNEXP_01093,train
SYNEXP_01788,train
SYNEXP_02026,train
SYNEXP_02241,validation
SYNEXP_02252,validation
SYNEXP_02695,train
SYNEXP_02835,train
GENV2_00666,validation
GENV2_00720,test
GENV2_01163,train
GENV2_01457,train
GENV2_01547,train
GENV2_01835,train
GENV2_02273,train
GENV2_03142,test
SYNEXP_00648,test
SYNEXP_01130,train
SYNEXP_01284,train
SYNEXP_01393,train
SYNEXP_01740,train
SYNEXP_02335,validation
SYNEXP_02510,test
SYNEXP_02803,train
SYNEXP_03634,train
GENV2_00231,train
GENV2_01109,validation
GENV2_01139,train
GENV2_02218,test
GENV2_02568,train
GENV2_02742,test
GENV2_03752,train
SYNEXP_00505,validation
SYNEXP_00808,test
SYNEXP_00955,train
SYNEXP_01172,train
SYNEXP_01269,train
SYNEXP_01743,train
SYNEXP_02106,train
SYNEXP_03044,train
SYNEXP_03195,train
SYNEXP_03492,train
SYNEXP_03628,train
GENV2_00269,test
GENV2_00652,train
GENV2_01019,train
GENV2_01072,train
GENV2_01117,train
GENV2_01190,validation
GENV2_01212,validation
GENV2_01836,test
GENV2_01923,train
GENV2_02121,validation
GENV2_02180,train
GENV2_02782,train
GENV2_04114,test
SYNEXP_01031,train
SYNEXP_01605,test
SYNEXP_03394,train
GENV2_00501,train
GENV2_01320,train
GENV2_02926,train
GENV2_03055,test
GENV2_03395,validation
GENV2_03784,train
SYNEXP_01645,test
SYNEXP_01956,train
SYNEXP_02756,train
GENV2_00795,train
GENV2_02442,train
GENV2_03033,train
GENV2_03480,validation
SYNEXP_00021,train
SYNEXP_00092,train
SYNEXP_00280,test
SYNEXP_00890,validation
SYNEXP_01531,validation
SYNEXP_01606,test
SYNEXP_02635,validation
SYNEXP_03769,train
GENV2_00987,validation
GENV2_01966,validation
GENV2_02005,train
GENV2_03309,train
GENV2_03657,validation
SYNEXP_00127,train
SYNEXP_01010,train
SYNEXP_01163,train
SYNEXP_01232,train
SYNEXP_01693,test
SYNEXP_02177,train
SYNEXP_02245,validation
SYNEXP_03208,train
SYNEXP_03314,train
SYNEXP_03679,train
GENV2_00184,test
GENV2_00563,train
GENV2_00650,validation
GENV2_00804,train
GENV2_00838,train
GENV2_02690,train
GENV2_02691,test
GENV2_03461,train
SYNEXP_00999,train
SYNEXP_02054,train
SYNEXP_02199,train
SYNEXP_02871,train
SYNEXP_03567,train
GENV2_00290,train
GENV2_01956,validation
GENV2_02441,validation
GENV2_02850,train
GENV2_04098,test
SYNEXP_00538,train
SYNEXP_00645,test
SYNEXP_00919,train
SYNEXP_00937,train
SYNEXP_01085,train
SYNEXP_01378,train
SYNEXP_01386,train
SYNEXP_01548,validation
SYNEXP_01617,test
SYNEXP_01842,train
SYNEXP_01901,train
SYNEXP_02624,validation
SYNEXP_03150,train
SYNEXP_03248,train
SYNEXP_03365,train
GENV2_00522,train
GENV2_01588,train
GENV2_01704,train
GENV2_02657,train
GENV2_03332,validation
SYNEXP_00828,train
SYNEXP_01228,train
SYNEXP_01972,train
SYNEXP_02256,validation
SYNEXP_02273,validation
SYNEXP_02468,test
SYNEXP_02566,validation
GENV2_00969,train
GENV2_02207,test
GENV2_03307,train
GENV2_03347,train
GENV2_04174,validation
SYNEXP_01589,test
SYNEXP_02148,train
SYNEXP_02680,train
SYNEXP_03193,train
SYNEXP_03450,train
SYNEXP_03528,train
SYNEXP_03677,train
GENV2_02902,test
GENV2_03300,test
GENV2_03683,validation
SYNEXP_00537,train
SYNEXP_01019,train
SYNEXP_01100,train
SYNEXP_01655,test
SYNEXP_01754,train
SYNEXP_02643,validation
GENV2_00361,train
GENV2_00669,train
GENV2_01260,train
GENV2_01424,validation
GENV2_01494,train
GENV2_01927,test
GENV2_02114,train
GENV2_02182,validation
GENV2_02646,train
GENV2_04119,test
SYNEXP_00050,train
SYNEXP_00668,test
GENV2_00029,validation
GENV2_00241,validation
GENV2_00342,train
GENV2_00401,train
GENV2_01610,train
GENV2_02858,train
GENV2_02995,validation
GENV2_03303,train
GENV2_03692,train
SYNEXP_00276,train
SYNEXP_01066,train
SYNEXP_01562,test
SYNEXP_02207,validation
SYNEXP_02524,validation
SYNEXP_02555,validation
SYNEXP_03618,train
GENV2_00004,train
GENV2_01024,train
GENV2_01256,train
GENV2_01512,validation
GENV2_02051,validation
GENV2_02410,train
GENV2_02900,train
GENV2_03626,train
GENV2_03917,test
GENV2_04014,test
SYNEXP_00855,validation
SYNEXP_00982,train
SYNEXP_01083,train
SYNEXP_01139,train
SYNEXP_01959,train
SYNEXP_02464,test
GENV2_00462,validation
GENV2_00478,validation
GENV2_00971,train
GENV2_01164,train
GENV2_01708,train
GENV2_01764,train
GENV2_02744,train
GENV2_03310,train
SYNEXP_00544,train
SYNEXP_01135,train
SYNEXP_02007,train
SYNEXP_03158,train
SYNEXP_03644,train
GENV2_00248,train
GENV2_00641,validation
GENV2_01141,train
GENV2_01351,validation
GENV2_01979,validation
GENV2_02067,train
GENV2_02997,train
GENV2_03116,validation
GENV2_03608,train
GENV2_03697,test
GENV2_03725,train
GENV2_03904,train
SYNEXP_00853,validation
SYNEXP_03083,train
GENV2_01015,train
GENV2_01398,test
GENV2_01440,test
GENV2_01861,train
GENV2_02082,train
GENV2_02333,test
GENV2_02784,train
GENV2_02792,validation
GENV2_02966,validation
GENV2_03211,test
GENV2_03568,train
GENV2_03850,train
GENV2_04015,train
SYNEXP_00446,train
SYNEXP_02057,train
SYNEXP_02239,validation
SYNEXP_02961,train
SYNEXP_03351,train
GENV2_01406,validation
GENV2_01812,train
GENV2_03083,train
GENV2_04054,validation
SYNEXP_00341,train
SYNEXP_00996,train
SYNEXP_02185,train
SYNEXP_02222,validation
SYNEXP_03002,train
SYNEXP_03349,train
SYNEXP_03468,train
SYNEXP_03622,train
GENV2_00118,train
GENV2_00255,test
GENV2_00388,train
GENV2_01942,train
GENV2_02021,train
GENV2_02498,train
SYNEXP_00936,train
SYNEXP_01017,train
SYNEXP_01043,train
SYNEXP_02433,test
SYNEXP_02527,validation
SYNEXP_02661,validation
SYNEXP_03008,train
SYNEXP_03037,train
SYNEXP_03698,train
GENV2_01375,train
GENV2_01647,train
GENV2_02049,train
GENV2_03572,train
GENV2_03590,validation
SYNEXP_00094,train
SYNEXP_00769,train
SYNEXP_00786,test
SYNEXP_00899,train
SYNEXP_01270,train
SYNEXP_01330,train
SYNEXP_01804,train
SYNEXP_02860,train
SYNEXP_03028,train
SYNEXP_03228,train
SYNEXP_03300,train
SYNEXP_03467,train
SYNEXP_03732,train
SYNEXP_03761,train
GENV2_01028,test
GENV2_01850,train
GENV2_02368,train
GENV2_02497,validation
GENV2_02963,train
SYNEXP_00187,train
SYNEXP_00852,validation
SYNEXP_00971,train
SYNEXP_01056,train
SYNEXP_01783,train
SYNEXP_02305,validation
SYNEXP_02651,validation
SYNEXP_02683,train
GENV2_00313,train
GENV2_00474,test
GENV2_00994,train
GENV2_01725,train
GENV2_02296,validation
GENV2_02390,validation
GENV2_02623,train
GENV2_02925,train
GENV2_03046,train
GENV2_03210,train
GENV2_03873,train
SYNEXP_00297,train
SYNEXP_00331,train
SYNEXP_00983,train
SYNEXP_02158,train
SYNEXP_02165,train
SYNEXP_02753,train
SYNEXP_03120,train
SYNEXP_03462,train
GENV2_00130,test
GENV2_00142,train
GENV2_00374,train
GENV2_00629,train
GENV2_01220,train
GENV2_02339,train
GENV2_02986,train
GENV2_03611,train
GENV2_03807,train
SYNEXP_00968,train
SYNEXP_00984,train
SYNEXP_01455,validation
SYNEXP_02697,train
SYNEXP_03686,train
GENV2_01250,train
GENV2_01827,train
GENV2_02093,train
GENV2_03578,train
GENV2_04011,test
SYNEXP_02620,validation
SYNEXP_03035,train
SYNEXP_03627,train
GENV2_02923,train
GENV2_03566,test
SYNEXP_02463,test
SYNEXP_02997,train
SYNEXP_03745,train
GENV2_01090,train
GENV2_01521,train
GENV2_01679,train
GENV2_02711,validation
GENV2_03148,test
GENV2_03360,train
GENV2_04197,train
SYNEXP_00364,test
SYNEXP_02182,train
SYNEXP_02873,train
SYNEXP_03216,train
GENV2_01360,train
GENV2_02040,validation
GENV2_02211,validation
SYNEXP_00077,validation
SYNEXP_00488,validation
SYNEXP_00835,train
SYNEXP_00870,validation
SYNEXP_01792,train
SYNEXP_02050,train
SYNEXP_03241,train
GENV2_00203,validation
GENV2_00244,train
GENV2_00663,validation
GENV2_00890,train
GENV2_01968,validation
GENV2_03314,train
GENV2_03871,train
SYNEXP_00611,train
SYNEXP_00615,train
SYNEXP_01033,train
SYNEXP_02603,validation
GENV2_00271,train
GENV2_01444,train
GENV2_02363,train
GENV2_03959,train
GENV2_04036,test
SYNEXP_00045,train
SYNEXP_00112,train
SYNEXP_00515,validation
SYNEXP_00768,train
SYNEXP_01155,train
SYNEXP_01461,validation
SYNEXP_01930,train
SYNEXP_01955,train
SYNEXP_02037,train
SYNEXP_02913,train
SYNEXP_03483,train
SYNEXP_03693,train
GENV2_00064,train
GENV2_00454,train
GENV2_01059,test
GENV2_02038,train
GENV2_02706,train
GENV2_02873,train
GENV2_03588,test
SYNEXP_00327,train
SYNEXP_00374,train
SYNEXP_00463,train
SYNEXP_00526,train
SYNEXP_01143,train
SYNEXP_02484,test
SYNEXP_03003,train
SYNEXP_03199,train
SYNEXP_03321,train
GENV2_00053,train
GENV2_00484,train
GENV2_03734,train
GENV2_04185,train
SYNEXP_00308,train
SYNEXP_00441,train
SYNEXP_00809,test
SYNEXP_01096,train
SYNEXP_01115,train
SYNEXP_01323,train
SYNEXP_01826,train
SYNEXP_02761,train
SYNEXP_02824,train
SYNEXP_03557,train
GENV2_00338,test
GENV2_01168,validation
GENV2_02718,train
GENV2_02740,train
GENV2_03547,test
GENV2_03603,train
GENV2_04003,train
GENV2_04028,train
SYNEXP_00194,train
SYNEXP_00961,train
SYNEXP_01138,train
SYNEXP_01273,train
SYNEXP_01862,train
SYNEXP_02808,train
SYNEXP_03556,train
GENV2_00146,train
GENV2_00752,train
GENV2_01073,train
GENV2_02266,test
GENV2_02371,train
GENV2_02667,train
GENV2_02807,train
GENV2_03011,test
SYNEXP_00046,train
SYNEXP_01425,validation
SYNEXP_01976,train
SYNEXP_02668,validation
SYNEXP_02968,train
SYNEXP_03234,train
GENV2_00354,train
GENV2_01887,test
GENV2_03163,test
GENV2_04001,train
SYNEXP_00671,test
SYNEXP_00992,train
SYNEXP_01597,test
SYNEXP_01874,train
SYNEXP_01964,train
SYNEXP_02351,validation
SYNEXP_02754,train
GENV2_00226,test
GENV2_01771,train
GENV2_01808,validation
GENV2_02150,test
GENV2_02154,train
GENV2_03656,test
SYNEXP_00054,train
SYNEXP_02469,test
SYNEXP_02477,test
SYNEXP_02930,train
SYNEXP_03276,train
GENV2_00122,train
GENV2_00329,train
GENV2_00953,train
GENV2_01361,train
GENV2_01753,train
GENV2_02705,train
SYNEXP_00134,train
SYNEXP_00509,validation
SYNEXP_00721,train
SYNEXP_01157,train
SYNEXP_02009,train
SYNEXP_02271,validation
SYNEXP_02903,train
SYNEXP_03371,train
SYNEXP_03736,train
GENV2_00358,train
GENV2_00931,train
GENV2_01579,train
GENV2_01707,validation
GENV2_02615,train
GENV2_03670,train
GENV2_03987,train
SYNEXP_01008,train
SYNEXP_01235,train
SYNEXP_01368,train
SYNEXP_01486,validation
SYNEXP_02210,validation
SYNEXP_02331,validation
SYNEXP_02499,test
GENV2_00980,train
GENV2_01033,train
GENV2_01511,test
GENV2_01804,validation
GENV2_01990,train
GENV2_02476,train
GENV2_03021,validation
GENV2_04073,train
SYNEXP_00379,train
SYNEXP_00551,validation
SYNEXP_01281,train
SYNEXP_01290,train
SYNEXP_01474,validation
SYNEXP_02049,train
SYNEXP_02342,validation
SYNEXP_02389,test
SYNEXP_03124,train
SYNEXP_03405,train
GENV2_00148,train
GENV2_00246,train
GENV2_00347,train
GENV2_00680,train
GENV2_01191,train
GENV2_01637,train
GENV2_02946,validation
GENV2_03028,test
GENV2_03237,train
GENV2_03801,train
SYNEXP_01258,train
SYNEXP_01746,train
SYNEXP_02159,train
SYNEXP_02614,validation
GENV2_00605,train
GENV2_00620,train
GENV2_00809,validation
GENV2_01779,train
GENV2_02160,validation
GENV2_02386,train
GENV2_02801,test
GENV2_03661,train
SYNEXP_00011,train
SYNEXP_02195,train
SYNEXP_02552,validation
SYNEXP_02819,train
SYNEXP_03580,train
GENV2_00283,train
GENV2_00834,train
GENV2_01413,train
GENV2_02595,train
GENV2_02799,test
GENV2_03005,train
GENV2_03514,train
SYNEXP_01250,train
SYNEXP_01429,validation
SYNEXP_01674,test
SYNEXP_02281,validation
SYNEXP_02453,test
SYNEXP_02613,validation
GENV2_00360,train
GENV2_01553,validation
GENV2_02000,test
GENV2_02851,test
GENV2_03544,train
GENV2_03607,test
SYNEXP_02144,train
SYNEXP_02240,validation
SYNEXP_03547,train
GENV2_00040,test
GENV2_00425,train
GENV2_01568,train
GENV2_02644,test
SYNEXP_00084,validation
SYNEXP_00176,test
SYNEXP_00635,train
SYNEXP_01090,train
SYNEXP_02085,train
SYNEXP_02153,train
SYNEXP_03465,train
SYNEXP_03695,train
GENV2_00014,test
GENV2_00692,train
GENV2_01713,train
GENV2_02041,validation
GENV2_02700,train
GENV2_03287,test
SYNEXP_00267,train
SYNEXP_00881,validation
SYNEXP_02039,train
SYNEXP_02688,train
SYNEXP_02764,train
GENV2_00742,validation
GENV2_01907,train
GENV2_02316,train
GENV2_03853,train
GENV2_03876,train
SYNEXP_00266,train
SYNEXP_00978,train
GENV2_00448,validation
GENV2_02008,test
GENV2_02555,train
GENV2_02652,train
GENV2_03026,train
GENV2_04074,train
SYNEXP_00244,train
SYNEXP_00270,train
SYNEXP_01643,test
SYNEXP_03350,train
SYNEXP_03537,train
GENV2_00693,train
GENV2_02530,train
GENV2_02881,train
GENV2_03371,train
GENV2_04084,train
SYNEXP_00369,train
SYNEXP_00926,train
SYNEXP_01308,train
SYNEXP_01758,train
SYNEXP_02343,validation
SYNEXP_02585,validation
GENV2_00135,train
GENV2_01344,train
GENV2_01370,train
GENV2_02679,train
GENV2_03828,train
SYNEXP_02738,train
SYNEXP_02800,train
SYNEXP_03342,train
GENV2_01616,train
GENV2_01638,test
GENV2_02567,validation
GENV2_03007,test
GENV2_03870,train
GENV2_03902,train
SYNEXP_02395,test
SYNEXP_02617,validation
SYNEXP_02743,train
SYNEXP_03301,train
GENV2_00678,train
GENV2_01323,test
GENV2_01338,train
GENV2_01523,train
GENV2_02728,train
GENV2_02749,test
GENV2_02813,train
GENV2_02975,test
GENV2_03221,train
GENV2_03350,train
SYNEXP_00212,test
SYNEXP_00656,test
SYNEXP_00931,train
SYNEXP_01522,validation
SYNEXP_02476,test
SYNEXP_02539,validation
SYNEXP_02737,train
GENV2_00011,train
GENV2_00378,train
GENV2_01003,train
GENV2_02107,train
GENV2_02117,train
GENV2_02436,test
GENV2_03267,validation
GENV2_03570,train
GENV2_03979,train
GENV2_04173,train
SYNEXP_01044,train
SYNEXP_01372,train
SYNEXP_03079,train
GENV2_00274,train
GENV2_00743,train
GENV2_01787,train
GENV2_02802,train
GENV2_02806,train
GENV2_03180,validation
GENV2_03764,test
SYNEXP_01289,train
SYNEXP_01784,train
SYNEXP_02024,train
GENV2_00104,train
GENV2_00249,train
GENV2_01654,train
GENV2_01943,validation
GENV2_02133,train
GENV2_02598,train
GENV2_02616,train
GENV2_02961,test
GENV2_03631,train
GENV2_04104,train
SYNEXP_00353,test
SYNEXP_00927,train
SYNEXP_01557,validation
SYNEXP_01602,test
SYNEXP_01657,test
SYNEXP_01962,train
SYNEXP_01966,train
SYNEXP_02529,validation
SYNEXP_02568,validation
SYNEXP_02811,train
GENV2_00280,validation
GENV2_00457,train
GENV2_01491,test
GENV2_01580,test
GENV2_02397,train
GENV2_02430,train
GENV2_02448,test
GENV2_02837,test
GENV2_03649,train
GENV2_04156,train
GENV2_04165,test
SYNEXP_00923,train
SYNEXP_02386,test
SYNEXP_02621,validation
SYNEXP_03397,train
GENV2_00228,train
GENV2_00333,train
GENV2_00866,train
GENV2_01595,train
GENV2_01604,validation
GENV2_01714,train
GENV2_02037,train
GENV2_02081,test
GENV2_03017,train
SYNEXP_00339,train
SYNEXP_00484,validation
SYNEXP_00554,validation
SYNEXP_00749,train
SYNEXP_02810,train
SYNEXP_03399,train
GENV2_00502,train
GENV2_02629,train
GENV2_02877,train
GENV2_02981,train
SYNEXP_00059,validation
SYNEXP_01541,validation
SYNEXP_02940,train
SYNEXP_02949,train
SYNEXP_03055,train
SYNEXP_03227,train
SYNEXP_03662,train
GENV2_00403,train
GENV2_00736,train
GENV2_02036,test
GENV2_02336,test
GENV2_02665,train
GENV2_03179,train
GENV2_03926,train
GENV2_04194,test
SYNEXP_00074,validation
SYNEXP_00485,validation
SYNEXP_00570,validation
SYNEXP_01706,test
SYNEXP_01935,train
SYNEXP_02176,train
SYNEXP_03005,train
SYNEXP_03482,train
SYNEXP_03577,train
GENV2_01102,train
GENV2_01477,train
GENV2_02029,train
GENV2_02320,train
GENV2_02549,test
GENV2_02787,test
GENV2_03259,train
SYNEXP_00066,validation
SYNEXP_00337,train
SYNEXP_00639,test
SYNEXP_01404,train
SYNEXP_02073,train
SYNEXP_02088,train
SYNEXP_02284,validation
SYNEXP_02452,test
SYNEXP_02505,test
SYNEXP_02589,validation
SYNEXP_02837,train
GENV2_00111,validation
GENV2_00242,train
GENV2_01577,test
GENV2_01742,train
GENV2_01755,train
GENV2_01950,train
GENV2_02098,train
GENV2_02769,train
GENV2_03400,validation
GENV2_03852,test
SYNEXP_00360,test
SYNEXP_01275,train
SYNEXP_02166,train
GENV2_00644,train
GENV2_01242,train
GENV2_01353,validation
GENV2_01358,train
GENV2_01545,test
GENV2_02312,test
GENV2_03035,train
GENV2_03147,validation
GENV2_03183,train
GENV2_03292,train
GENV2_03809,train
GENV2_04184,train
SYNEXP_02801,train
SYNEXP_03019,train
SYNEXP_03072,train
GENV2_00412,train
GENV2_00531,train
GENV2_00778,train
GENV2_00811,train
GENV2_00815,train
GENV2_00952,train
GENV2_01160,train
GENV2_01427,test
GENV2_01862,train
GENV2_03489,test
GENV2_03609,train
GENV2_03695,train
SYNEXP_00137,train
SYNEXP_00381,train
SYNEXP_02336,validation
SYNEXP_02598,validation
SYNEXP_02623,validation
SYNEXP_03242,train
SYNEXP_03734,train
GENV2_00117,train
GENV2_00828,test
GENV2_01425,train
GENV2_01972,train
GENV2_02078,test
GENV2_02100,validation
GENV2_03463,train
GENV2_04013,train
SYNEXP_00566,validation
SYNEXP_01215,train
SYNEXP_01680,test
SYNEXP_02413,test
SYNEXP_03303,train
GENV2_00149,train
GENV2_03193,train
SYNEXP_00018,train
SYNEXP_00751,train
SYNEXP_01042,train
SYNEXP_02186,train
SYNEXP_02515,test
SYNEXP_02820,train
SYNEXP_02856,train
SYNEXP_03163,train
GENV2_00098,train
GENV2_00168,train
GENV2_00708,train
GENV2_01304,test
GENV2_01310,train
GENV2_03742,validation
SYNEXP_00499,validation
SYNEXP_00727,train
SYNEXP_02733,train
SYNEXP_02791,train
SYNEXP_03336,train
GENV2_00038,train
GENV2_01693,train
GENV2_01806,test
GENV2_02239,train
GENV2_02440,test
GENV2_02579,train
SYNEXP_00063,validation
SYNEXP_00336,train
SYNEXP_02921,train
GENV2_00771,train
GENV2_00879,train
GENV2_01137,validation
GENV2_01569,train
GENV2_02034,train
GENV2_02375,train
GENV2_02580,train
GENV2_03204,train
GENV2_03765,train
SYNEXP_00317,train
SYNEXP_00682,train
SYNEXP_00815,test
SYNEXP_01212,train
SYNEXP_01380,train
SYNEXP_01727,train
SYNEXP_02041,train
SYNEXP_03264,train
GENV2_00126,train
GENV2_00543,test
GENV2_01002,train
GENV2_01007,validation
GENV2_01856,validation
GENV2_02173,train
GENV2_04151,validation
SYNEXP_00030,train
SYNEXP_00224,test
SYNEXP_00773,train
SYNEXP_01559,test
SYNEXP_02160,train
SYNEXP_02521,validation
GENV2_00923,validation
GENV2_01036,train
GENV2_01454,validation
GENV2_01594,train
GENV2_01858,train
GENV2_01954,train
GENV2_03109,validation
GENV2_03181,validation
GENV2_03458,train
SYNEXP_00245,train
SYNEXP_00637,test
SYNEXP_00695,train
SYNEXP_00829,train
SYNEXP_01775,train
SYNEXP_01917,train
SYNEXP_03026,train
SYNEXP_03232,train
SYNEXP_03569,train
GENV2_00346,validation
GENV2_01501,train
GENV2_02188,train
GENV2_02362,train
GENV2_02524,train
GENV2_03266,validation
GENV2_03301,validation
GENV2_03340,validation
GENV2_03983,train
GENV2_03995,train
GENV2_04019,validation
GENV2_04025,test
SYNEXP_01057,train
SYNEXP_02046,train
SYNEXP_03588,train
GENV2_00614,train
GENV2_01431,validation
SYNEXP_00164,test
SYNEXP_00863,validation
SYNEXP_02574,validation
SYNEXP_03358,train
SYNEXP_03751,train
GENV2_01266,train
GENV2_02113,train
GENV2_02551,validation
GENV2_02635,validation
SYNEXP_00665,test
SYNEXP_00782,test
SYNEXP_00794,test
SYNEXP_01656,test
SYNEXP_02727,train
SYNEXP_03288,train
GENV2_00196,train
GENV2_00356,train
GENV2_00435,train
GENV2_00960,train
GENV2_01205,train
GENV2_01920,train
GENV2_02475,train
GENV2_03318,train
SYNEXP_00044,train
SYNEXP_00959,train
SYNEXP_02048,train
SYNEXP_02630,validation
SYNEXP_02681,train
SYNEXP_03103,train
SYNEXP_03430,train
GENV2_00138,validation
GENV2_02085,train
GENV2_03089,validation
SYNEXP_03453,train
GENV2_00939,train
GENV2_02130,validation
GENV2_02434,train
GENV2_02842,train
GENV2_03738,test
GENV2_03910,train
SYNEXP_00103,train
SYNEXP_00148,train
SYNEXP_01367,train
SYNEXP_01513,validation
SYNEXP_01670,test
SYNEXP_01975,train
SYNEXP_02430,test
SYNEXP_02716,train
SYNEXP_02749,train
SYNEXP_02882,train
SYNEXP_02969,train
SYNEXP_03552,train
SYNEXP_03558,train
GENV2_00095,train
GENV2_00386,test
GENV2_00530,train
GENV2_01556,train
GENV2_02071,validation
GENV2_03157,train
GENV2_03545,train
GENV2_03808,train
GENV2_03811,test
GENV2_03962,test
GENV2_04089,train
SYNEXP_00644,test
SYNEXP_00660,test
SYNEXP_01025,train
SYNEXP_01343,train
SYNEXP_01344,train
SYNEXP_01435,validation
SYNEXP_01515,validation
SYNEXP_03084,train
SYNEXP_03240,train
GENV2_00220,test
GENV2_00302,train
GENV2_03446,train
SYNEXP_00195,train
SYNEXP_00646,test
SYNEXP_01097,train
SYNEXP_01799,train
SYNEXP_01843,train
SYNEXP_02730,train
SYNEXP_03082,train
SYNEXP_03101,train
GENV2_00229,validation
GENV2_00524,train
GENV2_01314,train
GENV2_01319,train
GENV2_02828,test
GENV2_02901,train
GENV2_03184,train
GENV2_03455,train
GENV2_03682,test
GENV2_04032,test
SYNEXP_00240,train
SYNEXP_00525,train
SYNEXP_00609,train
SYNEXP_01271,train
SYNEXP_02513,test
GENV2_00921,train
GENV2_00999,validation
GENV2_02080,train
GENV2_02095,train
GENV2_02939,test
GENV2_03620,test
GENV2_03743,train
GENV2_03885,validation
GENV2_03905,test
SYNEXP_00100,train
SYNEXP_00497,validation
SYNEXP_01649,test
SYNEXP_02027,train
SYNEXP_02291,validation
SYNEXP_02494,test
SYNEXP_03099,train
SYNEXP_03508,train
GENV2_00426,train
GENV2_00877,train
GENV2_01877,train
GENV2_02411,train
GENV2_03260,train
GENV2_03321,test
GENV2_03929,train
SYNEXP_00294,test
SYNEXP_00524,train
SYNEXP_03671,train
GENV2_00591,validation
GENV2_02115,train
GENV2_02136,train
GENV2_02831,validation
GENV2_02875,train
GENV2_03003,train
GENV2_03097,test
GENV2_03251,validation
GENV2_03482,train
GENV2_03778,test
GENV2_03980,train
SYNEXP_00592,train
SYNEXP_00755,train
SYNEXP_01431,validation
SYNEXP_01485,validation
SYNEXP_01973,train
SYNEXP_02638,validation
SYNEXP_02911,train
SYNEXP_02984,train
SYNEXP_03132,train
GENV2_00039,train
GENV2_02018,validation
GENV2_02369,test
GENV2_03248,train
GENV2_04111,test
SYNEXP_00264,train
SYNEXP_00851,train
SYNEXP_01725,train
SYNEXP_02074,train
SYNEXP_02915,train
GENV2_02625,train
SYNEXP_00069,validation
SYNEXP_00528,train
SYNEXP_00698,train
SYNEXP_01795,train
SYNEXP_01873,train
SYNEXP_01907,train
GENV2_00086,train
GENV2_00193,train
GENV2_00299,train
GENV2_04188,train
SYNEXP_02127,train
SYNEXP_02710,train
SYNEXP_03767,train
GENV2_01623,test
GENV2_02514,test
GENV2_03333,train
GENV2_03647,test
SYNEXP_00388,train
SYNEXP_00974,train
SYNEXP_01037,train
GENV2_00017,train
GENV2_00471,train
GENV2_01152,train
GENV2_01508,train
GENV2_01657,train
GENV2_02044,validation
GENV2_02403,validation
GENV2_02738,train
GENV2_02921,train
GENV2_02984,train
GENV2_03354,train
SYNEXP_00719,train
SYNEXP_00811,test
SYNEXP_01324,train
SYNEXP_01638,test
SYNEXP_02004,train
SYNEXP_02818,train
GENV2_00139,train
GENV2_00533,train
GENV2_00857,train
GENV2_01702,test
GENV2_01798,test
GENV2_01986,train
GENV2_02203,validation
GENV2_02585,train
GENV2_02747,train
GENV2_02938,train
GENV2_02962,validation
SYNEXP_00886,validation
SYNEXP_01292,train
SYNEXP_01301,train
SYNEXP_01616,test
SYNEXP_02547,validation
SYNEXP_03591,train
GENV2_01159,train
GENV2_02108,train
GENV2_02715,train
GENV2_02955,test
SYNEXP_00424,train
SYNEXP_00583,train
SYNEXP_00629,train
SYNEXP_01530,validation
SYNEXP_02604,validation
SYNEXP_03027,train
SYNEXP_03541,train
GENV2_00089,train
GENV2_00176,test
GENV2_01145,train
GENV2_01996,train
GENV2_03687,train
GENV2_03938,test
SYNEXP_00180,test
SYNEXP_00233,test
SYNEXP_01310,train
SYNEXP_01946,train
SYNEXP_02068,train
SYNEXP_02584,validation
GENV2_01219,train
GENV2_03010,validation
GENV2_03265,validation
GENV2_04035,test
SYNEXP_00993,train
SYNEXP_01039,train
SYNEXP_02946,train
SYNEXP_03030,train
SYNEXP_03213,train
SYNEXP_03299,train
GENV2_01343,train
GENV2_01738,train
GENV2_01879,test
GENV2_02559,validation
GENV2_03744,train
SYNEXP_00152,train
SYNEXP_00203,train
SYNEXP_01144,train
SYNEXP_01957,train
GENV2_00128,validation
GENV2_03460,train
GENV2_03555,train
SYNEXP_00542,train
SYNEXP_01041,train
SYNEXP_01176,train
SYNEXP_01790,train
SYNEXP_02164,train
SYNEXP_02330,validation
SYNEXP_03409,train
GENV2_01172,train
GENV2_01831,train
GENV2_02348,train
GENV2_02389,train
GENV2_03369,train
GENV2_03477,train
GENV2_03591,validation
GENV2_03760,train
GENV2_03964,train
SYNEXP_00933,train
SYNEXP_01337,train
SYNEXP_01774,train
SYNEXP_01996,train
SYNEXP_02079,train
SYNEXP_02268,validation
SYNEXP_03066,train
SYNEXP_03097,train
SYNEXP_03202,train
SYNEXP_03753,train
GENV2_01132,train
GENV2_01372,train
GENV2_01896,train
GENV2_02355,validation
GENV2_02702,validation
GENV2_02746,train
GENV2_04067,test
SYNEXP_00281,test
SYNEXP_00455,train
SYNEXP_02260,validation
SYNEXP_03260,train
SYNEXP_03749,train
GENV2_00518,train
GENV2_01741,validation
GENV2_02936,test
GENV2_02967,train
GENV2_03166,train
GENV2_03466,train
SYNEXP_00501,validation
SYNEXP_01708,test
SYNEXP_01756,train
SYNEXP_01888,train
SYNEXP_02053,train
SYNEXP_02497,test
SYNEXP_02948,train
SYNEXP_03090,train
SYNEXP_03174,train
SYNEXP_03316,train
GENV2_00235,train
GENV2_00900,train
GENV2_02148,validation
GENV2_02220,train
GENV2_02378,train
GENV2_02417,validation
GENV2_02523,train
GENV2_03624,validation
GENV2_03869,validation
GENV2_04113,train
SYNEXP_00431,train
SYNEXP_02267,validation
SYNEXP_02804,train
SYNEXP_02933,train
GENV2_01894,train
GENV2_01915,train
GENV2_03937,train
GENV2_04164,train
SYNEXP_00257,train
SYNEXP_00510,validation
SYNEXP_01410,validation
SYNEXP_02008,train
SYNEXP_02230,validation
GENV2_00631,train
GENV2_00880,test
GENV2_00884,validation
GENV2_01863,test
GENV2_03703,test
GENV2_03861,test
GENV2_04020,test
SYNEXP_00401,train
SYNEXP_00869,validation
SYNEXP_01022,train
SYNEXP_01313,train
SYNEXP_01400,train
SYNEXP_01607,test
SYNEXP_01684,test
SYNEXP_01688,test
SYNEXP_02608,validation
SYNEXP_02834,train
SYNEXP_03664,train
GENV2_00376,train
GENV2_00503,validation
GENV2_01565,test
GENV2_01918,validation
GENV2_02035,train
GENV2_02533,train
GENV2_02630,validation
GENV2_02918,train
GENV2_03393,train
GENV2_03755,train
SYNEXP_00724,train
SYNEXP_02951,train
SYNEXP_02967,train
SYNEXP_03036,train
GENV2_00129,train
GENV2_00649,train
GENV2_00911,test
GENV2_01663,validation
GENV2_02004,test
GENV2_02069,test
GENV2_03329,train
GENV2_04023,test
SYNEXP_00893,train
SYNEXP_02287,validation
SYNEXP_02865,train
SYNEXP_03641,train
GENV2_00557,train
GENV2_00725,train
GENV2_01916,train
GENV2_02797,validation
GENV2_03006,train
GENV2_03826,test
GENV2_04150,train
SYNEXP_00451,train
SYNEXP_00517,train
SYNEXP_00658,test
SYNEXP_00725,train
SYNEXP_01305,train
SYNEXP_01437,validation
SYNEXP_02488,test
SYNEXP_02615,validation
SYNEXP_02783,train
SYNEXP_03182,train
GENV2_00345,train
GENV2_00754,train
GENV2_01578,validation
GENV2_02464,train
GENV2_02622,train
GENV2_02916,test
GENV2_03063,validation
GENV2_03629,train
GENV2_03693,test
GENV2_03832,train
GENV2_03903,test
SYNEXP_00736,train
SYNEXP_00841,train
SYNEXP_01182,train
SYNEXP_02204,train
SYNEXP_02580,validation
SYNEXP_03362,train
SYNEXP_03410,train
SYNEXP_03616,train
GENV2_00263,test
GENV2_00861,train
GENV2_00963,train
GENV2_02764,train
GENV2_03079,train
GENV2_03769,validation
SYNEXP_01068,train
SYNEXP_01086,train
SYNEXP_02739,train
SYNEXP_03442,train
GENV2_00831,validation
GENV2_01441,train
GENV2_01720,train
GENV2_01739,train
GENV2_01754,test
GENV2_02526,train
GENV2_02544,train
GENV2_02770,test
GENV2_02811,validation
GENV2_02866,train
GENV2_03059,train
GENV2_03080,test
GENV2_03721,train
SYNEXP_00577,train
SYNEXP_01131,train
SYNEXP_01402,train
SYNEXP_01651,test
SYNEXP_01922,train
SYNEXP_02535,validation
SYNEXP_02794,train
GENV2_00270,train
GENV2_00645,train
GENV2_01357,train
GENV2_01761,train
GENV2_01978,train
SYNEXP_00238,train
SYNEXP_01453,validation
GENV2_00527,validation
GENV2_00856,train
GENV2_01077,train
GENV2_01430,validation
GENV2_01724,train
GENV2_03198,train
GENV2_03432,train
GENV2_03573,train
GENV2_03619,validation
GENV2_03854,test
GENV2_03982,train
GENV2_04095,validation
SYNEXP_00204,train
SYNEXP_00812,test
SYNEXP_02571,validation
SYNEXP_02797,train
SYNEXP_03678,train
GENV2_00513,train
GENV2_01555,train
GENV2_01780,validation
GENV2_02123,train
GENV2_02412,validation
GENV2_02570,test
GENV2_02576,train
GENV2_03488,train
SYNEXP_00087,validation
SYNEXP_00787,test
SYNEXP_01225,train
SYNEXP_02138,train
SYNEXP_03522,train
GENV2_00153,train
GENV2_00776,train
GENV2_01127,train
GENV2_01237,train
GENV2_01783,test
GENV2_02541,train
GENV2_03108,test
GENV2_03327,test
SYNEXP_00837,train
SYNEXP_01121,train
SYNEXP_01594,test
SYNEXP_02002,train
SYNEXP_02354,validation
SYNEXP_02576,validation
SYNEXP_02745,train
SYNEXP_02840,train
SYNEXP_03017,train
GENV2_00687,test
GENV2_03297,train
GENV2_03454,train
GENV2_03948,train
SYNEXP_00872,validation
SYNEXP_01561,test
SYNEXP_02432,test
SYNEXP_03255,train
SYNEXP_03539,train
GENV2_00851,train
GENV2_01167,test
GENV2_01229,test
GENV2_02469,train
GENV2_03104,train
GENV2_03121,validation
GENV2_03235,test
GENV2_03988,train
SYNEXP_00826,train
SYNEXP_01318,train
SYNEXP_01687,test
SYNEXP_01882,train
SYNEXP_01910,train
GENV2_00515,train
GENV2_00761,train
GENV2_01218,test
GENV2_02400,test
GENV2_03385,train
SYNEXP_00043,train
SYNEXP_00458,train
SYNEXP_02124,train
SYNEXP_02897,train
SYNEXP_03614,train
GENV2_00578,train
GENV2_01169,train
GENV2_01992,train
GENV2_02184,train
GENV2_02252,validation
GENV2_02472,train
GENV2_03120,test
GENV2_03658,test
GENV2_04078,train
SYNEXP_01088,train
SYNEXP_02346,validation
SYNEXP_02436,test
SYNEXP_02746,train
SYNEXP_03098,train
SYNEXP_03204,train
SYNEXP_03501,train
GENV2_00247,test
GENV2_00362,train
GENV2_01435,validation
GENV2_01880,train
GENV2_03016,train
GENV2_03311,train
GENV2_03504,train
SYNEXP_00571,train
SYNEXP_03735,train
GENV2_00061,train
GENV2_01103,train
GENV2_01315,train
GENV2_01505,train
GENV2_01701,test
GENV2_02174,validation
GENV2_02404,train
GENV2_02558,train
SYNEXP_00858,validation
SYNEXP_01568,test
SYNEXP_01587,test
SYNEXP_02243,validation
SYNEXP_03561,train
GENV2_00673,train
GENV2_00711,test
GENV2_00919,test
GENV2_01097,test
GENV2_02014,train
GENV2_03507,train
GENV2_03576,train
SYNEXP_00099,train
SYNEXP_00189,train
SYNEXP_00507,validation
SYNEXP_01369,train
SYNEXP_02168,train
SYNEXP_02487,test
SYNEXP_02607,validation
GENV2_02135,train
GENV2_02592,train
GENV2_03029,train
GENV2_03557,train
GENV2_03641,train
GENV2_03824,validation
GENV2_03973,test
SYNEXP_00553,validation
SYNEXP_01203,train
SYNEXP_03196,train
SYNEXP_03452,train
SYNEXP_03598,train
GENV2_00396,validation
GENV2_01874,train
GENV2_02048,train
GENV2_03732,validation
GENV2_03901,test
GENV2_03940,train
SYNEXP_00904,train
SYNEXP_01662,test
SYNEXP_03135,train
SYNEXP_03604,train
SYNEXP_03705,train
GENV2_00830,train
GENV2_01409,test
GENV2_02235,train
GENV2_04004,test
SYNEXP_00179,test
SYNEXP_00925,train
SYNEXP_03648,train
GENV2_00493,train
GENV2_00973,train
GENV2_01326,test
GENV2_01709,train
GENV2_02777,train
GENV2_03187,train
GENV2_03406,train
GENV2_04127,train
SYNEXP_00781,train
SYNEXP_00797,test
SYNEXP_02112,train
SYNEXP_02496,test
SYNEXP_02507,test
SYNEXP_03126,train
GENV2_01901,train
GENV2_01933,train
GENV2_02785,validation
GENV2_03111,train
GENV2_03915,test
GENV2_04169,train
SYNEXP_00064,validation
SYNEXP_01070,train
SYNEXP_01333,train
SYNEXP_01387,train
SYNEXP_03294,train
GENV2_02586,train
GENV2_02990,train
GENV2_03490,train
SYNEXP_01328,train
SYNEXP_01702,test
SYNEXP_03757,train
GENV2_00036,train
GENV2_00113,validation
GENV2_00192,train
GENV2_01891,train
GENV2_04099,train
SYNEXP_00399,train
SYNEXP_00728,train
SYNEXP_00938,train
SYNEXP_01350,train
SYNEXP_02600,validation
GENV2_00254,validation
GENV2_00904,validation
GENV2_00927,train
GENV2_02106,train
GENV2_02554,train
GENV2_03672,train
GENV2_03775,test
SYNEXP_00502,validation
SYNEXP_00585,train
SYNEXP_01509,validation
SYNEXP_01685,test
SYNEXP_02038,train
SYNEXP_02322,validation
GENV2_00013,train
GENV2_01253,train
GENV2_01299,train
GENV2_01471,train
GENV2_02443,validation
SYNEXP_00251,train
SYNEXP_00689,train
SYNEXP_01336,train
SYNEXP_03231,train
SYNEXP_03666,train
SYNEXP_03668,train
GENV2_01629,test
GENV2_02165,train
GENV2_02310,train
SYNEXP_00083,validation
SYNEXP_00673,test
SYNEXP_02279,validation
SYNEXP_02438,test
SYNEXP_03040,train
SYNEXP_03091,train
GENV2_00103,train
GENV2_00268,train
GENV2_02445,train
GENV2_02779,train
GENV2_03110,train
SYNEXP_00253,train
SYNEXP_00495,validation
SYNEXP_00697,train
SYNEXP_02237,validation
SYNEXP_02446,test
SYNEXP_02815,train
SYNEXP_03069,train
SYNEXP_03188,train
SYNEXP_03386,train
GENV2_00393,train
GENV2_01453,train
GENV2_03030,train
GENV2_03057,train
GENV2_03278,validation
GENV2_03774,train
GENV2_03878,train
GENV2_04050,validation
GENV2_04068,train
SYNEXP_01399,train
SYNEXP_01475,validation
SYNEXP_02317,validation
SYNEXP_02593,validation
SYNEXP_03425,train
GENV2_00781,train
GENV2_01941,train
GENV2_02398,train
GENV2_02991,train
GENV2_03806,train
GENV2_03963,test
GENV2_04143,validation
SYNEXP_01023,train
GENV2_00413,test
GENV2_00491,train
GENV2_00840,train
GENV2_01057,train
GENV2_01100,train
GENV2_01793,train
GENV2_02338,train
GENV2_03093,train
GENV2_03099,train
SYNEXP_01175,train
SYNEXP_01183,train
SYNEXP_01416,validation
SYNEXP_01898,train
SYNEXP_01960,train
SYNEXP_02557,validation
GENV2_00512,train
GENV2_01699,test
GENV2_01816,train
GENV2_02145,train
GENV2_02427,train
GENV2_03134,train
GENV2_03763,validation
SYNEXP_02108,train
SYNEXP_02132,train
SYNEXP_02383,test
SYNEXP_02767,train
SYNEXP_03324,train
SYNEXP_03531,train
GENV2_00035,train
GENV2_00812,validation
GENV2_01619,validation
GENV2_01669,test
GENV2_02327,train
GENV2_03895,train
GENV2_04041,validation
SYNEXP_00150,train
SYNEXP_00710,train
SYNEXP_01749,train
SYNEXP_02021,train
SYNEXP_02522,validation
SYNEXP_03267,train
GENV2_00281,train
GENV2_01126,validation
GENV2_02012,validation
GENV2_02178,test
GENV2_02686,train
GENV2_02855,test
GENV2_03716,validation
GENV2_03737,test
SYNEXP_01712,test
SYNEXP_01980,train
SYNEXP_02700,train
GENV2_00043,train
GENV2_00665,validation
GENV2_01086,train
GENV2_03058,train
GENV2_03250,train
GENV2_03484,train
SYNEXP_01527,validation
SYNEXP_01895,train
SYNEXP_02493,test
SYNEXP_03726,train
GENV2_01622,train
GENV2_02209,validation
GENV2_02301,train
GENV2_02496,train
GENV2_03067,train
GENV2_03584,train
GENV2_04066,train
SYNEXP_00545,validation
SYNEXP_00717,train
SYNEXP_01611,test
SYNEXP_01808,train
SYNEXP_02565,validation
SYNEXP_03594,train
GENV2_03034,train
GENV2_03076,train
GENV2_03336,validation
GENV2_03494,train
GENV2_03707,validation
GENV2_04163,test
SYNEXP_00104,train
SYNEXP_01411,validation
SYNEXP_01988,train
SYNEXP_02151,train
SYNEXP_02356,validation
GENV2_00696,train
GENV2_01080,train
GENV2_01383,validation
GENV2_02283,train
GENV2_02712,validation
GENV2_03345,train
GENV2_03998,train
GENV2_04093,test
GENV2_04120,train
SYNEXP_01187,train
SYNEXP_02650,validation
SYNEXP_03194,train
GENV2_00237,train
GENV2_00554,train
GENV2_00601,train
GENV2_01730,validation
GENV2_01870,test
GENV2_01955,train
GENV2_02253,train
GENV2_02847,train
GENV2_02889,train
GENV2_03262,train
SYNEXP_01024,train
SYNEXP_02981,train
SYNEXP_02985,train
SYNEXP_03235,train
GENV2_00336,train
GENV2_01985,train
GENV2_03188,train
GENV2_03491,train
SYNEXP_00132,train
SYNEXP_01030,train
SYNEXP_01671,test
SYNEXP_02893,train
SYNEXP_03278,train
GENV2_00157,train
GENV2_01692,train
GENV2_02819,test
SYNEXP_01000,train
SYNEXP_01005,train
SYNEXP_01958,train
SYNEXP_02719,train
SYNEXP_02886,train
GENV2_00121,train
GENV2_00349,train
GENV2_00932,train
GENV2_03053,train
GENV2_03525,test
GENV2_03863,train
GENV2_04091,train
SYNEXP_00090,validation
SYNEXP_00367,test
SYNEXP_00975,train
SYNEXP_01439,validation
SYNEXP_01574,test
SYNEXP_02082,train
SYNEXP_03504,train
SYNEXP_03619,train
GENV2_00090,train
GENV2_00317,validation
GENV2_00845,train
GENV2_00944,validation
GENV2_01995,train
GENV2_02089,test
GENV2_03323,test
GENV2_03434,train
GENV2_03768,train
SYNEXP_00481,validation
SYNEXP_01107,train
SYNEXP_01503,validation
SYNEXP_01660,test
SYNEXP_01696,test
SYNEXP_02052,train
SYNEXP_02980,train
GENV2_00372,validation
GENV2_01380,validation
GENV2_01618,train
GENV2_01795,train
GENV2_01829,train
GENV2_01890,train
GENV2_01959,train
GENV2_03953,train
SYNEXP_00151,train
SYNEXP_00678,train
SYNEXP_01080,train
SYNEXP_01366,train
SYNEXP_01981,train
SYNEXP_02605,validation
SYNEXP_02807,train
SYNEXP_03608,train
GENV2_00278,train
GENV2_00343,train
GENV2_00561,validation
GENV2_00902,train
GENV2_01017,train
GENV2_01371,train
GENV2_01681,test
GENV2_02573,train
SYNEXP_00562,validation
SYNEXP_00714,train
SYNEXP_01207,train
SYNEXP_02150,train
SYNEXP_03166,train
SYNEXP_03333,train
SYNEXP_03417,train
SYNEXP_03747,train
GENV2_00520,train
GENV2_00937,train
GENV2_02162,validation
GENV2_02719,train
SYNEXP_00417,train
SYNEXP_00603,train
SYNEXP_00833,train
SYNEXP_01468,validation
SYNEXP_01476,validation
SYNEXP_03357,train
GENV2_00989,train
GENV2_01012,train
GENV2_01318,validation
GENV2_02050,train
GENV2_02075,train
GENV2_03052,train
GENV2_03194,train
GENV2_04072,validation
GENV2_04171,test
GENV2_04182,validation
SYNEXP_00227,test
SYNEXP_00942,train
SYNEXP_01202,train
SYNEXP_01276,train
SYNEXP_01604,test
SYNEXP_02203,train
SYNEXP_02839,train
GENV2_01136,train
GENV2_01554,train
GENV2_01660,validation
GENV2_01800,train
GENV2_02388,train
GENV2_02426,train
GENV2_04021,train
GENV2_04116,test
SYNEXP_01265,train
SYNEXP_01700,test
SYNEXP_01867,train
SYNEXP_02089,train
SYNEXP_02208,validation
SYNEXP_02526,validation
SYNEXP_03670,train
GENV2_00208,train
GENV2_01379,train
GENV2_02907,validation
GENV2_03361,test
SYNEXP_00261,train
SYNEXP_01129,train
SYNEXP_01791,train
SYNEXP_02687,train
SYNEXP_03414,train
GENV2_00081,train
GENV2_00537,train
GENV2_01274,test
GENV2_01461,train
GENV2_02062,train
GENV2_02513,train
GENV2_02522,validation
GENV2_02730,train
GENV2_03273,train
GENV2_03843,train
SYNEXP_00168,test
SYNEXP_00288,test
SYNEXP_00500,validation
SYNEXP_00676,train
SYNEXP_01494,validation
SYNEXP_02011,train
GENV2_00010,train
GENV2_00087,train
GENV2_00298,validation
GENV2_00366,test
GENV2_00634,train
GENV2_00957,validation
GENV2_02112,train
GENV2_02703,test
GENV2_03528,test
SYNEXP_00049,train
SYNEXP_00575,train
SYNEXP_00713,train
SYNEXP_00865,validation
SYNEXP_01600,test
SYNEXP_01624,test
SYNEXP_02726,train
GENV2_00119,train
GENV2_00731,train
GENV2_00763,test
GENV2_02756,validation
GENV2_03435,test
GENV2_03539,train
SYNEXP_00685,train
SYNEXP_01095,train
SYNEXP_02225,validation
SYNEXP_02250,validation
SYNEXP_02385,test
GENV2_00584,train
GENV2_01081,validation
GENV2_01842,test
GENV2_02780,test
GENV2_02999,train
GENV2_03022,test
GENV2_03044,train
GENV2_03261,train
GENV2_03567,train
GENV2_03595,train
SYNEXP_01866,train
SYNEXP_02618,validation
SYNEXP_02712,train
SYNEXP_02929,train
SYNEXP_03024,train
SYNEXP_03296,train
SYNEXP_03713,train
GENV2_00181,validation
GENV2_00523,validation
GENV2_01074,train
GENV2_01377,train
GENV2_01655,test
GENV2_02284,train
GENV2_02600,test
GENV2_03399,train
GENV2_03499,train
GENV2_03503,train
GENV2_03599,train
SYNEXP_01197,train
SYNEXP_01518,validation
SYNEXP_01529,validation
SYNEXP_01705,test
SYNEXP_02587,validation
GENV2_00624,train
GENV2_01267,train
GENV2_03050,validation
GENV2_03095,train
GENV2_03245,test
GENV2_03662,train
GENV2_03892,train
SYNEXP_00775,train
SYNEXP_01322,train
SYNEXP_01676,test
SYNEXP_01741,train
SYNEXP_01886,train
SYNEXP_02119,train
SYNEXP_02292,validation
SYNEXP_02782,train
SYNEXP_02970,train
GENV2_00555,validation
GENV2_00841,train
GENV2_00905,train
GENV2_00984,validation
GENV2_01573,train
GENV2_02065,train
GENV2_02344,validation
GENV2_02789,test
GENV2_03565,validation
GENV2_04107,train
SYNEXP_00255,train
SYNEXP_00546,validation
SYNEXP_03717,train
GENV2_00341,validation
GENV2_02245,validation
GENV2_02257,train
GENV2_02532,train
GENV2_02808,test
GENV2_02903,train
GENV2_02934,train
GENV2_03146,train
SYNEXP_01572,test
SYNEXP_02220,validation
SYNEXP_02360,test
SYNEXP_02447,test
GENV2_00715,train
GENV2_01475,train
GENV2_02620,train
GENV2_02824,train
GENV2_03013,validation
GENV2_03243,train
GENV2_03298,test
GENV2_03436,test
GENV2_03600,validation
GENV2_03708,validation
GENV2_04055,train
SYNEXP_00372,train
SYNEXP_00580,train
SYNEXP_01342,train
SYNEXP_01553,validation
SYNEXP_02591,validation
SYNEXP_02649,validation
SYNEXP_03257,train
GENV2_00757,validation
GENV2_02682,train
GENV2_02751,train
GENV2_03195,train
SYNEXP_00213,test
SYNEXP_01560,test
SYNEXP_03391,train
SYNEXP_03733,train
GENV2_00352,train
GENV2_00661,test
GENV2_01091,validation
GENV2_01810,validation
GENV2_02642,train
GENV2_02852,train
GENV2_03776,train
SYNEXP_01089,train
SYNEXP_01185,train
SYNEXP_01268,train
GENV2_00979,train
GENV2_01014,train
GENV2_01114,train
GENV2_01330,train
GENV2_01846,train
GENV2_04137,validation
SYNEXP_00654,test
SYNEXP_00792,test
SYNEXP_01113,train
SYNEXP_02169,train
SYNEXP_02184,train
SYNEXP_02300,validation
SYNEXP_03122,train
GENV2_01069,validation
GENV2_01786,test
GENV2_02367,train
GENV2_03643,train
GENV2_03719,test
SYNEXP_00323,train
SYNEXP_02075,train
SYNEXP_02470,test
SYNEXP_02502,test
SYNEXP_02963,train
SYNEXP_03673,train
GENV2_00133,validation
GENV2_00770,train
GENV2_00853,train
GENV2_03132,test
GENV2_03521,test
SYNEXP_02741,train
GENV2_00651,train
GENV2_01257,train
GENV2_01570,test
GENV2_01649,validation
GENV2_01686,train
GENV2_02515,train
GENV2_02649,train
GENV2_02894,train
GENV2_02977,train
GENV2_03060,test
GENV2_03542,test
GENV2_03640,validation
SYNEXP_00738,train
SYNEXP_01082,train
SYNEXP_01283,train
SYNEXP_01493,validation
SYNEXP_01903,train
SYNEXP_01904,train
SYNEXP_03071,train
GENV2_00750,train
GENV2_01913,validation
GENV2_03893,test
SYNEXP_00328,train
SYNEXP_00565,validation
SYNEXP_00679,train
SYNEXP_01707,test
SYNEXP_01744,train
SYNEXP_01816,train
SYNEXP_02489,test
GENV2_00445,train
GENV2_00899,validation
GENV2_01675,train
GENV2_01946,train
GENV2_03130,test
GENV2_03633,train
SYNEXP_00198,train
SYNEXP_01312,train
SYNEXP_02531,validation
SYNEXP_03602,train
GENV2_00565,train
GENV2_01472,train
GENV2_01932,train
GENV2_03384,train
GENV2_03795,test
GENV2_03927,train
GENV2_04139,test
SYNEXP_00945,train
SYNEXP_01064,train
SYNEXP_01626,test
SYNEXP_01875,train
SYNEXP_01990,train
SYNEXP_02546,validation
GENV2_00177,train
GENV2_00864,train
GENV2_01342,train
GENV2_01540,validation
GENV2_03088,test
GENV2_03699,test
SYNEXP_00709,train
SYNEXP_01510,validation
SYNEXP_01844,train
SYNEXP_02715,train
GENV2_00260,train
GENV2_00488,train
GENV2_00807,train
GENV2_00943,train
GENV2_01416,train
GENV2_02169,train
GENV2_03543,validation
GENV2_03548,validation
GENV2_03713,train
SYNEXP_01003,train
SYNEXP_01351,train
SYNEXP_01733,train
SYNEXP_02364,test
SYNEXP_03249,train
SYNEXP_03651,train
GENV2_00418,validation
GENV2_01162,train
GENV2_01621,test
GENV2_01830,train
GENV2_01952,test
GENV2_03632,train
SYNEXP_01661,test
SYNEXP_02090,train
SYNEXP_03765,train
GENV2_01509,validation
GENV2_02308,test
GENV2_03275,test
GENV2_03453,train
GENV2_03519,train
GENV2_03867,test
GENV2_04044,train
SYNEXP_00051,train
SYNEXP_00560,validation
SYNEXP_00655,test
SYNEXP_01259,train
SYNEXP_01715,test
SYNEXP_02916,train
SYNEXP_03016,train
SYNEXP_03076,train
SYNEXP_03729,train
GENV2_00021,validation
GENV2_00201,train
GENV2_00903,train
GENV2_00928,test
GENV2_01134,train
GENV2_01963,train
GENV2_02538,train
GENV2_02960,train
GENV2_03819,train
SYNEXP_00754,train
SYNEXP_01243,train
SYNEXP_01994,train
SYNEXP_02272,validation
SYNEXP_03345,train
GENV2_00486,train
GENV2_00688,train
GENV2_00732,train
GENV2_00883,validation
GENV2_00892,train
GENV2_01040,validation
GENV2_01251,validation
GENV2_01476,train
GENV2_01775,test
GENV2_02237,test
GENV2_02775,train
GENV2_03655,train
GENV2_04052,test
SYNEXP_00410,train
SYNEXP_00503,validation
SYNEXP_00845,train
SYNEXP_02594,validation
SYNEXP_03039,train
SYNEXP_03546,train
GENV2_00210,train
GENV2_02482,validation
GENV2_02621,train
GENV2_02710,train
GENV2_03561,test
GENV2_03745,validation
SYNEXP_00806,test
SYNEXP_01443,validation
SYNEXP_01580,test
SYNEXP_01798,train
SYNEXP_02586,validation
SYNEXP_02644,validation
SYNEXP_03075,train
SYNEXP_03704,train
GENV2_00223,test
GENV2_02309,train
GENV2_02508,train
GENV2_02924,train
GENV2_03381,train
GENV2_03880,train
SYNEXP_01488,validation
SYNEXP_01865,train
SYNEXP_02805,train
SYNEXP_03449,train
GENV2_01208,train
GENV2_01240,train
GENV2_01305,train
GENV2_03804,test
SYNEXP_00877,validation
SYNEXP_01567,test
SYNEXP_01717,train
SYNEXP_01982,train
SYNEXP_02280,validation
SYNEXP_02313,validation
SYNEXP_02658,validation
SYNEXP_02765,train
SYNEXP_02855,train
SYNEXP_03034,train
SYNEXP_03085,train
SYNEXP_03542,train
GENV2_00189,train
GENV2_01020,validation
GENV2_02467,train
GENV2_03173,train
GENV2_04108,validation
SYNEXP_00107,train
SYNEXP_00793,test
SYNEXP_01111,train
SYNEXP_01647,test
SYNEXP_01831,train
SYNEXP_03325,train
GENV2_00094,validation
GENV2_01083,train
GENV2_01223,train
GENV2_01278,train
GENV2_01886,train
GENV2_02704,validation
GENV2_02800,test
GENV2_03209,train
SYNEXP_00885,validation
SYNEXP_00930,train
SYNEXP_01321,train
SYNEXP_02270,validation
SYNEXP_03025,train
GENV2_01821,validation
GENV2_03161,train
GENV2_03429,train
GENV2_04075,test
SYNEXP_00496,validation
SYNEXP_00708,train
SYNEXP_00767,train
SYNEXP_00976,train
SYNEXP_01046,train
SYNEXP_03136,train
SYNEXP_03140,train
GENV2_00250,validation
GENV2_01429,train
GENV2_01527,test
GENV2_01581,train
GENV2_01600,train
GENV2_02546,train
GENV2_02611,train
GENV2_03517,validation
SYNEXP_01496,validation
SYNEXP_02696,train
GENV2_00143,validation
GENV2_01989,train
GENV2_02395,train
GENV2_03358,train
SYNEXP_01162,train
SYNEXP_02440,test
SYNEXP_02925,train
SYNEXP_03010,train
SYNEXP_03139,train
GENV2_00910,train
GENV2_01189,train
GENV2_01602,train
GENV2_01884,train
GENV2_02118,train
GENV2_02175,train
GENV2_03101,validation
GENV2_03486,test
GENV2_03613,train
GENV2_04118,test
SYNEXP_00977,train
SYNEXP_01302,train
SYNEXP_02479,test
SYNEXP_03571,train
GENV2_00499,train
GENV2_00868,train
GENV2_01868,test
GENV2_02146,train
GENV2_02171,validation
GENV2_02941,train
GENV2_03264,test
GENV2_03846,train
SYNEXP_00332,train
SYNEXP_02662,validation
SYNEXP_02684,train
SYNEXP_03493,train
GENV2_00431,train
GENV2_00479,train
GENV2_01506,train
GENV2_03140,test
GENV2_03773,train
GENV2_03884,test
SYNEXP_00214,test
SYNEXP_01280,train
SYNEXP_01679,test
SYNEXP_02480,test
SYNEXP_03510,train
GENV2_00026,train
GENV2_00504,train
GENV2_00664,train
GENV2_00961,test
GENV2_01231,train
GENV2_02839,validation
GENV2_02869,train
GENV2_03413,test
GENV2_03949,train
SYNEXP_01609,test
SYNEXP_01694,test
SYNEXP_01750,train
SYNEXP_01992,train
SYNEXP_02962,train
SYNEXP_03244,train
SYNEXP_03578,train
GENV2_00391,train
GENV2_00896,train
GENV2_00947,train
GENV2_01341,train
GENV2_01504,train
GENV2_01697,train
GENV2_02260,test
SYNEXP_00041,train
SYNEXP_00493,validation
SYNEXP_00666,test
SYNEXP_01122,train
SYNEXP_01782,train
SYNEXP_01818,train
SYNEXP_02328,validation
SYNEXP_03337,train
GENV2_00093,train
GENV2_01296,validation
GENV2_02097,train
GENV2_02588,validation
SYNEXP_00311,train
SYNEXP_00438,train
SYNEXP_00453,train
SYNEXP_01457,validation
SYNEXP_02642,validation
GENV2_00022,train
GENV2_01470,train
GENV2_01803,validation
GENV2_02028,train
GENV2_03478,validation
GENV2_03618,train
GENV2_03754,test
SYNEXP_00108,train
SYNEXP_00304,train
SYNEXP_00842,train
SYNEXP_01428,validation
SYNEXP_01968,train
SYNEXP_02559,validation
SYNEXP_02956,train
SYNEXP_03252,train
GENV2_00027,test
GENV2_00677,train
GENV2_00735,test
GENV2_01119,test
GENV2_02451,test
GENV2_02531,train
GENV2_03479,train
GENV2_03546,train
GENV2_03836,train
SYNEXP_01133,train
SYNEXP_01703,test
SYNEXP_01993,train
SYNEXP_02467,test
SYNEXP_02690,train
SYNEXP_02692,train
GENV2_00164,train
GENV2_01617,validation
GENV2_02844,train
GENV2_03124,test
GENV2_03334,test
GENV2_04154,train
SYNEXP_00616,train
SYNEXP_02263,validation
SYNEXP_03715,train
GENV2_00589,train
GENV2_01668,validation
GENV2_02002,train
GENV2_02470,train
GENV2_02922,train
GENV2_03740,train
SYNEXP_01640,test
SYNEXP_01667,test
SYNEXP_02309,validation
SYNEXP_02809,train
SYNEXP_02870,train
SYNEXP_02898,train
SYNEXP_03054,train
SYNEXP_03318,train
SYNEXP_03470,train
SYNEXP_03654,train
SYNEXP_03760,train
GENV2_00440,train
GENV2_01541,test
GENV2_02748,validation
GENV2_03433,test
GENV2_03468,train
SYNEXP_00661,test
SYNEXP_01659,test
SYNEXP_02567,validation
SYNEXP_03205,train
SYNEXP_03212,train
GENV2_00995,train
GENV2_01098,validation
GENV2_01196,test
GENV2_02142,train
GENV2_02328,train
GENV2_02382,test
GENV2_02633,validation
GENV2_03168,train
GENV2_03800,train
SYNEXP_00530,train
SYNEXP_01109,train
SYNEXP_01173,train
SYNEXP_01938,train
SYNEXP_02518,test
GENV2_00005,train
GENV2_00618,validation
GENV2_01359,test
GENV2_01437,train
GENV2_03472,train
GENV2_04012,train
SYNEXP_00210,test
SYNEXP_00628,train
SYNEXP_00776,train
SYNEXP_02363,test
SYNEXP_02723,train
SYNEXP_03100,train
SYNEXP_03730,train
GENV2_00048,train
GENV2_00084,test
GENV2_03098,train
GENV2_03176,validation
GENV2_03451,train
SYNEXP_00197,train
SYNEXP_00362,test
SYNEXP_02425,test
SYNEXP_03287,train
GENV2_00449,train
GENV2_00954,test
GENV2_01216,train
GENV2_02912,validation
GENV2_03688,train
SYNEXP_00290,test
SYNEXP_00663,test
SYNEXP_03631,train
SYNEXP_03707,train
GENV2_00410,train
GENV2_00972,train
GENV2_03679,train
GENV2_03728,test
SYNEXP_00359,test
SYNEXP_00810,test
SYNEXP_02188,train
SYNEXP_02976,train
SYNEXP_03021,train
SYNEXP_03067,train
SYNEXP_03566,train
GENV2_00825,train
GENV2_01138,test
GENV2_01537,validation
GENV2_02737,test
GENV2_03427,train
GENV2_04029,test
SYNEXP_02422,test
GENV2_00891,train
GENV2_01726,train
GENV2_03587,train
GENV2_03812,train
SYNEXP_02355,validation
SYNEXP_02516,test
SYNEXP_02659,validation
SYNEXP_03191,train
SYNEXP_03520,train
GENV2_01676,validation
GENV2_01912,train
GENV2_02122,train
GENV2_02681,test
GENV2_03102,train
GENV2_03165,test
SYNEXP_00361,test
SYNEXP_00491,validation
SYNEXP_01370,train
SYNEXP_03094,train
SYNEXP_03144,train
GENV2_01076,test
GENV2_01397,validation
GENV2_01748,train
GENV2_02536,train
GENV2_02895,train
SYNEXP_00887,validation
SYNEXP_00960,train
SYNEXP_01247,train
SYNEXP_01545,validation
SYNEXP_02257,validation
SYNEXP_02501,test
SYNEXP_02939,train
SYNEXP_02979,train
SYNEXP_03201,train
SYNEXP_03237,train
SYNEXP_03364,train
GENV2_01592,test
GENV2_02803,train
GENV2_04045,validation
GENV2_04180,train
SYNEXP_00368,test
SYNEXP_00436,train
SYNEXP_01551,validation
SYNEXP_02634,validation
SYNEXP_02845,train
SYNEXP_03307,train
SYNEXP_03743,train
GENV2_00642,train
GENV2_00843,train
GENV2_00872,train
GENV2_02589,validation
GENV2_02826,train
GENV2_03498,test
GENV2_03646,train
GENV2_03860,train
SYNEXP_01521,validation
SYNEXP_01732,train
SYNEXP_01890,train
SYNEXP_02092,train
SYNEXP_02156,train
SYNEXP_02306,validation
SYNEXP_02902,train
SYNEXP_02920,train
SYNEXP_03125,train
GENV2_00125,validation
GENV2_00243,train
GENV2_00490,validation
GENV2_01365,validation
GENV2_02932,test
GENV2_03936,train
GENV2_04037,train
GENV2_04049,train
SYNEXP_00299,train
SYNEXP_01374,train
SYNEXP_01448,validation
SYNEXP_02862,train
SYNEXP_03298,train
SYNEXP_03659,train
GENV2_00670,validation
GENV2_01275,validation
GENV2_01339,validation
GENV2_01585,train
GENV2_01982,train
GENV2_02487,train
GENV2_02833,test
GENV2_02949,train
GENV2_03185,test
SYNEXP_00322,train
SYNEXP_00531,train
SYNEXP_00911,train
SYNEXP_01735,train
SYNEXP_02146,train
SYNEXP_02656,validation
SYNEXP_03491,train
SYNEXP_03645,train
GENV2_00368,train
GENV2_00990,train
GENV2_01176,train
GENV2_01712,train
GENV2_01813,train
GENV2_03875,test
SYNEXP_00085,validation
SYNEXP_01006,train
SYNEXP_01120,train
SYNEXP_02333,validation
SYNEXP_02646,validation
SYNEXP_02725,train
SYNEXP_03424,train
SYNEXP_03431,train
GENV2_00259,train
GENV2_00451,train
GENV2_01791,validation
GENV2_02013,train
GENV2_02187,validation
GENV2_03459,validation
GENV2_03585,test
SYNEXP_00040,train
SYNEXP_00612,train
SYNEXP_00735,train
SYNEXP_01912,train
SYNEXP_01995,train
SYNEXP_02077,train
SYNEXP_02625,validation
GENV2_00167,train
GENV2_00808,train
GENV2_03501,train
GENV2_03509,train
GENV2_03645,test
SYNEXP_00958,train
SYNEXP_01737,train
SYNEXP_02875,train
SYNEXP_03078,train
GENV2_00252,train
GENV2_00992,validation
GENV2_02167,train
GENV2_02330,test
GENV2_02581,train
SYNEXP_00147,train
SYNEXP_00970,train
SYNEXP_00994,train
SYNEXP_01540,validation
SYNEXP_01823,train
SYNEXP_03326,train
GENV2_00686,train
GENV2_00784,train
GENV2_01199,train
GENV2_02127,train
GENV2_02329,validation
GENV2_02512,train
GENV2_03359,validation
GENV2_03405,train
GENV2_04175,test
SYNEXP_00434,train
SYNEXP_00477,validation
SYNEXP_01341,train
SYNEXP_01623,test
SYNEXP_02377,test
SYNEXP_02570,validation
SYNEXP_03534,train
GENV2_00187,train
GENV2_01469,train
GENV2_01485,train
GENV2_01546,train
GENV2_03122,train
GENV2_03844,test
SYNEXP_00300,train
SYNEXP_00932,train
SYNEXP_01590,test
SYNEXP_02348,validation
SYNEXP_02686,train
SYNEXP_03363,train
GENV2_00637,train
GENV2_01423,train
GENV2_01489,test
GENV2_02170,train
GENV2_02352,train
GENV2_03397,train
GENV2_03558,train
GENV2_03621,train
SYNEXP_00389,train
SYNEXP_01339,train
SYNEXP_01885,train
SYNEXP_01934,train
SYNEXP_03538,train
SYNEXP_03639,train
GENV2_00450,validation
GENV2_00821,train
GENV2_01906,test
GENV2_01977,test
GENV2_03523,validation
GENV2_03650,test
GENV2_03789,test
GENV2_03842,test
SYNEXP_01119,train
SYNEXP_01327,train
SYNEXP_03187,train
SYNEXP_03282,train
SYNEXP_03285,train
SYNEXP_03624,train
GENV2_01093,train
GENV2_01524,train
GENV2_02680,test
GENV2_03652,test
GENV2_03835,train
GENV2_04002,test
SYNEXP_02114,train
SYNEXP_02197,train
SYNEXP_02232,validation
SYNEXP_02353,validation
SYNEXP_02622,validation
SYNEXP_03052,train
SYNEXP_03451,train
GENV2_00935,train
GENV2_01013,validation
GENV2_01209,train
GENV2_01467,train
GENV2_01934,validation
GENV2_02104,train
GENV2_04016,validation
SYNEXP_00295,train
SYNEXP_01102,train
SYNEXP_02400,test
SYNEXP_02478,test
SYNEXP_02812,train
SYNEXP_03581,train
GENV2_00322,train
GENV2_00818,train
GENV2_03396,train
SYNEXP_00480,validation
SYNEXP_00706,train
SYNEXP_01306,train
SYNEXP_01406,validation
SYNEXP_03574,train
GENV2_00209,train
GENV2_00461,test
GENV2_01671,validation
GENV2_02942,train
GENV2_03224,train
GENV2_03530,train
GENV2_04102,train
SYNEXP_00274,train
SYNEXP_00511,validation
SYNEXP_00819,test
SYNEXP_01055,train
SYNEXP_01356,train
SYNEXP_02100,train
SYNEXP_03106,train
SYNEXP_03189,train
SYNEXP_03266,train
SYNEXP_03477,train
GENV2_01000,train
GENV2_01131,validation
GENV2_01630,train
SYNEXP_00838,train
SYNEXP_00921,train
SYNEXP_01105,train
SYNEXP_01523,validation
SYNEXP_02157,train
SYNEXP_02303,validation
SYNEXP_02597,validation
SYNEXP_03063,train
SYNEXP_03133,train
SYNEXP_03420,train
SYNEXP_03484,train
SYNEXP_03487,train
GENV2_00230,train
GENV2_00837,validation
GENV2_00940,test
GENV2_01767,test
GENV2_01872,train
GENV2_01938,train
GENV2_02116,validation
GENV2_02128,validation
GENV2_03139,train
GENV2_03316,train
GENV2_03623,train
SYNEXP_00278,train
SYNEXP_02374,test
SYNEXP_02394,test
SYNEXP_03142,train
SYNEXP_03146,train
SYNEXP_03385,train
GENV2_00566,train
GENV2_01228,train
GENV2_02804,train
GENV2_03981,train
SYNEXP_00271,train
SYNEXP_00762,train
SYNEXP_01211,train
SYNEXP_01316,train
GENV2_00315,test
GENV2_00328,validation
GENV2_00643,train
GENV2_01246,train
GENV2_01445,test
GENV2_02658,validation
GENV2_03222,validation
GENV2_03797,validation
SYNEXP_00012,train
SYNEXP_01266,train
SYNEXP_02293,validation
GENV2_00202,validation
GENV2_00399,train
GENV2_01352,train
GENV2_01385,test
GENV2_01685,train
GENV2_01851,train
SYNEXP_01905,train
SYNEXP_02573,validation
SYNEXP_03081,train
GENV2_00034,train
GENV2_01165,train
GENV2_02076,train
GENV2_03024,train
GENV2_03324,test
GENV2_03856,test
GENV2_03881,train
SYNEXP_00078,validation
SYNEXP_00298,train
SYNEXP_00394,train
SYNEXP_00479,validation
SYNEXP_00614,train
SYNEXP_00929,train
SYNEXP_01447,validation
SYNEXP_02323,validation
SYNEXP_02802,train
GENV2_00562,train
GENV2_00579,train
GENV2_00654,validation
GENV2_01123,train
GENV2_01833,validation
GENV2_02439,train
GENV2_03066,test
GENV2_03169,train
GENV2_03277,train
GENV2_03373,validation
SYNEXP_00670,test
SYNEXP_00916,train
SYNEXP_01550,validation
SYNEXP_02191,train
SYNEXP_02457,test
SYNEXP_02474,test
SYNEXP_03053,train
SYNEXP_03579,train
GENV2_00800,train
GENV2_01404,train
GENV2_01474,validation
GENV2_03681,train
SYNEXP_02005,train
SYNEXP_02314,validation
SYNEXP_02381,test
SYNEXP_02955,train
GENV2_00404,validation
GENV2_00596,train
GENV2_02302,test
GENV2_02763,train
GENV2_03390,train
GENV2_03444,test
GENV2_03930,train
SYNEXP_00277,train
SYNEXP_00561,validation
SYNEXP_00586,train
SYNEXP_00766,train
SYNEXP_01777,train
SYNEXP_02083,train
SYNEXP_03274,train
SYNEXP_03647,train
GENV2_00161,validation
GENV2_00470,train
GENV2_00876,train
GENV2_01026,train
GENV2_01282,train
GENV2_01797,train
GENV2_02453,validation
GENV2_02459,test
GENV2_02865,train
GENV2_03497,test
GENV2_04069,train
SYNEXP_01012,train
SYNEXP_01334,train
SYNEXP_01812,train
GENV2_00323,test
GENV2_00430,train
GENV2_00991,validation
GENV2_01113,train
GENV2_01843,test
GENV2_02017,test
GENV2_02720,test
GENV2_03070,train
GENV2_03833,train
GENV2_03934,train
SYNEXP_01731,train
SYNEXP_01807,train
SYNEXP_02538,validation
GENV2_00697,train
GENV2_00906,train
GENV2_01023,train
GENV2_01294,train
GENV2_01382,train
GENV2_02408,train
GENV2_03281,train
GENV2_03495,train
GENV2_03574,train
SYNEXP_00174,test
SYNEXP_01246,train
SYNEXP_01377,train
SYNEXP_02066,train
SYNEXP_02086,train
SYNEXP_02414,test
SYNEXP_02919,train
SYNEXP_03366,train
SYNEXP_03460,train
GENV2_00514,train
GENV2_00764,train
GENV2_01232,train
SYNEXP_00038,train
SYNEXP_00125,train
SYNEXP_00229,test
SYNEXP_00720,train
SYNEXP_01226,train
SYNEXP_01242,train
SYNEXP_01396,train
SYNEXP_01716,test
SYNEXP_02998,train
SYNEXP_03259,train
GENV2_02268,test
GENV2_04130,train
SYNEXP_00413,train
SYNEXP_01014,train
SYNEXP_01074,train
SYNEXP_01389,train
SYNEXP_01390,train
SYNEXP_02096,train
SYNEXP_02357,validation
SYNEXP_02711,train
SYNEXP_03740,train
GENV2_00124,train
GENV2_00787,validation
GENV2_01088,train
GENV2_01586,train
GENV2_01900,test
GENV2_01998,train
GENV2_02311,train
GENV2_03859,test
SYNEXP_00183,test
SYNEXP_00730,train
GENV2_00383,validation
GENV2_00459,train
GENV2_00803,train
GENV2_02194,train
GENV2_02596,train
GENV2_02857,train
SYNEXP_00301,train
SYNEXP_00324,train
SYNEXP_01668,test
SYNEXP_02701,train
GENV2_00134,train
GENV2_03431,train
GENV2_03810,train
SYNEXP_00333,train
SYNEXP_02316,validation
SYNEXP_02731,train
GENV2_00681,train
GENV2_00930,test
GENV2_03252,train
SYNEXP_00097,train
SYNEXP_01440,validation
SYNEXP_01514,validation
SYNEXP_03062,train
SYNEXP_03119,train
SYNEXP_03486,train
GENV2_00197,train
GENV2_01345,train
GENV2_01455,test
GENV2_01826,validation
GENV2_02950,validation
GENV2_03383,train
GENV2_03653,train
GENV2_03715,train
GENV2_03950,test
GENV2_03989,train
SYNEXP_00405,train
SYNEXP_00450,train
SYNEXP_01325,train
SYNEXP_01891,train
SYNEXP_01911,train
SYNEXP_02391,test
GENV2_00611,train
GENV2_01614,train
GENV2_02011,train
GENV2_02294,validation
GENV2_02655,train
GENV2_02716,train
GENV2_03074,train
GENV2_03753,test
SYNEXP_00249,train
SYNEXP_02491,test
GENV2_00829,validation
GENV2_02077,validation
GENV2_02254,validation
GENV2_03727,test
SYNEXP_00175,test
SYNEXP_00414,train
SYNEXP_00421,train
SYNEXP_01625,test
SYNEXP_02550,validation
SYNEXP_02714,train
SYNEXP_02895,train
SYNEXP_03754,train
GENV2_00370,train
GENV2_00422,validation
GENV2_00777,train
GENV2_01239,test
GENV2_01729,test
GENV2_02569,train
SYNEXP_01819,train
SYNEXP_01884,train
SYNEXP_02427,test
GENV2_00060,train
GENV2_00251,test
GENV2_01233,train
GENV2_01295,train
GENV2_01498,train
GENV2_02153,train
GENV2_03465,train
GENV2_03680,train
GENV2_03696,validation
SYNEXP_00028,train
SYNEXP_00352,test
SYNEXP_00643,test
SYNEXP_01535,validation
SYNEXP_02373,test
SYNEXP_03499,train
SYNEXP_03731,train
GENV2_00483,validation
GENV2_01297,train
GENV2_02761,train
GENV2_03947,test
SYNEXP_00406,train
SYNEXP_01665,test
SYNEXP_01991,train
SYNEXP_03505,train
SYNEXP_03669,train
GENV2_00082,train
GENV2_00099,train
GENV2_00873,train
GENV2_02006,train
GENV2_02272,train
GENV2_02594,test
GENV2_02732,train
GENV2_03040,train
GENV2_04190,train
SYNEXP_00711,train
SYNEXP_01817,train
SYNEXP_01999,train
SYNEXP_02258,validation
SYNEXP_02277,validation
SYNEXP_02879,train
SYNEXP_02912,train
GENV2_01032,train
GENV2_03288,test
SYNEXP_00015,train
SYNEXP_01045,train
SYNEXP_02530,validation
SYNEXP_03441,train
GENV2_00190,train
GENV2_00409,train
GENV2_01034,validation
GENV2_01273,train
GENV2_01388,train
GENV2_03247,train
GENV2_03673,test
GENV2_03678,train
SYNEXP_02806,train
GENV2_01396,train
GENV2_01677,train
GENV2_03974,validation
SYNEXP_00596,train
SYNEXP_01077,train
SYNEXP_01745,train
SYNEXP_01932,train
SYNEXP_02379,test
SYNEXP_02770,train
SYNEXP_03445,train
GENV2_01188,train
GENV2_01270,train
GENV2_04199,train
SYNEXP_00215,test
SYNEXP_00613,train
SYNEXP_01841,train
SYNEXP_02884,train
GENV2_00379,train
GENV2_00668,train
GENV2_01393,test
GENV2_03675,validation
GENV2_04141,train
SYNEXP_00156,test
SYNEXP_00391,train
SYNEXP_00722,train
SYNEXP_00741,train
SYNEXP_00802,test
SYNEXP_00856,validation
SYNEXP_01852,train
SYNEXP_02442,test
SYNEXP_02859,train
SYNEXP_02971,train
SYNEXP_03615,train
GENV2_00473,train
GENV2_01128,train
GENV2_02232,train
GENV2_02794,train
GENV2_02930,train
GENV2_03232,train
GENV2_03402,validation
SYNEXP_00047,train
SYNEXP_02629,validation
SYNEXP_02685,train
SYNEXP_02918,train
SYNEXP_03683,train
GENV2_00309,train
GENV2_00414,test
GENV2_00869,train
GENV2_00929,train
GENV2_01293,train
GENV2_01974,validation
GENV2_02109,validation
GENV2_02675,train
GENV2_02699,test
GENV2_03780,train
GENV2_04030,train
SYNEXP_02123,train
SYNEXP_02528,validation
SYNEXP_03633,train
GENV2_00162,train
GENV2_00375,train
GENV2_00698,train
GENV2_00817,train
GENV2_02094,train
GENV2_02101,train
GENV2_03733,validation
GENV2_04181,train
SYNEXP_00472,validation
SYNEXP_01997,train
SYNEXP_03171,train
GENV2_00308,train
GENV2_00534,train
GENV2_00598,train
GENV2_01799,train
GENV2_02347,test
GENV2_03023,train
GENV2_03085,train
GENV2_03723,validation
SYNEXP_00954,train
SYNEXP_01543,validation
SYNEXP_02194,train
SYNEXP_02637,validation
SYNEXP_03419,train
SYNEXP_03739,train
GENV2_00619,test
GENV2_01254,train
GENV2_01719,train
GENV2_01747,train
GENV2_02256,test
GENV2_02425,train
GENV2_03186,validation
SYNEXP_00017,train
SYNEXP_00036,train
SYNEXP_00910,train
SYNEXP_01295,train
SYNEXP_01986,train
SYNEXP_03378,train
GENV2_00321,train
GENV2_00400,train
GENV2_02056,train
GENV2_02402,train
GENV2_03154,train
GENV2_04060,test
SYNEXP_00696,train
SYNEXP_00752,train
SYNEXP_01719,train
SYNEXP_02885,train
SYNEXP_03177,train
SYNEXP_03280,train
SYNEXP_03406,train
GENV2_00097,train
GENV2_00917,train
GENV2_03560,train
GENV2_03866,train
SYNEXP_00098,train
SYNEXP_00357,test
SYNEXP_00859,validation
SYNEXP_01112,train
SYNEXP_02223,validation
SYNEXP_03334,train
SYNEXP_03463,train
GENV2_01324,train
GENV2_01737,train
GENV2_02177,train
GENV2_03061,train
GENV2_03996,train
GENV2_04006,train
SYNEXP_00171,test
SYNEXP_00606,train
SYNEXP_00718,train
SYNEXP_01007,train
SYNEXP_01136,train
SYNEXP_02067,train
SYNEXP_02396,test
SYNEXP_03661,train
GENV2_00489,train
GENV2_02015,train
GENV2_02086,validation
GENV2_02641,train
GENV2_03798,validation
GENV2_03956,train
SYNEXP_00159,test
SYNEXP_00967,train
SYNEXP_01953,train
SYNEXP_02706,train
GENV2_00862,train
GENV2_01180,validation
GENV2_01271,train
GENV2_01322,train
GENV2_02189,validation
GENV2_02289,validation
GENV2_03512,train
GENV2_03601,train
GENV2_03668,test
GENV2_04090,train
GENV2_04128,test
GENV2_04183,train
SYNEXP_01413,validation
SYNEXP_01576,test
GENV2_00640,train
GENV2_00653,train
GENV2_00676,test
GENV2_00714,train
GENV2_01110,train
GENV2_01535,train
GENV2_02507,test
GENV2_02604,train
GENV2_03412,train
GENV2_03516,test
SYNEXP_00314,train
SYNEXP_01300,train
SYNEXP_01441,validation
SYNEXP_02729,train
SYNEXP_03564,train
GENV2_01030,train
GENV2_01394,train
GENV2_02848,train
GENV2_03524,test
SYNEXP_01058,train
SYNEXP_01286,train
SYNEXP_01487,validation
SYNEXP_01772,train
SYNEXP_01785,train
SYNEXP_03289,train
SYNEXP_03384,train
SYNEXP_03626,train
GENV2_00609,validation
GENV2_01823,train
GENV2_03580,train
GENV2_04065,train
SYNEXP_00265,train
SYNEXP_00386,train
SYNEXP_00465,validation
SYNEXP_01767,train
GENV2_00102,train
GENV2_00674,train
GENV2_00996,train
GENV2_01155,train
GENV2_01192,test
GENV2_01635,train
GENV2_03048,train
GENV2_03391,train
SYNEXP_00449,train
SYNEXP_01248,train
SYNEXP_01591,test
SYNEXP_02221,validation
SYNEXP_02403,test
SYNEXP_03585,train
GENV2_00847,train
GENV2_01446,train
GENV2_01631,validation
GENV2_01928,test
GENV2_02291,validation
GENV2_03178,train
GENV2_03698,validation
GENV2_03889,validation
SYNEXP_01311,train
SYNEXP_01354,train
SYNEXP_01612,test
SYNEXP_03674,train
GENV2_02052,train
GENV2_02817,train
GENV2_03526,train
SYNEXP_00260,train
SYNEXP_00604,train
SYNEXP_00686,train
SYNEXP_00780,train
SYNEXP_01363,train
SYNEXP_01761,train
SYNEXP_02957,train
GENV2_00257,validation
GENV2_00616,test
GENV2_02042,test
GENV2_02698,train
GENV2_03767,train
GENV2_03908,train
SYNEXP_00569,validation
SYNEXP_01418,validation
SYNEXP_01803,train
SYNEXP_01945,train
SYNEXP_02327,validation
SYNEXP_02411,test
SYNEXP_02788,train
SYNEXP_02987,train
SYNEXP_03415,train
SYNEXP_03758,train
GENV2_02896,validation
GENV2_03062,validation
GENV2_03529,test
GENV2_03838,train
GENV2_04117,train
SYNEXP_00037,train
SYNEXP_00205,train
SYNEXP_00439,train
SYNEXP_01615,test
SYNEXP_01683,test
SYNEXP_01768,train
SYNEXP_02042,train
SYNEXP_02189,train
SYNEXP_02460,test
SYNEXP_03087,train
GENV2_00070,validation
GENV2_01745,train
GENV2_02494,train
GENV2_03054,validation
GENV2_04123,train
GENV2_04148,train
SYNEXP_00420,train
SYNEXP_00839,train
SYNEXP_01009,train
SYNEXP_01062,train
SYNEXP_02174,train
SYNEXP_02282,validation
GENV2_00023,train
GENV2_01198,train
SYNEXP_00303,train
SYNEXP_00898,train
SYNEXP_01230,train
SYNEXP_01829,train
SYNEXP_03074,train
SYNEXP_03434,train
SYNEXP_03479,train
SYNEXP_03663,train
GENV2_00173,train
GENV2_00510,train
GENV2_01530,train
GENV2_02572,train
GENV2_02765,train
GENV2_03473,train
GENV2_03909,train
SYNEXP_01167,train
SYNEXP_01977,train
SYNEXP_02365,test
SYNEXP_02397,test
GENV2_00127,test
GENV2_01391,train
GENV2_01624,test
GENV2_01673,train
GENV2_02795,train
SYNEXP_00135,train
SYNEXP_01519,validation
SYNEXP_01678,test
SYNEXP_01704,test
SYNEXP_02018,train
SYNEXP_02401,test
SYNEXP_02789,train
SYNEXP_03051,train
GENV2_00058,train
GENV2_00337,train
GENV2_00798,train
GENV2_01186,train
GENV2_01402,train
GENV2_02240,train
GENV2_02298,validation
GENV2_02709,train
GENV2_02931,train
SYNEXP_00101,train
SYNEXP_00581,train
SYNEXP_01294,train
SYNEXP_01392,train
SYNEXP_01525,validation
SYNEXP_01942,train
SYNEXP_02691,train
SYNEXP_02852,train
SYNEXP_02888,train
SYNEXP_03607,train
GENV2_02149,test
GENV2_03274,test
GENV2_03527,train
SYNEXP_00027,train
SYNEXP_00217,test
SYNEXP_00283,test
SYNEXP_01419,validation
SYNEXP_02781,train
SYNEXP_03169,train
SYNEXP_03439,train
GENV2_01056,validation
GENV2_01207,train
GENV2_01248,train
GENV2_01784,train
GENV2_02815,test
GENV2_02935,train
GENV2_03190,train
GENV2_04134,train
SYNEXP_00475,validation
SYNEXP_02140,train
SYNEXP_02428,test
SYNEXP_03454,train
GENV2_00169,train
GENV2_00371,train
GENV2_01526,train
GENV2_01984,train
GENV2_03216,train
SYNEXP_00269,train
SYNEXP_00461,train
SYNEXP_00489,validation
SYNEXP_01766,train
GENV2_01161,train
GENV2_01484,validation
GENV2_01698,train
GENV2_04186,train
SYNEXP_00407,train
SYNEXP_00821,train
SYNEXP_00913,train
SYNEXP_01460,validation
SYNEXP_02212,validation
SYNEXP_03395,train
GENV2_00159,train
GENV2_00728,validation
GENV2_00915,validation
GENV2_01053,validation
GENV2_01514,validation
GENV2_01937,train
GENV2_02874,train
GENV2_02948,validation
GENV2_03167,train
GENV2_03233,train
GENV2_03556,train
GENV2_03972,train
SYNEXP_00315,train
SYNEXP_00745,train
SYNEXP_01299,train
SYNEXP_01726,train
SYNEXP_02702,train
SYNEXP_03428,train
SYNEXP_03496,train
GENV2_00110,train
GENV2_00123,train
GENV2_00647,train
GENV2_02565,train
GENV2_02879,test
SYNEXP_01018,train
SYNEXP_02304,validation
SYNEXP_02420,test
SYNEXP_03192,train
GENV2_00367,train
GENV2_00498,train
GENV2_01612,train
GENV2_01613,train
GENV2_02143,test
GENV2_03549,train
GENV2_04071,train
SYNEXP_00618,train
SYNEXP_00804,test
SYNEXP_02097,train
SYNEXP_02934,train
SYNEXP_03268,train
SYNEXP_03497,train
GENV2_02409,train
GENV2_02537,test
GENV2_02933,train
GENV2_03532,train
GENV2_03787,train
GENV2_04121,train
SYNEXP_00138,train
SYNEXP_00185,test
SYNEXP_01118,train
SYNEXP_03013,train
SYNEXP_03338,train
SYNEXP_03635,train
GENV2_00120,train
GENV2_00275,train
GENV2_00385,validation
GENV2_00848,train
GENV2_01204,train
GENV2_01947,test
GENV2_03149,train
GENV2_03671,train
GENV2_03968,train
SYNEXP_00423,train
SYNEXP_00659,test
SYNEXP_00732,train
SYNEXP_01346,train
SYNEXP_02660,validation
SYNEXP_02669,validation
SYNEXP_02905,train
SYNEXP_03147,train
GENV2_00842,train
GENV2_01473,validation
GENV2_01566,train
GENV2_01659,validation
GENV2_01801,train
GENV2_02504,train
GENV2_02956,validation
GENV2_02959,train
GENV2_02972,validation
GENV2_03553,train
SYNEXP_01730,train
SYNEXP_02371,test
SYNEXP_02850,train
SYNEXP_03376,train
GENV2_01064,train
GENV2_01349,train
GENV2_01366,validation
GENV2_02421,train
GENV2_02613,train
GENV2_03152,train
GENV2_04094,train
SYNEXP_00259,train
SYNEXP_00392,train
SYNEXP_00443,train
SYNEXP_00796,test
SYNEXP_02219,validation
SYNEXP_02290,validation
SYNEXP_03165,train
SYNEXP_03340,train
GENV2_00105,train
GENV2_00529,validation
GENV2_00913,validation
GENV2_01844,train
GENV2_03978,test
GENV2_04031,train
SYNEXP_00963,train
SYNEXP_03474,train
SYNEXP_03478,train
GENV2_00160,train
GENV2_00889,test
GENV2_01347,test
GENV2_01408,train
GENV2_02007,train
GENV2_02204,validation
GENV2_02483,validation
GENV2_03966,train
SYNEXP_00016,train
SYNEXP_01407,validation
SYNEXP_02588,validation
GENV2_00481,train
GENV2_01639,test
GENV2_03891,test
SYNEXP_00690,train
SYNEXP_01149,train
SYNEXP_01672,test
GENV2_00539,train
GENV2_01807,validation
GENV2_02659,train
GENV2_02870,train
GENV2_03960,train
GENV2_04196,train
SYNEXP_00912,train
SYNEXP_02044,train
SYNEXP_02325,validation
SYNEXP_02517,test
SYNEXP_02832,train
SYNEXP_03046,train
SYNEXP_03178,train
SYNEXP_03190,train
GENV2_01960,train
GENV2_02945,train
GENV2_02971,test
GENV2_03423,validation
GENV2_03758,validation
GENV2_04133,train
SYNEXP_00822,train
SYNEXP_02382,test
SYNEXP_03518,train
GENV2_00434,train
GENV2_00574,train
GENV2_00627,test
GENV2_01039,train
GENV2_01084,train
GENV2_01133,train
GENV2_01303,validation
GENV2_03481,train
GENV2_03597,train
SYNEXP_00115,train
SYNEXP_01195,train
SYNEXP_02326,validation
SYNEXP_02417,test
SYNEXP_02673,validation
SYNEXP_03380,train
GENV2_00198,train
GENV2_00548,validation
GENV2_01037,train
GENV2_01247,train
GENV2_02003,train
GENV2_02677,train
GENV2_02898,train
GENV2_03036,train
SYNEXP_00143,train
GENV2_01662,train
GENV2_02340,train
GENV2_02578,train
GENV2_02944,test
GENV2_04040,train
SYNEXP_00514,validation
SYNEXP_00699,train
SYNEXP_00848,train
SYNEXP_00903,train
SYNEXP_03198,train
GENV2_01055,train
GENV2_02144,test
SYNEXP_01208,train
SYNEXP_02259,validation
GENV2_01148,validation
GENV2_02318,validation
GENV2_02707,train
GENV2_03084,train
GENV2_03164,train
SYNEXP_01805,train
SYNEXP_02392,test
SYNEXP_02869,train
SYNEXP_03183,train
SYNEXP_03696,train
GENV2_00340,train
GENV2_00630,train
GENV2_01405,train
GENV2_02701,train
GENV2_03583,train
GENV2_03757,test
SYNEXP_00105,train
GENV2_00101,train
GENV2_02380,validation
GENV2_02648,test
GENV2_03677,test
SYNEXP_00316,train
SYNEXP_00653,test
SYNEXP_01192,train
SYNEXP_01603,test
SYNEXP_03209,train
SYNEXP_03738,train
GENV2_00239,train
GENV2_00469,train
GENV2_00595,train
GENV2_00751,validation
GENV2_01519,validation
GENV2_01562,train
GENV2_01953,train
GENV2_02422,train
SYNEXP_00572,train
SYNEXP_00731,train
SYNEXP_01797,train
SYNEXP_02847,train
SYNEXP_02950,train
SYNEXP_03490,train
GENV2_00046,train
GENV2_00727,test
GENV2_01367,test
GENV2_02201,test
GENV2_02374,train
GENV2_02754,test
GENV2_03922,train
SYNEXP_00060,validation
SYNEXP_00193,train
SYNEXP_01205,train
SYNEXP_01287,train
SYNEXP_01652,test
SYNEXP_02577,validation
GENV2_00796,train
GENV2_01050,train
GENV2_01335,train
GENV2_01395,validation
GENV2_01883,train
GENV2_03203,validation
SYNEXP_00641,test
SYNEXP_01414,validation
SYNEXP_01465,validation
SYNEXP_01827,train
SYNEXP_02110,train
SYNEXP_02375,test
SYNEXP_02512,test
GENV2_00056,validation
GENV2_00613,train
GENV2_01225,train
GENV2_02383,train
GENV2_02983,test
GENV2_04146,train
SYNEXP_01048,train
SYNEXP_02145,train
SYNEXP_03599,train
GENV2_00233,train
GENV2_01889,validation
GENV2_02617,train
GENV2_03056,train
GENV2_03447,train
GENV2_03829,train
GENV2_03992,train
SYNEXP_00088,validation
SYNEXP_00234,test
SYNEXP_00533,train
SYNEXP_01038,train
SYNEXP_01331,train
SYNEXP_02366,test
SYNEXP_03341,train
SYNEXP_03513,train
SYNEXP_03523,train
GENV2_01144,test
GENV2_01241,test
GENV2_01460,train
GENV2_01728,validation
GENV2_02892,train
GENV2_03227,test
GENV2_03916,train
GENV2_04126,train
SYNEXP_00744,train
SYNEXP_01104,train
SYNEXP_01658,test
SYNEXP_02299,validation
SYNEXP_02779,train
SYNEXP_02931,train
SYNEXP_03461,train
GENV2_00586,train
GENV2_00672,train
GENV2_00712,validation
GENV2_01174,train
GENV2_01732,train
GENV2_01935,validation
GENV2_02190,train
GENV2_02208,train
GENV2_03302,train
GENV2_03761,test
SYNEXP_01588,test
SYNEXP_01877,train
SYNEXP_01985,train
SYNEXP_02229,validation
SYNEXP_02320,validation
SYNEXP_02909,train
SYNEXP_03586,train
SYNEXP_03762,train
GENV2_00147,train
GENV2_00183,train
GENV2_00545,train
GENV2_00894,validation
GENV2_00950,train
GENV2_01325,train
GENV2_01522,train
GENV2_01733,train
GENV2_02607,validation
GENV2_02958,train
GENV2_04177,test
SYNEXP_00235,test
SYNEXP_00284,test
SYNEXP_01517,validation
SYNEXP_01860,train
SYNEXP_01897,train
SYNEXP_02236,validation
SYNEXP_02492,test
SYNEXP_02836,train
GENV2_00411,validation
GENV2_01312,train
GENV2_01645,test
SYNEXP_00003,train
SYNEXP_00035,train
SYNEXP_01547,validation
SYNEXP_01578,test
SYNEXP_02261,validation
SYNEXP_02523,validation
SYNEXP_03107,train
SYNEXP_03724,train
GENV2_00444,train
GENV2_00617,train
GENV2_01045,train
GENV2_02897,train
GENV2_03786,train
GENV2_03857,train
GENV2_03975,train
SYNEXP_00861,validation
SYNEXP_02636,validation
SYNEXP_03223,train
GENV2_00920,train
GENV2_00962,train
GENV2_01316,train
GENV2_01599,train
GENV2_02584,train
GENV2_02654,validation
SYNEXP_00293,test
SYNEXP_01142,train
SYNEXP_02025,train
SYNEXP_03138,train
SYNEXP_03185,train
GENV2_00240,train
GENV2_01068,train
GENV2_01201,train
GENV2_01418,train
GENV2_01442,validation
GENV2_01598,train
GENV2_01819,train
GENV2_01970,test
GENV2_03357,test
GENV2_03602,train
GENV2_03634,test
SYNEXP_00824,train
SYNEXP_00915,train
SYNEXP_00947,train
SYNEXP_01579,test
SYNEXP_01755,train
SYNEXP_02350,validation
GENV2_00215,validation
GENV2_00968,train
GENV2_01765,train
GENV2_01878,validation
GENV2_02841,validation
GENV2_02854,train
GENV2_02965,train
GENV2_03191,train
GENV2_04087,test
SYNEXP_00350,test
SYNEXP_01153,train
SYNEXP_01770,train
SYNEXP_03353,train
SYNEXP_03494,train
GENV2_00970,train
GENV2_01099,train
GENV2_01828,test
GENV2_02458,train
GENV2_03272,train
GENV2_03282,test
GENV2_03706,validation
GENV2_03925,train
SYNEXP_00468,validation
SYNEXP_02665,validation
SYNEXP_03048,train
SYNEXP_03304,train
SYNEXP_03755,train
GENV2_00264,train
GENV2_00793,validation
GENV2_01350,test
GENV2_02450,train
GENV2_02639,train
GENV2_02653,train
GENV2_03897,test
SYNEXP_01978,train
SYNEXP_03361,train
SYNEXP_03535,train
SYNEXP_03768,train
GENV2_01112,validation
GENV2_01516,train
GENV2_01548,test
GENV2_02140,train
GENV2_03162,test
SYNEXP_00875,validation
SYNEXP_01470,validation
SYNEXP_02713,train
SYNEXP_03023,train
SYNEXP_03488,train
GENV2_00088,train
GENV2_00273,train
GENV2_01041,train
GENV2_01517,test
GENV2_01866,test
GENV2_02940,train
GENV2_03445,validation
GENV2_03502,validation
SYNEXP_00061,validation
SYNEXP_00918,train
SYNEXP_01067,train
SYNEXP_01720,train
SYNEXP_03352,train
SYNEXP_03573,train
GENV2_01711,train
GENV2_01939,train
GENV2_03170,validation
SYNEXP_00850,train
SYNEXP_01200,train
SYNEXP_01458,validation
SYNEXP_02051,train
SYNEXP_02443,test
SYNEXP_03320,train
GENV2_01115,test
GENV2_01543,train
GENV2_01727,train
GENV2_02987,train
GENV2_03283,train
GENV2_03735,train
SYNEXP_00096,train
SYNEXP_00354,test
SYNEXP_01234,train
SYNEXP_03286,train
SYNEXP_03438,train
GENV2_00025,train
GENV2_00331,train
GENV2_00570,train
GENV2_00694,train
GENV2_01005,train
GENV2_01584,train
GENV2_02360,test
GENV2_03126,validation
GENV2_03589,train
SYNEXP_00764,train
SYNEXP_01285,train
SYNEXP_01420,validation
GENV2_00985,train
GENV2_01042,test
GENV2_01327,test
GENV2_01756,train
GENV2_01760,test
GENV2_02886,train
GENV2_03518,train
GENV2_03790,train
GENV2_04135,test
SYNEXP_00126,train
SYNEXP_00831,train
SYNEXP_00965,train
SYNEXP_01098,train
SYNEXP_01227,train
SYNEXP_01501,validation
SYNEXP_01834,train
SYNEXP_02308,validation
GENV2_00559,train
GENV2_00762,test
GENV2_01283,test
GENV2_01348,train
GENV2_02341,train
GENV2_03246,test
GENV2_03457,train
SYNEXP_02213,validation
SYNEXP_02846,train
SYNEXP_03115,train
GENV2_00232,train
GENV2_00908,test
GENV2_00975,train
GENV2_02915,train
SYNEXP_00969,train
SYNEXP_01836,train
SYNEXP_02162,train
SYNEXP_02762,train
SYNEXP_03400,train
GENV2_01171,train
GENV2_01838,train
GENV2_02210,train
GENV2_02929,train
GENV2_03610,train
SYNEXP_00326,train
SYNEXP_01332,train
SYNEXP_01391,train
SYNEXP_03032,train
SYNEXP_03038,train
SYNEXP_03263,train
SYNEXP_03396,train
SYNEXP_03530,train
GENV2_00100,train
GENV2_00882,train
GENV2_01277,test
GENV2_01500,train
GENV2_02063,train
GENV2_02511,validation
GENV2_02884,train
SYNEXP_00246,train
SYNEXP_00268,train
SYNEXP_00363,test
SYNEXP_00576,train
SYNEXP_00909,train
SYNEXP_02022,train
SYNEXP_03313,train
GENV2_00112,train
GENV2_00542,train
GENV2_00700,train
GENV2_01054,test
GENV2_01683,train
GENV2_01749,test
GENV2_01876,train
GENV2_02293,validation
GENV2_02437,test
GENV2_03234,train
GENV2_03492,test
SYNEXP_01282,train
SYNEXP_01352,train
GENV2_01125,train
GENV2_01643,validation
GENV2_01744,test
GENV2_02325,validation
GENV2_02914,train
GENV2_03467,train
GENV2_03994,test
SYNEXP_00102,train
SYNEXP_00211,test
SYNEXP_00409,train
SYNEXP_00854,validation
SYNEXP_01552,validation
SYNEXP_02768,train
GENV2_00839,train
GENV2_01289,train
GENV2_01412,train
GENV2_02304,test
GENV2_03450,train
GENV2_03741,train
SYNEXP_00928,train
SYNEXP_01690,test
SYNEXP_02266,validation
SYNEXP_02563,validation
SYNEXP_02632,validation
SYNEXP_02953,train
GENV2_00076,validation
GENV2_00295,train
GENV2_00934,validation
GENV2_01328,validation
GENV2_03038,train
GENV2_03617,test
GENV2_03628,test
GENV2_03730,test
SYNEXP_00232,test
SYNEXP_00597,train
SYNEXP_01059,train
SYNEXP_01409,validation
SYNEXP_01631,test
SYNEXP_03600,train
GENV2_00497,train
GENV2_00874,validation
GENV2_01185,train
GENV2_01486,train
GENV2_02632,validation
GENV2_02816,validation
GENV2_03951,train
SYNEXP_00140,train
SYNEXP_01255,train
SYNEXP_01464,validation
SYNEXP_02196,train
SYNEXP_02253,validation
SYNEXP_02405,test
SYNEXP_02671,validation
SYNEXP_03277,train
SYNEXP_03545,train
GENV2_00549,train
GENV2_00636,train
GENV2_02444,test
GENV2_02556,train
GENV2_02599,train
GENV2_03253,train
GENV2_04092,train
SYNEXP_00400,train
SYNEXP_00471,validation
SYNEXP_01869,train
SYNEXP_02344,validation
SYNEXP_02434,test
SYNEXP_03114,train
GENV2_00536,train
GENV2_00926,train
GENV2_02590,validation
GENV2_03475,test
SYNEXP_00053,train
SYNEXP_03283,train
SYNEXP_03354,train
SYNEXP_03511,train
SYNEXP_03603,train
GENV2_00002,train
GENV2_00062,train
GENV2_00621,train
GENV2_00997,train
GENV2_01513,train
GENV2_02307,validation
GENV2_02376,train
GENV2_02919,validation
GENV2_03271,test
GENV2_04189,train
SYNEXP_00376,train
SYNEXP_01116,train
SYNEXP_02973,train
SYNEXP_03145,train
GENV2_00324,train
GENV2_01642,validation
GENV2_02822,train
GENV2_02969,validation
GENV2_03378,train
SYNEXP_00116,train
SYNEXP_01320,train
SYNEXP_01571,test
SYNEXP_01738,train
SYNEXP_02655,validation
SYNEXP_03167,train
SYNEXP_03243,train
SYNEXP_03703,train
GENV2_02046,train
GENV2_02269,train
GENV2_02372,validation
SYNEXP_00770,train
SYNEXP_01686,test
SYNEXP_01902,train
SYNEXP_02105,train
SYNEXP_02172,train
SYNEXP_03096,train
SYNEXP_03117,train
SYNEXP_03148,train
GENV2_00165,train
GENV2_00441,validation
GENV2_00568,train
GENV2_01740,train
GENV2_02840,train
GENV2_03200,train
GENV2_03718,test
SYNEXP_00239,train
SYNEXP_02311,validation
SYNEXP_02611,validation
GENV2_01016,train
GENV2_02205,train
GENV2_02535,test
GENV2_03009,train
GENV2_03313,train
SYNEXP_00155,train
SYNEXP_01032,train
SYNEXP_01224,train
GENV2_00200,test
GENV2_00355,train
GENV2_01354,train
GENV2_02631,validation
GENV2_02661,train
SYNEXP_00119,train
SYNEXP_00347,test
SYNEXP_00683,train
SYNEXP_01293,train
SYNEXP_01748,train
SYNEXP_02295,validation
SYNEXP_02675,train
GENV2_00172,train
GENV2_00330,train
GENV2_00782,train
GENV2_01181,validation
GENV2_02200,train
GENV2_02480,validation
GENV2_03414,train
GENV2_04159,validation
SYNEXP_00169,test
SYNEXP_00800,test
SYNEXP_01505,validation
SYNEXP_02426,test
SYNEXP_02954,train
SYNEXP_03593,train
GENV2_00387,train
GENV2_03315,validation
GENV2_04088,test
SYNEXP_01249,train
SYNEXP_01385,train
SYNEXP_01673,test
SYNEXP_02072,train
SYNEXP_03605,train
SYNEXP_03744,train
GENV2_00738,train
GENV2_01988,validation
GENV2_03493,train
GENV2_04124,train
SYNEXP_00056,validation
SYNEXP_00705,train
SYNEXP_00763,train
SYNEXP_03233,train
SYNEXP_03524,train
GENV2_01195,train
GENV2_01531,train
GENV2_01774,test
GENV2_02882,train
GENV2_03239,test
GENV2_03443,test
GENV2_03487,train
SYNEXP_00228,test
SYNEXP_00584,train
SYNEXP_00630,train
SYNEXP_00897,train
SYNEXP_01482,validation
SYNEXP_01949,train
SYNEXP_02596,validation
SYNEXP_02648,validation
SYNEXP_03448,train
GENV2_00073,validation
GENV2_00517,validation
GENV2_00729,train
GENV2_00852,train
GENV2_01558,train
GENV2_01881,test
GENV2_01976,validation
GENV2_02137,train
GENV2_02192,train
GENV2_03065,train
GENV2_03196,train
GENV2_03799,train
SYNEXP_00723,train
SYNEXP_01132,train
SYNEXP_01666,test
SYNEXP_02536,validation
SYNEXP_03254,train
GENV2_00178,train
GENV2_00749,validation
GENV2_01503,validation
GENV2_02295,train
GENV2_02610,test
GENV2_02739,test
GENV2_03020,test
GENV2_03069,train
SYNEXP_00033,train
SYNEXP_01376,train
SYNEXP_01583,test
SYNEXP_01971,train
SYNEXP_02416,test
SYNEXP_02549,validation
SYNEXP_03214,train
SYNEXP_03229,train
GENV2_00171,validation
GENV2_00195,test
GENV2_01834,train
GENV2_02227,test
GENV2_02583,validation
GENV2_03659,test
GENV2_03788,train
GENV2_04187,test
SYNEXP_00334,train
SYNEXP_00335,train
SYNEXP_01929,train
SYNEXP_02013,train
SYNEXP_02362,test
SYNEXP_02627,validation
SYNEXP_02864,train
SYNEXP_02891,train
SYNEXP_03418,train
GENV2_00054,validation
GENV2_00069,train
GENV2_00150,train
GENV2_00577,train
GENV2_01940,train
GENV2_02282,train
GENV2_03328,train
SYNEXP_01154,train
SYNEXP_01319,train
SYNEXP_01846,train
SYNEXP_01855,train
SYNEXP_02288,validation
SYNEXP_03525,train
GENV2_00199,validation
GENV2_00682,train
GENV2_00858,train
GENV2_00901,train
GENV2_00958,validation
GENV2_01464,test
GENV2_01478,train
GENV2_01601,train
GENV2_01706,train
GENV2_02141,train
GENV2_02489,test
GENV2_03131,train
GENV2_03419,train
GENV2_04096,validation
SYNEXP_00864,validation
SYNEXP_03387,train
GENV2_00216,train
GENV2_00261,train
GENV2_00639,test
GENV2_02276,test
GENV2_02867,train
GENV2_03820,train
SYNEXP_00529,train
SYNEXP_02274,validation
SYNEXP_02564,validation
SYNEXP_03129,train
GENV2_00608,test
GENV2_02477,train
GENV2_02832,train
GENV2_03290,train
GENV2_03654,test
SYNEXP_00161,test
SYNEXP_00377,train
SYNEXP_00778,train
SYNEXP_01040,train
SYNEXP_01169,train
SYNEXP_01752,train
SYNEXP_02944,train
SYNEXP_03295,train
SYNEXP_03332,train
GENV2_00722,train
GENV2_01309,test
GENV2_02163,train
GENV2_03220,test
GENV2_03868,validation
SYNEXP_00408,train
SYNEXP_00432,train
SYNEXP_01989,train
SYNEXP_02752,train
GENV2_01392,train
GENV2_02683,test
SYNEXP_01526,validation
SYNEXP_01669,test
SYNEXP_02029,train
SYNEXP_02107,train
SYNEXP_02645,validation
SYNEXP_03155,train
SYNEXP_03456,train
SYNEXP_03741,train
GENV2_00258,train
GENV2_00572,train
GENV2_00783,train
GENV2_01018,train
GENV2_01062,train
GENV2_01364,validation
GENV2_02280,test
GENV2_03531,train
GENV2_03874,test
GENV2_03958,test
SYNEXP_00946,train
SYNEXP_01801,train
SYNEXP_02062,train
SYNEXP_02654,validation
GENV2_00055,train
GENV2_02418,train
GENV2_02454,test
GENV2_02501,train
GENV2_03223,train
GENV2_03793,train
GENV2_04160,train
SYNEXP_00445,train
SYNEXP_01016,train
SYNEXP_01940,train
SYNEXP_02084,train
SYNEXP_02349,validation
SYNEXP_02814,train
SYNEXP_03186,train
SYNEXP_03310,train
GENV2_00392,train
GENV2_01200,train
GENV2_01436,validation
GENV2_01482,train
GENV2_01587,train
GENV2_03564,train
GENV2_03827,train
SYNEXP_00081,validation
SYNEXP_00291,test
SYNEXP_01773,train
SYNEXP_02352,validation
GENV2_00365,validation
GENV2_01154,validation
GENV2_01818,train
GENV2_02072,train
GENV2_02424,validation
GENV2_03862,validation
GENV2_04103,test
SYNEXP_03690,train
GENV2_00528,train
GENV2_02853,validation
GENV2_03945,train
SYNEXP_00558,validation
SYNEXP_00979,train
SYNEXP_01753,train
SYNEXP_02217,validation
SYNEXP_02553,validation
SYNEXP_02639,validation
GENV2_00556,train
GENV2_00871,train
GENV2_01217,validation
GENV2_02416,validation
GENV2_03192,train
GENV2_03320,train
GENV2_03335,train
GENV2_04110,train
SYNEXP_00402,train
SYNEXP_00447,train
SYNEXP_01915,train
SYNEXP_01919,train
SYNEXP_02128,train
SYNEXP_03331,train
SYNEXP_03559,train
GENV2_00238,test
GENV2_00747,train
GENV2_01122,train
GENV2_01777,validation
GENV2_01873,train
GENV2_01945,train
GENV2_02913,train
GENV2_03322,test
GENV2_03642,train
SYNEXP_00073,validation
SYNEXP_01459,validation
SYNEXP_01763,train
SYNEXP_02264,validation
SYNEXP_03688,train
GENV2_01051,validation
GENV2_01417,test
GENV2_02155,train
GENV2_02228,test
GENV2_02516,train
GENV2_03294,train
GENV2_03317,train
GENV2_03898,test
SYNEXP_01209,train
SYNEXP_02880,train
GENV2_00898,train
GENV2_02261,test
GENV2_02406,train
GENV2_02772,train
GENV2_03387,test
GENV2_03691,test
GENV2_03709,train
GENV2_03906,train
SYNEXP_01245,train
SYNEXP_01417,validation
SYNEXP_01432,validation
SYNEXP_02249,validation
SYNEXP_03131,train
SYNEXP_03389,train
GENV2_00690,train
GENV2_00703,train
GENV2_01286,train
GENV2_01596,train
GENV2_02343,train
GENV2_02593,train
GENV2_02735,test
GENV2_02985,validation
GENV2_03325,train
GENV2_04034,train
SYNEXP_00393,train
SYNEXP_01423,validation
SYNEXP_01538,validation
SYNEXP_02276,validation
SYNEXP_02509,test
SYNEXP_02790,train
SYNEXP_02858,train
SYNEXP_03141,train
GENV2_00538,test
GENV2_01479,train
GENV2_01510,train
GENV2_02693,test
GENV2_02750,validation
GENV2_03747,test
GENV2_03834,test
GENV2_04161,train
SYNEXP_00243,train
SYNEXP_00638,test
SYNEXP_02315,validation
SYNEXP_02378,test
GENV2_00262,train
GENV2_01362,train
GENV2_03171,validation
GENV2_03382,train
GENV2_03967,test
SYNEXP_02095,train
SYNEXP_03219,train
SYNEXP_03293,train
GENV2_01848,validation
GENV2_02550,test
GENV2_02778,train
GENV2_02825,train
GENV2_03123,validation
SYNEXP_01362,train
SYNEXP_03408,train
SYNEXP_03649,train
GENV2_00072,validation
GENV2_01652,train
GENV2_02299,validation
GENV2_02539,train
GENV2_02628,train
GENV2_02733,train
GENV2_03368,test
SYNEXP_01087,train
SYNEXP_01262,train
SYNEXP_03110,train
SYNEXP_03261,train
SYNEXP_03572,train
GENV2_01067,validation
GENV2_01695,validation
GENV2_02159,test
GENV2_02394,train
GENV2_02864,validation
GENV2_03231,train
SYNEXP_02599,validation
GENV2_00465,validation
GENV2_01156,validation
GENV2_01722,train
GENV2_01882,train
GENV2_01895,validation
GENV2_02438,test
GENV2_02452,train
SYNEXP_00448,train
SYNEXP_00508,validation
SYNEXP_00825,train
SYNEXP_01001,train
SYNEXP_01364,train
SYNEXP_01570,test
SYNEXP_01757,train
SYNEXP_03369,train
GENV2_00052,train
GENV2_00256,train
GENV2_00303,train
GENV2_00472,test
GENV2_00476,train
GENV2_00576,train
GENV2_00679,train
GENV2_01551,test
GENV2_02027,train
GENV2_03018,test
GENV2_03268,train
GENV2_03817,train
GENV2_04077,train
SYNEXP_00702,train
SYNEXP_00914,train
SYNEXP_02653,validation
SYNEXP_03109,train
SYNEXP_03322,train
GENV2_00152,train
GENV2_00363,train
GENV2_00860,test
GENV2_00955,train
GENV2_01515,validation
GENV2_01688,train
GENV2_02527,train
GENV2_03004,train
GENV2_03075,train
GENV2_03389,test
GENV2_04162,test
SYNEXP_00067,validation
SYNEXP_00790,test
SYNEXP_01027,train
SYNEXP_01663,test
SYNEXP_02069,train
SYNEXP_02776,train
SYNEXP_03312,train
GENV2_00083,validation
GENV2_00625,train
GENV2_00632,train
GENV2_01052,validation
GENV2_01124,train
GENV2_01763,test
GENV2_03636,train
GENV2_03674,test
GENV2_04018,train
SYNEXP_00172,test
SYNEXP_00589,train
SYNEXP_01257,train
SYNEXP_02942,train
SYNEXP_03416,train
GENV2_00068,train
GENV2_00870,validation
GENV2_00887,train
GENV2_00976,train
GENV2_00977,train
GENV2_00982,test
GENV2_02084,train
GENV2_02331,validation
GENV2_02353,validation
GENV2_02602,train
GENV2_02786,train
GENV2_03796,train
GENV2_03858,test
GENV2_03913,test
SYNEXP_00256,train
SYNEXP_00657,test
SYNEXP_00691,train
SYNEXP_01853,train
SYNEXP_02014,train
SYNEXP_02406,test
SYNEXP_02734,train
SYNEXP_03077,train
GENV2_00667,validation
GENV2_01667,train
GENV2_01949,train
GENV2_02068,train
GENV2_02687,train
GENV2_03280,test
GENV2_03593,test
GENV2_04058,test
SYNEXP_00849,train
SYNEXP_01947,train
GENV2_00327,train
GENV2_00357,test
GENV2_00604,train
GENV2_02379,train
GENV2_02656,train
GENV2_03424,test
GENV2_04129,train
SYNEXP_00356,test
SYNEXP_00746,train
SYNEXP_01035,train
SYNEXP_01210,train
SYNEXP_01813,train
SYNEXP_03050,train
SYNEXP_03609,train
GENV2_00912,validation
GENV2_02396,test
GENV2_02674,test
GENV2_02974,train
GENV2_03086,train
GENV2_03367,train
SYNEXP_00382,train
SYNEXP_00440,train
SYNEXP_01099,train
SYNEXP_03346,train
GENV2_00007,train
GENV2_00300,validation
GENV2_01142,validation
GENV2_01378,train
GENV2_02697,train
GENV2_03456,validation
GENV2_03470,train
GENV2_04043,train
SYNEXP_02370,test
SYNEXP_03412,train
GENV2_02102,train
GENV2_02350,validation
GENV2_02957,train
SYNEXP_00178,test
SYNEXP_00520,train
SYNEXP_00986,train
SYNEXP_01633,test
SYNEXP_01859,train
SYNEXP_02228,validation
SYNEXP_02560,validation
SYNEXP_02590,validation
SYNEXP_03290,train
GENV2_00253,train
GENV2_00956,train
GENV2_01855,validation
GENV2_02275,train
GENV2_02891,train
GENV2_03500,train
GENV2_03781,train
GENV2_03886,train
GENV2_03946,train
GENV2_04024,train
SYNEXP_00287,test
SYNEXP_02078,train
SYNEXP_02126,train
SYNEXP_02135,train
SYNEXP_02154,train
SYNEXP_03656,train
GENV2_00049,train
GENV2_00305,train
GENV2_00466,train
GENV2_01061,test
GENV2_01279,train
GENV2_01311,test
GENV2_02435,train
GENV2_03550,train
GENV2_03783,test
GENV2_03931,train
SYNEXP_00396,train
SYNEXP_01201,train
SYNEXP_02978,train
SYNEXP_03153,train
SYNEXP_03392,train
GENV2_00546,train
GENV2_01648,train
SYNEXP_00803,test
SYNEXP_01161,train
SYNEXP_01408,validation
SYNEXP_01691,test
SYNEXP_02058,train
GENV2_00405,train
GENV2_00521,train
GENV2_00704,train
GENV2_00897,train
GENV2_01710,train
GENV2_01746,train
GENV2_02529,train
GENV2_03404,test
GENV2_03894,validation
SYNEXP_01360,train
SYNEXP_02766,train
SYNEXP_02876,train
SYNEXP_03221,train
SYNEXP_03665,train
GENV2_00755,test
GENV2_03090,validation
SYNEXP_00201,train
SYNEXP_01495,validation
SYNEXP_01536,validation
SYNEXP_01916,train
SYNEXP_01974,train
SYNEXP_02796,train
SYNEXP_02843,train
SYNEXP_02937,train
SYNEXP_03130,train
SYNEXP_03675,train
GENV2_00032,train
GENV2_00311,test
GENV2_00820,train
GENV2_01948,train
GENV2_02090,train
GENV2_03411,train
GENV2_03483,test
SYNEXP_00079,validation
SYNEXP_02173,train
SYNEXP_02238,validation
SYNEXP_03176,train
SYNEXP_03625,train
GENV2_01058,train
GENV2_01533,train
GENV2_01574,train
GENV2_02191,validation
GENV2_02468,train
GENV2_02818,train
GENV2_03762,train
SYNEXP_00380,train
SYNEXP_00522,train
SYNEXP_00591,train
SYNEXP_02187,train
GENV2_00983,validation
GENV2_01244,test
GENV2_02334,train
GENV2_03355,test
GENV2_04057,train
GENV2_04147,train
SYNEXP_00142,train
SYNEXP_00177,test
SYNEXP_00729,train
SYNEXP_03041,train
SYNEXP_03200,train
SYNEXP_03512,train
GENV2_00607,train
GENV2_01202,validation
GENV2_01249,train
GENV2_01820,test
GENV2_02212,test
GENV2_03648,train
GENV2_03714,test
GENV2_03822,train
SYNEXP_00202,train
SYNEXP_01036,train
SYNEXP_01218,train
SYNEXP_01430,validation
SYNEXP_02896,train
GENV2_00564,validation
GENV2_00695,test
GENV2_01116,validation
GENV2_02723,train
GENV2_02821,train
GENV2_02951,test
GENV2_03159,validation
GENV2_03422,validation
GENV2_03831,train
SYNEXP_00048,train
SYNEXP_00186,train
SYNEXP_00419,train
SYNEXP_00651,test
SYNEXP_02133,train
SYNEXP_03680,train
GENV2_00185,validation
GENV2_00495,train
GENV2_00918,train
GENV2_01065,train
GENV2_01403,train
GENV2_03426,train
GENV2_03441,train
GENV2_03508,test
SYNEXP_00058,validation
SYNEXP_00540,train
SYNEXP_00843,train
SYNEXP_01484,validation
SYNEXP_01760,train
SYNEXP_02209,validation
SYNEXP_02449,test
SYNEXP_02958,train
SYNEXP_03157,train
SYNEXP_03551,train
GENV2_00279,validation
GENV2_01215,test
GENV2_01860,train
GENV2_02249,train
GENV2_02624,validation
SYNEXP_00122,train
SYNEXP_01261,train
SYNEXP_01373,train
SYNEXP_01742,train
SYNEXP_01832,train
SYNEXP_02251,validation
SYNEXP_02390,test
SYNEXP_02666,validation
SYNEXP_02878,train
SYNEXP_02941,train
SYNEXP_03472,train
GENV2_00585,train
GENV2_01682,train
GENV2_01694,train
GENV2_01781,train
GENV2_02226,test
GENV2_02478,train
SYNEXP_00321,train
SYNEXP_00513,validation
SYNEXP_02139,train
SYNEXP_03258,train
GENV2_01149,train
GENV2_02026,train
GENV2_02263,train
GENV2_02492,train
GENV2_02776,train
GENV2_03689,train
GENV2_03821,train
SYNEXP_00023,train
SYNEXP_00162,test
SYNEXP_00199,train
SYNEXP_00647,test
SYNEXP_00888,validation
SYNEXP_00907,train
SYNEXP_00966,train
SYNEXP_01650,test
SYNEXP_02907,train
GENV2_00075,validation
GENV2_00420,train
GENV2_01245,train
GENV2_02322,test
GENV2_03669,train
GENV2_04063,test
SYNEXP_00621,train
SYNEXP_02545,validation
SYNEXP_02778,train
SYNEXP_02923,train
SYNEXP_03061,train
SYNEXP_03429,train
GENV2_00424,train
GENV2_01944,validation
GENV2_02796,train
GENV2_03375,train
GENV2_03912,train
SYNEXP_01050,train
SYNEXP_01188,train
SYNEXP_01421,validation
SYNEXP_02000,train
SYNEXP_02035,train
SYNEXP_02149,train
SYNEXP_02301,validation
SYNEXP_02543,validation
SYNEXP_02777,train
SYNEXP_03043,train
GENV2_00600,train
GENV2_01118,validation
GENV2_01187,test
GENV2_01288,train
GENV2_01908,train
GENV2_01965,test
GENV2_02172,train
GENV2_03068,test
GENV2_03128,train
GENV2_03241,train
GENV2_03750,train
SYNEXP_02130,train
SYNEXP_02485,test
GENV2_00875,train
GENV2_01400,train
GENV2_02970,train
SYNEXP_00306,train
SYNEXP_00765,train
SYNEXP_01145,train
SYNEXP_02113,train
GENV2_00063,train
GENV2_00131,train
GENV2_01173,train
GENV2_01572,train
GENV2_01776,train
GENV2_03299,test
GENV2_03410,train
GENV2_03726,test
SYNEXP_00783,test
SYNEXP_02693,train
SYNEXP_02816,train
GENV2_00408,train
GENV2_00916,train
GENV2_01044,train
GENV2_01290,train
GENV2_01750,train
GENV2_02315,train
GENV2_02741,train
GENV2_03348,train
GENV2_03364,train
GENV2_03586,train
GENV2_03639,train
GENV2_03943,test
SYNEXP_00025,train
SYNEXP_00026,train
SYNEXP_00145,train
SYNEXP_00716,train
SYNEXP_01780,train
SYNEXP_02056,train
SYNEXP_02670,validation
SYNEXP_03064,train
SYNEXP_03184,train
SYNEXP_03502,train
GENV2_00179,validation
GENV2_00421,validation
GENV2_01628,validation
GENV2_02183,test
GENV2_02361,train
GENV2_03244,train
GENV2_03403,train
GENV2_03814,test
SYNEXP_01160,train
SYNEXP_01601,test
SYNEXP_02993,train
GENV2_00437,test
GENV2_01487,validation
GENV2_03125,test
GENV2_03376,train
SYNEXP_00052,train
SYNEXP_00486,validation
SYNEXP_00636,train
SYNEXP_00995,train
SYNEXP_01516,validation
SYNEXP_02094,train
SYNEXP_03172,train
SYNEXP_03224,train
SYNEXP_03262,train
SYNEXP_03611,train
SYNEXP_03620,train
SYNEXP_03652,train
GENV2_00078,train
GENV2_00151,train
GENV2_00602,train
GENV2_00701,train
GENV2_01066,train
GENV2_01206,train
GENV2_01825,train
GENV2_02045,train
GENV2_02138,test
GENV2_03092,train
SYNEXP_02415,test
SYNEXP_02575,validation
SYNEXP_02999,train
SYNEXP_03323,train
GENV2_00710,validation
GENV2_02216,test
GENV2_02259,train
GENV2_02326,train
GENV2_03113,test
SYNEXP_00071,validation
SYNEXP_00452,train
SYNEXP_00777,train
SYNEXP_00953,train
SYNEXP_01382,train
SYNEXP_02307,validation
SYNEXP_03154,train
GENV2_00863,train
GENV2_01193,validation
GENV2_01390,test
GENV2_02366,test
GENV2_02561,train
GENV2_02708,train
GENV2_04081,train
SYNEXP_00532,train
SYNEXP_02104,train
SYNEXP_02244,validation
GENV2_00541,train
GENV2_00810,train
GENV2_01340,validation
GENV2_01734,train
GENV2_02548,train
GENV2_02560,train
SYNEXP_00128,train
SYNEXP_00521,train
SYNEXP_01438,validation
SYNEXP_01728,train
SYNEXP_03222,train
GENV2_01300,test
GENV2_01811,train
GENV2_02909,validation
GENV2_02994,test
GENV2_03205,train
GENV2_03522,test
GENV2_03729,train
GENV2_03899,validation
SYNEXP_00403,train
SYNEXP_00552,validation
SYNEXP_00791,test
SYNEXP_01403,train
SYNEXP_01724,train
SYNEXP_02450,test
SYNEXP_03272,train
SYNEXP_03381,train
GENV2_00785,test
GENV2_00907,validation
GENV2_01287,validation
GENV2_02377,test
GENV2_03087,validation
GENV2_03813,test
GENV2_04172,test
SYNEXP_00601,train
SYNEXP_00827,train
SYNEXP_01152,train
SYNEXP_02792,train
SYNEXP_03527,train
GENV2_00186,train
GENV2_01736,train
GENV2_03199,train
GENV2_03720,validation
GENV2_03749,test
GENV2_03802,train
SYNEXP_00582,train
SYNEXP_00620,train
SYNEXP_00784,test
SYNEXP_01388,train
SYNEXP_01398,train
SYNEXP_03236,train
GENV2_00182,train
GENV2_00205,train
GENV2_00234,train
GENV2_00740,train
GENV2_00786,train
GENV2_00824,train
GENV2_01859,train
GENV2_02147,train
GENV2_02258,test
GENV2_03724,train
SYNEXP_00817,test
SYNEXP_01165,train
SYNEXP_01375,train
SYNEXP_01508,validation
SYNEXP_01769,train
SYNEXP_02059,train
SYNEXP_02408,test
SYNEXP_02461,test
SYNEXP_02482,test
SYNEXP_02483,test
GENV2_00079,train
GENV2_00109,train
GENV2_00716,train
GENV2_02455,train
GENV2_03704,train
GENV2_03770,train
SYNEXP_00216,test
SYNEXP_01422,validation
SYNEXP_02329,validation
SYNEXP_02763,train
SYNEXP_03319,train
GENV2_00671,train
GENV2_00805,validation
GENV2_01022,train
GENV2_02606,train
GENV2_03954,test
GENV2_03970,test
SYNEXP_00435,train
SYNEXP_00543,train
SYNEXP_00573,train
SYNEXP_01184,train
SYNEXP_01214,train
SYNEXP_01528,validation
SYNEXP_01689,test
SYNEXP_02030,train
SYNEXP_02448,test
SYNEXP_02817,train
SYNEXP_03112,train
SYNEXP_03500,train
GENV2_00108,train
GENV2_01762,train
GENV2_01796,test
GENV2_01902,train
GENV2_02384,train
GENV2_02423,validation
GENV2_03533,train
GENV2_03712,train
GENV2_03766,train
GENV2_04017,test
GENV2_04038,test
GENV2_04112,train
SYNEXP_00563,validation
SYNEXP_02055,train
SYNEXP_02178,train
SYNEXP_03702,train
GENV2_01333,train
GENV2_01368,train
GENV2_01782,test
GENV2_02429,train
GENV2_02557,train
GENV2_02906,train
GENV2_03700,train
GENV2_03711,train
GENV2_03914,test
SYNEXP_00089,validation
SYNEXP_00292,test
SYNEXP_00889,validation
SYNEXP_01123,train
SYNEXP_01858,train
SYNEXP_03218,train
SYNEXP_03746,train
GENV2_00532,train
GENV2_01789,validation
GENV2_01930,train
GENV2_02982,train
GENV2_03229,train
SYNEXP_00139,train
SYNEXP_01221,train
SYNEXP_01598,test
SYNEXP_01926,train
SYNEXP_02183,train
SYNEXP_02421,test
SYNEXP_03684,train
GENV2_00085,train
GENV2_03238,test
SYNEXP_00313,train
SYNEXP_01196,train
SYNEXP_01477,validation
SYNEXP_02533,validation
SYNEXP_02742,train
SYNEXP_02773,train
SYNEXP_03086,train
SYNEXP_03563,train
GENV2_00759,train
GENV2_01770,train
GENV2_02520,train
SYNEXP_00117,train
SYNEXP_00568,validation
SYNEXP_01108,train
SYNEXP_02255,validation
SYNEXP_02444,test
SYNEXP_02709,train
SYNEXP_03092,train
SYNEXP_03748,train
GENV2_00544,train
GENV2_00597,test
GENV2_01386,train
GENV2_03343,train
SYNEXP_00320,train
SYNEXP_00737,train
SYNEXP_00832,train
SYNEXP_01900,train
SYNEXP_02525,validation
SYNEXP_03180,train
SYNEXP_03269,train
SYNEXP_03457,train
GENV2_00496,train
GENV2_00855,train
GENV2_01130,test
GENV2_02335,validation
GENV2_03306,train
SYNEXP_01401,train
SYNEXP_02087,train
SYNEXP_02163,train
GENV2_00277,train
GENV2_00593,train
GENV2_01957,train
GENV2_02103,train
GENV2_02262,train
GENV2_02414,validation
GENV2_02479,train
GENV2_02562,train
GENV2_03344,test
SYNEXP_00034,train
SYNEXP_00844,train
SYNEXP_02201,train
SYNEXP_02833,train
GENV2_00174,train
GENV2_00748,train
GENV2_00832,validation
GENV2_02493,train
GENV2_02553,validation
GENV2_02634,train
GENV2_02768,test
GENV2_03105,test
SYNEXP_00279,train
SYNEXP_00715,train
SYNEXP_01015,train
SYNEXP_01864,train
SYNEXP_02664,validation
SYNEXP_03373,train
SYNEXP_03517,train
SYNEXP_03540,train
GENV2_00288,train
GENV2_00936,train
GENV2_01178,train
GENV2_01387,train
GENV2_01567,test
GENV2_02393,validation
GENV2_02518,train
GENV2_03106,train
GENV2_03635,test
GENV2_04022,train
SYNEXP_00080,validation
SYNEXP_00230,test
SYNEXP_02459,test
SYNEXP_02503,test
SYNEXP_03230,train
SYNEXP_03759,train
GENV2_01609,train
GENV2_01735,validation
GENV2_03276,train
GENV2_03496,test
SYNEXP_01091,train
SYNEXP_01845,train
SYNEXP_02134,train
SYNEXP_03526,train
GENV2_00136,train
GENV2_00297,train
GENV2_00439,train
GENV2_02688,train
GENV2_02899,train
SYNEXP_01303,train
SYNEXP_02234,validation
SYNEXP_02601,validation
SYNEXP_03710,train
GENV2_01151,test
GENV2_01317,test
GENV2_02241,train
GENV2_02499,train
GENV2_03150,test
GENV2_04192,test
SYNEXP_00344,test
SYNEXP_00895,train
SYNEXP_01338,train
SYNEXP_02602,validation
SYNEXP_03402,train
GENV2_00050,train
GENV2_02236,train
GENV2_02805,test
GENV2_03043,test
SYNEXP_00082,validation
SYNEXP_00973,train
SYNEXP_01442,validation
SYNEXP_01524,validation
SYNEXP_02431,test
GENV2_00041,train
GENV2_01153,train
GENV2_02088,train
GENV2_02164,train
GENV2_02248,train
SYNEXP_01078,train
SYNEXP_01395,train
SYNEXP_01581,test
SYNEXP_02772,train
SYNEXP_03305,train
GENV2_01814,test
GENV2_02793,train
GENV2_03129,train
GENV2_03855,test
SYNEXP_00010,train
SYNEXP_00091,validation
SYNEXP_00296,train
SYNEXP_00578,train
SYNEXP_00579,train
SYNEXP_01582,test
SYNEXP_01854,train
SYNEXP_02667,validation
SYNEXP_02672,validation
GENV2_00008,train
GENV2_00047,train
GENV2_02528,train
GENV2_02843,validation
GENV2_03352,train
GENV2_04115,train
SYNEXP_00312,train
SYNEXP_00972,train
SYNEXP_01894,train
SYNEXP_01924,train
SYNEXP_02404,test
SYNEXP_02982,train
SYNEXP_03279,train
SYNEXP_03433,train
GENV2_01497,train
GENV2_01991,validation
GENV2_02574,train
GENV2_03552,train
SYNEXP_00123,train
SYNEXP_01178,train
SYNEXP_01206,train
SYNEXP_02098,train
SYNEXP_03073,train
SYNEXP_03401,train
SYNEXP_03444,train
SYNEXP_03471,train
GENV2_01563,train
GENV2_02047,train
GENV2_02346,train
GENV2_02542,test
GENV2_02696,train
GENV2_02880,test
GENV2_03293,train
SYNEXP_01384,train
SYNEXP_01569,test
SYNEXP_02451,test
SYNEXP_02609,validation
SYNEXP_03173,train
SYNEXP_03459,train
SYNEXP_03469,train
GENV2_00758,validation
GENV2_01381,validation
GENV2_02502,validation
GENV2_03019,train
GENV2_03255,train
SYNEXP_00358,test
SYNEXP_02735,train
GENV2_00194,train
GENV2_00590,train
GENV2_00854,train
GENV2_00966,train
GENV2_01926,test
GENV2_02213,train
GENV2_02246,train
GENV2_02878,train
GENV2_03269,test
SYNEXP_01253,train
SYNEXP_01260,train
SYNEXP_01335,train
SYNEXP_01619,test
SYNEXP_03217,train
SYNEXP_03360,train
GENV2_00318,train
GENV2_01006,train
GENV2_01420,test
GENV2_01557,train
GENV2_02534,test
GENV2_03919,train
SYNEXP_00019,train
SYNEXP_00411,train
SYNEXP_00470,validation
SYNEXP_02551,validation
SYNEXP_02722,train
SYNEXP_02960,train
SYNEXP_03207,train
SYNEXP_03532,train
SYNEXP_03697,train
GENV2_00213,train
GENV2_00304,test
GENV2_01259,train
GENV2_02392,train
GENV2_02466,train
GENV2_03351,train
GENV2_04039,test
SYNEXP_00595,train
SYNEXP_00633,train
SYNEXP_01952,train
SYNEXP_03623,train
SYNEXP_03642,train
GENV2_00460,train
GENV2_03312,train
SYNEXP_00345,test
SYNEXP_00941,train
SYNEXP_01983,train
SYNEXP_02798,train
GENV2_00380,train
GENV2_01046,train
GENV2_01129,train
GENV2_01177,test
GENV2_02433,train
GENV2_03228,test
GENV2_03554,train
GENV2_03848,test
SYNEXP_02001,train
SYNEXP_02410,test
SYNEXP_03056,train
SYNEXP_03706,train
SYNEXP_03742,train
GENV2_00294,train
GENV2_00480,test
GENV2_01143,train
GENV2_01184,test
GENV2_01292,train
GENV2_02231,validation
GENV2_03041,test
GENV2_03256,train
SYNEXP_00057,validation
SYNEXP_00070,validation
SYNEXP_00223,test
SYNEXP_00587,train
SYNEXP_01063,train
SYNEXP_01194,train
SYNEXP_01371,train
SYNEXP_01806,train
SYNEXP_01814,train
SYNEXP_01908,train
SYNEXP_02751,train
SYNEXP_03215,train
SYNEXP_03533,train
SYNEXP_03700,train
GENV2_00974,train
GENV2_01313,train
GENV2_01962,train
GENV2_01999,train
GENV2_03944,test
GENV2_04033,test
SYNEXP_00005,train
SYNEXP_00157,test
SYNEXP_00329,train
SYNEXP_00454,train
SYNEXP_02387,test
SYNEXP_02619,validation
GENV2_00988,train
GENV2_02179,test
GENV2_03127,validation
GENV2_03847,train
SYNEXP_00674,train
SYNEXP_01051,train
SYNEXP_01189,train
SYNEXP_01718,train
SYNEXP_02423,test
SYNEXP_03355,train
GENV2_00942,validation
GENV2_01794,train
GENV2_01840,train
GENV2_01852,train
GENV2_01914,validation
GENV2_02860,train
GENV2_03398,train
GENV2_04179,train
SYNEXP_01498,validation
SYNEXP_01642,test
SYNEXP_02278,validation
SYNEXP_02908,train
SYNEXP_03548,train
GENV2_01038,train
GENV2_01625,train
GENV2_01665,train
GENV2_01911,train
GENV2_02603,train
GENV2_02755,train
GENV2_02911,train
SYNEXP_00310,train
SYNEXP_00662,test
SYNEXP_01094,train
SYNEXP_01824,train
SYNEXP_01825,train
SYNEXP_02466,test
SYNEXP_03162,train
GENV2_00267,train
GENV2_00895,train
GENV2_02214,test
GENV2_02321,validation
GENV2_02481,train
SYNEXP_01140,train
SYNEXP_01278,train
SYNEXP_01711,test
SYNEXP_02246,validation
SYNEXP_03015,train
SYNEXP_03309,train
GENV2_00012,train
GENV2_00599,train
GENV2_00814,train
GENV2_02449,train
SYNEXP_00640,test
SYNEXP_01219,train
SYNEXP_02340,validation
GENV2_01179,train
GENV2_01369,train
GENV2_01507,validation
GENV2_01815,train
GENV2_02199,train
GENV2_03377,train
GENV2_03596,train
GENV2_03604,train
SYNEXP_00129,train
SYNEXP_00167,test
SYNEXP_00703,train
SYNEXP_02821,train
GENV2_00106,train
GENV2_00218,train
GENV2_00453,test
GENV2_01307,test
GENV2_01452,train
GENV2_01536,test
GENV2_01627,train
GENV2_01768,train
GENV2_01867,validation
GENV2_03356,train
GENV2_04101,test
SYNEXP_00437,train
SYNEXP_01076,train
SYNEXP_01563,test
SYNEXP_01822,train
SYNEXP_01937,train
SYNEXP_02435,test
SYNEXP_02774,train
SYNEXP_03315,train
SYNEXP_03681,train
SYNEXP_03694,train
GENV2_02022,train
GENV2_03694,train
SYNEXP_00962,train
SYNEXP_01632,test
SYNEXP_02945,train
SYNEXP_03045,train
GENV2_00015,train
GENV2_00296,train
GENV2_00569,train
GENV2_00622,train
GENV2_01010,train
GENV2_02908,train
GENV2_03840,train
GENV2_04026,test
SYNEXP_00527,train
SYNEXP_01124,train
SYNEXP_02034,train
SYNEXP_02861,train
SYNEXP_03058,train
GENV2_00452,train
GENV2_00468,train
GENV2_00946,train
GENV2_01258,train
GENV2_04080,train
SYNEXP_00820,train
SYNEXP_02043,train
SYNEXP_02537,validation
SYNEXP_02717,train
SYNEXP_03544,train
GENV2_00107,train
GENV2_00306,train
GENV2_00949,test
GENV2_01236,test
GENV2_01994,train
GENV2_02809,test
GENV2_03537,train
GENV2_03685,train
GENV2_04191,test
SYNEXP_00429,train
SYNEXP_00598,train
SYNEXP_00867,validation
SYNEXP_01233,train
SYNEXP_01759,train
SYNEXP_01848,train
SYNEXP_02109,train
SYNEXP_02647,validation
GENV2_00390,train
GENV2_00615,train
GENV2_00684,train
GENV2_01197,train
GENV2_02415,train
GENV2_03717,train
GENV2_03722,train
SYNEXP_00241,train
SYNEXP_00365,test
SYNEXP_00743,train
SYNEXP_01532,validation
SYNEXP_01850,train
SYNEXP_02020,train
SYNEXP_02540,validation
SYNEXP_02747,train
GENV2_00051,train
GENV2_02247,train
GENV2_02264,train
SYNEXP_00426,train
SYNEXP_00625,train
SYNEXP_00940,train
SYNEXP_01446,validation
SYNEXP_01653,test
SYNEXP_02080,train
SYNEXP_03256,train
SYNEXP_03723,train
GENV2_01183,validation
GENV2_01898,train
GENV2_02292,test
GENV2_02473,train
GENV2_02724,train
GENV2_04085,test
SYNEXP_00346,test
SYNEXP_01181,train
SYNEXP_01256,train
SYNEXP_01463,validation
SYNEXP_02799,train
SYNEXP_03506,train
GENV2_00016,train
GENV2_00724,train
GENV2_02221,test
SYNEXP_00539,train
SYNEXP_00688,train
SYNEXP_01554,validation
SYNEXP_02302,validation
SYNEXP_02554,validation
SYNEXP_02785,train
SYNEXP_03660,train
GENV2_00141,train
GENV2_00806,test
GENV2_01108,train
GENV2_01620,train
GENV2_02215,test
GENV2_02405,train
GENV2_02563,train
GENV2_03143,train
GENV2_03225,test
GENV2_03240,validation
GENV2_03794,train
GENV2_04027,test
SYNEXP_00490,validation
SYNEXP_01794,train
SYNEXP_01965,train
SYNEXP_02076,train
SYNEXP_02610,validation
SYNEXP_02917,train
GENV2_02601,validation
GENV2_02766,train
GENV2_02910,train
GENV2_03420,train
GENV2_03534,train
SYNEXP_00430,train
SYNEXP_00957,train
SYNEXP_01204,train
SYNEXP_01309,train
SYNEXP_02926,train
GENV2_00945,train
GENV2_01329,validation
GENV2_01495,train
GENV2_01773,train
GENV2_02166,test
GENV2_02337,train
GENV2_02647,test
GENV2_02871,test
GENV2_02996,train
GENV2_03189,train
GENV2_03305,test
SYNEXP_00813,test
SYNEXP_00836,train
SYNEXP_01868,train
SYNEXP_02318,validation
SYNEXP_03308,train
GENV2_00443,train
GENV2_00791,train
GENV2_01238,train
GENV2_01674,train
GENV2_01973,validation
GENV2_02198,train
GENV2_03015,test
GENV2_03614,validation
SYNEXP_00236,test
SYNEXP_00687,train
SYNEXP_00920,train
SYNEXP_01856,train
SYNEXP_03014,train
SYNEXP_03065,train
SYNEXP_03370,train
SYNEXP_03613,train
GENV2_00145,train
GENV2_00753,train
GENV2_00846,validation
GENV2_01715,train
GENV2_01904,validation
GENV2_02025,test
GENV2_02465,test
GENV2_02887,train
SYNEXP_00109,train
SYNEXP_00144,train
SYNEXP_01936,train
SYNEXP_02828,train
SYNEXP_03692,train
GENV2_00156,validation
GENV2_01291,validation
GENV2_01411,train
GENV2_02111,validation
GENV2_02134,test
GENV2_02279,train
GENV2_02564,train
GENV2_02664,train
GENV2_02692,test
SYNEXP_00627,train
SYNEXP_01454,validation
SYNEXP_02748,train
SYNEXP_02995,train
SYNEXP_03447,train
SYNEXP_03529,train
GENV2_00096,train
GENV2_00158,validation
GENV2_00865,validation
GENV2_02152,train
GENV2_02385,train
GENV2_02668,train
GENV2_02964,train
GENV2_03175,train
GENV2_03686,train
GENV2_03888,validation
SYNEXP_00121,train
SYNEXP_00370,train
SYNEXP_00879,validation
SYNEXP_01047,train
SYNEXP_01648,test
SYNEXP_02016,train
SYNEXP_02718,train
GENV2_00020,test
GENV2_00581,train
GENV2_00683,train
GENV2_01640,test
GENV2_02297,train
GENV2_02978,train
GENV2_03710,test
SYNEXP_00086,validation
SYNEXP_00564,validation
SYNEXP_00896,train
SYNEXP_01467,validation
SYNEXP_01950,train
SYNEXP_02324,validation
SYNEXP_02372,test
SYNEXP_02872,train
GENV2_00406,validation
GENV2_01964,test
GENV2_03536,test
SYNEXP_00385,train
SYNEXP_00494,validation
SYNEXP_00943,train
SYNEXP_01075,train
SYNEXP_01379,train
SYNEXP_02947,train
SYNEXP_03339,train
SYNEXP_03536,train
GENV2_01790,validation
GENV2_02323,train
GENV2_03746,test
GENV2_04061,train
GENV2_04136,test
SYNEXP_00795,test
SYNEXP_01948,train
SYNEXP_02215,validation
SYNEXP_02262,validation
SYNEXP_03068,train
GENV2_00436,test
GENV2_00610,test
GENV2_00718,train
GENV2_01433,train
GENV2_02992,test
GENV2_03286,train
GENV2_03663,train
SYNEXP_00492,validation
SYNEXP_00622,train
SYNEXP_01079,train
SYNEXP_01127,train
SYNEXP_01158,train
SYNEXP_01217,train
SYNEXP_01277,train
SYNEXP_01466,validation
GENV2_00364,train
GENV2_00550,train
GENV2_00774,train
GENV2_03027,validation
GENV2_03094,validation
GENV2_03991,test
SYNEXP_00136,train
SYNEXP_00693,train
SYNEXP_01229,train
SYNEXP_02091,train
SYNEXP_03443,train
GENV2_00525,train
GENV2_00583,test
GENV2_00638,train
GENV2_00986,train
GENV2_01008,validation
GENV2_01135,train
GENV2_02125,train
GENV2_02714,train
GENV2_03174,test
GENV2_03622,test
SYNEXP_00218,test
SYNEXP_00397,train
SYNEXP_00549,validation
SYNEXP_00742,train
SYNEXP_03737,train
GENV2_00339,validation
GENV2_00467,validation
GENV2_01449,test
GENV2_01520,train
GENV2_02463,test
GENV2_03471,train
SYNEXP_00113,train
SYNEXP_00149,train
SYNEXP_02705,train
SYNEXP_03271,train
GENV2_00428,train
GENV2_01011,train
GENV2_02846,train
GENV2_03594,train
GENV2_03772,train
SYNEXP_00340,train
SYNEXP_00398,train
SYNEXP_02242,validation
SYNEXP_03181,train
GENV2_01021,train
GENV2_01336,train
GENV2_01414,train
GENV2_01549,train
GENV2_02980,test
GENV2_03045,test
GENV2_04086,train
SYNEXP_00141,train
SYNEXP_00816,test
SYNEXP_01156,train
SYNEXP_01288,train
SYNEXP_02023,train
SYNEXP_02579,validation
GENV2_00623,train
GENV2_00675,validation
GENV2_00794,test
GENV2_01376,test
GENV2_01759,test
GENV2_02267,train
GENV2_03258,train
GENV2_03665,test
SYNEXP_00876,validation
SYNEXP_01315,train
SYNEXP_02071,train
SYNEXP_02190,train
SYNEXP_02337,validation
SYNEXP_02877,train
SYNEXP_03253,train
SYNEXP_03367,train
GENV2_00494,train
GENV2_00547,train
GENV2_01121,train
GENV2_02314,train
GENV2_02640,train
GENV2_04158,train
SYNEXP_00192,train
SYNEXP_00541,train
SYNEXP_01492,validation
SYNEXP_02736,train
GENV2_01111,train
GENV2_01203,train
GENV2_01499,train
GENV2_01689,train
GENV2_01919,train
GENV2_02577,train
GENV2_02928,train
SYNEXP_00590,train
SYNEXP_03160,train
GENV2_00001,train
GENV2_00212,train
GENV2_00417,validation
GENV2_00773,train
GENV2_01107,test
GENV2_01261,train
GENV2_02053,train
GENV2_02695,train
GENV2_03606,train
GENV2_04000,train
SYNEXP_00068,validation
SYNEXP_00355,test
SYNEXP_00680,train
SYNEXP_01092,train
SYNEXP_01500,validation
SYNEXP_01549,validation
SYNEXP_02771,train
SYNEXP_03031,train
GENV2_01443,train
GENV2_01892,test
GENV2_02168,test
GENV2_03877,train
GENV2_03907,train
SYNEXP_01629,test
SYNEXP_02822,train
SYNEXP_02825,train
SYNEXP_02975,train
SYNEXP_03589,train
GENV2_01450,test
GENV2_02303,train
GENV2_02519,train
GENV2_03615,test
GENV2_03651,train
SYNEXP_01252,train
SYNEXP_02628,validation
SYNEXP_02633,validation
SYNEXP_02740,train
SYNEXP_03009,train
GENV2_00140,validation
GENV2_00395,train
GENV2_00967,train
GENV2_01401,train
GENV2_01672,test
GENV2_02023,train
GENV2_02060,train
SYNEXP_01263,train
SYNEXP_01918,train
SYNEXP_02122,train
GENV2_01269,train
GENV2_01917,train
GENV2_02471,validation
GENV2_03370,validation
SYNEXP_00014,train
SYNEXP_02116,train
SYNEXP_02283,validation
SYNEXP_02569,validation
GENV2_00045,test
GENV2_01210,train
GENV2_01757,train
GENV2_02506,test
GENV2_03000,train
GENV2_03448,train
GENV2_04125,test
SYNEXP_00118,train
SYNEXP_01692,test
SYNEXP_02755,train
SYNEXP_02983,train
SYNEXP_03466,train
SYNEXP_03576,train
GENV2_00188,train
GENV2_00741,train
GENV2_03012,train
SYNEXP_00433,train
SYNEXP_00610,train
SYNEXP_00990,train
SYNEXP_01220,train
SYNEXP_01507,validation
SYNEXP_01963,train
SYNEXP_02285,validation
SYNEXP_02388,test
SYNEXP_02699,train
SYNEXP_03292,train
GENV2_00760,validation
GENV2_01903,train
GENV2_03346,train
GENV2_03879,test
SYNEXP_00302,train
SYNEXP_00871,validation
SYNEXP_01348,train
SYNEXP_02206,validation
SYNEXP_02829,train
GENV2_00429,train
GENV2_00886,train
GENV2_01929,train
GENV2_03341,train
GENV2_03942,train
SYNEXP_00383,train
SYNEXP_00750,train
SYNEXP_00761,train
SYNEXP_01052,train
SYNEXP_01168,train
SYNEXP_01240,train
SYNEXP_02612,validation
SYNEXP_03270,train
GENV2_00398,train
GENV2_00660,train
GENV2_00948,train
GENV2_00993,test
GENV2_01035,train
GENV2_01571,test
GENV2_03969,train
SYNEXP_00160,test
SYNEXP_01326,train
SYNEXP_02028,train
SYNEXP_02180,train
GENV2_02157,train
GENV2_02345,validation
GENV2_02354,train
GENV2_03452,train
SYNEXP_00020,train
SYNEXP_00677,train
SYNEXP_00991,train
SYNEXP_01349,train
SYNEXP_01636,test
SYNEXP_02120,train
SYNEXP_02506,test
SYNEXP_02676,train
SYNEXP_02728,train
SYNEXP_03317,train
GENV2_01607,train
GENV2_01897,test
GENV2_02456,train
GENV2_03627,train
GENV2_03825,train
GENV2_03985,train
SYNEXP_00130,train
SYNEXP_00153,train
SYNEXP_00182,test
SYNEXP_00196,train
SYNEXP_00707,train
SYNEXP_02275,validation
SYNEXP_02511,test
SYNEXP_02572,validation
GENV2_00369,train
GENV2_00723,train
GENV2_01458,train
GENV2_01481,train
GENV2_01636,train
SYNEXP_00349,test
SYNEXP_00874,validation
SYNEXP_02409,test
SYNEXP_03239,train
SYNEXP_03503,train
GENV2_00065,train
GENV2_00381,train
GENV2_00433,train
GENV2_00552,train
GENV2_00626,train
GENV2_02364,validation
GENV2_02713,validation
GENV2_02952,train
GENV2_03214,test
GENV2_03394,test
GENV2_03759,train
SYNEXP_01613,test
SYNEXP_01892,train
SYNEXP_02065,train
SYNEXP_02341,validation
SYNEXP_02899,train
SYNEXP_02927,train
SYNEXP_03422,train
SYNEXP_03672,train
GENV2_00217,train
GENV2_01653,train
GENV2_02070,train
SYNEXP_01084,train
SYNEXP_01146,train
SYNEXP_02312,validation
SYNEXP_02663,validation
SYNEXP_02750,train
SYNEXP_03368,train
GENV2_00575,train
GENV2_00685,train
GENV2_01608,train
GENV2_01899,train
GENV2_02290,train
GENV2_02461,train
GENV2_04064,test
SYNEXP_00075,validation
SYNEXP_00599,train
SYNEXP_00866,validation
SYNEXP_01630,test
SYNEXP_01933,train
SYNEXP_02006,train
SYNEXP_02500,test
SYNEXP_03116,train
SYNEXP_03643,train
GENV2_00702,test
GENV2_02099,test
GENV2_02597,train
GENV2_02968,validation
GENV2_03001,train
GENV2_03208,train
GENV2_03417,train
SYNEXP_01577,test
SYNEXP_01979,train
SYNEXP_02402,test
SYNEXP_02759,train
GENV2_00204,train
GENV2_00214,validation
GENV2_00475,validation
GENV2_00705,train
GENV2_01463,validation
GENV2_02087,validation
GENV2_02838,train
GENV2_02976,train
SYNEXP_00378,train
SYNEXP_01244,train
SYNEXP_01921,train
GENV2_00009,train
GENV2_00836,train
GENV2_01029,train
GENV2_01235,train
GENV2_01268,train
GENV2_01857,train
GENV2_02195,train
GENV2_02505,train
GENV2_03008,train
GENV2_03684,validation
GENV2_03928,train
SYNEXP_00516,train
SYNEXP_01723,train
SYNEXP_01951,train
SYNEXP_01954,train
SYNEXP_02198,train
SYNEXP_02760,train
SYNEXP_02990,train
SYNEXP_03220,train
GENV2_01337,train
GENV2_01355,train
GENV2_01615,train
GENV2_01809,validation
GENV2_02119,train
GENV2_02571,train
GENV2_02684,train
GENV2_02758,test
GENV2_02947,validation
GENV2_03756,train
SYNEXP_01069,train
SYNEXP_01297,train
SYNEXP_02504,test
SYNEXP_03281,train
SYNEXP_03650,train
GENV2_01824,validation
GENV2_02024,validation
GENV2_02156,test
GENV2_02370,train
GENV2_02689,train
SYNEXP_01998,train
SYNEXP_03327,train
GENV2_00351,train
GENV2_01027,train
GENV2_02849,test
GENV2_03042,train
SYNEXP_00055,train
SYNEXP_00550,validation
SYNEXP_02175,train
SYNEXP_02827,train
SYNEXP_02952,train
SYNEXP_03480,train
GENV2_00745,train
GENV2_01234,train
GENV2_02605,test
GENV2_03249,train
GENV2_03388,train
SYNEXP_01879,train
SYNEXP_03265,train
SYNEXP_03590,train
GENV2_00492,train
GENV2_01465,validation
GENV2_02651,train
GENV2_02820,train
GENV2_04144,train
SYNEXP_00739,train
SYNEXP_00840,train
SYNEXP_02787,train
SYNEXP_03411,train
GENV2_00286,train
GENV2_00646,train
GENV2_01334,train
GENV2_02324,train
GENV2_03051,test
GENV2_03144,test
GENV2_03242,test
GENV2_03485,test
SYNEXP_01397,train
SYNEXP_01878,train
SYNEXP_02724,train
SYNEXP_03047,train
GENV2_01263,train
GENV2_01483,train
GENV2_01664,test
GENV2_01865,train
GENV2_02943,train
GENV2_03605,train
SYNEXP_01304,train
SYNEXP_01863,train
SYNEXP_02167,train
SYNEXP_02881,train
SYNEXP_03152,train
GENV2_00044,train
GENV2_00464,train
GENV2_00822,test
GENV2_01958,train
GENV2_02061,validation
GENV2_02349,train
GENV2_02462,test
SYNEXP_00404,train
SYNEXP_00498,validation
SYNEXP_01267,train
SYNEXP_01764,train
SYNEXP_02193,train
SYNEXP_02652,validation
SYNEXP_02826,train
SYNEXP_03170,train
GENV2_01243,validation
GENV2_02694,validation
GENV2_03935,train
SYNEXP_00547,validation
SYNEXP_00873,validation
SYNEXP_01148,train
SYNEXP_01534,validation
SYNEXP_02338,validation
SYNEXP_02732,train
GENV2_00307,train
GENV2_01150,train
GENV2_01905,train
GENV2_03078,train
GENV2_03630,test
SYNEXP_01029,train
SYNEXP_01714,test
SYNEXP_03042,train
SYNEXP_03149,train
GENV2_00768,test
GENV2_02217,train
SYNEXP_00262,train
SYNEXP_00342,train
SYNEXP_00634,train
SYNEXP_00692,train
SYNEXP_00857,validation
SYNEXP_00891,train
SYNEXP_01222,train
SYNEXP_01810,train
SYNEXP_01830,train
SYNEXP_02465,test
SYNEXP_02830,train
SYNEXP_03709,train
GENV2_00737,train
GENV2_01222,train
GENV2_01817,test
GENV2_02893,train
SYNEXP_01575,test
SYNEXP_02514,test
SYNEXP_03123,train
SYNEXP_03225,train
SYNEXP_03521,train
GENV2_00826,validation
GENV2_00951,train
GENV2_01281,train
GENV2_01331,test
GENV2_02243,train
GENV2_02270,train
GENV2_03739,test
GENV2_03883,test
GENV2_04062,validation
SYNEXP_00220,test
SYNEXP_02063,train
SYNEXP_03137,train
SYNEXP_03377,train
GENV2_00344,train
GENV2_00709,validation
GENV2_02736,validation
GENV2_02836,validation
GENV2_03212,train
GENV2_03506,validation
GENV2_03918,test
SYNEXP_00272,train
SYNEXP_00860,validation
SYNEXP_01357,train
SYNEXP_01499,validation
SYNEXP_01787,train
SYNEXP_02455,test
GENV2_00132,train
GENV2_01211,test
GENV2_02420,train
GENV2_04005,train
GENV2_04109,test
GENV2_04142,test
SYNEXP_00225,test
SYNEXP_00989,train
SYNEXP_01170,train
SYNEXP_01340,train
SYNEXP_01347,train
SYNEXP_02319,validation
SYNEXP_02943,train
SYNEXP_03437,train
GENV2_00359,train
GENV2_00775,train
GENV2_00802,train
GENV2_01644,train
GENV2_01751,validation
GENV2_01752,train
GENV2_02073,train
GENV2_02391,validation
GENV2_02771,train
GENV2_03103,train
GENV2_03160,test
SYNEXP_00650,test
SYNEXP_01151,train
SYNEXP_01497,validation
SYNEXP_01621,test
SYNEXP_03550,train
SYNEXP_03721,train
SYNEXP_03727,train
GENV2_00507,train
GENV2_00558,train
GENV2_00691,train
GENV2_00713,train
GENV2_01071,train
GENV2_01837,train
GENV2_03449,train
GENV2_04106,validation
GENV2_04157,train
SYNEXP_00319,train
SYNEXP_00504,validation
SYNEXP_01106,train
SYNEXP_01941,train
SYNEXP_02631,validation
SYNEXP_03161,train
SYNEXP_03168,train
SYNEXP_03427,train
GENV2_00219,validation
GENV2_00314,validation
GENV2_00540,train
GENV2_01346,train
GENV2_01591,test
GENV2_01802,train
GENV2_02105,test
GENV2_02287,validation
GENV2_02917,validation
GENV2_03082,test
GENV2_03511,train
SYNEXP_00483,validation
SYNEXP_00847,train
SYNEXP_02012,train
SYNEXP_02147,train
SYNEXP_03297,train
SYNEXP_03359,train
GENV2_00998,validation
GENV2_03541,train
GENV2_03815,train
GENV2_03816,validation
GENV2_03911,train
SYNEXP_00704,train
SYNEXP_01125,train
SYNEXP_02914,train
SYNEXP_03210,train
GENV2_00057,train
GENV2_00206,train
GENV2_00612,train
GENV2_01961,test
GENV2_03339,train
GENV2_03362,train
SYNEXP_02519,test
GENV2_00446,train
GENV2_03805,train
SYNEXP_00208,test
SYNEXP_00981,train
SYNEXP_02103,train
SYNEXP_02793,train
SYNEXP_03481,train
GENV2_00030,train
GENV2_00551,train
GENV2_01146,test
GENV2_01373,validation
GENV2_02129,validation
GENV2_02196,train
GENV2_03777,train
GENV2_03977,train
SYNEXP_00110,train
SYNEXP_00846,train
SYNEXP_01747,train
SYNEXP_02848,train
SYNEXP_03718,train
GENV2_00717,train
GENV2_00719,train
GENV2_01194,validation
GENV2_02286,test
GENV2_02752,test
GENV2_03136,train
GENV2_03374,train
GENV2_03660,train
GENV2_04079,train
SYNEXP_00617,train
SYNEXP_00771,train
SYNEXP_01539,validation
SYNEXP_02863,train
SYNEXP_02996,train
SYNEXP_03708,train
GENV2_00245,train
GENV2_00746,train
GENV2_00766,validation
GENV2_01272,train
GENV2_01651,train
GENV2_01658,train
GENV2_02760,test
GENV2_03119,train
GENV2_03155,test
GENV2_03469,validation
GENV2_04140,test
SYNEXP_00013,train
SYNEXP_00222,test
SYNEXP_01682,test
SYNEXP_01762,train
SYNEXP_02399,test
SYNEXP_02874,train
SYNEXP_02959,train
SYNEXP_03553,train
GENV2_01166,train
GENV2_01559,train
GENV2_02500,train
GENV2_03291,test
GENV2_03464,train
GENV2_03581,train
SYNEXP_00478,validation
SYNEXP_00536,train
SYNEXP_01117,train
SYNEXP_01174,train
SYNEXP_02369,test
SYNEXP_02393,test
SYNEXP_03011,train
SYNEXP_03108,train
SYNEXP_03275,train
SYNEXP_03640,train
GENV2_00721,train
GENV2_00792,train
GENV2_01410,train
GENV2_01975,validation
GENV2_02250,test
GENV2_02717,train
GENV2_03177,train
GENV2_03206,train
GENV2_03380,train
SYNEXP_00756,train
SYNEXP_01101,train
SYNEXP_01635,test
SYNEXP_01722,train
SYNEXP_02296,validation
GENV2_00964,train
GENV2_03408,test
GENV2_03939,train
GENV2_04168,train
SYNEXP_00305,train
SYNEXP_00390,train
SYNEXP_00758,train
SYNEXP_00905,train
SYNEXP_00924,train
SYNEXP_01028,train
SYNEXP_01593,test
SYNEXP_01861,train
SYNEXP_02125,train
SYNEXP_02248,validation
SYNEXP_02359,test
SYNEXP_02991,train
SYNEXP_03435,train
GENV2_00427,train
GENV2_02031,train
GENV2_02193,test
GENV2_02722,test
GENV2_03115,train
GENV2_03366,train
GENV2_03592,train
GENV2_03644,train
SYNEXP_00004,train
SYNEXP_00065,validation
SYNEXP_00289,test
SYNEXP_00759,train
SYNEXP_01939,train
SYNEXP_02192,train
SYNEXP_02347,validation
SYNEXP_02595,validation
GENV2_00116,validation
GENV2_01280,train
GENV2_01931,validation
GENV2_01969,test
GENV2_02124,train
GENV2_03440,validation
GENV2_04122,train
SYNEXP_00422,train
SYNEXP_00801,test
SYNEXP_00807,test
SYNEXP_00998,train
SYNEXP_02064,train
SYNEXP_03413,train
SYNEXP_03699,train
GENV2_01230,train
GENV2_01542,train
GENV2_01723,train
GENV2_02151,train
GENV2_02774,train
GENV2_03349,train
GENV2_03575,test
GENV2_04059,train
SYNEXP_00675,train
SYNEXP_01011,train
SYNEXP_01697,test
SYNEXP_01849,train
SYNEXP_02721,train
SYNEXP_03197,train
GENV2_00914,train
GENV2_01158,train
GENV2_01561,train
GENV2_01875,validation
GENV2_02244,train
GENV2_02381,train
GENV2_02587,test
GENV2_03114,train
SYNEXP_00892,train
SYNEXP_01839,train
SYNEXP_02704,train
GENV2_00447,train
GENV2_00726,train
GENV2_01063,validation
GENV2_01468,train
GENV2_01854,test
GENV2_02989,train
GENV2_00706,train
GENV2_02110,train
GENV2_02609,train
GENV2_03438,train
SYNEXP_00823,train
SYNEXP_00883,validation
SYNEXP_02102,train
SYNEXP_03311,train
SYNEXP_03725,train
GENV2_01384,train
GENV2_01845,train
GENV2_02666,validation
GENV2_02920,test
GENV2_02979,test
GENV2_03117,train
SYNEXP_00307,train
SYNEXP_00785,test
SYNEXP_01779,train
SYNEXP_01837,train
SYNEXP_01969,train
SYNEXP_02857,train
SYNEXP_03516,train
GENV2_00006,train
GENV2_00175,test
GENV2_00835,train
GENV2_01611,train
GENV2_01993,train
GENV2_02373,train
GENV2_02790,train
GENV2_03331,train
GENV2_03372,train
SYNEXP_01394,train
SYNEXP_02047,train
SYNEXP_02562,validation
GENV2_00633,train
GENV2_01060,train
GENV2_01490,train
GENV2_01822,test
GENV2_02019,test
GENV2_02614,train
GENV2_02883,test
GENV2_03415,test
SYNEXP_00120,train
SYNEXP_01137,train
SYNEXP_01537,validation
SYNEXP_02823,train
SYNEXP_03159,train
SYNEXP_03638,train
SYNEXP_03711,train
GENV2_00442,validation
GENV2_00844,train
GENV2_01075,train
GENV2_01893,train
GENV2_01980,train
GENV2_02010,train
GENV2_03284,train
GENV2_03416,test
GENV2_04170,train
SYNEXP_01469,validation
SYNEXP_01771,train
SYNEXP_02289,validation
SYNEXP_02490,test
SYNEXP_03657,train
GENV2_00310,train
GENV2_02251,validation
GENV2_02342,test
GENV2_02988,validation
GENV2_03304,train
SYNEXP_00799,test
SYNEXP_01436,validation
SYNEXP_01776,train
SYNEXP_01943,train
SYNEXP_02143,train
SYNEXP_03440,train
SYNEXP_03489,train
SYNEXP_03676,train
SYNEXP_03685,train
GENV2_00059,train
GENV2_00402,train
GENV2_01224,train
GENV2_01428,validation
GENV2_01447,train
GENV2_02009,train
GENV2_02488,validation
GENV2_03616,train
SYNEXP_00263,train
SYNEXP_01216,train
SYNEXP_01314,train
GENV2_01528,validation
GENV2_01705,train
GENV2_02206,train
GENV2_03363,train
SYNEXP_00805,test
SYNEXP_00951,train
SYNEXP_01241,train
SYNEXP_02040,train
SYNEXP_02640,validation
GENV2_00432,validation
GENV2_00573,train
GENV2_02185,test
GENV2_02265,test
GENV2_02993,train
GENV2_03791,train
SYNEXP_01383,train
SYNEXP_02922,train
SYNEXP_03562,train
GENV2_00588,train
GENV2_01666,train
GENV2_01696,test
GENV2_02726,test
GENV2_03137,train
GENV2_03924,test
SYNEXP_00006,train
SYNEXP_00158,test
SYNEXP_00231,test
SYNEXP_00416,train
SYNEXP_01681,test
SYNEXP_01709,test
SYNEXP_01928,train
SYNEXP_02439,test
SYNEXP_03001,train
SYNEXP_03485,train
SYNEXP_03630,train
GENV2_00163,train
GENV2_00456,train
GENV2_00606,train
GENV2_01680,train
GENV2_02030,train
GENV2_03430,test
GENV2_04048,train
GENV2_04082,test
SYNEXP_00042,train
SYNEXP_00209,test
SYNEXP_00286,test
SYNEXP_00474,validation
SYNEXP_00830,train
SYNEXP_00908,train
SYNEXP_02045,train
SYNEXP_02520,test
SYNEXP_02842,train
SYNEXP_03018,train
SYNEXP_03104,train
SYNEXP_03388,train
GENV2_00477,test
GENV2_00553,train
GENV2_00699,train
GENV2_03153,train
GENV2_03338,train
GENV2_04132,test
SYNEXP_00170,test
SYNEXP_00757,train
SYNEXP_01317,train
SYNEXP_01533,validation
SYNEXP_01734,train
SYNEXP_02678,train
SYNEXP_02928,train
SYNEXP_02935,train
SYNEXP_03118,train
SYNEXP_03617,train
GENV2_04153,train
SYNEXP_00191,train
SYNEXP_01984,train
SYNEXP_02679,train
SYNEXP_03330,train
SYNEXP_03347,train
SYNEXP_03374,train
SYNEXP_03606,train
GENV2_00137,train
GENV2_00350,train
GENV2_01921,train
GENV2_02222,train
GENV2_02663,train
GENV2_03100,train
GENV2_03295,test
GENV2_03421,train
GENV2_03462,train
SYNEXP_00371,train
SYNEXP_00548,validation
SYNEXP_00700,train
SYNEXP_00934,train
GENV2_00276,test
GENV2_00500,train
GENV2_00657,test
GENV2_01439,train
GENV2_01462,train
GENV2_02729,train
GENV2_03986,train
SYNEXP_00882,validation
SYNEXP_01412,validation
SYNEXP_01504,validation
SYNEXP_02202,train
SYNEXP_02441,test
SYNEXP_02475,test
GENV2_01298,train
GENV2_03077,train
SYNEXP_01698,test
GENV2_00779,test
GENV2_01434,train
GENV2_03182,train
GENV2_04138,train
GENV2_04200,train
GENV2_00019,train
GENV2_01534,train
GENV2_02662,train
GENV2_02810,train
SYNEXP_00387,train
SYNEXP_01565,test
SYNEXP_02900,train
SYNEXP_03398,train
GENV2_00320,train
GENV2_01438,validation
GENV2_01766,validation
GENV2_02745,test
GENV2_02953,train
GENV2_03254,test
SYNEXP_00007,train
SYNEXP_00219,test
SYNEXP_01857,train
SYNEXP_02070,train
SYNEXP_02211,validation
SYNEXP_02606,validation
SYNEXP_02813,train
GENV2_00316,train
GENV2_00582,train
GENV2_01997,train
GENV2_02358,validation
GENV2_02428,validation
SYNEXP_00095,train
SYNEXP_00427,train
SYNEXP_00901,train
SYNEXP_00939,train
SYNEXP_01596,test
SYNEXP_02972,train
SYNEXP_03716,train
GENV2_00154,train
GENV2_02757,train
SYNEXP_00456,train
SYNEXP_01002,train
SYNEXP_01451,validation
SYNEXP_02286,validation
SYNEXP_02384,test
SYNEXP_02974,train
SYNEXP_03473,train
SYNEXP_03555,train
SYNEXP_03587,train
GENV2_00155,train
GENV2_01743,train
GENV2_02281,train
GENV2_03107,validation
SYNEXP_00282,test
SYNEXP_00574,train
SYNEXP_01013,train
SYNEXP_01739,train
SYNEXP_03012,train
GENV2_00571,test
GENV2_00730,train
GENV2_03279,train
SYNEXP_00325,train
SYNEXP_00473,validation
SYNEXP_01147,train
SYNEXP_02780,train
SYNEXP_02786,train
SYNEXP_03612,train
GENV2_00170,train
GENV2_01079,validation
GENV2_01276,train
GENV2_01769,train
GENV2_02074,train
GENV2_02158,test
GENV2_03872,train
SYNEXP_00459,train
SYNEXP_00818,test
SYNEXP_01114,train
SYNEXP_01433,validation
SYNEXP_01456,validation
SYNEXP_02231,validation
SYNEXP_03302,train
GENV2_00508,validation
GENV2_00689,train
GENV2_02059,validation
GENV2_02096,train
GENV2_03418,train
GENV2_03513,test
GENV2_03882,train
SYNEXP_00275,train
SYNEXP_00318,train
GENV2_00292,train
GENV2_00659,train
GENV2_01539,validation
GENV2_01582,train
GENV2_02271,train
GENV2_02495,train
GENV2_03047,validation
GENV2_03156,train
GENV2_03158,train
GENV2_03386,validation
GENV2_03510,test
GENV2_03676,validation
GENV2_03785,train
GENV2_04193,train
SYNEXP_00652,test
SYNEXP_01622,test
SYNEXP_01893,train
SYNEXP_01913,train
SYNEXP_02233,validation
SYNEXP_02784,train
GENV2_01214,test
GENV2_01525,train
GENV2_02767,train
GENV2_02783,train
GENV2_03049,validation
SYNEXP_00031,train
SYNEXP_00418,train
SYNEXP_00672,test
SYNEXP_01452,validation
SYNEXP_01765,train
SYNEXP_02093,train
SYNEXP_03179,train
SYNEXP_03247,train
SYNEXP_03568,train
GENV2_00071,train
GENV2_00867,train
GENV2_03081,train
SYNEXP_00008,train
SYNEXP_01889,train
SYNEXP_02136,train
SYNEXP_03390,train
GENV2_00272,validation
GENV2_01089,train
GENV2_01590,train
GENV2_01971,train
GENV2_02888,train
GENV2_03437,train
GENV2_03582,test
GENV2_04046,train
SYNEXP_00814,test
SYNEXP_01150,train
SYNEXP_01213,train
SYNEXP_01558,test
SYNEXP_01608,test
SYNEXP_02015,train
SYNEXP_03273,train
GENV2_00225,train
GENV2_00827,train
GENV2_00893,train
GENV2_02058,test
GENV2_02905,train
GENV2_03326,train
GENV2_03818,test
SYNEXP_00072,validation
SYNEXP_02910,train
SYNEXP_03464,train
SYNEXP_03565,train
GENV2_00487,train
GENV2_01687,validation
GENV2_01888,train
GENV2_02317,validation
GENV2_03014,train
SYNEXP_00076,validation
SYNEXP_00190,train
SYNEXP_01166,train
SYNEXP_01820,train
SYNEXP_01909,train
SYNEXP_02226,validation
SYNEXP_02894,train
GENV2_00482,train
GENV2_01175,train
GENV2_01532,train
GENV2_02835,validation
GENV2_03138,train
GENV2_03218,train
GENV2_03428,test
SYNEXP_00154,train
SYNEXP_00200,train
SYNEXP_00221,test
SYNEXP_00487,validation
SYNEXP_00950,train
SYNEXP_01199,train
SYNEXP_01677,test
SYNEXP_02481,test
SYNEXP_02581,validation
GENV2_00191,train
GENV2_02419,train
GENV2_02670,validation
GENV2_02973,train
GENV2_03270,train
GENV2_03365,train
SYNEXP_00258,train
SYNEXP_00309,train
SYNEXP_00373,train
SYNEXP_00624,train
SYNEXP_00868,validation
SYNEXP_02542,validation
SYNEXP_03682,train
GENV2_00312,test
GENV2_00509,train
GENV2_00587,test
GENV2_02626,train
GENV2_02734,train
GENV2_03896,test
GENV2_04167,train
SYNEXP_00366,test
SYNEXP_00944,train
SYNEXP_02142,train
SYNEXP_03658,train
GENV2_00326,test
GENV2_00733,train
GENV2_00888,validation
GENV2_01451,train
GENV2_01718,train
GENV2_02016,validation
GENV2_03073,train
GENV2_03505,train
GENV2_04070,train
SYNEXP_00343,test
SYNEXP_00884,validation
SYNEXP_01483,validation
SYNEXP_01599,test
SYNEXP_02032,train
SYNEXP_02906,train
SYNEXP_03000,train
SYNEXP_03728,train
GENV2_00813,train
GENV2_01496,train
GENV2_01544,validation
GENV2_01839,train
GENV2_02413,validation
GENV2_02509,train
GENV2_02517,validation
GENV2_02627,validation
GENV2_03207,train
GENV2_03257,test
GENV2_03289,validation
SYNEXP_00062,validation
SYNEXP_00285,test
SYNEXP_00506,validation
SYNEXP_01472,validation
SYNEXP_01646,test
SYNEXP_01883,train
SYNEXP_02200,train
SYNEXP_02498,test
GENV2_00603,validation
GENV2_00780,train
GENV2_01025,validation
GENV2_01332,test
GENV2_02091,test
GENV2_02510,test
GENV2_02863,train
GENV2_03731,validation
SYNEXP_00600,train
SYNEXP_00626,train
SYNEXP_00880,validation
SYNEXP_01004,train
SYNEXP_01345,train
SYNEXP_01815,train
SYNEXP_01961,train
SYNEXP_02508,test
SYNEXP_02689,train
SYNEXP_03134,train
SYNEXP_03575,train
GENV2_00033,train
GENV2_00236,train
GENV2_01182,validation
GENV2_01987,train
GENV2_03330,test
GENV2_04155,train
GENV2_04195,train
SYNEXP_00607,train
SYNEXP_00701,train
SYNEXP_01361,train
SYNEXP_01444,validation
SYNEXP_01462,validation
SYNEXP_01586,test
SYNEXP_01789,train
SYNEXP_03156,train
SYNEXP_03344,train
SYNEXP_03356,train
SYNEXP_03514,train
GENV2_00066,train
GENV2_01120,train
GENV2_02242,train
GENV2_02591,train
SYNEXP_00476,validation
SYNEXP_01186,train
SYNEXP_03343,train
SYNEXP_03653,train
GENV2_01085,train
GENV2_01226,train
GENV2_02650,train
GENV2_03342,train
GENV2_03379,train
GENV2_04010,train
SYNEXP_00444,train
SYNEXP_00788,test
SYNEXP_00789,test
SYNEXP_01358,train
SYNEXP_01729,train
SYNEXP_02254,validation
SYNEXP_02269,validation
SYNEXP_02616,validation
SYNEXP_02892,train
SYNEXP_03549,train
GENV2_00227,train
GENV2_00284,validation
GENV2_00289,train
GENV2_01096,train
GENV2_01301,validation
GENV2_01951,train
GENV2_02540,train
GENV2_03702,test
GENV2_04083,train
SYNEXP_00188,train
SYNEXP_01180,train
SYNEXP_02358,test
GENV2_00881,train
GENV2_01432,train
GENV2_02064,train
GENV2_02126,train
GENV2_02197,validation
GENV2_03932,train
GENV2_03997,train
GENV2_04007,train
SYNEXP_01381,train
SYNEXP_02141,train
SYNEXP_02838,train
SYNEXP_03088,train
SYNEXP_03584,train
GENV2_00535,train
GENV2_00859,train
GENV2_01552,train
GENV2_01575,train
GENV2_01656,train
GENV2_02039,train
GENV2_02521,train
GENV2_03569,train
GENV2_03845,validation
SYNEXP_00415,train
SYNEXP_00519,train
SYNEXP_02398,test
SYNEXP_02769,train
GENV2_00291,train
GENV2_00423,train
GENV2_00519,validation
GENV2_01661,train
GENV2_01700,train
GENV2_01716,train
GENV2_03064,test
GENV2_03091,validation
SYNEXP_01595,test
SYNEXP_01654,test
SYNEXP_02118,train
SYNEXP_03004,train
SYNEXP_03080,train
SYNEXP_03105,train
SYNEXP_03246,train
GENV2_00221,train
GENV2_01869,train
GENV2_02351,test
GENV2_02861,train
GENV2_03319,test
GENV2_03690,train
GENV2_04009,validation
SYNEXP_00242,train
SYNEXP_00631,train
SYNEXP_01427,validation
SYNEXP_01449,validation
SYNEXP_01931,train
SYNEXP_02170,train
SYNEXP_02179,train
SYNEXP_02227,validation
SYNEXP_02720,train
SYNEXP_02853,train
GENV2_01082,train
GENV2_01841,test
GENV2_01922,train
GENV2_02202,train
GENV2_02219,validation
GENV2_02927,test
GENV2_03133,train
GENV2_03337,train
GENV2_03921,test
GENV2_03984,train
GENV2_04053,test
SYNEXP_00029,train
SYNEXP_01478,validation
SYNEXP_02831,train
GENV2_00114,train
GENV2_00319,train
GENV2_01641,train
GENV2_02490,train
GENV2_02868,validation
GENV2_02876,train
SYNEXP_00512,validation
SYNEXP_00956,train
SYNEXP_01291,train
SYNEXP_03111,train
SYNEXP_03752,train
GENV2_00031,train
GENV2_00037,validation
GENV2_00516,train
GENV2_00765,train
GENV2_00769,train
GENV2_01255,train
GENV2_01374,train
GENV2_02485,train
GENV2_02575,test
SYNEXP_00623,train
SYNEXP_01049,train
SYNEXP_02332,validation
SYNEXP_02429,test
SYNEXP_02757,train
GENV2_00266,train
GENV2_00635,train
GENV2_01087,train
GENV2_01170,train
GENV2_01415,train
GENV2_04056,train
SYNEXP_00039,train
SYNEXP_00173,test
SYNEXP_01034,train
SYNEXP_01835,train
SYNEXP_02099,train
SYNEXP_02235,validation
SYNEXP_02462,test
SYNEXP_02866,train
GENV2_00285,train
GENV2_00332,train
GENV2_00353,train
GENV2_00788,train
GENV2_01772,test
GENV2_02357,train
SYNEXP_00482,validation
SYNEXP_00733,train
SYNEXP_01847,train
SYNEXP_01970,train
SYNEXP_01987,train
SYNEXP_03335,train
SYNEXP_03570,train
GENV2_01480,train
GENV2_03353,train
GENV2_03748,train
GENV2_04047,train
SYNEXP_01546,validation
SYNEXP_01914,train
GENV2_00394,validation
GENV2_00924,train
GENV2_00959,train
GENV2_01285,train
GENV2_02234,train
GENV2_02998,train
GENV2_03803,validation
SYNEXP_00114,train
SYNEXP_00772,train
SYNEXP_01296,train
SYNEXP_01502,validation
SYNEXP_01506,validation
SYNEXP_01876,train
SYNEXP_01927,train
GENV2_00335,train
GENV2_01560,train
GENV2_02619,train
GENV2_03401,train
GENV2_03839,train
GENV2_04105,test
SYNEXP_00338,train
SYNEXP_00602,train
SYNEXP_01610,test
SYNEXP_01639,test
SYNEXP_02849,train
GENV2_00024,train
GENV2_00656,train
GENV2_00790,train
GENV2_01849,test
GENV2_01925,test
GENV2_02278,validation
GENV2_03577,train
GENV2_03771,train
GENV2_03837,train
SYNEXP_00024,train
SYNEXP_01627,test
SYNEXP_03089,train
SYNEXP_03226,train
SYNEXP_03348,train
SYNEXP_03446,train
SYNEXP_03714,train
GENV2_00384,train
GENV2_01426,test
GENV2_02460,train
GENV2_03213,train
GENV2_03920,train
GENV2_04166,train
SYNEXP_00917,train
SYNEXP_01190,train
SYNEXP_01191,train
SYNEXP_01274,train
SYNEXP_01479,validation
SYNEXP_01906,train
SYNEXP_01923,train
SYNEXP_02265,validation
SYNEXP_02367,test
SYNEXP_03093,train
GENV2_01805,train
GENV2_01967,train
GENV2_02032,train
GENV2_02131,train
GENV2_03637,train
GENV2_03923,train
GENV2_03955,train
SYNEXP_00133,train
SYNEXP_00207,test
SYNEXP_01851,train
SYNEXP_03382,train
SYNEXP_03691,train
GENV2_00458,train
GENV2_00799,train
GENV2_01583,train
GENV2_01924,validation
GENV2_03071,train
SYNEXP_00753,train
SYNEXP_00935,train
SYNEXP_01198,train
SYNEXP_01359,train
SYNEXP_01592,test
SYNEXP_01618,test
SYNEXP_01701,test
SYNEXP_01796,train
SYNEXP_02532,validation
SYNEXP_02707,train
SYNEXP_02868,train
SYNEXP_02988,train
SYNEXP_03007,train
SYNEXP_03383,train
SYNEXP_03495,train
GENV2_01157,train
GENV2_01684,test
GENV2_02223,train
GENV2_02359,train
GENV2_02432,train
GENV2_02672,train
GENV2_02834,test
GENV2_03442,train
SYNEXP_00384,train
SYNEXP_02682,train
SYNEXP_02904,train
SYNEXP_03719,train
GENV2_01603,train
GENV2_02161,validation
GENV2_03474,train
SYNEXP_00032,train
SYNEXP_00760,train
SYNEXP_01237,train
SYNEXP_01838,train
SYNEXP_02019,train
SYNEXP_03070,train
GENV2_00389,train
GENV2_00526,train
GENV2_00739,train
GENV2_01101,train
GENV2_02545,test
GENV2_02743,train
GENV2_03890,validation
GENV2_04051,train
SYNEXP_00535,train
SYNEXP_00649,test
SYNEXP_02556,validation
SYNEXP_03006,train
SYNEXP_03766,train
GENV2_00265,validation
GENV2_00658,train
GENV2_01031,train
GENV2_01140,train
GENV2_01363,validation
GENV2_01407,train
GENV2_02306,train
GENV2_02798,train
SYNEXP_00184,test
SYNEXP_00988,train
SYNEXP_02205,validation
SYNEXP_03151,train
SYNEXP_03379,train
SYNEXP_03646,train
GENV2_00885,train
GENV2_01147,test
GENV2_01262,train
GENV2_01597,train
GENV2_01670,validation
GENV2_01909,train
GENV2_02255,test
GENV2_02319,train
GENV2_03039,train
GENV2_03202,train
GENV2_03559,train
SYNEXP_00348,test
SYNEXP_00985,train
SYNEXP_01809,train
SYNEXP_02445,test
SYNEXP_02486,test
SYNEXP_03498,train
SYNEXP_03597,train
GENV2_00594,train
GENV2_01792,train
GENV2_01847,train
GENV2_02823,test
GENV2_03425,test
SYNEXP_00987,train
SYNEXP_01164,train
SYNEXP_01445,validation
SYNEXP_01489,validation
SYNEXP_02361,test
SYNEXP_02889,train
SYNEXP_03113,train
SYNEXP_03211,train
GENV2_00003,validation
GENV2_01785,test
GENV2_02225,train
GENV2_02643,train
GENV2_02721,train
GENV2_03112,validation
GENV2_03612,test
SYNEXP_00226,test
SYNEXP_00740,train
SYNEXP_01054,train
SYNEXP_01061,train
SYNEXP_02121,train
SYNEXP_02437,test
GENV2_01004,train
GENV2_01043,validation
GENV2_01302,train
GENV2_02552,train
GENV2_02890,train
SYNEXP_00247,train
SYNEXP_00632,train
SYNEXP_00878,validation
SYNEXP_01713,test
SYNEXP_02131,train
SYNEXP_02216,validation
SYNEXP_02458,test
GENV2_00756,train
GENV2_00816,validation
GENV2_01001,train
GENV2_01589,test
GENV2_02407,train
GENV2_03141,train
GENV2_03993,train
SYNEXP_01065,train
SYNEXP_01628,test
SYNEXP_01634,test
SYNEXP_01751,train
SYNEXP_02115,train
SYNEXP_02472,test
SYNEXP_03582,train
GENV2_01048,train
GENV2_01095,train
GENV2_01419,train
GENV2_02862,test
SYNEXP_00594,train
SYNEXP_00726,train
SYNEXP_01644,test
SYNEXP_01881,train
SYNEXP_03560,train
SYNEXP_00001,train
SYNEXP_00798,test
SYNEXP_01637,test
SYNEXP_01675,test
SYNEXP_02081,train
SYNEXP_02703,train
SYNEXP_03328,train
SYNEXP_03432,train
SYNEXP_00669,test
SYNEXP_00694,train
SYNEXP_00862,validation
SYNEXP_02744,train
SYNEXP_02844,train
SYNEXP_00681,train
SYNEXP_00900,train
SYNEXP_01925,train
SYNEXP_02418,test
SYNEXP_02854,train
SYNEXP_00555,validation
SYNEXP_02310,validation
SYNEXP_03596,train
SYNEXP_03655,train
SYNEXP_03764,train
SYNEXP_00412,train
SYNEXP_00667,test
SYNEXP_01710,test
SYNEXP_01781,train
SYNEXP_02224,validation
SYNEXP_03458,train
SYNEXP_03750,train
SYNEXP_00166,test
SYNEXP_01053,train
SYNEXP_01272,train
SYNEXP_01298,train
SYNEXP_01405,train
SYNEXP_00163,test
SYNEXP_00351,test
SYNEXP_00949,train
SYNEXP_01020,train
SYNEXP_01071,train
SYNEXP_01944,train
SYNEXP_02101,train
SYNEXP_02380,test
SYNEXP_02775,train
SYNEXP_03509,train
SYNEXP_03636,train
SYNEXP_02883,train
SYNEXP_02994,train
SYNEXP_03250,train
SYNEXP_00093,train
SYNEXP_00523,train
SYNEXP_00534,train
SYNEXP_00902,train
SYNEXP_01251,train
SYNEXP_01426,validation
SYNEXP_01434,validation
SYNEXP_02867,train
SYNEXP_02936,train
SYNEXP_00557,validation
SYNEXP_00712,train
SYNEXP_01128,train
SYNEXP_01542,validation
SYNEXP_01880,train
SYNEXP_02152,train
SYNEXP_03291,train
SYNEXP_00952,train
SYNEXP_01159,train
SYNEXP_01512,validation
SYNEXP_02456,test
SYNEXP_01223,train
SYNEXP_01664,test
SYNEXP_02698,train
SYNEXP_02992,train
SYNEXP_00330,train
SYNEXP_00593,train
SYNEXP_00605,train
SYNEXP_01614,test
SYNEXP_02155,train
SYNEXP_02297,validation
SYNEXP_02473,test
SYNEXP_02932,train
SYNEXP_03059,train
SYNEXP_01899,train
SYNEXP_02137,train
SYNEXP_02548,validation
SYNEXP_02851,train
SYNEXP_00254,train
SYNEXP_00395,train
SYNEXP_00428,train
SYNEXP_00964,train
SYNEXP_02626,validation
SYNEXP_02924,train
SYNEXP_02989,train
SYNEXP_03403,train
SYNEXP_00619,train
SYNEXP_02117,train
SYNEXP_02578,validation
