review_id,model,brand,dissatisfaction_probability,predicted_rating
GENV2_00922,Razr 60 Ultra,Motorola,0.70192844,2.961219
GENV2_02645,Xiaomi 15 Ultra,Xiaomi,0.012938024,4.5005765
SYNEXP_00250,iPhone 17 Pro,Apple,0.44929123,3.1761553
SYNEXP_00980,Apple Study A,Apple,0.89387774,1.744722
SYNEXP_01021,Apple Study A,Apple,0.1789176,3.422152
SYNEXP_01872,Motorola Study B,Motorola,0.2269426,3.0593324
SYNEXP_02061,Nothing Study B,Nothing,0.08411574,3.2174315
SYNEXP_02986,Realme Study A,Realme,0.12391079,3.8251343
GENV2_00180,Moto G Power 2025,Motorola,0.718771,2.988942
GENV2_00734,Galaxy A56 5G,Samsung,0.92390037,2.3565066
GENV2_01049,Redmi Note 14 Pro+,Xiaomi,0.34652004,3.8246603
GENV2_01634,Motorola Edge 60 Pro,Motorola,0.1954346,4.1374803
GENV2_01864,Realme 14 Pro+,Realme,0.17631991,4.39981
GENV2_02057,Motorola Edge 60 Pro,Motorola,0.26898858,3.9245949
GENV2_02233,Pixel 10 Pro XL,Google,0.24285173,3.1798587
GENV2_02447,iPhone 17,Apple,0.04639293,4.6785316
GENV2_02762,iPhone 17 Pro,Apple,0.13922517,4.0310974
SYNEXP_00009,Galaxy S25 Ultra,Samsung,0.2149352,3.5300496
SYNEXP_00834,Realme 14 Pro+,Realme,0.75988543,2.7421536
SYNEXP_00997,Apple Study A,Apple,0.42527935,3.2044663
SYNEXP_03610,Xiaomi Study A,Xiaomi,0.10936511,3.9582694
GENV2_00080,Moto G Power 2025,Motorola,0.80650043,2.3751364
GENV2_01092,Razr 60 Ultra,Motorola,0.24982268,3.5567625
GENV2_01105,Moto G Power 2025,Motorola,0.90179396,2.6692622
GENV2_01421,Galaxy A56 5G,Samsung,0.2255701,4.0371513
GENV2_01502,Galaxy A56 5G,Samsung,0.10012355,3.9433396
GENV2_02224,OnePlus 13R,OnePlus,0.2697426,3.861258
GENV2_02937,Galaxy S26,Samsung,0.1691879,4.0002246
GENV2_00042,Redmi Note 14 Pro+,Xiaomi,0.7346481,2.6985283
GENV2_00505,Galaxy Z Flip7,Samsung,0.87283987,2.9336605
GENV2_02132,Pixel 10 Pro,Google,0.26412103,3.7598937
GENV2_02608,Reno 13 Pro,OPPO,0.14315028,3.9543285
GENV2_03031,Galaxy S26,Samsung,0.017277533,4.6141915
GENV2_03638,iPhone 17 Pro Max,Apple,0.42319754,4.5478797
GENV2_03751,Nothing Phone 3,Nothing,0.2408908,4.103898
SYNEXP_02181,Nothing Study B,Nothing,0.075920865,3.3730555
SYNEXP_02218,OPPO Study A,OPPO,0.6704868,2.5206742
SYNEXP_02544,OnePlus Study A,OnePlus,0.14543231,3.1883333
SYNEXP_02977,Realme Study A,Realme,0.21171819,3.3202276
SYNEXP_03029,Realme Study B,Realme,0.15471298,3.866636
SYNEXP_03284,Samsung Study A,Samsung,0.061042976,3.446566
GENV2_01778,Pixel 10 Pro,Google,0.18856093,4.040748
GENV2_02139,iPhone 16e,Apple,0.35417077,3.5995278
GENV2_02525,OnePlus 13T,OnePlus,0.108819604,3.9572952
GENV2_02727,Realme GT 7 Pro,Realme,0.16056721,3.9360766
GENV2_02827,Xiaomi 15,Xiaomi,0.120588265,4.2933946
GENV2_04198,Motorola Edge 60 Pro,Motorola,0.08421916,4.085485
SYNEXP_00106,iPhone 16e,Apple,0.89419776,1.8413787
SYNEXP_00684,Phone 2a Plus,Nothing,0.11330768,3.4782422
SYNEXP_01279,Google Study A,Google,0.6339097,2.6990988
SYNEXP_01353,Google Study A,Google,0.83172256,2.0501451
SYNEXP_01544,Google Study B,Google,0.2446878,3.5607305
SYNEXP_02561,OnePlus Study A,OnePlus,0.11867973,3.9476001
SYNEXP_02694,OnePlus Study B,OnePlus,0.14097491,3.689018
SYNEXP_03049,Realme Study B,Realme,0.075212516,3.8234005
SYNEXP_03060,Realme Study B,Realme,0.7532452,2.064253
GENV2_00941,Find N5,OPPO,0.8230911,3.2370863
GENV2_01983,Galaxy S25 Ultra,Samsung,0.08319744,4.7354064
GENV2_02399,Xiaomi 15 Ultra,Xiaomi,0.082597636,4.382326
GENV2_03296,Realme GT 7,Realme,0.22109902,4.357067
GENV2_03849,iPhone 17 Pro,Apple,0.21363404,4.3565907
SYNEXP_02010,Nothing Study A,Nothing,0.82564086,2.116409
GENV2_00282,Pixel 10 Pro,Google,0.65871304,2.8382158
GENV2_00397,Moto G Power 2025,Motorola,0.7524986,3.1246526
GENV2_00662,Find N5,OPPO,0.8973284,2.6393301
GENV2_00801,Pixel 9a,Google,0.22029583,3.97761
GENV2_00819,Find N5,OPPO,0.35164148,3.4659655
GENV2_01047,Razr 60 Ultra,Motorola,0.60370106,3.4380434
GENV2_02618,Galaxy Z Flip7,Samsung,0.29145694,4.194992
GENV2_03230,Pixel 10 Pro,Google,0.06052565,4.713492
GENV2_03976,iPhone 17 Pro Max,Apple,0.07520585,4.7317324
GENV2_04008,Galaxy S26,Samsung,0.027584648,4.7967873
GENV2_04076,Galaxy S25 Ultra,Samsung,0.14883241,4.109917
SYNEXP_00588,Pixel 10 Pro,Google,0.6460237,2.6343389
SYNEXP_01778,Motorola Study B,Motorola,0.07318863,3.8497083
SYNEXP_01840,Motorola Study B,Motorola,0.56320673,3.2020514
SYNEXP_03689,Xiaomi Study B,Xiaomi,0.4038042,2.9207888
SYNEXP_03722,Xiaomi Study B,Xiaomi,0.7939429,2.6858604
GENV2_00028,iPhone 16e,Apple,0.51849127,3.4065604
GENV2_01221,Nothing Phone 3,Nothing,0.8549085,3.0653663
GENV2_02020,Find X8 Pro,OPPO,0.25514936,3.7024453
GENV2_02332,Reno 13 Pro,OPPO,0.3066337,3.6832309
GENV2_02431,Phone 3a Pro,Nothing,0.20690009,4.049636
GENV2_02856,Phone 3a Pro,Nothing,0.32741874,3.6074462
GENV2_03520,iPhone 17 Pro,Apple,0.06692211,4.5890245
GENV2_03705,OnePlus 13R,OnePlus,0.2258207,4.130381
SYNEXP_00131,Find X8 Pro,OPPO,0.03310261,4.324391
SYNEXP_00146,Galaxy S26,Samsung,0.8158189,2.3660777
SYNEXP_01355,Google Study A,Google,0.08578404,4.011348
SYNEXP_02298,OPPO Study A,OPPO,0.836427,2.4610329
SYNEXP_03632,Xiaomi Study B,Xiaomi,0.8102492,2.390108
GENV2_00567,Pixel 10,Google,0.74855137,3.5602036
GENV2_00978,Motorola Edge 60 Pro,Motorola,0.846755,2.9659445
GENV2_01550,Motorola Edge 60 Pro,Motorola,0.26625404,3.5563347
GENV2_02759,Pixel 10 Pro XL,Google,0.32777056,3.8560069
GENV2_02859,Realme 14 Pro+,Realme,0.14614247,4.0650105
GENV2_02954,Galaxy S25 Ultra,Samsung,0.07554823,4.514887
GENV2_03219,iPhone 17,Apple,0.25815472,4.102455
GENV2_03285,Find N5,OPPO,0.1757699,4.3398447
SYNEXP_00124,Find X8 Pro,OPPO,0.6059341,2.7524245
SYNEXP_00460,Phone 3a Pro,Nothing,0.17848296,3.5268836
SYNEXP_00464,Phone 3a Pro,Nothing,0.35924515,2.9891098
SYNEXP_01520,Google Study B,Google,0.2545011,3.26444
SYNEXP_02017,Nothing Study A,Nothing,0.6570264,2.7341268
SYNEXP_03763,Xiaomi Study B,Xiaomi,0.038903568,3.6669333
GENV2_00373,Find N5,OPPO,0.5944053,3.280326
GENV2_00655,Phone 3a Pro,Nothing,0.86866874,2.7771878
GENV2_00965,Moto G Power 2025,Motorola,0.6942982,3.2740588
GENV2_01213,Reno 13 Pro,OPPO,0.2211553,4.0366044
GENV2_02285,Find X8 Pro,OPPO,0.20806983,4.497589
GENV2_03172,iPhone 17,Apple,0.13412942,4.043006
GENV2_04149,iPhone 17,Apple,0.2665607,3.7576993
SYNEXP_01060,Apple Study A,Apple,0.55993366,2.935714
GENV2_01456,Galaxy Z Flip7,Samsung,0.14554171,4.109235
GENV2_02066,Realme GT 7 Pro,Realme,0.28800544,3.6985033
GENV2_02356,Reno 13 Pro,OPPO,0.4585782,3.596132
GENV2_02671,Xiaomi 15,Xiaomi,0.09517914,4.2239127
GENV2_03236,Galaxy S26 Ultra,Samsung,0.25068972,4.054161
GENV2_04178,Motorola Edge 60 Pro,Motorola,0.43065494,3.4543428
SYNEXP_00469,Redmi Note 14 Pro+,Xiaomi,0.3502587,3.2563295
SYNEXP_00559,Pixel 9a,Google,0.35237494,3.1304111
SYNEXP_01026,Apple Study A,Apple,0.73448455,2.6813405
SYNEXP_01141,Apple Study B,Apple,0.27931464,3.3712277
SYNEXP_01641,Motorola Study A,Motorola,0.4363442,3.1316745
SYNEXP_01721,Motorola Study B,Motorola,0.15269351,3.0797853
SYNEXP_01871,Motorola Study B,Motorola,0.4864512,3.2269049
SYNEXP_02129,Nothing Study B,Nothing,0.1252769,3.2195227
SYNEXP_02339,OPPO Study A,OPPO,0.3285712,3.4266653
SYNEXP_02592,OnePlus Study A,OnePlus,0.007859294,4.4435253
SYNEXP_02674,OnePlus Study B,OnePlus,0.25413373,3.7065375
GENV2_00224,iPhone 16e,Apple,0.7880823,2.7072957
GENV2_00377,Reno 13 Pro,OPPO,0.3509634,3.4376018
GENV2_00463,OnePlus 13,OnePlus,0.6715569,3.0128427
GENV2_00981,Reno 13 Pro,OPPO,0.55529135,3.6542115
GENV2_01104,Pixel 10,Google,0.55226374,3.366387
GENV2_01106,Xiaomi 15 Ultra,Xiaomi,0.84630156,3.1365013
GENV2_01252,Realme 14 Pro+,Realme,0.879694,2.8989797
GENV2_02033,OnePlus 13R,OnePlus,0.1658085,4.2458754
GENV2_02181,iPhone 17 Pro,Apple,0.23506472,4.1163507
GENV2_02457,Nothing Phone 3,Nothing,0.1725869,4.4325514
GENV2_04100,Galaxy S26 Ultra,Samsung,0.2941816,4.212204
SYNEXP_01450,Google Study B,Google,0.31249008,3.123209
SYNEXP_01471,Google Study B,Google,0.81673336,2.7447758
SYNEXP_03455,Samsung Study B,Samsung,0.034489367,4.3815413
GENV2_00878,iPhone 16e,Apple,0.8071634,2.951874
GENV2_00909,Phone 2a Plus,Nothing,0.86080503,2.2201517
GENV2_01678,OnePlus 13,OnePlus,0.28519824,3.9608538
GENV2_02636,iPhone 17 Pro,Apple,0.15314175,4.0628076
GENV2_03476,Find X8 Pro,OPPO,0.17293017,4.39005
SYNEXP_00922,Apple Study A,Apple,0.88979816,1.7788094
SYNEXP_01171,Apple Study B,Apple,0.7445747,2.3928425
SYNEXP_01329,Google Study A,Google,0.099038154,3.1228108
SYNEXP_02003,Nothing Study A,Nothing,0.54432553,2.2274702
SYNEXP_03164,Samsung Study A,Samsung,0.75460285,2.7641537
SYNEXP_03543,Xiaomi Study A,Xiaomi,0.14617199,3.381703
GENV2_00092,Moto G Power 2025,Motorola,0.9331746,1.9644287
GENV2_02812,OnePlus 13,OnePlus,0.25403512,3.6208417
GENV2_02830,Realme GT 7,Realme,0.37318483,3.7071154
GENV2_02845,iPhone 17 Pro Max,Apple,0.5289651,3.4201148
GENV2_03563,Realme GT 7,Realme,0.078830734,4.523578
GENV2_03792,iPhone 17,Apple,0.24577004,4.153077
GENV2_03957,iPhone 17 Pro,Apple,0.18161665,4.243349
GENV2_04042,iPhone 17 Pro Max,Apple,0.18640305,4.3615913
SYNEXP_01786,Motorola Study B,Motorola,0.04209487,4.804438
SYNEXP_03206,Samsung Study A,Samsung,0.014535955,4.612272
SYNEXP_03592,Xiaomi Study A,Xiaomi,0.8244413,1.8572408
GENV2_00115,Moto G Power 2025,Motorola,0.9612748,2.2495675
GENV2_00560,Moto G Power 2025,Motorola,0.8628224,2.8437476
GENV2_01009,Galaxy A56 5G,Samsung,0.32484993,3.4464567
GENV2_01853,Galaxy S26,Samsung,0.34807387,3.6976447
GENV2_01981,iPhone 17,Apple,0.17565514,4.0264025
GENV2_03025,iPhone 17 Pro Max,Apple,0.19287643,4.32467
GENV2_03851,iPhone 17 Pro Max,Apple,0.15048659,4.288059
SYNEXP_00022,Galaxy S25 Ultra,Samsung,0.2019768,3.2144713
SYNEXP_00248,iPhone 17 Pro,Apple,0.062482674,4.0306044
SYNEXP_00467,Redmi Note 14 Pro+,Xiaomi,0.1700784,3.3820057
SYNEXP_00664,Razr 60 Ultra,Motorola,0.2916254,3.4576304
SYNEXP_00779,Realme GT 7,Realme,0.101733044,3.463255
SYNEXP_01415,Google Study B,Google,0.6780441,2.9589267
SYNEXP_01802,Motorola Study B,Motorola,0.69776165,2.6792948
SYNEXP_02171,Nothing Study B,Nothing,0.06452319,4.542574
SYNEXP_03102,Realme Study B,Realme,0.30015764,3.3253386
SYNEXP_03245,Samsung Study A,Samsung,0.91629213,1.6000497
GENV2_01389,OnePlus 13,OnePlus,0.19510838,4.0502295
GENV2_01422,Pixel 10,Google,0.13368793,4.1669803
GENV2_01466,Find N5,OPPO,0.30193454,3.5794778
GENV2_01605,Nothing Phone 3,Nothing,0.55916756,2.7536895
GENV2_01717,Pixel 10 Pro,Google,0.41140202,3.3400495
GENV2_02660,Find X8 Pro,OPPO,0.18357013,4.076327
GENV2_03032,OnePlus 13,OnePlus,0.37973526,3.5911355
SYNEXP_02368,OPPO Study B,OPPO,0.2602151,2.9318748
SYNEXP_02558,OnePlus Study A,OnePlus,0.1319703,3.5504246
SYNEXP_03476,Xiaomi Study A,Xiaomi,0.18848327,3.6653316
GENV2_00211,Moto G Power 2025,Motorola,0.5606104,3.1642194
GENV2_00293,Redmi Note 14 Pro+,Xiaomi,0.71863425,3.2793803
GENV2_00382,Realme 14 Pro+,Realme,0.41650513,3.6931095
GENV2_00592,Realme 14 Pro+,Realme,0.7551744,3.5049176
GENV2_01538,Reno 13 Pro,OPPO,0.15082207,4.1021967
GENV2_02120,Galaxy A56 5G,Samsung,0.30540988,3.6914809
GENV2_02387,iPhone 16,Apple,0.14237368,3.995115
GENV2_03571,Xiaomi 15 Ultra,Xiaomi,0.36796093,3.3236327
GENV2_03598,OnePlus 13T,OnePlus,0.10661654,4.321566
SYNEXP_01110,Apple Study B,Apple,0.11900175,3.6157196
SYNEXP_01239,Apple Study B,Apple,0.076110445,3.5847585
SYNEXP_02036,Nothing Study A,Nothing,0.29449818,2.868983
SYNEXP_03251,Samsung Study A,Samsung,0.60599446,2.6335692
SYNEXP_03404,Samsung Study B,Samsung,0.2039171,3.0458913
SYNEXP_03667,Xiaomi Study B,Xiaomi,0.4077677,3.092931
GENV2_00455,Realme GT 7,Realme,0.5400628,3.457056
GENV2_00707,Phone 3a Pro,Nothing,0.7041904,2.9959261
GENV2_00767,Galaxy S26,Samsung,0.65946203,3.277052
GENV2_00789,Galaxy A56 5G,Samsung,0.6401305,3.3497891
GENV2_01284,iPhone 16,Apple,0.26767045,3.9589102
GENV2_02229,Pixel 10,Google,0.1661618,4.15273
GENV2_02725,Galaxy S26,Samsung,0.036506124,4.6338644
GENV2_03118,OnePlus 13R,OnePlus,0.2112341,4.054914
GENV2_03779,Galaxy S26 Ultra,Samsung,0.07431061,4.54375
SYNEXP_00273,iPhone 17 Pro Max,Apple,0.1429792,3.8625298
SYNEXP_02887,Realme Study A,Realme,0.23475376,3.670307
SYNEXP_02890,Realme Study A,Realme,0.25168365,3.46258
SYNEXP_02901,Realme Study A,Realme,0.9292383,2.4146817
SYNEXP_03020,Realme Study B,Realme,0.052830268,3.6275656
SYNEXP_03375,Samsung Study B,Samsung,0.07172751,4.0560513
SYNEXP_03583,Xiaomi Study A,Xiaomi,0.05937793,4.420363
SYNEXP_03595,Xiaomi Study A,Xiaomi,0.1233555,3.3535705
SYNEXP_03629,Xiaomi Study B,Xiaomi,0.04528712,3.9023325
SYNEXP_03701,Xiaomi Study B,Xiaomi,0.1765979,3.6217434
GENV2_00301,Find N5,OPPO,0.84835637,2.4759557
GENV2_02612,Motorola Edge 60 Pro,Motorola,0.012017305,4.690975
GENV2_02676,Nothing Phone 3,Nothing,0.11120739,4.5357394
SYNEXP_01828,Motorola Study B,Motorola,0.7540463,2.468926
SYNEXP_02419,OPPO Study B,OPPO,0.014042293,4.2875447
SYNEXP_02841,Realme Study A,Realme,0.4046625,3.2337737
SYNEXP_03203,Samsung Study A,Samsung,0.009978594,4.796651
SYNEXP_03436,Samsung Study B,Samsung,0.19408993,3.5348938
SYNEXP_03507,Xiaomi Study A,Xiaomi,0.78968877,2.4896226
GENV2_01264,Galaxy A56 5G,Samsung,0.32540998,3.5196078
GENV2_01448,iPhone 16e,Apple,0.49239844,3.2981024
GENV2_01633,Pixel 10 Pro XL,Google,0.22108223,3.7024217
GENV2_01646,Reno 13 Pro,OPPO,0.34461716,3.6739104
GENV2_03308,Xiaomi 15 Ultra,Xiaomi,0.34201637,3.9202647
SYNEXP_00642,Razr 60 Ultra,Motorola,0.6124131,2.7026546
SYNEXP_00748,Realme GT 7,Realme,0.8609617,1.6600153
SYNEXP_02161,Nothing Study B,Nothing,0.064891964,4.5776196
SYNEXP_03637,Xiaomi Study B,Xiaomi,0.042643588,4.0165133
GENV2_01936,Xiaomi 15 Ultra,Xiaomi,0.043464556,4.4686546
GENV2_02230,OnePlus 13T,OnePlus,0.14356695,4.0897017
GENV2_02300,OnePlus 13T,OnePlus,0.122799605,4.251863
GENV2_02753,Reno 13 Pro,OPPO,0.42458537,4.2365136
GENV2_03145,Xiaomi 15 Ultra,Xiaomi,0.35426697,3.8619578
SYNEXP_00608,OnePlus 13T,OnePlus,0.21806203,3.6801026
SYNEXP_01081,Apple Study A,Apple,0.5906452,2.967239
SYNEXP_01800,Motorola Study B,Motorola,0.05513397,4.1253357
SYNEXP_02708,OnePlus Study B,OnePlus,0.038706075,4.25373
SYNEXP_03712,Xiaomi Study B,Xiaomi,0.9050308,1.5860194
SYNEXP_03756,Xiaomi Study B,Xiaomi,0.21080315,3.2121255
GENV2_00018,Moto G Power 2025,Motorola,0.73914796,2.8179977
GENV2_01564,iPhone 17,Apple,0.17765829,3.7544558
GENV2_01690,Xiaomi 15 Ultra,Xiaomi,0.1560376,4.321122
GENV2_02055,OnePlus 13R,OnePlus,0.07660278,4.199591
GENV2_03407,OnePlus 13T,OnePlus,0.1978589,4.283192
GENV2_03782,Galaxy S26 Ultra,Samsung,0.13201885,4.0933723
GENV2_03841,Galaxy S25 Ultra,Samsung,0.109244205,4.5831795
SYNEXP_01072,Apple Study A,Apple,0.1037761,3.4321506
SYNEXP_02541,OnePlus Study A,OnePlus,0.34907702,3.2574584
SYNEXP_03372,Samsung Study B,Samsung,0.3194952,3.4397678
GENV2_00850,Razr 60 Ultra,Motorola,0.88369495,3.0298119
GENV2_01094,Pixel 9a,Google,0.41721722,3.7856793
GENV2_01703,Motorola Edge 60 Pro,Motorola,0.37430167,3.636645
GENV2_02791,Find N5,OPPO,0.3327366,3.7879586
GENV2_03096,Realme GT 7 Pro,Realme,0.09835155,4.2161
GENV2_03535,Xiaomi 15 Ultra,Xiaomi,0.17821948,3.800087
GENV2_03971,iPhone 17 Pro,Apple,0.1946122,3.951216
SYNEXP_03601,Xiaomi Study A,Xiaomi,0.37094647,3.121418
GENV2_00334,iPhone 16e,Apple,0.6614189,3.1580744
GENV2_00415,Phone 2a Plus,Nothing,0.3444737,3.646157
GENV2_00580,Realme GT 7,Realme,0.74464566,3.3588529
GENV2_00772,iPhone 16e,Apple,0.6449646,3.2241158
GENV2_01650,iPhone 16e,Apple,0.200547,3.254826
GENV2_02274,Reno 13 Pro,OPPO,0.25141338,3.9895139
SYNEXP_01967,Nothing Study A,Nothing,0.28515127,3.5121696
SYNEXP_02454,OPPO Study B,OPPO,0.091375455,3.9456375
SYNEXP_03022,Realme Study B,Realme,0.13325348,3.3995018
SYNEXP_03329,Samsung Study B,Samsung,0.42902565,3.1237893
SYNEXP_03426,Samsung Study B,Samsung,0.6863384,2.3916585
GENV2_00091,Moto G Power 2025,Motorola,0.58489954,3.1433508
GENV2_00287,Pixel 10,Google,0.34967208,3.8014553
GENV2_00933,Pixel 9a,Google,0.5210515,3.3935132
GENV2_01529,Xiaomi 15 Ultra,Xiaomi,0.12994823,4.1461816
GENV2_01593,Motorola Edge 60 Pro,Motorola,0.09266723,4.322305
GENV2_01691,Xiaomi 15 Ultra,Xiaomi,0.38458613,3.5457833
GENV2_02054,Phone 2a Plus,Nothing,0.119358405,4.1420407
GENV2_02238,Phone 2a Plus,Nothing,0.19778238,3.584848
GENV2_02731,OnePlus 13R,OnePlus,0.053597055,4.193519
GENV2_03037,Razr 60 Ultra,Motorola,0.1598085,4.3151555
GENV2_04145,Galaxy S26 Ultra,Samsung,0.14423867,4.564094
SYNEXP_00442,Phone 3a Pro,Nothing,0.8505643,2.3193448
SYNEXP_00948,Apple Study A,Apple,0.9177461,1.8001747
SYNEXP_01264,Google Study A,Google,0.056141313,4.2502513
SYNEXP_01699,Motorola Study A,Motorola,0.022420947,4.445115
SYNEXP_01821,Motorola Study B,Motorola,0.0696793,4.3020515
SYNEXP_02376,OPPO Study B,OPPO,0.079234816,3.899174
SYNEXP_02657,OnePlus Study A,OnePlus,0.17828803,3.7481954
GENV2_00506,Xiaomi 15,Xiaomi,0.7495672,3.5415156
GENV2_00849,Pixel 10,Google,0.74688244,2.678544
GENV2_01321,Galaxy Z Flip7,Samsung,0.46352077,3.5069761
GENV2_01606,OnePlus 13,OnePlus,0.15991531,4.019464
GENV2_01626,Motorola Edge 60 Pro,Motorola,0.31921685,3.768067
GENV2_02401,OnePlus 13,OnePlus,0.16633639,4.257479
GENV2_02885,OnePlus 13T,OnePlus,0.105985284,4.2174163
GENV2_03540,Galaxy S25 Ultra,Samsung,0.10908695,4.5763664
SYNEXP_00375,Pixel 10 Pro XL,Google,0.93637496,2.09023
SYNEXP_00425,Galaxy Z Flip7,Samsung,0.31374237,3.5573797
SYNEXP_00567,Pixel 9a,Google,0.16480888,3.6284127
SYNEXP_01238,Apple Study B,Apple,0.07848349,3.8459325
SYNEXP_01695,Motorola Study A,Motorola,0.10776628,3.4602513
GENV2_01265,Galaxy A56 5G,Samsung,0.4424446,3.646471
GENV2_01308,Galaxy S26,Samsung,0.6165804,3.3485215
GENV2_01356,Pixel 9a,Google,0.47497675,3.218718
GENV2_02582,Galaxy Z Flip7,Samsung,0.18656515,3.8005497
GENV2_02669,Galaxy S26 Ultra,Samsung,0.5388339,3.0992746
GENV2_03392,iPhone 17,Apple,0.15921581,3.8760889
GENV2_03667,OnePlus 13,OnePlus,0.20119256,4.075332
GENV2_03941,OnePlus 13T,OnePlus,0.12734316,4.4515123
GENV2_03965,Galaxy S26,Samsung,0.089635484,4.739643
SYNEXP_00165,Reno 13 Pro,OPPO,0.83234435,2.3759196
SYNEXP_00466,Redmi Note 14 Pro+,Xiaomi,0.2885741,3.2107265
SYNEXP_01480,Google Study B,Google,0.82406914,2.135836
SYNEXP_01491,Google Study B,Google,0.2970347,3.632044
SYNEXP_01585,Motorola Study A,Motorola,0.105511956,3.5729444
SYNEXP_02407,OPPO Study B,OPPO,0.48929834,2.9603565
SYNEXP_02412,OPPO Study B,OPPO,0.008187976,4.571893
SYNEXP_02583,OnePlus Study A,OnePlus,0.59482723,2.610941
SYNEXP_02641,OnePlus Study A,OnePlus,0.094950914,2.7090983
SYNEXP_03175,Samsung Study A,Samsung,0.11799314,3.9199038
SYNEXP_03720,Xiaomi Study B,Xiaomi,0.16060407,3.2728596
GENV2_00416,Pixel 10,Google,0.5287057,3.3329074
GENV2_00797,Find N5,OPPO,0.70554614,3.3535688
GENV2_02365,Find N5,OPPO,0.38029975,3.5185764
GENV2_02491,iPhone 17 Pro Max,Apple,0.11738585,4.0515995
GENV2_03197,Xiaomi 15 Ultra,Xiaomi,0.07546011,4.246731
GENV2_03215,Find X8 Pro,OPPO,0.26792064,3.9970593
GENV2_03226,iPhone 17 Pro Max,Apple,0.11072639,4.26859
GENV2_04152,Pixel 10 Pro,Google,0.11442855,4.1918106
SYNEXP_00556,Pixel 9a,Google,0.5274624,3.1006613
SYNEXP_01896,Nothing Study A,Nothing,0.06338525,3.827456
SYNEXP_01920,Nothing Study A,Nothing,0.023419889,4.401933
SYNEXP_03095,Realme Study B,Realme,0.7067724,2.4154758
GENV2_02872,Galaxy S26,Samsung,0.06653856,4.5997353
GENV2_03135,Galaxy A56 5G,Samsung,0.13796861,4.727968
SYNEXP_00462,Phone 3a Pro,Nothing,0.069103666,3.1952145
SYNEXP_01473,Google Study B,Google,0.09040255,3.701939
SYNEXP_01556,Google Study B,Google,0.20541371,3.3968663
SYNEXP_01620,Motorola Study A,Motorola,0.023265665,4.3405213
SYNEXP_03057,Realme Study B,Realme,0.47668898,3.0378172
GENV2_03887,iPhone 17,Apple,0.08137492,4.3881497
GENV2_03900,iPhone 16,Apple,0.2818706,4.1942997
GENV2_03952,iPhone 17 Pro Max,Apple,0.06768659,4.34847
GENV2_03999,iPhone 17 Pro Max,Apple,0.2251523,4.0686603
SYNEXP_00774,Realme GT 7,Realme,0.6786464,2.3346355
SYNEXP_00894,Find N5,OPPO,0.39815098,3.1408207
SYNEXP_01584,Motorola Study A,Motorola,0.18709318,3.3935483
SYNEXP_01870,Motorola Study B,Motorola,0.91816986,2.0550344
SYNEXP_02345,OPPO Study A,OPPO,0.35596308,3.2086089
SYNEXP_02758,OnePlus Study B,OnePlus,0.15206525,3.4052918
SYNEXP_03519,Xiaomi Study A,Xiaomi,0.16256551,3.299205
GENV2_00419,Pixel 10,Google,0.67408276,3.3312886
GENV2_00485,Motorola Edge 60 Pro,Motorola,0.63230085,3.4918778
GENV2_00628,Moto G Power 2025,Motorola,0.79530543,3.1588244
GENV2_00744,Moto G Power 2025,Motorola,0.538642,3.426142
GENV2_01731,iPhone 17,Apple,0.200788,3.9363408
GENV2_02079,Galaxy Z Flip7,Samsung,0.3331435,3.6104844
GENV2_03263,Realme GT 7 Pro,Realme,0.31875214,3.7333097
GENV2_03830,Galaxy S25 Ultra,Samsung,0.13367738,4.30571
SYNEXP_00181,Reno 13 Pro,OPPO,0.8497298,2.3777707
SYNEXP_00906,Find N5,OPPO,0.1511259,3.2896826
SYNEXP_01177,Apple Study B,Apple,0.54866993,2.9362872
SYNEXP_01231,Apple Study B,Apple,0.08765261,3.8916247
SYNEXP_01236,Apple Study B,Apple,0.021855284,4.3652697
SYNEXP_01573,Motorola Study A,Motorola,0.060627703,3.6676402
SYNEXP_03127,Realme Study B,Realme,0.09477944,3.291376
GENV2_00222,Galaxy A56 5G,Samsung,0.702658,3.35034
GENV2_00438,OnePlus 13T,OnePlus,0.6505082,3.3496742
GENV2_00648,Realme 14 Pro+,Realme,0.63794297,3.1030414
GENV2_01493,Realme GT 7 Pro,Realme,0.47587526,3.504618
GENV2_01758,Reno 13 Pro,OPPO,0.09645587,3.9820728
GENV2_02547,Realme GT 7 Pro,Realme,0.7003122,3.1811736
SYNEXP_01073,Apple Study A,Apple,0.1444891,4.0101933
SYNEXP_02294,OPPO Study A,OPPO,0.7010349,2.4566555
SYNEXP_02424,OPPO Study B,OPPO,0.05986427,3.7009993
SYNEXP_03475,Xiaomi Study A,Xiaomi,0.64118105,2.834428
GENV2_00166,iPhone 16e,Apple,0.9258225,2.5121224
GENV2_00511,Moto G Power 2025,Motorola,0.7690631,3.4157307
GENV2_01070,Motorola Edge 60 Pro,Motorola,0.8847569,3.2526116
GENV2_02001,Pixel 10 Pro XL,Google,0.17420459,3.8033266
GENV2_02781,Galaxy S26,Samsung,0.1958933,4.352762
SYNEXP_01134,Apple Study B,Apple,0.78803396,3.0828407
SYNEXP_01179,Apple Study B,Apple,0.7758016,2.5499427
SYNEXP_01424,Google Study B,Google,0.119769804,3.7357614
SYNEXP_01555,Google Study B,Google,0.6466143,2.3115098
SYNEXP_01564,Motorola Study A,Motorola,0.44937578,3.1894987
SYNEXP_01566,Motorola Study A,Motorola,0.8055941,2.3661704
SYNEXP_02214,OPPO Study A,OPPO,0.4341426,3.1172402
SYNEXP_02334,OPPO Study A,OPPO,0.7077144,2.4883554
SYNEXP_03128,Realme Study B,Realme,0.13297303,3.616574
GENV2_01459,Realme GT 7,Realme,0.27673614,3.827957
GENV2_01721,Razr 60 Ultra,Motorola,0.32088047,3.6529133
GENV2_01885,Realme 14 Pro+,Realme,0.25724554,3.9216042
GENV2_02503,Pixel 10,Google,0.2329809,3.7476306
GENV2_02543,OnePlus 13,OnePlus,0.21063007,4.192549
GENV2_02637,Find X8 Pro,OPPO,0.23289801,4.288911
GENV2_02638,Galaxy S26 Ultra,Samsung,0.07935996,4.1736174
GENV2_03201,Galaxy S26,Samsung,0.1653862,4.3267603
GENV2_03217,Razr 60 Ultra,Motorola,0.28511974,3.824201
GENV2_03701,Realme GT 7 Pro,Realme,0.23752382,4.088533
GENV2_03864,Realme 14 Pro+,Realme,0.041274875,4.656486
GENV2_03933,Galaxy S25 Ultra,Samsung,0.107937,4.620135
SYNEXP_00252,iPhone 17 Pro,Apple,0.8992025,2.044416
SYNEXP_01126,Apple Study B,Apple,0.40924323,3.123192
SYNEXP_02582,OnePlus Study A,OnePlus,0.1014339,3.63022
SYNEXP_03238,Samsung Study A,Samsung,0.06936442,4.202893
SYNEXP_03621,Xiaomi Study B,Xiaomi,0.6448854,2.9751365
GENV2_01488,Nothing Phone 3,Nothing,0.3411192,3.3522892
GENV2_01576,Razr 60 Ultra,Motorola,0.39173943,3.9250586
GENV2_02092,Realme GT 7 Pro,Realme,0.23459278,4.0501943
GENV2_02566,Pixel 10 Pro,Google,0.2480003,4.1509676
GENV2_03072,Nothing Phone 3,Nothing,0.04261891,4.6630034
GENV2_03990,iPhone 17 Pro Max,Apple,0.08130896,4.501272
GENV2_04176,Xiaomi 15 Ultra,Xiaomi,0.25483093,4.032262
SYNEXP_00002,Galaxy S25 Ultra,Samsung,0.69242966,2.54051
SYNEXP_00206,Galaxy A56 5G,Samsung,0.82154894,2.262329
SYNEXP_00237,iPhone 17 Pro,Apple,0.8660348,2.6910365
SYNEXP_01193,Apple Study B,Apple,0.95380247,1.7448859
SYNEXP_03121,Realme Study B,Realme,0.36406153,3.305781
GENV2_00144,Galaxy A56 5G,Samsung,0.8510552,3.0926414
GENV2_00407,Redmi Note 14 Pro+,Xiaomi,0.66037834,3.1749785
GENV2_00925,Galaxy Z Flip7,Samsung,0.52859485,3.2587311
GENV2_01492,iPhone 16,Apple,0.26156896,3.8700266
GENV2_01910,Realme GT 7,Realme,0.23401812,3.5100207
GENV2_02474,Galaxy Z Flip7,Samsung,0.225372,4.005875
GENV2_02829,Galaxy S26,Samsung,0.15847732,4.065363
GENV2_03551,iPhone 17 Pro,Apple,0.12215511,4.246817
GENV2_03736,Galaxy S26,Samsung,0.13794209,4.556477
GENV2_03865,Realme GT 7,Realme,0.1293514,4.352151
SYNEXP_02247,OPPO Study A,OPPO,0.25989288,3.509253
SYNEXP_02471,OPPO Study B,OPPO,0.13484116,3.721113
SYNEXP_02795,OnePlus Study B,OnePlus,0.012260841,4.604785
SYNEXP_02938,Realme Study A,Realme,0.10346102,3.7425373
SYNEXP_03421,Samsung Study B,Samsung,0.4447784,3.1785738
GENV2_00938,Pixel 10,Google,0.3025113,3.734836
GENV2_01518,Galaxy Z Flip7,Samsung,0.28808603,3.695626
GENV2_02305,Razr 60 Ultra,Motorola,0.20144647,3.8775148
GENV2_02486,Pixel 10 Pro XL,Google,0.14392044,4.2014403
GENV2_02788,Phone 3a Pro,Nothing,0.16818611,4.060424
SYNEXP_01811,Motorola Study B,Motorola,0.26884094,3.1608691
SYNEXP_02111,Nothing Study B,Nothing,0.17687349,4.1022153
SYNEXP_03515,Xiaomi Study A,Xiaomi,0.30878443,3.2602386
SYNEXP_03554,Xiaomi Study A,Xiaomi,0.026108522,4.672632
GENV2_01078,Xiaomi 15,Xiaomi,0.54232174,3.3577907
GENV2_01227,Pixel 10 Pro XL,Google,0.5458018,3.6774266
GENV2_02446,Galaxy Z Flip7,Samsung,0.1568574,4.3753705
GENV2_02773,Reno 13 Pro,OPPO,0.16888481,4.1748743
GENV2_04097,Galaxy S26 Ultra,Samsung,0.19105099,4.202068
SYNEXP_00734,Moto G Power 2025,Motorola,0.08240976,4.456157
SYNEXP_02534,OnePlus Study A,OnePlus,0.12780517,3.411819
SYNEXP_03033,Realme Study B,Realme,0.044220533,3.8085675
GENV2_01832,Reno 13 Pro,OPPO,0.12010052,4.411063
GENV2_02083,Phone 2a Plus,Nothing,0.32430294,3.4912071
GENV2_02484,Galaxy S26 Ultra,Samsung,0.36567426,4.2092767
GENV2_02814,Razr 60 Ultra,Motorola,0.031705134,4.431428
GENV2_03002,OnePlus 13R,OnePlus,0.4174265,3.3776426
GENV2_03579,Galaxy S26 Ultra,Samsung,0.12822148,4.450331
SYNEXP_00457,Phone 3a Pro,Nothing,0.28194514,3.4167597
SYNEXP_00747,Realme GT 7,Realme,0.31865275,3.0226548
SYNEXP_01481,Google Study B,Google,0.19805872,3.6160667
SYNEXP_01511,Google Study B,Google,0.7651675,2.5370412
SYNEXP_01887,Nothing Study A,Nothing,0.12215777,3.5944297
SYNEXP_02321,OPPO Study A,OPPO,0.21511514,3.642291
SYNEXP_02677,OnePlus Study B,OnePlus,0.008702885,4.4800286
SYNEXP_02965,Realme Study A,Realme,0.7086498,2.123042
SYNEXP_03143,Realme Study B,Realme,0.616501,2.7411234
SYNEXP_03306,Samsung Study A,Samsung,0.851491,2.6574576
GENV2_00074,Realme GT 7,Realme,0.4998577,3.3579059
GENV2_00077,Moto G Power 2025,Motorola,0.8256123,3.14695
GENV2_00325,Find N5,OPPO,0.34273723,3.1777442
GENV2_00348,Realme 14 Pro+,Realme,0.90977407,3.020623
GENV2_02043,Redmi Note 14 Pro+,Xiaomi,0.0072235083,4.1558514
GENV2_02288,Pixel 10 Pro XL,Google,0.11025041,4.458211
GENV2_02673,Phone 3a Pro,Nothing,0.1275845,4.2651854
GENV2_02685,Xiaomi 15,Xiaomi,0.15939134,4.188154
GENV2_03409,Galaxy S25 Ultra,Samsung,0.27184343,4.1100354
GENV2_03538,Redmi Note 14 Pro+,Xiaomi,0.33024952,3.590865
GENV2_03666,Phone 3a Pro,Nothing,0.17694679,3.7937138
GENV2_03961,iPhone 17 Pro Max,Apple,0.27075383,3.8901145
SYNEXP_00518,Nothing Phone 3,Nothing,0.62828994,2.9562867
SYNEXP_01365,Google Study A,Google,0.1633283,3.2278423
SYNEXP_01793,Motorola Study B,Motorola,0.26788986,2.8856514
SYNEXP_02964,Realme Study A,Realme,0.022780895,4.246007
SYNEXP_02966,Realme Study A,Realme,0.10746446,3.2954874
SYNEXP_03393,Samsung Study B,Samsung,0.11482883,3.795648
SYNEXP_03407,Samsung Study B,Samsung,0.41477692,3.2269113
GENV2_00067,iPhone 16e,Apple,0.7489978,3.017218
GENV2_00207,Find N5,OPPO,0.5015752,3.4651778
GENV2_01306,Nothing Phone 3,Nothing,0.3622645,3.813939
GENV2_01632,iPhone 16,Apple,0.2773685,3.834069
GENV2_02904,Pixel 10,Google,0.16937324,4.2513003
GENV2_03151,Phone 3a Pro,Nothing,0.1838665,4.205106
GENV2_03515,Find X8 Pro,OPPO,0.18997173,4.790342
GENV2_03625,Galaxy S26,Samsung,0.076099895,4.2813663
GENV2_03664,Galaxy S25 Ultra,Samsung,0.079851516,4.294923
SYNEXP_00111,Find X8 Pro,OPPO,0.13156685,3.262248
SYNEXP_01103,Apple Study B,Apple,0.068670504,3.9619708
SYNEXP_01254,Google Study A,Google,0.56696373,3.0537634
SYNEXP_01307,Google Study A,Google,0.2310168,3.4227362
SYNEXP_01736,Motorola Study B,Motorola,0.06799689,4.4054475
SYNEXP_02031,Nothing Study A,Nothing,0.02614444,4.885118
SYNEXP_02060,Nothing Study B,Nothing,0.045658894,4.612748
SYNEXP_02495,OPPO Study B,OPPO,0.12054618,3.930676
SYNEXP_03423,Samsung Study B,Samsung,0.87116665,1.9174587
SYNEXP_03687,Xiaomi Study B,Xiaomi,0.80933464,2.8693414
GENV2_00823,Moto G Power 2025,Motorola,0.55325824,2.9942076
GENV2_01399,Find X8 Pro,OPPO,0.2482556,3.9065285
GENV2_02176,iPhone 17 Pro,Apple,0.17274767,4.078535
GENV2_02186,Pixel 10 Pro XL,Google,0.049055137,4.6334887
GENV2_02313,Galaxy S25 Ultra,Samsung,0.1344914,4.0201406
GENV2_02678,Reno 13 Pro,OPPO,0.1392056,4.2070003
SYNEXP_01490,Google Study B,Google,0.9349572,1.6175505
SYNEXP_01833,Motorola Study B,Motorola,0.099299684,3.6860898
SYNEXP_02033,Nothing Study A,Nothing,0.96947676,1.4031695
GENV2_00833,Moto G Power 2025,Motorola,0.58097094,3.6983342
GENV2_01788,Pixel 10 Pro,Google,0.20915395,3.9286265
GENV2_01871,Galaxy Z Flip7,Samsung,0.008070118,3.2033236
GENV2_02277,Redmi Note 14 Pro+,Xiaomi,0.3348812,3.95932
GENV2_03439,Galaxy S25 Ultra,Samsung,0.036880203,4.2664833
GENV2_03562,OnePlus 13T,OnePlus,0.15024596,4.340149
GENV2_03823,iPhone 17 Pro,Apple,0.16387877,3.8304605
GENV2_04131,Pixel 10 Pro XL,Google,0.18227257,4.3035684
SYNEXP_01093,Apple Study B,Apple,0.06722245,3.5337412
SYNEXP_01788,Motorola Study B,Motorola,0.13989268,3.981111
SYNEXP_02026,Nothing Study A,Nothing,0.20068909,3.8708363
SYNEXP_02241,OPPO Study A,OPPO,0.71261555,2.5360441
SYNEXP_02252,OPPO Study A,OPPO,0.20185116,3.8775816
SYNEXP_02695,OnePlus Study B,OnePlus,0.11969752,3.8748865
SYNEXP_02835,Realme Study A,Realme,0.72615975,2.216309
GENV2_00666,Redmi Note 14 Pro+,Xiaomi,0.2058205,3.8923604
GENV2_00720,Razr 60 Ultra,Motorola,0.5652395,3.4123604
GENV2_01163,Nothing Phone 3,Nothing,0.49797836,3.5987494
GENV2_01457,Realme 14 Pro+,Realme,0.28815416,3.7144675
GENV2_01547,Xiaomi 15,Xiaomi,0.33780816,3.5296073
GENV2_01835,iPhone 16e,Apple,0.34329724,3.8365316
GENV2_02273,iPhone 17 Pro,Apple,0.09812533,4.327536
GENV2_03142,Galaxy S26 Ultra,Samsung,0.31282675,4.015295
SYNEXP_00648,Razr 60 Ultra,Motorola,0.023803132,4.31265
SYNEXP_01130,Apple Study B,Apple,0.10769587,3.6123135
SYNEXP_01284,Google Study A,Google,0.04864114,3.974095
SYNEXP_01393,Google Study A,Google,0.051955063,4.0284114
SYNEXP_01740,Motorola Study B,Motorola,0.23200597,3.1164641
SYNEXP_02335,OPPO Study A,OPPO,0.054379847,4.3680267
SYNEXP_02510,OPPO Study B,OPPO,0.3026861,3.4576936
SYNEXP_02803,OnePlus Study B,OnePlus,0.14417838,4.078249
SYNEXP_03634,Xiaomi Study B,Xiaomi,0.1578027,4.019827
GENV2_00231,iPhone 16e,Apple,0.7412394,2.9367893
GENV2_01109,Pixel 9a,Google,0.3840833,3.8269234
GENV2_01139,Find N5,OPPO,0.6335308,2.914198
GENV2_02218,OnePlus 13,OnePlus,0.03808254,4.2630687
GENV2_02568,Pixel 10 Pro XL,Google,0.16090761,4.245429
GENV2_02742,Galaxy S26 Ultra,Samsung,0.16739278,4.3938613
GENV2_03752,Find X8 Pro,OPPO,0.09124086,4.6392555
SYNEXP_00505,iPhone 17,Apple,0.77309346,2.5986574
SYNEXP_00808,Xiaomi 15 Ultra,Xiaomi,0.40360636,3.3963106
SYNEXP_00955,Apple Study A,Apple,0.23549344,3.6642184
SYNEXP_01172,Apple Study B,Apple,0.027842874,4.3572283
SYNEXP_01269,Google Study A,Google,0.3710482,3.2713263
SYNEXP_01743,Motorola Study B,Motorola,0.015473661,4.4776964
SYNEXP_02106,Nothing Study B,Nothing,0.60674417,2.688204
SYNEXP_03044,Realme Study B,Realme,0.41782087,2.9228525
SYNEXP_03195,Samsung Study A,Samsung,0.32629797,3.0581486
SYNEXP_03492,Xiaomi Study A,Xiaomi,0.34568393,3.6326632
SYNEXP_03628,Xiaomi Study B,Xiaomi,0.15718053,3.5841324
GENV2_00269,Razr 60 Ultra,Motorola,0.8255887,2.771837
GENV2_00652,Phone 2a Plus,Nothing,0.29429325,3.7307725
GENV2_01019,Realme 14 Pro+,Realme,0.5932554,3.1238139
GENV2_01072,iPhone 16e,Apple,0.90889263,2.7874486
GENV2_01117,Realme 14 Pro+,Realme,0.38779598,3.396884
GENV2_01190,Motorola Edge 60 Pro,Motorola,0.31813338,4.053181
GENV2_01212,Motorola Edge 60 Pro,Motorola,0.6818452,3.7391002
GENV2_01836,Reno 13 Pro,OPPO,0.2180552,3.7022543
GENV2_01923,Find N5,OPPO,0.23388134,3.9052825
GENV2_02121,Realme GT 7 Pro,Realme,0.17966245,3.53293
GENV2_02180,Xiaomi 15,Xiaomi,0.1832716,4.2223835
GENV2_02782,Xiaomi 15,Xiaomi,0.2142168,3.9943109
GENV2_04114,Galaxy S26 Ultra,Samsung,0.26102,3.7138777
SYNEXP_01031,Apple Study A,Apple,0.08437034,3.2074945
SYNEXP_01605,Motorola Study A,Motorola,0.0074878107,4.2447033
SYNEXP_03394,Samsung Study B,Samsung,0.05092556,4.462219
GENV2_00501,Phone 3a Pro,Nothing,0.6829815,3.303781
GENV2_01320,Galaxy A56 5G,Samsung,0.27377087,3.9732702
GENV2_02926,Find X8 Pro,OPPO,0.18897875,4.194693
GENV2_03055,OnePlus 13,OnePlus,0.20343497,4.4282484
GENV2_03395,Motorola Edge 60 Pro,Motorola,0.3573016,3.8031087
GENV2_03784,Pixel 10 Pro,Google,0.05839965,4.5383945
SYNEXP_01645,Motorola Study A,Motorola,0.11412471,3.6365983
SYNEXP_01956,Nothing Study A,Nothing,0.1189054,3.340883
SYNEXP_02756,OnePlus Study B,OnePlus,0.034546766,4.3899565
GENV2_00795,Nothing Phone 3,Nothing,0.49956492,3.4950454
GENV2_02442,iPhone 17 Pro,Apple,0.2518015,4.3578143
GENV2_03033,iPhone 17 Pro Max,Apple,0.03317887,4.9162493
GENV2_03480,Motorola Edge 60 Pro,Motorola,0.19890116,4.3367796
SYNEXP_00021,Galaxy S25 Ultra,Samsung,0.89929485,1.7304333
SYNEXP_00092,iPhone 16e,Apple,0.087466486,4.036865
SYNEXP_00280,Galaxy S26 Ultra,Samsung,0.009784038,4.6309156
SYNEXP_00890,Motorola Edge 60 Pro,Motorola,0.3993575,3.270434
SYNEXP_01531,Google Study B,Google,0.35340467,3.0345442
SYNEXP_01606,Motorola Study A,Motorola,0.32638332,3.2276947
SYNEXP_02635,OnePlus Study A,OnePlus,0.34305167,3.3633318
SYNEXP_03769,Xiaomi Study B,Xiaomi,0.7148883,2.1678731
GENV2_00987,Redmi Note 14 Pro+,Xiaomi,0.1710311,4.0478935
GENV2_01966,Motorola Edge 60 Pro,Motorola,0.01701729,4.087183
GENV2_02005,Pixel 10 Pro,Google,0.106998675,4.094628
GENV2_03309,Pixel 10 Pro XL,Google,0.073037945,4.975407
GENV2_03657,iPhone 17,Apple,0.42760727,3.676375
SYNEXP_00127,Find X8 Pro,OPPO,0.021751769,4.520784
SYNEXP_01010,Apple Study A,Apple,0.10831374,3.760872
SYNEXP_01163,Apple Study B,Apple,0.026621103,4.408336
SYNEXP_01232,Apple Study B,Apple,0.3871064,2.86071
SYNEXP_01693,Motorola Study A,Motorola,0.054641206,4.7314706
SYNEXP_02177,Nothing Study B,Nothing,0.12748581,3.6402023
SYNEXP_02245,OPPO Study A,OPPO,0.5921167,2.4512644
SYNEXP_03208,Samsung Study A,Samsung,0.14251254,3.656767
SYNEXP_03314,Samsung Study B,Samsung,0.20327258,3.3288713
SYNEXP_03679,Xiaomi Study B,Xiaomi,0.03456174,4.14748
GENV2_00184,Razr 60 Ultra,Motorola,0.7301676,3.6032236
GENV2_00563,Nothing Phone 3,Nothing,0.6932491,3.4084191
GENV2_00650,Redmi Note 14 Pro+,Xiaomi,0.6842291,3.2167015
GENV2_00804,Phone 2a Plus,Nothing,0.2668934,3.6310308
GENV2_00838,Realme GT 7,Realme,0.44429097,4.280115
GENV2_02690,OnePlus 13T,OnePlus,0.14600852,4.268463
GENV2_02691,Reno 13 Pro,OPPO,0.12494675,3.979717
GENV2_03461,iPhone 17 Pro Max,Apple,0.17746215,4.1589127
SYNEXP_00999,Apple Study A,Apple,0.031492442,4.5190854
SYNEXP_02054,Nothing Study B,Nothing,0.6480447,2.7880363
SYNEXP_02199,Nothing Study B,Nothing,0.30233327,3.52277
SYNEXP_02871,Realme Study A,Realme,0.022106608,3.9776251
SYNEXP_03567,Xiaomi Study A,Xiaomi,0.35425743,3.436851
GENV2_00290,Moto G Power 2025,Motorola,0.48702997,3.2364304
GENV2_01956,Pixel 9a,Google,0.45906094,3.5176063
GENV2_02441,Realme GT 7 Pro,Realme,0.105975956,4.452685
GENV2_02850,iPhone 16,Apple,0.13341548,4.3188386
GENV2_04098,Galaxy S26 Ultra,Samsung,0.29693305,3.7674696
SYNEXP_00538,Nothing Phone 3,Nothing,0.13626531,3.3718421
SYNEXP_00645,Razr 60 Ultra,Motorola,0.28639638,3.2938576
SYNEXP_00919,Find N5,OPPO,0.35536242,3.1539233
SYNEXP_00937,Apple Study A,Apple,0.6740319,2.9241078
SYNEXP_01085,Apple Study A,Apple,0.1445269,3.8135076
SYNEXP_01378,Google Study A,Google,0.19967523,3.811899
SYNEXP_01386,Google Study A,Google,0.46593252,3.1142128
SYNEXP_01548,Google Study B,Google,0.010412769,4.632527
SYNEXP_01617,Motorola Study A,Motorola,0.091474675,3.8785348
SYNEXP_01842,Motorola Study B,Motorola,0.107567705,3.794359
SYNEXP_01901,Nothing Study A,Nothing,0.7431614,3.2392185
SYNEXP_02624,OnePlus Study A,OnePlus,0.4913748,2.950941
SYNEXP_03150,Samsung Study A,Samsung,0.6675949,2.6970518
SYNEXP_03248,Samsung Study A,Samsung,0.74047637,3.0660124
SYNEXP_03365,Samsung Study B,Samsung,0.11064056,3.5000958
GENV2_00522,Galaxy A56 5G,Samsung,0.4972772,3.0400472
GENV2_01588,Phone 3a Pro,Nothing,0.24517217,3.3398824
GENV2_01704,OnePlus 13T,OnePlus,0.1665934,3.7760265
GENV2_02657,iPhone 16,Apple,0.12189595,3.8554916
GENV2_03332,iPhone 17,Apple,0.26487,4.020131
SYNEXP_00828,Realme 14 Pro+,Realme,0.17990746,3.7037852
SYNEXP_01228,Apple Study B,Apple,0.056641072,4.470815
SYNEXP_01972,Nothing Study A,Nothing,0.8680786,2.394685
SYNEXP_02256,OPPO Study A,OPPO,0.035014655,4.628177
SYNEXP_02273,OPPO Study A,OPPO,0.8857556,2.111901
SYNEXP_02468,OPPO Study B,OPPO,0.035196997,4.0139165
SYNEXP_02566,OnePlus Study A,OnePlus,0.75855047,2.7695913
GENV2_00969,Pixel 10,Google,0.8233894,3.2082396
GENV2_02207,Reno 13 Pro,OPPO,0.20560744,4.267535
GENV2_03307,iPhone 17 Pro,Apple,0.17724113,4.2754707
GENV2_03347,iPhone 16e,Apple,0.054397844,4.1877217
GENV2_04174,iPhone 17,Apple,0.06892346,4.79644
SYNEXP_01589,Motorola Study A,Motorola,0.086950324,3.713945
SYNEXP_02148,Nothing Study B,Nothing,0.36989936,3.7908032
SYNEXP_02680,OnePlus Study B,OnePlus,0.28440934,3.5563855
SYNEXP_03193,Samsung Study A,Samsung,0.26005656,3.2519915
SYNEXP_03450,Samsung Study B,Samsung,0.068183854,4.341072
SYNEXP_03528,Xiaomi Study A,Xiaomi,0.72246134,2.9704702
SYNEXP_03677,Xiaomi Study B,Xiaomi,0.021529341,4.5314283
GENV2_02902,OnePlus 13R,OnePlus,0.4269754,4.041673
GENV2_03300,Xiaomi 15 Ultra,Xiaomi,0.15772828,4.1914215
GENV2_03683,iPhone 17,Apple,0.11530233,4.5731225
SYNEXP_00537,Nothing Phone 3,Nothing,0.2754541,3.2119102
SYNEXP_01019,Apple Study A,Apple,0.653823,2.8322291
SYNEXP_01100,Apple Study B,Apple,0.07290497,3.9077396
SYNEXP_01655,Motorola Study A,Motorola,0.718543,2.2355585
SYNEXP_01754,Motorola Study B,Motorola,0.092288435,3.4626641
SYNEXP_02643,OnePlus Study A,OnePlus,0.06792662,4.1686068
GENV2_00361,Moto G Power 2025,Motorola,0.59223706,3.0854752
GENV2_00669,Realme GT 7,Realme,0.744084,2.9764798
GENV2_01260,iPhone 16e,Apple,0.7740663,3.4212108
GENV2_01424,Motorola Edge 60 Pro,Motorola,0.2437835,3.7589018
GENV2_01494,Realme 14 Pro+,Realme,0.41699582,3.6637352
GENV2_01927,Xiaomi 15 Ultra,Xiaomi,0.13888828,3.9497554
GENV2_02114,Xiaomi 15,Xiaomi,0.02257437,3.6769195
GENV2_02182,iPhone 17,Apple,0.59654623,2.9549165
GENV2_02646,Pixel 10 Pro XL,Google,0.2828361,3.752087
GENV2_04119,OnePlus 13,OnePlus,0.1695429,4.2269187
SYNEXP_00050,Pixel 10,Google,0.765079,2.3206832
SYNEXP_00668,Razr 60 Ultra,Motorola,0.7940696,2.3082118
GENV2_00029,Redmi Note 14 Pro+,Xiaomi,0.42170024,3.6528306
GENV2_00241,Pixel 9a,Google,0.93560004,2.0921872
GENV2_00342,Find N5,OPPO,0.95849156,2.414191
GENV2_00401,Moto G Power 2025,Motorola,0.82165074,3.111876
GENV2_01610,iPhone 16,Apple,0.27776948,3.9625802
GENV2_02858,Galaxy S25 Ultra,Samsung,0.083089784,4.617064
GENV2_02995,Realme GT 7 Pro,Realme,0.12259444,4.232483
GENV2_03303,Nothing Phone 3,Nothing,0.23642461,4.3072124
GENV2_03692,Find X8 Pro,OPPO,0.06992666,4.6139603
SYNEXP_00276,iPhone 17 Pro Max,Apple,0.16065904,3.1396346
SYNEXP_01066,Apple Study A,Apple,0.27074105,3.465041
SYNEXP_01562,Motorola Study A,Motorola,0.6816872,2.7581224
SYNEXP_02207,OPPO Study A,OPPO,0.20948702,3.7450688
SYNEXP_02524,OnePlus Study A,OnePlus,0.40412053,2.9628346
SYNEXP_02555,OnePlus Study A,OnePlus,0.3188764,3.6548426
SYNEXP_03618,Xiaomi Study B,Xiaomi,0.28865725,3.5474195
GENV2_00004,Moto G Power 2025,Motorola,0.7203423,2.6301548
GENV2_01024,Galaxy S26,Samsung,0.88764393,3.1652212
GENV2_01256,Pixel 10,Google,0.56792456,2.8936508
GENV2_01512,Pixel 9a,Google,0.49741557,3.4075701
GENV2_02051,iPhone 17,Apple,0.115527846,4.1571374
GENV2_02410,Pixel 10 Pro XL,Google,0.17560594,4.055751
GENV2_02900,Find X8 Pro,OPPO,0.18982121,4.1620774
GENV2_03626,iPhone 17 Pro,Apple,0.20861036,3.8522456
GENV2_03917,OnePlus 13,OnePlus,0.13955665,3.8221765
GENV2_04014,Galaxy S26 Ultra,Samsung,0.09570589,4.1184134
SYNEXP_00855,Motorola Edge 60 Pro,Motorola,0.5250764,3.0385396
SYNEXP_00982,Apple Study A,Apple,0.77363306,3.0334482
SYNEXP_01083,Apple Study A,Apple,0.021136086,4.5836177
SYNEXP_01139,Apple Study B,Apple,0.14948836,3.6014817
SYNEXP_01959,Nothing Study A,Nothing,0.08766424,3.9576678
SYNEXP_02464,OPPO Study B,OPPO,0.70151734,2.699195
GENV2_00462,Pixel 9a,Google,0.4757585,3.5354245
GENV2_00478,Pixel 9a,Google,0.6505496,3.5665288
GENV2_00971,Galaxy A56 5G,Samsung,0.5140272,3.7290976
GENV2_01164,iPhone 16e,Apple,0.42501143,3.9122589
GENV2_01708,Pixel 10 Pro XL,Google,0.22686203,3.9685452
GENV2_01764,Realme GT 7,Realme,0.31229207,3.5265915
GENV2_02744,Galaxy S26,Samsung,0.09339598,4.397045
GENV2_03310,Galaxy S25 Ultra,Samsung,0.16020356,4.327733
SYNEXP_00544,Nothing Phone 3,Nothing,0.43294433,3.3968427
SYNEXP_01135,Apple Study B,Apple,0.10442973,3.67352
SYNEXP_02007,Nothing Study A,Nothing,0.19513981,3.3968596
SYNEXP_03158,Samsung Study A,Samsung,0.06542056,4.0154877
SYNEXP_03644,Xiaomi Study B,Xiaomi,0.45799884,3.0767758
GENV2_00248,Phone 2a Plus,Nothing,0.92203814,2.1267705
GENV2_00641,Pixel 9a,Google,0.31346717,4.0324087
GENV2_01141,Galaxy A56 5G,Samsung,0.57027876,3.2473023
GENV2_01351,Motorola Edge 60 Pro,Motorola,0.6684791,3.1667633
GENV2_01979,Pixel 9a,Google,0.48546308,3.4156616
GENV2_02067,iPhone 16,Apple,0.3934028,3.9468532
GENV2_02997,iPhone 17 Pro Max,Apple,0.18806878,4.3435645
GENV2_03116,Motorola Edge 60 Pro,Motorola,0.20310448,3.50363
GENV2_03608,iPhone 17 Pro Max,Apple,0.2295268,3.8721607
GENV2_03697,Xiaomi 15 Ultra,Xiaomi,0.46668905,3.8327048
GENV2_03725,iPhone 17 Pro,Apple,0.13793567,4.0575423
GENV2_03904,Pixel 10,Google,0.092504285,4.5694904
SYNEXP_00853,Motorola Edge 60 Pro,Motorola,0.03442911,4.2823753
SYNEXP_03083,Realme Study B,Realme,0.11112974,3.4161952
GENV2_01015,Galaxy A56 5G,Samsung,0.77007586,3.258516
GENV2_01398,OnePlus 13R,OnePlus,0.5245743,3.6555545
GENV2_01440,OnePlus 13,OnePlus,0.48608986,3.5902894
GENV2_01861,Phone 2a Plus,Nothing,0.13456017,3.555063
GENV2_02082,Realme 14 Pro+,Realme,0.034367234,3.721656
GENV2_02333,OnePlus 13R,OnePlus,0.58797914,3.2768312
GENV2_02784,Nothing Phone 3,Nothing,0.038721852,4.433313
GENV2_02792,iPhone 17,Apple,0.10839533,4.3440332
GENV2_02966,iPhone 17,Apple,0.41952044,3.9791741
GENV2_03211,Xiaomi 15 Ultra,Xiaomi,0.2553458,4.1673803
GENV2_03568,Find X8 Pro,OPPO,0.16462253,4.346697
GENV2_03850,iPhone 17 Pro Max,Apple,0.077622235,4.6875186
GENV2_04015,iPhone 17 Pro Max,Apple,0.2005762,4.1966934
SYNEXP_00446,Phone 3a Pro,Nothing,0.16758065,3.566192
SYNEXP_02057,Nothing Study B,Nothing,0.45436794,3.14525
SYNEXP_02239,OPPO Study A,OPPO,0.061168935,4.343242
SYNEXP_02961,Realme Study A,Realme,0.016827408,4.208303
SYNEXP_03351,Samsung Study B,Samsung,0.03127507,4.292845
GENV2_01406,iPhone 17,Apple,0.18918996,4.1869197
GENV2_01812,Find N5,OPPO,0.3870864,3.661331
GENV2_03083,Nothing Phone 3,Nothing,0.29394862,3.577961
GENV2_04054,iPhone 17,Apple,0.384526,3.5770185
SYNEXP_00341,Xiaomi 15,Xiaomi,0.060014736,4.412142
SYNEXP_00996,Apple Study A,Apple,0.88726264,2.044578
SYNEXP_02185,Nothing Study B,Nothing,0.32383728,3.717229
SYNEXP_02222,OPPO Study A,OPPO,0.7451977,2.7400482
SYNEXP_03002,Realme Study B,Realme,0.64277923,2.870193
SYNEXP_03349,Samsung Study B,Samsung,0.09361928,3.8525474
SYNEXP_03468,Xiaomi Study A,Xiaomi,0.10366098,4.356939
SYNEXP_03622,Xiaomi Study B,Xiaomi,0.2163868,3.3604305
GENV2_00118,Moto G Power 2025,Motorola,0.62992066,2.8154018
GENV2_00255,Razr 60 Ultra,Motorola,0.74785924,3.0840108
GENV2_00388,Find N5,OPPO,0.5899778,3.4032416
GENV2_01942,Galaxy A56 5G,Samsung,0.17670698,3.7737334
GENV2_02021,Realme 14 Pro+,Realme,0.45493528,3.7774673
GENV2_02498,Pixel 10 Pro XL,Google,0.34331128,3.3616238
SYNEXP_00936,Apple Study A,Apple,0.54569423,3.2063105
SYNEXP_01017,Apple Study A,Apple,0.5710597,2.3544917
SYNEXP_01043,Apple Study A,Apple,0.15374406,3.3866622
SYNEXP_02433,OPPO Study B,OPPO,0.56832504,2.8191175
SYNEXP_02527,OnePlus Study A,OnePlus,0.19347653,3.2201056
SYNEXP_02661,OnePlus Study A,OnePlus,0.49014327,2.8130367
SYNEXP_03008,Realme Study B,Realme,0.09038706,3.4031122
SYNEXP_03037,Realme Study B,Realme,0.03502633,4.375544
SYNEXP_03698,Xiaomi Study B,Xiaomi,0.0453029,4.065071
GENV2_01375,Realme GT 7,Realme,0.7985103,3.1661017
GENV2_01647,Xiaomi 15,Xiaomi,0.12511696,4.2915907
GENV2_02049,Find X8 Pro,OPPO,0.1868378,4.015427
GENV2_03572,iPhone 17 Pro Max,Apple,0.13432208,4.262471
GENV2_03590,iPhone 17,Apple,0.02766928,4.799987
SYNEXP_00094,iPhone 16e,Apple,0.8593144,2.8994951
SYNEXP_00769,Realme GT 7,Realme,0.27496713,3.2541578
SYNEXP_00786,Xiaomi 15 Ultra,Xiaomi,0.47046408,3.1568882
SYNEXP_00899,Find N5,OPPO,0.41167915,3.3608036
SYNEXP_01270,Google Study A,Google,0.6332801,2.521742
SYNEXP_01330,Google Study A,Google,0.032935835,3.5671737
SYNEXP_01804,Motorola Study B,Motorola,0.1732295,3.1145043
SYNEXP_02860,Realme Study A,Realme,0.5737269,2.4817195
SYNEXP_03028,Realme Study B,Realme,0.009218241,4.8896446
SYNEXP_03228,Samsung Study A,Samsung,0.47947523,3.3209045
SYNEXP_03300,Samsung Study A,Samsung,0.04771596,4.1459327
SYNEXP_03467,Xiaomi Study A,Xiaomi,0.039752446,4.0381517
SYNEXP_03732,Xiaomi Study B,Xiaomi,0.04294915,3.780123
SYNEXP_03761,Xiaomi Study B,Xiaomi,0.043048978,4.363283
GENV2_01028,Razr 60 Ultra,Motorola,0.19173606,3.9030411
GENV2_01850,Phone 3a Pro,Nothing,0.18082081,4.1815853
GENV2_02368,Galaxy S26,Samsung,0.16995366,4.0670333
GENV2_02497,Pixel 9a,Google,0.19839585,3.9713767
GENV2_02963,OnePlus 13T,OnePlus,0.12215294,4.450433
SYNEXP_00187,Galaxy A56 5G,Samsung,0.18207994,3.4970672
SYNEXP_00852,Motorola Edge 60 Pro,Motorola,0.55736524,2.6260297
SYNEXP_00971,Apple Study A,Apple,0.16298302,3.7091084
SYNEXP_01056,Apple Study A,Apple,0.91845465,1.6178097
SYNEXP_01783,Motorola Study B,Motorola,0.77721846,2.9236386
SYNEXP_02305,OPPO Study A,OPPO,0.0080259945,4.465671
SYNEXP_02651,OnePlus Study A,OnePlus,0.027077096,4.429024
SYNEXP_02683,OnePlus Study B,OnePlus,0.85270065,1.7190487
GENV2_00313,Realme 14 Pro+,Realme,0.48677278,3.365812
GENV2_00474,Razr 60 Ultra,Motorola,0.19986303,4.1535316
GENV2_00994,iPhone 16e,Apple,0.6599967,3.7057319
GENV2_01725,Galaxy A56 5G,Samsung,0.18475439,3.9280193
GENV2_02296,Realme GT 7 Pro,Realme,0.118116215,3.946312
GENV2_02390,iPhone 17,Apple,0.12005115,4.5553703
GENV2_02623,Find X8 Pro,OPPO,0.1859863,4.4106913
GENV2_02925,Galaxy S26,Samsung,0.08822007,4.3908243
GENV2_03046,Galaxy S25 Ultra,Samsung,0.12365981,4.5537663
GENV2_03210,Xiaomi 15,Xiaomi,0.15758637,4.380401
GENV2_03873,Galaxy S25 Ultra,Samsung,0.15876667,4.490076
SYNEXP_00297,iPhone 16,Apple,0.5220154,3.0023587
SYNEXP_00331,Xiaomi 15,Xiaomi,0.11471818,3.6723819
SYNEXP_00983,Apple Study A,Apple,0.28229475,3.4793785
SYNEXP_02158,Nothing Study B,Nothing,0.20031247,3.475515
SYNEXP_02165,Nothing Study B,Nothing,0.37792656,3.0924206
SYNEXP_02753,OnePlus Study B,OnePlus,0.17192021,4.437542
SYNEXP_03120,Realme Study B,Realme,0.1124343,3.5746706
SYNEXP_03462,Xiaomi Study A,Xiaomi,0.029081082,4.6066117
GENV2_00130,Razr 60 Ultra,Motorola,0.28832722,3.433894
GENV2_00142,Galaxy Z Flip7,Samsung,0.610134,3.2401183
GENV2_00374,Galaxy A56 5G,Samsung,0.6465766,3.6806514
GENV2_00629,Phone 2a Plus,Nothing,0.5080714,3.347617
GENV2_01220,Pixel 10,Google,0.53332144,3.455355
GENV2_02339,Realme GT 7,Realme,0.49038216,3.6043434
GENV2_02986,Find X8 Pro,OPPO,0.20028259,4.434671
GENV2_03611,Xiaomi 15,Xiaomi,0.08100544,4.8657794
GENV2_03807,Xiaomi 15,Xiaomi,0.031818684,4.694697
SYNEXP_00968,Apple Study A,Apple,0.031199418,4.6440916
SYNEXP_00984,Apple Study A,Apple,0.19970748,3.16194
SYNEXP_01455,Google Study B,Google,0.37460995,3.1005473
SYNEXP_02697,OnePlus Study B,OnePlus,0.3307562,3.1324587
SYNEXP_03686,Xiaomi Study B,Xiaomi,0.06977072,4.0028434
GENV2_01250,Pixel 10,Google,0.27551678,4.400676
GENV2_01827,OnePlus 13T,OnePlus,0.0067545194,4.136314
GENV2_02093,Pixel 10 Pro,Google,0.02143029,4.1108575
GENV2_03578,Galaxy S25 Ultra,Samsung,0.19410798,4.2413864
GENV2_04011,Xiaomi 15 Ultra,Xiaomi,0.14263487,4.3559384
SYNEXP_02620,OnePlus Study A,OnePlus,0.02782643,4.6847973
SYNEXP_03035,Realme Study B,Realme,0.103476875,3.4218228
SYNEXP_03627,Xiaomi Study B,Xiaomi,0.13370226,3.544046
GENV2_02923,iPhone 17 Pro,Apple,0.009664966,4.440575
GENV2_03566,Galaxy S26 Ultra,Samsung,0.10733889,4.1259775
SYNEXP_02463,OPPO Study B,OPPO,0.16092767,3.6652052
SYNEXP_02997,Realme Study B,Realme,0.423161,3.430181
SYNEXP_03745,Xiaomi Study B,Xiaomi,0.9311669,1.5849853
GENV2_01090,iPhone 16e,Apple,0.83070636,2.946878
GENV2_01521,iPhone 16e,Apple,0.013900699,3.683695
GENV2_01679,Galaxy Z Flip7,Samsung,0.18322285,3.7385385
GENV2_02711,iPhone 17,Apple,0.4399624,3.7068133
GENV2_03148,Razr 60 Ultra,Motorola,0.1158585,4.638105
GENV2_03360,Galaxy S26,Samsung,0.14151107,4.6606674
GENV2_04197,Pixel 10 Pro XL,Google,0.3376768,4.057251
SYNEXP_00364,OnePlus 13R,OnePlus,0.74664956,2.475677
SYNEXP_02182,Nothing Study B,Nothing,0.7186823,3.1177406
SYNEXP_02873,Realme Study A,Realme,0.8990838,1.6230005
SYNEXP_03216,Samsung Study A,Samsung,0.7341599,1.9559345
GENV2_01360,iPhone 16e,Apple,0.8422251,3.2152247
GENV2_02040,Realme GT 7 Pro,Realme,0.10503765,3.7857878
GENV2_02211,Redmi Note 14 Pro+,Xiaomi,0.19739355,4.2673755
SYNEXP_00077,Realme GT 7 Pro,Realme,0.028843459,4.303238
SYNEXP_00488,Redmi Note 14 Pro+,Xiaomi,0.51518464,2.7763133
SYNEXP_00835,Realme 14 Pro+,Realme,0.44115797,2.7629373
SYNEXP_00870,Motorola Edge 60 Pro,Motorola,0.6399294,2.6722033
SYNEXP_01792,Motorola Study B,Motorola,0.33190456,3.1799483
SYNEXP_02050,Nothing Study B,Nothing,0.3878022,3.343822
SYNEXP_03241,Samsung Study A,Samsung,0.2703112,3.542861
GENV2_00203,Redmi Note 14 Pro+,Xiaomi,0.4431486,3.5052497
GENV2_00244,Pixel 10,Google,0.69922584,3.557068
GENV2_00663,Pixel 9a,Google,0.21989161,3.9754908
GENV2_00890,Phone 2a Plus,Nothing,0.9327775,2.8342602
GENV2_01968,Motorola Edge 60 Pro,Motorola,0.18959896,4.122822
GENV2_03314,Pixel 10 Pro,Google,0.13393076,4.1328287
GENV2_03871,Xiaomi 15,Xiaomi,0.14051704,4.5041285
SYNEXP_00611,OnePlus 13T,OnePlus,0.66304564,2.0689878
SYNEXP_00615,OnePlus 13T,OnePlus,0.032757454,3.66562
SYNEXP_01033,Apple Study A,Apple,0.7766357,1.9153531
SYNEXP_02603,OnePlus Study A,OnePlus,0.07806492,3.8379767
GENV2_00271,Galaxy Z Flip7,Samsung,0.60929424,3.037838
GENV2_01444,Realme 14 Pro+,Realme,0.28253275,3.179476
GENV2_02363,Pixel 10 Pro XL,Google,0.12984568,4.0581107
GENV2_03959,Galaxy S25 Ultra,Samsung,0.07770978,4.749555
GENV2_04036,Galaxy S26 Ultra,Samsung,0.29494053,3.8542256
SYNEXP_00045,Pixel 10,Google,0.41283697,3.1034772
SYNEXP_00112,Find X8 Pro,OPPO,0.43518505,3.2199209
SYNEXP_00515,iPhone 17,Apple,0.014030804,4.531993
SYNEXP_00768,Realme GT 7,Realme,0.63061017,3.0036218
SYNEXP_01155,Apple Study B,Apple,0.057829898,3.6058216
SYNEXP_01461,Google Study B,Google,0.17930101,3.4437447
SYNEXP_01930,Nothing Study A,Nothing,0.24934633,3.2649195
SYNEXP_01955,Nothing Study A,Nothing,0.12044926,3.7368042
SYNEXP_02037,Nothing Study A,Nothing,0.7117798,2.6803074
SYNEXP_02913,Realme Study A,Realme,0.6435457,3.080345
SYNEXP_03483,Xiaomi Study A,Xiaomi,0.8715376,2.226745
SYNEXP_03693,Xiaomi Study B,Xiaomi,0.120194115,3.8225658
GENV2_00064,Find N5,OPPO,0.76674575,3.2453809
GENV2_00454,Find N5,OPPO,0.6803708,3.0516677
GENV2_01059,OnePlus 13R,OnePlus,0.4536331,3.2102306
GENV2_02038,Find N5,OPPO,0.42264044,3.602155
GENV2_02706,Realme GT 7,Realme,0.305937,4.150017
GENV2_02873,Xiaomi 15,Xiaomi,0.11698137,4.540227
GENV2_03588,OnePlus 13,OnePlus,0.0323159,4.128546
SYNEXP_00327,Xiaomi 15,Xiaomi,0.17397155,3.5790174
SYNEXP_00374,Pixel 10 Pro XL,Google,0.12608078,3.9466763
SYNEXP_00463,Phone 3a Pro,Nothing,0.2138694,3.452657
SYNEXP_00526,Nothing Phone 3,Nothing,0.033301346,4.376191
SYNEXP_01143,Apple Study B,Apple,0.04176292,4.4266043
SYNEXP_02484,OPPO Study B,OPPO,0.09156217,3.3747153
SYNEXP_03003,Realme Study B,Realme,0.802479,2.6546075
SYNEXP_03199,Samsung Study A,Samsung,0.65047264,2.8870463
SYNEXP_03321,Samsung Study B,Samsung,0.05535629,4.077189
GENV2_00053,Pixel 10,Google,0.7007342,3.0311189
GENV2_00484,Phone 2a Plus,Nothing,0.6494189,3.0876312
GENV2_03734,Galaxy S25 Ultra,Samsung,0.2845726,3.8936622
GENV2_04185,Xiaomi 15,Xiaomi,0.16210718,4.4928246
SYNEXP_00308,iPhone 16,Apple,0.22722599,3.8159978
SYNEXP_00441,Phone 3a Pro,Nothing,0.13403493,3.9406672
SYNEXP_00809,Xiaomi 15 Ultra,Xiaomi,0.1574291,3.5985386
SYNEXP_01096,Apple Study B,Apple,0.045867685,4.71537
SYNEXP_01115,Apple Study B,Apple,0.11147052,3.9162133
SYNEXP_01323,Google Study A,Google,0.035957545,4.6994147
SYNEXP_01826,Motorola Study B,Motorola,0.06491818,3.8177075
SYNEXP_02761,OnePlus Study B,OnePlus,0.0023913158,5.0
SYNEXP_02824,OnePlus Study B,OnePlus,0.751958,2.5481174
SYNEXP_03557,Xiaomi Study A,Xiaomi,0.68433565,3.0450125
GENV2_00338,Razr 60 Ultra,Motorola,0.9138188,2.6765165
GENV2_01168,Realme GT 7 Pro,Realme,0.76042265,3.3406856
GENV2_02718,Realme GT 7,Realme,0.18963613,4.0695877
GENV2_02740,Realme GT 7,Realme,0.029096805,4.536745
GENV2_03547,OnePlus 13,OnePlus,0.2747891,3.760973
GENV2_03603,Pixel 10 Pro,Google,0.1663315,4.2594457
GENV2_04003,OnePlus 13T,OnePlus,0.3877448,4.0537195
GENV2_04028,iPhone 17 Pro Max,Apple,0.201806,4.3391275
SYNEXP_00194,Galaxy A56 5G,Samsung,0.40231436,2.9531858
SYNEXP_00961,Apple Study A,Apple,0.2576276,3.4331944
SYNEXP_01138,Apple Study B,Apple,0.058668006,3.858339
SYNEXP_01273,Google Study A,Google,0.10571472,3.9377213
SYNEXP_01862,Motorola Study B,Motorola,0.84808165,2.2314274
SYNEXP_02808,OnePlus Study B,OnePlus,0.10605466,3.2101827
SYNEXP_03556,Xiaomi Study A,Xiaomi,0.1041852,4.4567266
GENV2_00146,Galaxy Z Flip7,Samsung,0.6622497,3.579203
GENV2_00752,Realme 14 Pro+,Realme,0.74031,3.2880216
GENV2_01073,iPhone 16,Apple,0.6565724,3.376371
GENV2_02266,Xiaomi 15 Ultra,Xiaomi,0.49259996,3.5747938
GENV2_02371,Pixel 10 Pro,Google,0.1750277,3.5173118
GENV2_02667,Pixel 10 Pro XL,Google,0.07523626,4.251455
GENV2_02807,Realme GT 7,Realme,0.19641268,3.817692
GENV2_03011,Xiaomi 15 Ultra,Xiaomi,0.5938383,3.6654427
SYNEXP_00046,Pixel 10,Google,0.070519924,3.8155422
SYNEXP_01425,Google Study B,Google,0.22520469,3.178383
SYNEXP_01976,Nothing Study A,Nothing,0.046572063,4.236411
SYNEXP_02668,OnePlus Study A,OnePlus,0.07865554,3.5810256
SYNEXP_02968,Realme Study A,Realme,0.66234666,2.1763575
SYNEXP_03234,Samsung Study A,Samsung,0.10201766,3.2072382
GENV2_00354,Galaxy Z Flip7,Samsung,0.93033075,2.531998
GENV2_01887,OnePlus 13R,OnePlus,0.18750742,4.027768
GENV2_03163,Reno 13 Pro,OPPO,0.18535416,4.258079
GENV2_04001,iPhone 17 Pro Max,Apple,0.26973528,3.918423
SYNEXP_00671,Razr 60 Ultra,Motorola,0.15848027,3.7939928
SYNEXP_00992,Apple Study A,Apple,0.093303405,3.6468456
SYNEXP_01597,Motorola Study A,Motorola,0.60727996,2.6733465
SYNEXP_01874,Nothing Study A,Nothing,0.1294086,3.8488045
SYNEXP_01964,Nothing Study A,Nothing,0.23065394,3.285433
SYNEXP_02351,OPPO Study A,OPPO,0.27040952,3.322535
SYNEXP_02754,OnePlus Study B,OnePlus,0.1865916,3.504951
GENV2_00226,Razr 60 Ultra,Motorola,0.49584508,3.4542572
GENV2_01771,Realme GT 7,Realme,0.2834018,3.267501
GENV2_01808,Motorola Edge 60 Pro,Motorola,0.28077853,4.0269966
GENV2_02150,Reno 13 Pro,OPPO,0.22709638,3.437917
GENV2_02154,OnePlus 13T,OnePlus,0.115745224,4.122972
GENV2_03656,Razr 60 Ultra,Motorola,0.15735997,4.344976
SYNEXP_00054,Pixel 10,Google,0.6678386,2.6238406
SYNEXP_02469,OPPO Study B,OPPO,0.28567508,2.9250164
SYNEXP_02477,OPPO Study B,OPPO,0.348979,2.8501785
SYNEXP_02930,Realme Study A,Realme,0.7980044,2.4622097
SYNEXP_03276,Samsung Study A,Samsung,0.625965,2.9998899
GENV2_00122,iPhone 16e,Apple,0.78390574,2.8279586
GENV2_00329,Realme 14 Pro+,Realme,0.67623925,3.1631474
GENV2_00953,Galaxy A56 5G,Samsung,0.95681864,2.5234418
GENV2_01361,Galaxy S26,Samsung,0.73693854,3.0536177
GENV2_01753,iPhone 16,Apple,0.28584018,3.9304638
GENV2_02705,iPhone 17 Pro,Apple,0.13297185,4.2173653
SYNEXP_00134,Find X8 Pro,OPPO,0.1896188,3.198852
SYNEXP_00509,iPhone 17,Apple,0.6833216,2.8522282
SYNEXP_00721,Moto G Power 2025,Motorola,0.27239743,2.9178689
SYNEXP_01157,Apple Study B,Apple,0.17383085,3.484195
SYNEXP_02009,Nothing Study A,Nothing,0.056015726,3.6563058
SYNEXP_02271,OPPO Study A,OPPO,0.19761986,3.4826298
SYNEXP_02903,Realme Study A,Realme,0.33613437,3.1138706
SYNEXP_03371,Samsung Study B,Samsung,0.70054436,2.8175402
SYNEXP_03736,Xiaomi Study B,Xiaomi,0.54233134,3.1174269
GENV2_00358,Find N5,OPPO,0.69293296,3.290246
GENV2_00931,Moto G Power 2025,Motorola,0.70245314,3.1185944
GENV2_01579,Phone 3a Pro,Nothing,0.13600676,4.162943
GENV2_01707,Pixel 9a,Google,0.26292288,3.6428502
GENV2_02615,Pixel 10,Google,0.10286834,4.010219
GENV2_03670,Pixel 10 Pro,Google,0.14672115,4.5460105
GENV2_03987,iPhone 17 Pro,Apple,0.22775441,4.2121086
SYNEXP_01008,Apple Study A,Apple,0.029649513,4.3080072
SYNEXP_01235,Apple Study B,Apple,0.17114823,3.6298225
SYNEXP_01368,Google Study A,Google,0.07287611,4.3512173
SYNEXP_01486,Google Study B,Google,0.12026474,3.801375
SYNEXP_02210,OPPO Study A,OPPO,0.1748415,3.5820034
SYNEXP_02331,OPPO Study A,OPPO,0.5200489,2.6947782
SYNEXP_02499,OPPO Study B,OPPO,0.2687377,3.5172718
GENV2_00980,OnePlus 13T,OnePlus,0.4914451,3.5553696
GENV2_01033,iPhone 16e,Apple,0.5213729,3.4098299
GENV2_01511,Razr 60 Ultra,Motorola,0.2673341,3.9027338
GENV2_01804,Realme GT 7 Pro,Realme,0.24545112,3.9044783
GENV2_01990,Phone 3a Pro,Nothing,0.11921811,4.3119845
GENV2_02476,OnePlus 13T,OnePlus,0.11097226,4.736769
GENV2_03021,Realme GT 7 Pro,Realme,0.1244062,4.3039923
GENV2_04073,Xiaomi 15,Xiaomi,0.13539393,3.804303
SYNEXP_00379,Pixel 10 Pro XL,Google,0.08617214,3.662913
SYNEXP_00551,Pixel 9a,Google,0.14177702,3.9667332
SYNEXP_01281,Google Study A,Google,0.23318072,3.146762
SYNEXP_01290,Google Study A,Google,0.44344485,3.1925004
SYNEXP_01474,Google Study B,Google,0.22412242,3.7126558
SYNEXP_02049,Nothing Study B,Nothing,0.061707295,3.8138938
SYNEXP_02342,OPPO Study A,OPPO,0.2781476,3.4621851
SYNEXP_02389,OPPO Study B,OPPO,0.018830381,3.9204009
SYNEXP_03124,Realme Study B,Realme,0.14314279,3.9413128
SYNEXP_03405,Samsung Study B,Samsung,0.8796604,2.0331082
GENV2_00148,Phone 3a Pro,Nothing,0.54576737,3.412533
GENV2_00246,Phone 2a Plus,Nothing,0.9745026,2.2270923
GENV2_00347,Pixel 10,Google,0.5815603,3.6193519
GENV2_00680,Realme GT 7,Realme,0.29395398,3.8672082
GENV2_01191,Realme 14 Pro+,Realme,0.47268212,3.6039197
GENV2_01637,Phone 2a Plus,Nothing,0.35383534,3.8543034
GENV2_02946,Redmi Note 14 Pro+,Xiaomi,0.18451957,4.358838
GENV2_03028,Reno 13 Pro,OPPO,0.20056368,4.4834733
GENV2_03237,Pixel 10 Pro XL,Google,0.08256328,4.1167626
GENV2_03801,iPhone 16,Apple,0.4113093,3.6641335
SYNEXP_01258,Google Study A,Google,0.39776093,3.1393418
SYNEXP_01746,Motorola Study B,Motorola,0.072354905,3.6505985
SYNEXP_02159,Nothing Study B,Nothing,0.10172476,3.7852607
SYNEXP_02614,OnePlus Study A,OnePlus,0.0824429,3.940044
GENV2_00605,Moto G Power 2025,Motorola,0.46078026,2.8265212
GENV2_00620,Phone 2a Plus,Nothing,0.40217122,3.3775485
GENV2_00809,Motorola Edge 60 Pro,Motorola,0.31149313,3.6421256
GENV2_01779,Realme GT 7,Realme,0.17736048,4.2525935
GENV2_02160,Realme GT 7 Pro,Realme,0.25140345,3.8627415
GENV2_02386,Pixel 10 Pro,Google,0.19877256,3.9838865
GENV2_02801,OnePlus 13R,OnePlus,0.015409749,4.4298015
GENV2_03661,iPhone 17 Pro,Apple,0.2064061,4.078275
SYNEXP_00011,Galaxy S25 Ultra,Samsung,0.29844353,3.9011006
SYNEXP_02195,Nothing Study B,Nothing,0.016432764,4.283434
SYNEXP_02552,OnePlus Study A,OnePlus,0.3914854,3.3656986
SYNEXP_02819,OnePlus Study B,OnePlus,0.17241485,3.1883712
SYNEXP_03580,Xiaomi Study A,Xiaomi,0.43479973,2.9906614
GENV2_00283,Moto G Power 2025,Motorola,0.73596007,2.5102777
GENV2_00834,Realme 14 Pro+,Realme,0.80815023,3.507341
GENV2_01413,Realme GT 7,Realme,0.11763248,3.6447282
GENV2_02595,Phone 2a Plus,Nothing,0.2350535,3.6002085
GENV2_02799,OnePlus 13,OnePlus,0.16107814,4.406991
GENV2_03005,iPhone 17 Pro,Apple,0.06756862,4.5627623
GENV2_03514,Galaxy S25 Ultra,Samsung,0.20318928,3.993669
SYNEXP_01250,Google Study A,Google,0.02707771,4.37584
SYNEXP_01429,Google Study B,Google,0.15972684,2.8980172
SYNEXP_01674,Motorola Study A,Motorola,0.84760004,2.2671916
SYNEXP_02281,OPPO Study A,OPPO,0.16815124,3.52307
SYNEXP_02453,OPPO Study B,OPPO,0.2557931,3.0518613
SYNEXP_02613,OnePlus Study A,OnePlus,0.0798198,4.9272366
GENV2_00360,iPhone 16e,Apple,0.5673025,3.6672106
GENV2_01553,iPhone 17,Apple,0.3388218,3.7626803
GENV2_02000,Reno 13 Pro,OPPO,0.4695414,3.626685
GENV2_02851,OnePlus 13,OnePlus,0.22938962,4.0411363
GENV2_03544,Galaxy S25 Ultra,Samsung,0.2755087,4.351956
GENV2_03607,Galaxy S26 Ultra,Samsung,0.4592394,3.8188534
SYNEXP_02144,Nothing Study B,Nothing,0.14668025,3.037464
SYNEXP_02240,OPPO Study A,OPPO,0.025428874,4.2678323
SYNEXP_03547,Xiaomi Study A,Xiaomi,0.44180137,2.5871372
GENV2_00040,Razr 60 Ultra,Motorola,0.42225266,3.7313864
GENV2_00425,Realme 14 Pro+,Realme,0.688772,3.1429663
GENV2_01568,Galaxy A56 5G,Samsung,0.17575556,3.6690288
GENV2_02644,Galaxy S26 Ultra,Samsung,0.1134276,4.5229955
SYNEXP_00084,Realme GT 7 Pro,Realme,0.22283241,3.2917144
SYNEXP_00176,Reno 13 Pro,OPPO,0.9316476,2.128363
SYNEXP_00635,OnePlus 13T,OnePlus,0.112914525,3.3870895
SYNEXP_01090,Apple Study B,Apple,0.8552838,2.1773741
SYNEXP_02085,Nothing Study B,Nothing,0.3143257,3.3932085
SYNEXP_02153,Nothing Study B,Nothing,0.055368047,3.67068
SYNEXP_03465,Xiaomi Study A,Xiaomi,0.85442406,2.7817109
SYNEXP_03695,Xiaomi Study B,Xiaomi,0.47567493,3.2146852
GENV2_00014,Razr 60 Ultra,Motorola,0.5637292,3.8505623
GENV2_00692,Find N5,OPPO,0.6060276,3.088217
GENV2_01713,iPhone 16,Apple,0.13463296,3.9067667
GENV2_02041,Realme GT 7 Pro,Realme,0.14523365,4.1298757
GENV2_02700,Nothing Phone 3,Nothing,0.1626571,4.1181684
GENV2_03287,Galaxy S26 Ultra,Samsung,0.43699616,3.7231193
SYNEXP_00267,iPhone 17 Pro Max,Apple,0.51887363,3.2356448
SYNEXP_00881,Motorola Edge 60 Pro,Motorola,0.19174793,2.9996417
SYNEXP_02039,Nothing Study A,Nothing,0.2660938,3.1813087
SYNEXP_02688,OnePlus Study B,OnePlus,0.15245585,3.2455783
SYNEXP_02764,OnePlus Study B,OnePlus,0.45559096,3.1367188
GENV2_00742,Realme GT 7 Pro,Realme,0.49187964,3.680069
GENV2_01907,iPhone 16,Apple,0.30314028,3.7891502
GENV2_02316,Find N5,OPPO,0.17933293,3.895132
GENV2_03853,iPhone 17 Pro,Apple,0.17707694,4.054114
GENV2_03876,iPhone 17 Pro,Apple,0.12069223,4.5483575
SYNEXP_00266,iPhone 17 Pro Max,Apple,0.2684472,3.094717
SYNEXP_00978,Apple Study A,Apple,0.028744236,4.5851893
GENV2_00448,Pixel 9a,Google,0.25926083,3.6214724
GENV2_02008,OnePlus 13,OnePlus,0.2794617,3.9634495
GENV2_02555,OnePlus 13T,OnePlus,0.07933254,4.6395874
GENV2_02652,Realme 14 Pro+,Realme,0.18683587,4.1289973
GENV2_03026,Xiaomi 15,Xiaomi,0.18257682,3.8310113
GENV2_04074,iPhone 17 Pro,Apple,0.061975967,4.784153
SYNEXP_00244,iPhone 17 Pro,Apple,0.61590415,2.5786772
SYNEXP_00270,iPhone 17 Pro Max,Apple,0.8784462,1.8131467
SYNEXP_01643,Motorola Study A,Motorola,0.64069,2.72729
SYNEXP_03350,Samsung Study B,Samsung,0.1335113,3.7648802
SYNEXP_03537,Xiaomi Study A,Xiaomi,0.055134192,4.381287
GENV2_00693,iPhone 16e,Apple,0.49058613,3.631975
GENV2_02530,Phone 2a Plus,Nothing,0.28072736,4.000647
GENV2_02881,Pixel 10 Pro XL,Google,0.15268862,4.589577
GENV2_03371,Pixel 10 Pro XL,Google,0.27069777,3.5634997
GENV2_04084,Realme GT 7,Realme,0.16883396,4.3189015
SYNEXP_00369,Pixel 10 Pro XL,Google,0.72516704,2.3034048
SYNEXP_00926,Apple Study A,Apple,0.28728756,3.5171533
SYNEXP_01308,Google Study A,Google,0.839219,1.9316195
SYNEXP_01758,Motorola Study B,Motorola,0.6042345,2.9649248
SYNEXP_02343,OPPO Study A,OPPO,0.4085217,3.3350549
SYNEXP_02585,OnePlus Study A,OnePlus,0.6039649,2.3262925
GENV2_00135,Phone 3a Pro,Nothing,0.9035754,2.7958422
GENV2_01344,Realme GT 7,Realme,0.6441298,4.014337
GENV2_01370,Xiaomi 15,Xiaomi,0.7485011,3.4224782
GENV2_02679,Realme GT 7,Realme,0.45915905,3.7089572
GENV2_03828,Xiaomi 15,Xiaomi,0.29896566,3.8315907
SYNEXP_02738,OnePlus Study B,OnePlus,0.113971874,4.3233986
SYNEXP_02800,OnePlus Study B,OnePlus,0.68202513,2.802127
SYNEXP_03342,Samsung Study B,Samsung,0.2238767,3.448268
GENV2_01616,Realme 14 Pro+,Realme,0.15261847,4.015572
GENV2_01638,Reno 13 Pro,OPPO,0.071992524,4.407882
GENV2_02567,Redmi Note 14 Pro+,Xiaomi,0.24535552,3.9312708
GENV2_03007,OnePlus 13R,OnePlus,0.24830897,4.2649503
GENV2_03870,iPhone 17 Pro Max,Apple,0.43596208,3.826268
GENV2_03902,Galaxy S26,Samsung,0.08390308,4.7847347
SYNEXP_02395,OPPO Study B,OPPO,0.11111773,3.4427493
SYNEXP_02617,OnePlus Study A,OnePlus,0.03252871,4.200807
SYNEXP_02743,OnePlus Study B,OnePlus,0.09285234,3.4682648
SYNEXP_03301,Samsung Study A,Samsung,0.28975192,2.9874434
GENV2_00678,Realme GT 7,Realme,0.33695602,3.556185
GENV2_01323,OnePlus 13R,OnePlus,0.1096472,4.4263277
GENV2_01338,Nothing Phone 3,Nothing,0.6820985,3.4753363
GENV2_01523,Find X8 Pro,OPPO,0.4838756,3.149768
GENV2_02728,Pixel 10 Pro,Google,0.24153881,4.10159
GENV2_02749,OnePlus 13,OnePlus,0.36300114,3.7719727
GENV2_02813,Galaxy S26,Samsung,0.13090497,4.293576
GENV2_02975,OnePlus 13R,OnePlus,0.6134353,3.6412728
GENV2_03221,Nothing Phone 3,Nothing,0.07357977,4.352641
GENV2_03350,Galaxy Z Flip7,Samsung,0.018336397,4.404302
SYNEXP_00212,OnePlus 13,OnePlus,0.2305636,3.6782794
SYNEXP_00656,Razr 60 Ultra,Motorola,0.6688585,2.6924782
SYNEXP_00931,Apple Study A,Apple,0.06049212,3.7158775
SYNEXP_01522,Google Study B,Google,0.17681704,3.5629785
SYNEXP_02476,OPPO Study B,OPPO,0.89418036,1.8502716
SYNEXP_02539,OnePlus Study A,OnePlus,0.21128735,3.7758222
SYNEXP_02737,OnePlus Study B,OnePlus,0.44497004,3.2821927
GENV2_00011,Phone 2a Plus,Nothing,0.68376213,2.1565685
GENV2_00378,iPhone 16,Apple,0.44871968,3.4877672
GENV2_01003,Realme 14 Pro+,Realme,0.47123677,3.378053
GENV2_02107,Pixel 10,Google,0.12224408,4.3215475
GENV2_02117,Realme 14 Pro+,Realme,0.41305986,3.5033073
GENV2_02436,Razr 60 Ultra,Motorola,0.71338767,3.151337
GENV2_03267,Motorola Edge 60 Pro,Motorola,0.02400603,4.837984
GENV2_03570,iPhone 17 Pro Max,Apple,0.039321758,4.585712
GENV2_03979,iPhone 17 Pro Max,Apple,0.46596327,4.0001307
GENV2_04173,Galaxy S25 Ultra,Samsung,0.54615045,3.417734
SYNEXP_01044,Apple Study A,Apple,0.37064978,3.2243156
SYNEXP_01372,Google Study A,Google,0.016759712,4.5341377
SYNEXP_03079,Realme Study B,Realme,0.061898224,4.1996803
GENV2_00274,Pixel 10 Pro XL,Google,0.39817306,3.3921592
GENV2_00743,Realme 14 Pro+,Realme,0.47993165,3.6036637
GENV2_01787,iPhone 16,Apple,0.29539478,3.9525247
GENV2_02802,Galaxy S26,Samsung,0.14445813,4.4569283
GENV2_02806,Find X8 Pro,OPPO,0.13764088,3.9856374
GENV2_03180,iPhone 17,Apple,0.17984663,4.2996864
GENV2_03764,Xiaomi 15 Ultra,Xiaomi,0.23118307,4.049008
SYNEXP_01289,Google Study A,Google,0.14830083,3.2619443
SYNEXP_01784,Motorola Study B,Motorola,0.18120824,3.7768683
SYNEXP_02024,Nothing Study A,Nothing,0.07980885,3.8966901
GENV2_00104,Realme 14 Pro+,Realme,0.9338852,2.7966223
GENV2_00249,Find N5,OPPO,0.8886505,3.0265923
GENV2_01654,iPhone 16,Apple,0.16178653,4.1247797
GENV2_01943,Pixel 9a,Google,0.20017272,3.8380284
GENV2_02133,Phone 3a Pro,Nothing,0.10239202,4.21559
GENV2_02598,iPhone 17 Pro Max,Apple,0.15829854,3.9365997
GENV2_02616,Pixel 10 Pro XL,Google,0.39164785,3.5848756
GENV2_02961,OnePlus 13R,OnePlus,0.45263287,3.9613495
GENV2_03631,iPhone 17 Pro Max,Apple,0.13455942,4.1607857
GENV2_04104,Pixel 10 Pro,Google,0.16480526,4.297806
SYNEXP_00353,OnePlus 13R,OnePlus,0.29460245,3.2141104
SYNEXP_00927,Apple Study A,Apple,0.4514913,2.9775658
SYNEXP_01557,Google Study B,Google,0.13125713,3.8569636
SYNEXP_01602,Motorola Study A,Motorola,0.22951606,3.9705029
SYNEXP_01657,Motorola Study A,Motorola,0.13398284,4.189369
SYNEXP_01962,Nothing Study A,Nothing,0.66739243,2.4495385
SYNEXP_01966,Nothing Study A,Nothing,0.052284338,4.1128945
SYNEXP_02529,OnePlus Study A,OnePlus,0.9368293,1.609099
SYNEXP_02568,OnePlus Study A,OnePlus,0.09372228,3.543717
SYNEXP_02811,OnePlus Study B,OnePlus,0.3005518,3.1421292
GENV2_00280,Redmi Note 14 Pro+,Xiaomi,0.41635743,3.7169623
GENV2_00457,Moto G Power 2025,Motorola,0.75327843,3.069173
GENV2_01491,OnePlus 13R,OnePlus,0.35849807,3.5556355
GENV2_01580,OnePlus 13R,OnePlus,0.2770296,4.09928
GENV2_02397,Phone 2a Plus,Nothing,0.25699136,3.9411626
GENV2_02430,Phone 3a Pro,Nothing,0.29264203,3.979475
GENV2_02448,Reno 13 Pro,OPPO,0.11295025,4.3857927
GENV2_02837,Xiaomi 15 Ultra,Xiaomi,0.53040314,3.5291433
GENV2_03649,Galaxy S25 Ultra,Samsung,0.056717608,4.3374805
GENV2_04156,Galaxy S25 Ultra,Samsung,0.199562,4.223821
GENV2_04165,Galaxy S26 Ultra,Samsung,0.13359931,4.3671055
SYNEXP_00923,Apple Study A,Apple,0.29697296,3.275959
SYNEXP_02386,OPPO Study B,OPPO,0.048964866,3.9609325
SYNEXP_02621,OnePlus Study A,OnePlus,0.085555285,4.0864897
SYNEXP_03397,Samsung Study B,Samsung,0.108799964,4.275621
GENV2_00228,Moto G Power 2025,Motorola,0.84056985,2.494328
GENV2_00333,Galaxy Z Flip7,Samsung,0.89829946,2.8406796
GENV2_00866,iPhone 16e,Apple,0.6447651,3.123288
GENV2_01595,Find X8 Pro,OPPO,0.43242872,3.5932257
GENV2_01604,Motorola Edge 60 Pro,Motorola,0.28583226,3.6149478
GENV2_01714,iPhone 16e,Apple,0.34103948,3.0778618
GENV2_02037,iPhone 16,Apple,0.21316172,3.6932187
GENV2_02081,Razr 60 Ultra,Motorola,0.3524889,3.9634874
GENV2_03017,iPhone 16,Apple,0.25911403,4.0546837
SYNEXP_00339,Xiaomi 15,Xiaomi,0.73052114,2.7914562
SYNEXP_00484,Redmi Note 14 Pro+,Xiaomi,0.024502957,4.1073575
SYNEXP_00554,Pixel 9a,Google,0.12974454,3.469196
SYNEXP_00749,Realme GT 7,Realme,0.19522475,3.8007963
SYNEXP_02810,OnePlus Study B,OnePlus,0.09520846,3.8346462
SYNEXP_03399,Samsung Study B,Samsung,0.7316847,2.7539213
GENV2_00502,Moto G Power 2025,Motorola,0.4663424,3.3478644
GENV2_02629,Realme GT 7,Realme,0.5121316,3.5642703
GENV2_02877,iPhone 16,Apple,0.4266311,3.5842416
GENV2_02981,Pixel 10,Google,0.0984943,4.3658195
SYNEXP_00059,Realme GT 7 Pro,Realme,0.4230996,3.1191585
SYNEXP_01541,Google Study B,Google,0.05750784,3.7076557
SYNEXP_02940,Realme Study A,Realme,0.10318303,3.203949
SYNEXP_02949,Realme Study A,Realme,0.015439326,4.1545486
SYNEXP_03055,Realme Study B,Realme,0.88927174,1.527393
SYNEXP_03227,Samsung Study A,Samsung,0.27662185,3.4931376
SYNEXP_03662,Xiaomi Study B,Xiaomi,0.55642253,2.786114
GENV2_00403,iPhone 16,Apple,0.3922286,3.6746304
GENV2_00736,Pixel 10,Google,0.8704282,2.7225099
GENV2_02036,Reno 13 Pro,OPPO,0.51946676,3.4711196
GENV2_02336,Xiaomi 15 Ultra,Xiaomi,0.06733179,4.1950474
GENV2_02665,Nothing Phone 3,Nothing,0.22883661,4.401299
GENV2_03179,iPhone 17 Pro Max,Apple,0.15660216,4.40019
GENV2_03926,Galaxy S26,Samsung,0.047135647,4.556416
GENV2_04194,Galaxy S26 Ultra,Samsung,0.28006104,4.2355156
SYNEXP_00074,Realme GT 7 Pro,Realme,0.019389588,4.0484796
SYNEXP_00485,Redmi Note 14 Pro+,Xiaomi,0.69465953,2.5993369
SYNEXP_00570,Pixel 9a,Google,0.06607193,4.0296845
SYNEXP_01706,Motorola Study A,Motorola,0.31160828,3.294275
SYNEXP_01935,Nothing Study A,Nothing,0.4659406,3.17931
SYNEXP_02176,Nothing Study B,Nothing,0.6755011,2.7981782
SYNEXP_03005,Realme Study B,Realme,0.02000367,4.734109
SYNEXP_03482,Xiaomi Study A,Xiaomi,0.48052925,3.146479
SYNEXP_03577,Xiaomi Study A,Xiaomi,0.24409035,3.3933578
GENV2_01102,Phone 2a Plus,Nothing,0.6724812,3.0389016
GENV2_01477,iPhone 16e,Apple,0.26581398,3.9045064
GENV2_02029,Phone 3a Pro,Nothing,0.110049866,3.9445863
GENV2_02320,Nothing Phone 3,Nothing,0.23111601,3.7082803
GENV2_02549,OnePlus 13,OnePlus,0.23467347,3.262871
GENV2_02787,Galaxy S26 Ultra,Samsung,0.08614515,4.310828
GENV2_03259,Nothing Phone 3,Nothing,0.38350502,3.6717432
SYNEXP_00066,Realme GT 7 Pro,Realme,0.15036687,3.687878
SYNEXP_00337,Xiaomi 15,Xiaomi,0.70100194,2.8150375
SYNEXP_00639,Razr 60 Ultra,Motorola,0.068680204,3.686679
SYNEXP_01404,Google Study A,Google,0.7578809,2.9755516
SYNEXP_02073,Nothing Study B,Nothing,0.06649675,3.9442737
SYNEXP_02088,Nothing Study B,Nothing,0.14807901,3.0961037
SYNEXP_02284,OPPO Study A,OPPO,0.13896361,3.4657998
SYNEXP_02452,OPPO Study B,OPPO,0.17062761,3.887226
SYNEXP_02505,OPPO Study B,OPPO,0.6005752,2.9801285
SYNEXP_02589,OnePlus Study A,OnePlus,0.018920343,4.534401
SYNEXP_02837,Realme Study A,Realme,0.10918612,4.0218997
GENV2_00111,Realme GT 7 Pro,Realme,0.38545975,3.4580252
GENV2_00242,Find N5,OPPO,0.49182242,3.4349282
GENV2_01577,Xiaomi 15 Ultra,Xiaomi,0.25073895,3.7359977
GENV2_01742,Moto G Power 2025,Motorola,0.26934072,3.6394222
GENV2_01755,iPhone 17 Pro,Apple,0.26090914,3.7496693
GENV2_01950,Pixel 10,Google,0.17879601,3.8397486
GENV2_02098,Find X8 Pro,OPPO,0.26866394,3.977098
GENV2_02769,Nothing Phone 3,Nothing,0.043482,4.476751
GENV2_03400,Realme GT 7 Pro,Realme,0.09565136,4.275486
GENV2_03852,OnePlus 13R,OnePlus,0.07468139,4.474715
SYNEXP_00360,OnePlus 13R,OnePlus,0.13217199,3.771542
SYNEXP_01275,Google Study A,Google,0.16947433,3.6430678
SYNEXP_02166,Nothing Study B,Nothing,0.0609463,4.0218863
GENV2_00644,Galaxy A56 5G,Samsung,0.90320474,2.1391997
GENV2_01242,Phone 2a Plus,Nothing,0.36400193,3.5721874
GENV2_01353,Motorola Edge 60 Pro,Motorola,0.87768924,3.268229
GENV2_01358,Pixel 10 Pro XL,Google,0.5088894,3.697161
GENV2_01545,Xiaomi 15 Ultra,Xiaomi,0.40925005,3.6731167
GENV2_02312,OnePlus 13R,OnePlus,0.23063555,4.0610147
GENV2_03035,Pixel 10 Pro XL,Google,0.20945422,4.0540724
GENV2_03147,Motorola Edge 60 Pro,Motorola,0.3154171,3.8677075
GENV2_03183,iPhone 17 Pro,Apple,0.14150064,4.2821965
GENV2_03292,Pixel 10 Pro XL,Google,0.08418972,4.699078
GENV2_03809,Pixel 10 Pro XL,Google,0.027266383,4.782077
GENV2_04184,iPhone 17 Pro,Apple,0.17686038,4.3229103
SYNEXP_02801,OnePlus Study B,OnePlus,0.023432229,4.3510823
SYNEXP_03019,Realme Study B,Realme,0.64910674,2.742871
SYNEXP_03072,Realme Study B,Realme,0.040341284,4.5892057
GENV2_00412,Phone 2a Plus,Nothing,0.52952325,3.3285847
GENV2_00531,Pixel 10,Google,0.48029777,3.6623716
GENV2_00778,iPhone 16,Apple,0.69682527,3.435561
GENV2_00811,Galaxy Z Flip7,Samsung,0.6069914,3.3058968
GENV2_00815,Pixel 10,Google,0.4119943,3.1861598
GENV2_00952,iPhone 16e,Apple,0.21881221,4.100203
GENV2_01160,Find N5,OPPO,0.6603114,3.5257115
GENV2_01427,OnePlus 13,OnePlus,0.5387272,3.2203467
GENV2_01862,Find N5,OPPO,0.1531408,3.4877653
GENV2_03489,Xiaomi 15 Ultra,Xiaomi,0.51414305,3.7342865
GENV2_03609,iPhone 17 Pro Max,Apple,0.07408006,4.5413804
GENV2_03695,Galaxy S25 Ultra,Samsung,0.18920681,4.2179456
SYNEXP_00137,Find X8 Pro,OPPO,0.7931242,1.6067568
SYNEXP_00381,Pixel 10 Pro XL,Google,0.10308614,3.772896
SYNEXP_02336,OPPO Study A,OPPO,0.39828372,3.6284583
SYNEXP_02598,OnePlus Study A,OnePlus,0.20565757,3.437422
SYNEXP_02623,OnePlus Study A,OnePlus,0.09670171,4.2904544
SYNEXP_03242,Samsung Study A,Samsung,0.58255494,2.9174955
SYNEXP_03734,Xiaomi Study B,Xiaomi,0.099373214,3.799747
GENV2_00117,iPhone 16e,Apple,0.5809303,3.6800406
GENV2_00828,Razr 60 Ultra,Motorola,0.6401723,3.2898579
GENV2_01425,Pixel 10 Pro XL,Google,0.14932783,3.684981
GENV2_01972,Realme 14 Pro+,Realme,0.13696344,3.770551
GENV2_02078,OnePlus 13,OnePlus,0.31593564,3.6853507
GENV2_02100,Redmi Note 14 Pro+,Xiaomi,0.2072172,4.1566973
GENV2_03463,Galaxy S25 Ultra,Samsung,0.12847674,4.4174457
GENV2_04013,Galaxy A56 5G,Samsung,0.18231697,4.3276944
SYNEXP_00566,Pixel 9a,Google,0.50011736,3.3101144
SYNEXP_01215,Apple Study B,Apple,0.75158304,2.5101087
SYNEXP_01680,Motorola Study A,Motorola,0.37435493,2.6482427
SYNEXP_02413,OPPO Study B,OPPO,0.16877653,3.6321318
SYNEXP_03303,Samsung Study A,Samsung,0.3615351,3.0087817
GENV2_00149,Moto G Power 2025,Motorola,0.8243065,2.6172168
GENV2_03193,iPhone 17 Pro Max,Apple,0.14515889,4.1914496
SYNEXP_00018,Galaxy S25 Ultra,Samsung,0.73121387,2.1380427
SYNEXP_00751,Realme GT 7,Realme,0.014914936,4.709341
SYNEXP_01042,Apple Study A,Apple,0.08438506,3.715354
SYNEXP_02186,Nothing Study B,Nothing,0.042006753,4.035865
SYNEXP_02515,OPPO Study B,OPPO,0.038171496,3.8243134
SYNEXP_02820,OnePlus Study B,OnePlus,0.05712536,4.1399894
SYNEXP_02856,Realme Study A,Realme,0.5977828,2.4612546
SYNEXP_03163,Samsung Study A,Samsung,0.017567802,4.4815464
GENV2_00098,Phone 2a Plus,Nothing,0.8631875,2.3581717
GENV2_00168,Phone 2a Plus,Nothing,0.6085802,2.558333
GENV2_00708,Pixel 10 Pro XL,Google,0.65551764,3.1875718
GENV2_01304,OnePlus 13R,OnePlus,0.15010022,4.1297693
GENV2_01310,iPhone 16e,Apple,0.5568204,2.8441443
GENV2_03742,Realme GT 7 Pro,Realme,0.2197199,3.7004473
SYNEXP_00499,iPhone 17,Apple,0.14913471,3.89796
SYNEXP_00727,Moto G Power 2025,Motorola,0.7196907,2.9616845
SYNEXP_02733,OnePlus Study B,OnePlus,0.03307001,3.9848518
SYNEXP_02791,OnePlus Study B,OnePlus,0.078549646,4.1483774
SYNEXP_03336,Samsung Study B,Samsung,0.10999873,3.4882946
GENV2_00038,iPhone 16e,Apple,0.6553992,2.645019
GENV2_01693,Galaxy Z Flip7,Samsung,0.5070543,3.0856576
GENV2_01806,OnePlus 13R,OnePlus,0.47687244,3.1862793
GENV2_02239,iPhone 16,Apple,0.077381596,4.2040024
GENV2_02440,Reno 13 Pro,OPPO,0.1951809,3.885777
GENV2_02579,OnePlus 13T,OnePlus,0.48749685,3.598266
SYNEXP_00063,Realme GT 7 Pro,Realme,0.23181549,3.789014
SYNEXP_00336,Xiaomi 15,Xiaomi,0.09944647,4.0573325
SYNEXP_02921,Realme Study A,Realme,0.033682037,4.315158
GENV2_00771,Galaxy Z Flip7,Samsung,0.45109016,3.2429352
GENV2_00879,Galaxy A56 5G,Samsung,0.84124774,2.8554854
GENV2_01137,Realme GT 7 Pro,Realme,0.22576465,3.7926958
GENV2_01569,OnePlus 13T,OnePlus,0.2980514,3.0727148
GENV2_02034,iPhone 17 Pro Max,Apple,0.19979662,3.9915624
GENV2_02375,iPhone 16,Apple,0.27245337,3.8235934
GENV2_02580,iPhone 17 Pro,Apple,0.29854715,3.6966298
GENV2_03204,Realme GT 7,Realme,0.223147,3.9887989
GENV2_03765,iPhone 17 Pro,Apple,0.1530374,4.209712
SYNEXP_00317,Xiaomi 15,Xiaomi,0.79835564,2.6966426
SYNEXP_00682,Phone 2a Plus,Nothing,0.83852875,2.1281464
SYNEXP_00815,Xiaomi 15 Ultra,Xiaomi,0.16225587,3.9915285
SYNEXP_01212,Apple Study B,Apple,0.044930015,3.9720001
SYNEXP_01380,Google Study A,Google,0.032964356,4.077627
SYNEXP_01727,Motorola Study B,Motorola,0.121334285,3.7659287
SYNEXP_02041,Nothing Study A,Nothing,0.016363267,4.6566925
SYNEXP_03264,Samsung Study A,Samsung,0.5846799,2.993703
GENV2_00126,Moto G Power 2025,Motorola,0.93512875,2.680778
GENV2_00543,Razr 60 Ultra,Motorola,0.44590777,3.7374728
GENV2_01002,iPhone 16,Apple,0.54007745,3.5870533
GENV2_01007,iPhone 17,Apple,0.18150719,4.1081343
GENV2_01856,Motorola Edge 60 Pro,Motorola,0.45590395,3.9200928
GENV2_02173,OnePlus 13T,OnePlus,0.28888935,3.8529558
GENV2_04151,Motorola Edge 60 Pro,Motorola,0.029733658,4.5085545
SYNEXP_00030,Pixel 10,Google,0.52783805,2.9335277
SYNEXP_00224,OnePlus 13,OnePlus,0.7866562,2.6432498
SYNEXP_00773,Realme GT 7,Realme,0.14901456,3.0805821
SYNEXP_01559,Motorola Study A,Motorola,0.07843074,4.0278835
SYNEXP_02160,Nothing Study B,Nothing,0.7876347,2.2717729
SYNEXP_02521,OnePlus Study A,OnePlus,0.19773823,3.3491807
GENV2_00923,Redmi Note 14 Pro+,Xiaomi,0.54237205,3.5789576
GENV2_01036,Galaxy Z Flip7,Samsung,0.24203339,3.9605134
GENV2_01454,Pixel 9a,Google,0.5177119,2.9538636
GENV2_01594,Nothing Phone 3,Nothing,0.3042769,3.5883157
GENV2_01858,Phone 3a Pro,Nothing,0.15901394,3.6421292
GENV2_01954,Realme 14 Pro+,Realme,0.24830247,4.0239797
GENV2_03109,iPhone 17,Apple,0.462736,2.9440641
GENV2_03181,Realme GT 7 Pro,Realme,0.12465394,3.6880145
GENV2_03458,Pixel 10 Pro XL,Google,0.15725711,4.2587805
SYNEXP_00245,iPhone 17 Pro,Apple,0.07254965,3.9502256
SYNEXP_00637,Razr 60 Ultra,Motorola,0.13614386,3.7116144
SYNEXP_00695,Phone 2a Plus,Nothing,0.09652525,4.2975287
SYNEXP_00829,Realme 14 Pro+,Realme,0.034352377,3.5840986
SYNEXP_01775,Motorola Study B,Motorola,0.28085336,3.479264
SYNEXP_01917,Nothing Study A,Nothing,0.04507995,4.5254436
SYNEXP_03026,Realme Study B,Realme,0.7106921,2.48299
SYNEXP_03232,Samsung Study A,Samsung,0.04387456,4.0144525
SYNEXP_03569,Xiaomi Study A,Xiaomi,0.7697665,2.844872
GENV2_00346,Realme GT 7 Pro,Realme,0.5919154,3.4706147
GENV2_01501,OnePlus 13T,OnePlus,0.2175748,3.8946962
GENV2_02188,Pixel 10 Pro XL,Google,0.11986926,4.29369
GENV2_02362,iPhone 16,Apple,0.30441478,3.6184127
GENV2_02524,Galaxy S25 Ultra,Samsung,0.5504621,3.8366668
GENV2_03266,Realme GT 7 Pro,Realme,0.5221237,3.425973
GENV2_03301,Realme GT 7 Pro,Realme,0.20667034,4.000083
GENV2_03340,iPhone 17,Apple,0.063194744,3.7859235
GENV2_03983,OnePlus 13T,OnePlus,0.14756209,4.156611
GENV2_03995,OnePlus 13T,OnePlus,0.6199983,3.6968532
GENV2_04019,iPhone 17,Apple,0.307517,4.0099044
GENV2_04025,Xiaomi 15 Ultra,Xiaomi,0.40806425,3.631166
SYNEXP_01057,Apple Study A,Apple,0.59703577,2.923433
SYNEXP_02046,Nothing Study B,Nothing,0.08613288,3.883439
SYNEXP_03588,Xiaomi Study A,Xiaomi,0.22058082,3.9075425
GENV2_00614,Moto G Power 2025,Motorola,0.86308604,2.9879887
GENV2_01431,Redmi Note 14 Pro+,Xiaomi,0.19332224,4.1944323
SYNEXP_00164,Reno 13 Pro,OPPO,0.26763016,3.3150482
SYNEXP_00863,Motorola Edge 60 Pro,Motorola,0.92445517,1.7262784
SYNEXP_02574,OnePlus Study A,OnePlus,0.029711504,4.254814
SYNEXP_03358,Samsung Study B,Samsung,0.60572386,2.7248216
SYNEXP_03751,Xiaomi Study B,Xiaomi,0.37321085,3.3414383
GENV2_01266,iPhone 16e,Apple,0.23638372,3.8330622
GENV2_02113,Nothing Phone 3,Nothing,0.31312898,3.6229722
GENV2_02551,Pixel 9a,Google,0.23253396,4.0602045
GENV2_02635,Motorola Edge 60 Pro,Motorola,0.28643852,4.01241
SYNEXP_00665,Razr 60 Ultra,Motorola,0.090841174,4.084505
SYNEXP_00782,Xiaomi 15 Ultra,Xiaomi,0.60724485,2.9261985
SYNEXP_00794,Xiaomi 15 Ultra,Xiaomi,0.22745639,3.7750976
SYNEXP_01656,Motorola Study A,Motorola,0.23669529,3.5995665
SYNEXP_02727,OnePlus Study B,OnePlus,0.1499821,3.634722
SYNEXP_03288,Samsung Study A,Samsung,0.86867434,1.5590723
GENV2_00196,Phone 2a Plus,Nothing,0.54696333,3.0484922
GENV2_00356,Galaxy Z Flip7,Samsung,0.680354,2.9604754
GENV2_00435,Realme GT 7,Realme,0.6014021,3.406929
GENV2_00960,Galaxy A56 5G,Samsung,0.6128852,3.414687
GENV2_01205,Galaxy Z Flip7,Samsung,0.47886014,3.6128888
GENV2_01920,iPhone 17 Pro,Apple,0.13951813,4.297022
GENV2_02475,Find X8 Pro,OPPO,0.44895065,3.6394446
GENV2_03318,Nothing Phone 3,Nothing,0.23486648,4.123609
SYNEXP_00044,Pixel 10,Google,0.01954877,4.6071916
SYNEXP_00959,Apple Study A,Apple,0.83655024,1.9302828
SYNEXP_02048,Nothing Study B,Nothing,0.044273727,3.9667404
SYNEXP_02630,OnePlus Study A,OnePlus,0.13105804,3.726252
SYNEXP_02681,OnePlus Study B,OnePlus,0.06479481,3.713582
SYNEXP_03103,Realme Study B,Realme,0.8385356,2.1001878
SYNEXP_03430,Samsung Study B,Samsung,0.15780811,3.9556873
GENV2_00138,Redmi Note 14 Pro+,Xiaomi,0.912037,2.760841
GENV2_02085,Pixel 10,Google,0.26186514,4.1743355
GENV2_03089,Motorola Edge 60 Pro,Motorola,0.33426723,3.4463794
SYNEXP_03453,Samsung Study B,Samsung,0.21988967,3.1287963
GENV2_00939,Xiaomi 15,Xiaomi,0.41791412,3.5665903
GENV2_02130,iPhone 17,Apple,0.2341928,3.7161772
GENV2_02434,Pixel 10 Pro,Google,0.09761784,4.098077
GENV2_02842,Pixel 10 Pro XL,Google,0.0922252,4.222634
GENV2_03738,OnePlus 13,OnePlus,0.13991195,4.2006555
GENV2_03910,Galaxy S25 Ultra,Samsung,0.30669725,4.320918
SYNEXP_00103,iPhone 16e,Apple,0.7685506,2.2851405
SYNEXP_00148,Galaxy S26,Samsung,0.81505436,2.314723
SYNEXP_01367,Google Study A,Google,0.11181432,3.3688521
SYNEXP_01513,Google Study B,Google,0.5770539,2.7926855
SYNEXP_01670,Motorola Study A,Motorola,0.3194219,3.7171836
SYNEXP_01975,Nothing Study A,Nothing,0.07602087,3.9954898
SYNEXP_02430,OPPO Study B,OPPO,0.59548604,2.776489
SYNEXP_02716,OnePlus Study B,OnePlus,0.0705635,3.8052948
SYNEXP_02749,OnePlus Study B,OnePlus,0.13800299,4.26793
SYNEXP_02882,Realme Study A,Realme,0.14294696,3.5081978
SYNEXP_02969,Realme Study A,Realme,0.81716716,2.3894868
SYNEXP_03552,Xiaomi Study A,Xiaomi,0.056278322,3.910284
SYNEXP_03558,Xiaomi Study A,Xiaomi,0.17276144,4.10463
GENV2_00095,Moto G Power 2025,Motorola,0.78915673,2.762351
GENV2_00386,Razr 60 Ultra,Motorola,0.39511913,3.825232
GENV2_00530,Find N5,OPPO,0.5059698,3.3264983
GENV2_01556,Galaxy Z Flip7,Samsung,0.015926544,4.036959
GENV2_02071,iPhone 17,Apple,0.24305396,3.8509617
GENV2_03157,OnePlus 13T,OnePlus,0.2071547,4.3698864
GENV2_03545,Galaxy A56 5G,Samsung,0.17177811,3.384697
GENV2_03808,iPhone 17 Pro Max,Apple,0.09893118,4.4962735
GENV2_03811,OnePlus 13R,OnePlus,0.035327327,4.672831
GENV2_03962,Galaxy S26 Ultra,Samsung,0.1199736,4.1337013
GENV2_04089,iPhone 17 Pro Max,Apple,0.073543765,4.2876544
SYNEXP_00644,Razr 60 Ultra,Motorola,0.14575887,3.7101395
SYNEXP_00660,Razr 60 Ultra,Motorola,0.16038255,3.368998
SYNEXP_01025,Apple Study A,Apple,0.15338098,3.7985392
SYNEXP_01343,Google Study A,Google,0.14190581,3.4569771
SYNEXP_01344,Google Study A,Google,0.22593369,3.587382
SYNEXP_01435,Google Study B,Google,0.016925598,4.8972845
SYNEXP_01515,Google Study B,Google,0.84540415,2.3830607
SYNEXP_03084,Realme Study B,Realme,0.029536316,4.2824664
SYNEXP_03240,Samsung Study A,Samsung,0.14332972,3.8178573
GENV2_00220,Razr 60 Ultra,Motorola,0.24748103,4.034371
GENV2_00302,iPhone 16e,Apple,0.4034923,3.4857957
GENV2_03446,iPhone 17 Pro Max,Apple,0.35483095,3.8598115
SYNEXP_00195,Galaxy A56 5G,Samsung,0.42089742,3.3016768
SYNEXP_00646,Razr 60 Ultra,Motorola,0.3376666,3.2552423
SYNEXP_01097,Apple Study B,Apple,0.10133582,3.6142473
SYNEXP_01799,Motorola Study B,Motorola,0.040560607,3.383172
SYNEXP_01843,Motorola Study B,Motorola,0.09297623,3.2530904
SYNEXP_02730,OnePlus Study B,OnePlus,0.050645825,4.0249352
SYNEXP_03082,Realme Study B,Realme,0.35647056,3.3812003
SYNEXP_03101,Realme Study B,Realme,0.8333026,2.6082668
GENV2_00229,Pixel 9a,Google,0.7622319,2.75675
GENV2_00524,iPhone 16e,Apple,0.7054321,3.4119136
GENV2_01314,Realme GT 7,Realme,0.43555826,3.4497437
GENV2_01319,Nothing Phone 3,Nothing,0.39330816,3.7318838
GENV2_02828,Reno 13 Pro,OPPO,0.7211996,3.3438952
GENV2_02901,Phone 3a Pro,Nothing,0.19565357,4.1517315
GENV2_03184,iPhone 16,Apple,0.2639613,3.9661872
GENV2_03455,Find X8 Pro,OPPO,0.21682902,4.513436
GENV2_03682,Xiaomi 15 Ultra,Xiaomi,0.042554677,4.5561695
GENV2_04032,Galaxy S26 Ultra,Samsung,0.19953401,4.337731
SYNEXP_00240,iPhone 17 Pro,Apple,0.7194996,2.92628
SYNEXP_00525,Nothing Phone 3,Nothing,0.23288491,3.7552516
SYNEXP_00609,OnePlus 13T,OnePlus,0.35062942,3.529018
SYNEXP_01271,Google Study A,Google,0.81127554,2.4331574
SYNEXP_02513,OPPO Study B,OPPO,0.9101045,1.968703
GENV2_00921,Realme 14 Pro+,Realme,0.73741364,3.79979
GENV2_00999,Redmi Note 14 Pro+,Xiaomi,0.2463209,3.6571534
GENV2_02080,Galaxy S26,Samsung,0.15015501,4.7111545
GENV2_02095,Galaxy Z Flip7,Samsung,0.21422817,3.0610726
GENV2_02939,Reno 13 Pro,OPPO,0.44466177,3.4813287
GENV2_03620,Xiaomi 15 Ultra,Xiaomi,0.12249631,4.309979
GENV2_03743,Galaxy S26,Samsung,0.27953932,4.308231
GENV2_03885,iPhone 17,Apple,0.17119926,4.154473
GENV2_03905,Galaxy S26 Ultra,Samsung,0.13647291,3.814109
SYNEXP_00100,iPhone 16e,Apple,0.10870949,3.406356
SYNEXP_00497,Redmi Note 14 Pro+,Xiaomi,0.04223779,3.8878083
SYNEXP_01649,Motorola Study A,Motorola,0.10689689,3.4165614
SYNEXP_02027,Nothing Study A,Nothing,0.6800057,2.7405937
SYNEXP_02291,OPPO Study A,OPPO,0.28895015,3.485694
SYNEXP_02494,OPPO Study B,OPPO,0.15886526,3.5356402
SYNEXP_03099,Realme Study B,Realme,0.65706015,2.7060285
SYNEXP_03508,Xiaomi Study A,Xiaomi,0.046269886,4.2167554
GENV2_00426,iPhone 16e,Apple,0.62227523,3.2954478
GENV2_00877,Phone 2a Plus,Nothing,0.56788445,3.4988918
GENV2_01877,Pixel 10 Pro,Google,0.40787062,3.7992454
GENV2_02411,Pixel 10 Pro,Google,0.06255273,4.2549744
GENV2_03260,OnePlus 13T,OnePlus,0.23319873,4.208689
GENV2_03321,Galaxy S26 Ultra,Samsung,0.47153482,3.4768162
GENV2_03929,iPhone 17 Pro Max,Apple,0.03891323,4.728259
SYNEXP_00294,Galaxy S26 Ultra,Samsung,0.5884875,3.0791225
SYNEXP_00524,Nothing Phone 3,Nothing,0.04777547,3.7378964
SYNEXP_03671,Xiaomi Study B,Xiaomi,0.06974733,3.7857432
GENV2_00591,Redmi Note 14 Pro+,Xiaomi,0.8124043,2.7212195
GENV2_02115,Find X8 Pro,OPPO,0.03539788,3.7941449
GENV2_02136,Galaxy S25 Ultra,Samsung,0.1271356,4.338778
GENV2_02831,iPhone 17,Apple,0.17346403,4.398644
GENV2_02875,Phone 3a Pro,Nothing,0.15793717,4.369269
GENV2_03003,iPhone 17 Pro Max,Apple,0.3956696,3.9129982
GENV2_03097,OnePlus 13,OnePlus,0.021708759,4.5503654
GENV2_03251,Pixel 9a,Google,0.26184303,4.204763
GENV2_03482,Pixel 10 Pro XL,Google,0.45685902,3.7358336
GENV2_03778,OnePlus 13,OnePlus,0.21026593,3.8366592
GENV2_03980,OnePlus 13T,OnePlus,0.12636864,4.35359
SYNEXP_00592,Pixel 10 Pro,Google,0.1998166,3.5037112
SYNEXP_00755,Realme GT 7,Realme,0.015787227,4.586518
SYNEXP_01431,Google Study B,Google,0.016502362,4.102947
SYNEXP_01485,Google Study B,Google,0.5387864,3.241504
SYNEXP_01973,Nothing Study A,Nothing,0.8832665,2.56435
SYNEXP_02638,OnePlus Study A,OnePlus,0.026086923,4.385648
SYNEXP_02911,Realme Study A,Realme,0.008251544,4.972907
SYNEXP_02984,Realme Study A,Realme,0.04277289,4.1422367
SYNEXP_03132,Realme Study B,Realme,0.23888102,3.5535665
GENV2_00039,Moto G Power 2025,Motorola,0.90349996,2.6015368
GENV2_02018,Redmi Note 14 Pro+,Xiaomi,0.26754513,3.9534776
GENV2_02369,OnePlus 13R,OnePlus,0.20144495,3.9625275
GENV2_03248,Galaxy S25 Ultra,Samsung,0.17832781,3.708269
GENV2_04111,OnePlus 13,OnePlus,0.25241017,4.0158076
SYNEXP_00264,iPhone 17 Pro Max,Apple,0.12173315,3.939985
SYNEXP_00851,Realme 14 Pro+,Realme,0.05943214,3.062174
SYNEXP_01725,Motorola Study B,Motorola,0.741619,2.5240395
SYNEXP_02074,Nothing Study B,Nothing,0.4548796,2.1152906
SYNEXP_02915,Realme Study A,Realme,0.6690864,2.977122
GENV2_02625,iPhone 16,Apple,0.3002638,4.1277475
SYNEXP_00069,Realme GT 7 Pro,Realme,0.08701374,3.6392138
SYNEXP_00528,Nothing Phone 3,Nothing,0.04713042,4.1642933
SYNEXP_00698,Phone 2a Plus,Nothing,0.11832302,3.2884684
SYNEXP_01795,Motorola Study B,Motorola,0.3254822,3.302395
SYNEXP_01873,Nothing Study A,Nothing,0.25067616,3.7026002
SYNEXP_01907,Nothing Study A,Nothing,0.7889389,2.4170167
GENV2_00086,Find N5,OPPO,0.89045274,2.4217231
GENV2_00193,Realme 14 Pro+,Realme,0.55633855,3.474917
GENV2_00299,Pixel 10,Google,0.7243279,2.7780948
GENV2_04188,Pixel 10,Google,0.28776622,3.8705537
SYNEXP_02127,Nothing Study B,Nothing,0.33760712,3.0840738
SYNEXP_02710,OnePlus Study B,OnePlus,0.017260103,4.556725
SYNEXP_03767,Xiaomi Study B,Xiaomi,0.098671064,3.6386983
GENV2_01623,Razr 60 Ultra,Motorola,0.27045512,3.8342383
GENV2_02514,Razr 60 Ultra,Motorola,0.21536013,4.0460825
GENV2_03333,Pixel 10 Pro XL,Google,0.17805347,3.9594922
GENV2_03647,Reno 13 Pro,OPPO,0.18797985,3.8852205
SYNEXP_00388,Pixel 10 Pro XL,Google,0.04828944,4.559396
SYNEXP_00974,Apple Study A,Apple,0.33714694,3.0406241
SYNEXP_01037,Apple Study A,Apple,0.778866,2.6126926
GENV2_00017,Galaxy A56 5G,Samsung,0.9716371,2.4319065
GENV2_00471,Phone 3a Pro,Nothing,0.64463025,3.0778725
GENV2_01152,OnePlus 13T,OnePlus,0.6279417,3.7825847
GENV2_01508,Find N5,OPPO,0.4133276,3.6979265
GENV2_01657,iPhone 16,Apple,0.3048494,4.2683063
GENV2_02044,Redmi Note 14 Pro+,Xiaomi,0.39256188,3.8242528
GENV2_02403,iPhone 17,Apple,0.3026789,3.964585
GENV2_02738,iPhone 17 Pro Max,Apple,0.13818462,4.1188846
GENV2_02921,Xiaomi 15,Xiaomi,0.2427624,3.8463657
GENV2_02984,Pixel 10 Pro,Google,0.14328513,4.579394
GENV2_03354,Xiaomi 15,Xiaomi,0.14103721,4.32392
SYNEXP_00719,Moto G Power 2025,Motorola,0.13493188,3.4914677
SYNEXP_00811,Xiaomi 15 Ultra,Xiaomi,0.062303226,4.036391
SYNEXP_01324,Google Study A,Google,0.07655341,3.6797159
SYNEXP_01638,Motorola Study A,Motorola,0.66271114,2.5815213
SYNEXP_02004,Nothing Study A,Nothing,0.3602355,2.9296632
SYNEXP_02818,OnePlus Study B,OnePlus,0.62176985,2.9567616
GENV2_00139,Realme 14 Pro+,Realme,0.7803269,1.9615037
GENV2_00533,Pixel 10,Google,0.8855775,3.422243
GENV2_00857,Galaxy A56 5G,Samsung,0.8014436,3.3720455
GENV2_01702,Reno 13 Pro,OPPO,0.3455937,3.7398238
GENV2_01798,Xiaomi 15 Ultra,Xiaomi,0.08291065,4.5383606
GENV2_01986,Galaxy Z Flip7,Samsung,0.16030876,3.9836924
GENV2_02203,Realme GT 7 Pro,Realme,0.21694982,3.7393034
GENV2_02585,OnePlus 13T,OnePlus,0.09522435,4.2786098
GENV2_02747,Nothing Phone 3,Nothing,0.1462604,4.3988423
GENV2_02938,Pixel 10,Google,0.08023846,4.250693
GENV2_02962,Realme GT 7 Pro,Realme,0.10481615,4.5092845
SYNEXP_00886,Motorola Edge 60 Pro,Motorola,0.29272294,3.2855453
SYNEXP_01292,Google Study A,Google,0.8433611,2.381144
SYNEXP_01301,Google Study A,Google,0.051202435,4.063386
SYNEXP_01616,Motorola Study A,Motorola,0.14168394,3.8476682
SYNEXP_02547,OnePlus Study A,OnePlus,0.02941053,3.8528457
SYNEXP_03591,Xiaomi Study A,Xiaomi,0.166774,3.585428
GENV2_01159,Pixel 10 Pro,Google,0.5207641,3.3958707
GENV2_02108,Realme GT 7,Realme,0.21103561,3.844925
GENV2_02715,Galaxy S25 Ultra,Samsung,0.20036684,4.2582626
GENV2_02955,OnePlus 13,OnePlus,0.16822949,4.2851486
SYNEXP_00424,Galaxy Z Flip7,Samsung,0.23866889,3.2893229
SYNEXP_00583,Pixel 10 Pro,Google,0.78188545,2.8229556
SYNEXP_00629,OnePlus 13T,OnePlus,0.42696252,3.6233284
SYNEXP_01530,Google Study B,Google,0.47006217,3.4440532
SYNEXP_02604,OnePlus Study A,OnePlus,0.13959077,3.9674406
SYNEXP_03027,Realme Study B,Realme,0.071180485,4.1481194
SYNEXP_03541,Xiaomi Study A,Xiaomi,0.074803285,3.2368262
GENV2_00089,Pixel 10 Pro,Google,0.6302407,3.4897656
GENV2_00176,Razr 60 Ultra,Motorola,0.2883757,3.617038
GENV2_01145,OnePlus 13T,OnePlus,0.24603663,4.220897
GENV2_01996,OnePlus 13T,OnePlus,0.19237562,3.9807081
GENV2_03687,iPhone 16,Apple,0.082727715,4.6223907
GENV2_03938,Reno 13 Pro,OPPO,0.21614112,4.0115995
SYNEXP_00180,Reno 13 Pro,OPPO,0.32739547,3.6085918
SYNEXP_00233,OnePlus 13,OnePlus,0.060183104,3.9574127
SYNEXP_01310,Google Study A,Google,0.7565367,2.2405372
SYNEXP_01946,Nothing Study A,Nothing,0.16866921,3.4226677
SYNEXP_02068,Nothing Study B,Nothing,0.13384016,3.5857873
SYNEXP_02584,OnePlus Study A,OnePlus,0.45538598,3.51237
GENV2_01219,Find N5,OPPO,0.5969241,3.5076566
GENV2_03010,Realme GT 7 Pro,Realme,0.34741846,4.009901
GENV2_03265,Motorola Edge 60 Pro,Motorola,0.22344379,4.0103207
GENV2_04035,Galaxy S26 Ultra,Samsung,0.10389883,4.806532
SYNEXP_00993,Apple Study A,Apple,0.14714268,3.9792244
SYNEXP_01039,Apple Study A,Apple,0.009107266,4.780542
SYNEXP_02946,Realme Study A,Realme,0.028584164,4.339054
SYNEXP_03030,Realme Study B,Realme,0.8226313,2.3125534
SYNEXP_03213,Samsung Study A,Samsung,0.13795497,3.682156
SYNEXP_03299,Samsung Study A,Samsung,0.86240375,2.315133
GENV2_01343,iPhone 16e,Apple,0.65335184,3.5846171
GENV2_01738,Galaxy A56 5G,Samsung,0.15146491,4.01342
GENV2_01879,Reno 13 Pro,OPPO,0.21806677,3.914231
GENV2_02559,Motorola Edge 60 Pro,Motorola,0.24911812,3.8561018
GENV2_03744,Pixel 10 Pro XL,Google,0.15123968,4.509331
SYNEXP_00152,Galaxy S26,Samsung,0.732737,2.6439316
SYNEXP_00203,Galaxy A56 5G,Samsung,0.04243825,4.3854513
SYNEXP_01144,Apple Study B,Apple,0.09959937,3.4253092
SYNEXP_01957,Nothing Study A,Nothing,0.050532043,4.581714
GENV2_00128,Redmi Note 14 Pro+,Xiaomi,0.6485042,3.4424608
GENV2_03460,Galaxy S25 Ultra,Samsung,0.047885373,4.2783313
GENV2_03555,iPhone 17 Pro,Apple,0.24351908,4.333449
SYNEXP_00542,Nothing Phone 3,Nothing,0.18479986,3.4977725
SYNEXP_01041,Apple Study A,Apple,0.7866262,2.6376944
SYNEXP_01176,Apple Study B,Apple,0.18914036,3.4053354
SYNEXP_01790,Motorola Study B,Motorola,0.13152054,3.7395983
SYNEXP_02164,Nothing Study B,Nothing,0.034792114,4.7206874
SYNEXP_02330,OPPO Study A,OPPO,0.071885176,4.080454
SYNEXP_03409,Samsung Study B,Samsung,0.016014917,4.633964
GENV2_01172,Pixel 10 Pro XL,Google,0.5370431,3.3570342
GENV2_01831,iPhone 17 Pro,Apple,0.21778315,3.9863183
GENV2_02348,OnePlus 13T,OnePlus,0.5620738,3.3005276
GENV2_02389,Xiaomi 15,Xiaomi,0.37169924,3.777282
GENV2_03369,Galaxy S25 Ultra,Samsung,0.47159624,3.3661451
GENV2_03477,Xiaomi 15,Xiaomi,0.060701378,4.6114573
GENV2_03591,Motorola Edge 60 Pro,Motorola,0.22188634,3.9213567
GENV2_03760,iPhone 17 Pro Max,Apple,0.2519802,4.1074805
GENV2_03964,OnePlus 13T,OnePlus,0.22243024,3.9432123
SYNEXP_00933,Apple Study A,Apple,0.19181374,3.5400026
SYNEXP_01337,Google Study A,Google,0.26007643,3.102176
SYNEXP_01774,Motorola Study B,Motorola,0.6970008,2.569453
SYNEXP_01996,Nothing Study A,Nothing,0.869363,1.6849291
SYNEXP_02079,Nothing Study B,Nothing,0.055697586,3.6389587
SYNEXP_02268,OPPO Study A,OPPO,0.61136425,2.7103705
SYNEXP_03066,Realme Study B,Realme,0.3265851,3.5903826
SYNEXP_03097,Realme Study B,Realme,0.089885876,3.8776197
SYNEXP_03202,Samsung Study A,Samsung,0.08381478,4.296144
SYNEXP_03753,Xiaomi Study B,Xiaomi,0.1773314,3.7209995
GENV2_01132,Find N5,OPPO,0.83720714,3.2503054
GENV2_01372,Pixel 10 Pro,Google,0.6071274,3.3355136
GENV2_01896,Xiaomi 15,Xiaomi,0.32556567,4.018059
GENV2_02355,Realme GT 7 Pro,Realme,0.20563878,4.1119256
GENV2_02702,Redmi Note 14 Pro+,Xiaomi,0.15427235,3.87606
GENV2_02746,Galaxy S26,Samsung,0.2094616,4.143681
GENV2_04067,Galaxy S26 Ultra,Samsung,0.16668764,4.1481853
SYNEXP_00281,Galaxy S26 Ultra,Samsung,0.023565192,3.9638193
SYNEXP_00455,Phone 3a Pro,Nothing,0.41259393,3.173965
SYNEXP_02260,OPPO Study A,OPPO,0.21206081,3.3680265
SYNEXP_03260,Samsung Study A,Samsung,0.23203862,3.2745068
SYNEXP_03749,Xiaomi Study B,Xiaomi,0.219973,3.4643774
GENV2_00518,Realme 14 Pro+,Realme,0.6113711,3.349856
GENV2_01741,Realme GT 7 Pro,Realme,0.3376995,3.8541937
GENV2_02936,OnePlus 13,OnePlus,0.14277275,4.593041
GENV2_02967,OnePlus 13T,OnePlus,0.14529084,4.1364665
GENV2_03166,Phone 3a Pro,Nothing,0.030932322,4.9104495
GENV2_03466,Find X8 Pro,OPPO,0.08394557,4.429402
SYNEXP_00501,iPhone 17,Apple,0.014986868,4.728332
SYNEXP_01708,Motorola Study A,Motorola,0.2493252,2.6812541
SYNEXP_01756,Motorola Study B,Motorola,0.22039877,3.8537204
SYNEXP_01888,Nothing Study A,Nothing,0.14417362,3.6053774
SYNEXP_02053,Nothing Study B,Nothing,0.03250928,4.372748
SYNEXP_02497,OPPO Study B,OPPO,0.09993182,3.6741776
SYNEXP_02948,Realme Study A,Realme,0.075800784,4.3902626
SYNEXP_03090,Realme Study B,Realme,0.03017066,4.3265085
SYNEXP_03174,Samsung Study A,Samsung,0.24400894,3.7550526
SYNEXP_03316,Samsung Study B,Samsung,0.22672637,3.025515
GENV2_00235,iPhone 16e,Apple,0.59303415,3.1452074
GENV2_00900,Galaxy Z Flip7,Samsung,0.688394,3.3694358
GENV2_02148,iPhone 17,Apple,0.29151952,4.148299
GENV2_02220,Pixel 10,Google,0.16309813,4.220582
GENV2_02378,Phone 3a Pro,Nothing,0.10811445,4.011796
GENV2_02417,Redmi Note 14 Pro+,Xiaomi,0.5316992,3.6953366
GENV2_02523,Realme GT 7,Realme,0.44480422,3.9114614
GENV2_03624,Pixel 9a,Google,0.1644822,4.249142
GENV2_03869,Realme GT 7 Pro,Realme,0.27700838,4.084712
GENV2_04113,Galaxy S25 Ultra,Samsung,0.105193645,4.8475246
SYNEXP_00431,Phone 3a Pro,Nothing,0.29095852,3.5375397
SYNEXP_02267,OPPO Study A,OPPO,0.2267237,3.1271095
SYNEXP_02804,OnePlus Study B,OnePlus,0.09219492,3.8128164
SYNEXP_02933,Realme Study A,Realme,0.19399396,3.6946766
GENV2_01894,OnePlus 13T,OnePlus,0.34632808,3.799268
GENV2_01915,Realme GT 7,Realme,0.087208964,4.397122
GENV2_03937,OnePlus 13T,OnePlus,0.04107648,4.831709
GENV2_04164,iPhone 17 Pro Max,Apple,0.050317574,4.7762613
SYNEXP_00257,iPhone 17 Pro Max,Apple,0.1048943,3.482154
SYNEXP_00510,iPhone 17,Apple,0.013838181,4.3336825
SYNEXP_01410,Google Study B,Google,0.5053202,2.9181838
SYNEXP_02008,Nothing Study A,Nothing,0.03034974,3.3253672
SYNEXP_02230,OPPO Study A,OPPO,0.32530817,3.175754
GENV2_00631,iPhone 16e,Apple,0.8858326,2.7171657
GENV2_00880,OnePlus 13R,OnePlus,0.12389445,4.2463408
GENV2_00884,Pixel 9a,Google,0.8545405,3.733369
GENV2_01863,Reno 13 Pro,OPPO,0.5882418,3.561992
GENV2_03703,OnePlus 13,OnePlus,0.02284929,4.476596
GENV2_03861,Galaxy S26 Ultra,Samsung,0.074135795,4.1957984
GENV2_04020,Galaxy S26 Ultra,Samsung,0.33324125,4.2294803
SYNEXP_00401,Pixel 10 Pro XL,Google,0.16623206,3.2093024
SYNEXP_00869,Motorola Edge 60 Pro,Motorola,0.14991474,3.935813
SYNEXP_01022,Apple Study A,Apple,0.47664604,3.1683033
SYNEXP_01313,Google Study A,Google,0.6252586,2.659777
SYNEXP_01400,Google Study A,Google,0.48861825,3.078752
SYNEXP_01607,Motorola Study A,Motorola,0.23740971,3.0741973
SYNEXP_01684,Motorola Study A,Motorola,0.037495736,4.042456
SYNEXP_01688,Motorola Study A,Motorola,0.10990499,3.7705913
SYNEXP_02608,OnePlus Study A,OnePlus,0.3606813,3.19484
SYNEXP_02834,Realme Study A,Realme,0.17525665,3.558074
SYNEXP_03664,Xiaomi Study B,Xiaomi,0.033485737,4.2100754
GENV2_00376,Phone 3a Pro,Nothing,0.9204967,2.436344
GENV2_00503,Realme GT 7 Pro,Realme,0.49472666,3.2407732
GENV2_01565,Razr 60 Ultra,Motorola,0.19563012,3.459103
GENV2_01918,iPhone 17,Apple,0.4527587,3.790783
GENV2_02035,Phone 3a Pro,Nothing,0.46886924,3.4478953
GENV2_02533,Galaxy S26,Samsung,0.077115156,4.1737733
GENV2_02630,Realme GT 7 Pro,Realme,0.16085748,4.4023404
GENV2_02918,Galaxy S25 Ultra,Samsung,0.37675518,4.1514435
GENV2_03393,Realme GT 7,Realme,0.3171028,4.2296233
GENV2_03755,iPhone 17 Pro Max,Apple,0.15676607,4.5022926
SYNEXP_00724,Moto G Power 2025,Motorola,0.11407368,3.9114618
SYNEXP_02951,Realme Study A,Realme,0.09285305,4.2651176
SYNEXP_02967,Realme Study A,Realme,0.069412425,3.3744082
SYNEXP_03036,Realme Study B,Realme,0.03171517,4.9046197
GENV2_00129,Phone 2a Plus,Nothing,0.8755355,2.5616632
GENV2_00649,Moto G Power 2025,Motorola,0.8466446,3.4116087
GENV2_00911,Razr 60 Ultra,Motorola,0.45315188,3.8706603
GENV2_01663,Pixel 9a,Google,0.19952819,3.7516432
GENV2_02004,Xiaomi 15 Ultra,Xiaomi,0.1585212,4.4173627
GENV2_02069,Reno 13 Pro,OPPO,0.58627135,3.5274842
GENV2_03329,Find X8 Pro,OPPO,0.1278128,4.438266
GENV2_04023,Galaxy S26 Ultra,Samsung,0.1200774,4.368694
SYNEXP_00893,Find N5,OPPO,0.0750563,4.325287
SYNEXP_02287,OPPO Study A,OPPO,0.15729779,3.7253072
SYNEXP_02865,Realme Study A,Realme,0.014323884,4.3733387
SYNEXP_03641,Xiaomi Study B,Xiaomi,0.30521017,3.3729591
GENV2_00557,iPhone 16e,Apple,0.40178135,3.6137261
GENV2_00725,Xiaomi 15,Xiaomi,0.8266424,2.9503815
GENV2_01916,Xiaomi 15,Xiaomi,0.08738567,3.9049673
GENV2_02797,iPhone 17,Apple,0.37867513,3.6647298
GENV2_03006,Galaxy S26,Samsung,0.2586597,4.209947
GENV2_03826,Galaxy S26 Ultra,Samsung,0.19399501,4.025086
GENV2_04150,Galaxy S25 Ultra,Samsung,0.25378123,3.7753725
SYNEXP_00451,Phone 3a Pro,Nothing,0.7803676,2.6239185
SYNEXP_00517,Nothing Phone 3,Nothing,0.21382967,3.5032048
SYNEXP_00658,Razr 60 Ultra,Motorola,0.7804174,2.562492
SYNEXP_00725,Moto G Power 2025,Motorola,0.53142637,2.946764
SYNEXP_01305,Google Study A,Google,0.098846816,3.989727
SYNEXP_01437,Google Study B,Google,0.3263398,3.38266
SYNEXP_02488,OPPO Study B,OPPO,0.312186,3.4484406
SYNEXP_02615,OnePlus Study A,OnePlus,0.6049365,2.8153336
SYNEXP_02783,OnePlus Study B,OnePlus,0.63078076,3.1658635
SYNEXP_03182,Samsung Study A,Samsung,0.067331366,4.0371256
GENV2_00345,Find N5,OPPO,0.67622155,3.058398
GENV2_00754,iPhone 16e,Apple,0.7181246,2.6681018
GENV2_01578,Redmi Note 14 Pro+,Xiaomi,0.067446075,4.2680364
GENV2_02464,Galaxy Z Flip7,Samsung,0.15672387,4.315878
GENV2_02622,Pixel 10 Pro,Google,0.22543055,4.0210247
GENV2_02916,OnePlus 13R,OnePlus,0.33880338,3.476627
GENV2_03063,Realme GT 7 Pro,Realme,0.4769847,4.1108003
GENV2_03629,Nothing Phone 3,Nothing,0.04863201,4.563194
GENV2_03693,OnePlus 13,OnePlus,0.08007871,4.4463415
GENV2_03832,Xiaomi 15,Xiaomi,0.045575272,4.6013727
GENV2_03903,Galaxy S26 Ultra,Samsung,0.030069405,4.5615892
SYNEXP_00736,Moto G Power 2025,Motorola,0.083500385,3.943043
SYNEXP_00841,Realme 14 Pro+,Realme,0.045045633,3.9804492
SYNEXP_01182,Apple Study B,Apple,0.027310612,4.4208293
SYNEXP_02204,Nothing Study B,Nothing,0.08075667,3.6429758
SYNEXP_02580,OnePlus Study A,OnePlus,0.78699374,2.6808944
SYNEXP_03362,Samsung Study B,Samsung,0.20617537,3.1447282
SYNEXP_03410,Samsung Study B,Samsung,0.040602084,4.053842
SYNEXP_03616,Xiaomi Study B,Xiaomi,0.4036638,2.9923007
GENV2_00263,Razr 60 Ultra,Motorola,0.9685887,2.4441872
GENV2_00861,Realme 14 Pro+,Realme,0.89560807,3.229133
GENV2_00963,Pixel 10 Pro XL,Google,0.3426218,4.220449
GENV2_02764,Find X8 Pro,OPPO,0.4495491,3.7194188
GENV2_03079,Find X8 Pro,OPPO,0.10338975,4.3452168
GENV2_03769,Realme GT 7 Pro,Realme,0.050330725,4.360699
SYNEXP_01068,Apple Study A,Apple,0.42123345,3.1967258
SYNEXP_01086,Apple Study B,Apple,0.31901655,2.9707274
SYNEXP_02739,OnePlus Study B,OnePlus,0.036305614,4.5055037
SYNEXP_03442,Samsung Study B,Samsung,0.16726981,3.883115
GENV2_00831,Realme GT 7 Pro,Realme,0.3129743,3.7988508
GENV2_01441,Realme GT 7,Realme,0.7405995,2.742852
GENV2_01720,Galaxy A56 5G,Samsung,0.36190686,3.1642206
GENV2_01739,Find N5,OPPO,0.014315949,4.1297812
GENV2_01754,Galaxy S26 Ultra,Samsung,0.1384629,4.057575
GENV2_02526,iPhone 17 Pro,Apple,0.1268687,4.3905325
GENV2_02544,Pixel 10 Pro XL,Google,0.16536532,4.1724024
GENV2_02770,Galaxy S26 Ultra,Samsung,0.35027462,3.7598412
GENV2_02811,iPhone 17,Apple,0.04264296,4.5293746
GENV2_02866,Galaxy S25 Ultra,Samsung,0.12026416,4.5015774
GENV2_03059,OnePlus 13T,OnePlus,0.18655078,4.066738
GENV2_03080,Galaxy S26 Ultra,Samsung,0.13565877,4.59708
GENV2_03721,Galaxy S25 Ultra,Samsung,0.09927598,4.388335
SYNEXP_00577,Pixel 10 Pro,Google,0.081542924,3.6353202
SYNEXP_01131,Apple Study B,Apple,0.71756727,2.8194065
SYNEXP_01402,Google Study A,Google,0.19794244,3.090089
SYNEXP_01651,Motorola Study A,Motorola,0.1689142,3.4083612
SYNEXP_01922,Nothing Study A,Nothing,0.20108275,3.26597
SYNEXP_02535,OnePlus Study A,OnePlus,0.21738975,3.77429
SYNEXP_02794,OnePlus Study B,OnePlus,0.06314617,3.9106772
GENV2_00270,iPhone 16e,Apple,0.88477963,2.0125184
GENV2_00645,Realme GT 7,Realme,0.6337112,3.2200158
GENV2_01357,Pixel 10,Google,0.5034171,3.6775208
GENV2_01761,Pixel 10 Pro XL,Google,0.014737764,4.3288574
GENV2_01978,Phone 3a Pro,Nothing,0.2789302,3.569143
SYNEXP_00238,iPhone 17 Pro,Apple,0.76300496,2.6775818
SYNEXP_01453,Google Study B,Google,0.08418645,3.9890232
GENV2_00527,Pixel 9a,Google,0.48915824,3.5047572
GENV2_00856,Nothing Phone 3,Nothing,0.77210265,3.0727108
GENV2_01077,Nothing Phone 3,Nothing,0.37247923,3.8647294
GENV2_01430,Motorola Edge 60 Pro,Motorola,0.35187492,3.4813428
GENV2_01724,Realme GT 7,Realme,0.2092178,3.9017901
GENV2_03198,OnePlus 13T,OnePlus,0.049123764,4.203554
GENV2_03432,Galaxy S25 Ultra,Samsung,0.31731886,4.0336857
GENV2_03573,Find X8 Pro,OPPO,0.25818714,3.8676996
GENV2_03619,Realme GT 7 Pro,Realme,0.25388983,3.8491862
GENV2_03854,Xiaomi 15 Ultra,Xiaomi,0.4588925,3.6107512
GENV2_03982,iPhone 17 Pro,Apple,0.15067533,4.012699
GENV2_04095,Motorola Edge 60 Pro,Motorola,0.14748845,4.531147
SYNEXP_00204,Galaxy A56 5G,Samsung,0.8997953,2.0761878
SYNEXP_00812,Xiaomi 15 Ultra,Xiaomi,0.04575961,3.9477663
SYNEXP_02571,OnePlus Study A,OnePlus,0.23318452,3.617464
SYNEXP_02797,OnePlus Study B,OnePlus,0.45762387,3.2293558
SYNEXP_03678,Xiaomi Study B,Xiaomi,0.930949,1.499788
GENV2_00513,Xiaomi 15,Xiaomi,0.62645346,3.3281124
GENV2_01555,Galaxy S26,Samsung,0.42058694,3.4992726
GENV2_01780,Motorola Edge 60 Pro,Motorola,0.3657638,3.6554897
GENV2_02123,Pixel 10,Google,0.1726389,4.3028464
GENV2_02412,Realme GT 7 Pro,Realme,0.3976699,3.6643457
GENV2_02570,Razr 60 Ultra,Motorola,0.29323626,3.5467515
GENV2_02576,Nothing Phone 3,Nothing,0.031922527,4.768944
GENV2_03488,Pixel 10 Pro XL,Google,0.057909295,4.8655677
SYNEXP_00087,Realme GT 7 Pro,Realme,0.13384813,3.9350595
SYNEXP_00787,Xiaomi 15 Ultra,Xiaomi,0.85582006,2.2978036
SYNEXP_01225,Apple Study B,Apple,0.6008312,2.9052334
SYNEXP_02138,Nothing Study B,Nothing,0.12291885,4.4409266
SYNEXP_03522,Xiaomi Study A,Xiaomi,0.24550097,2.8672473
GENV2_00153,Find N5,OPPO,0.7642577,2.1892793
GENV2_00776,Galaxy Z Flip7,Samsung,0.7630641,2.7384348
GENV2_01127,Pixel 10 Pro,Google,0.7646675,3.5717306
GENV2_01237,Realme GT 7,Realme,0.8710294,3.2121546
GENV2_01783,Razr 60 Ultra,Motorola,0.37730452,3.2582848
GENV2_02541,Pixel 10 Pro XL,Google,0.16348103,4.1015205
GENV2_03108,Reno 13 Pro,OPPO,0.07383679,4.4224415
GENV2_03327,OnePlus 13R,OnePlus,0.30225694,3.953053
SYNEXP_00837,Realme 14 Pro+,Realme,0.08143997,4.0105057
SYNEXP_01121,Apple Study B,Apple,0.56577057,3.1110425
SYNEXP_01594,Motorola Study A,Motorola,0.10329596,3.994013
SYNEXP_02002,Nothing Study A,Nothing,0.050929964,4.4574633
SYNEXP_02354,OPPO Study A,OPPO,0.12980495,3.6821663
SYNEXP_02576,OnePlus Study A,OnePlus,0.026866619,4.305874
SYNEXP_02745,OnePlus Study B,OnePlus,0.38735223,3.3628702
SYNEXP_02840,Realme Study A,Realme,0.12365703,3.4010031
SYNEXP_03017,Realme Study B,Realme,0.08457294,3.9088936
GENV2_00687,Razr 60 Ultra,Motorola,0.817998,3.0421615
GENV2_03297,Pixel 10 Pro XL,Google,0.13213328,4.0810876
GENV2_03454,Realme GT 7,Realme,0.028459288,3.681741
GENV2_03948,Galaxy S25 Ultra,Samsung,0.16270094,4.2102923
SYNEXP_00872,Motorola Edge 60 Pro,Motorola,0.0909268,3.9178267
SYNEXP_01561,Motorola Study A,Motorola,0.17257415,3.3551643
SYNEXP_02432,OPPO Study B,OPPO,0.5638632,3.4602263
SYNEXP_03255,Samsung Study A,Samsung,0.0069388254,4.601841
SYNEXP_03539,Xiaomi Study A,Xiaomi,0.07801163,3.490109
GENV2_00851,Galaxy A56 5G,Samsung,0.5923795,3.5656466
GENV2_01167,Reno 13 Pro,OPPO,0.37287745,3.4748936
GENV2_01229,OnePlus 13R,OnePlus,0.8713431,2.4556565
GENV2_02469,Find X8 Pro,OPPO,0.24187662,4.4378986
GENV2_03104,Galaxy S25 Ultra,Samsung,0.11904211,4.3542037
GENV2_03121,Redmi Note 14 Pro+,Xiaomi,0.52148193,3.409879
GENV2_03235,Galaxy S26 Ultra,Samsung,0.16648676,3.6695085
GENV2_03988,iPhone 17 Pro Max,Apple,0.20078178,4.239481
SYNEXP_00826,Realme 14 Pro+,Realme,0.2873915,3.3748908
SYNEXP_01318,Google Study A,Google,0.039325766,4.222187
SYNEXP_01687,Motorola Study A,Motorola,0.4272858,3.19337
SYNEXP_01882,Nothing Study A,Nothing,0.18451747,3.3376257
SYNEXP_01910,Nothing Study A,Nothing,0.14017908,3.769073
GENV2_00515,Find N5,OPPO,0.6543295,3.0434182
GENV2_00761,iPhone 16e,Apple,0.36221856,3.84502
GENV2_01218,Reno 13 Pro,OPPO,0.8374795,2.983002
GENV2_02400,OnePlus 13R,OnePlus,0.29582626,3.9211571
GENV2_03385,Nothing Phone 3,Nothing,0.043551143,4.6349416
SYNEXP_00043,Pixel 10,Google,0.17757253,3.4393668
SYNEXP_00458,Phone 3a Pro,Nothing,0.15479954,3.4927151
SYNEXP_02124,Nothing Study B,Nothing,0.045346648,4.368279
SYNEXP_02897,Realme Study A,Realme,0.21268302,3.4953947
SYNEXP_03614,Xiaomi Study B,Xiaomi,0.16388135,3.268129
GENV2_00578,iPhone 16e,Apple,0.87898624,2.5184116
GENV2_01169,Galaxy A56 5G,Samsung,0.47480726,3.5447755
GENV2_01992,Realme GT 7,Realme,0.15649368,3.9761145
GENV2_02184,Realme 14 Pro+,Realme,0.0263552,3.3888001
GENV2_02252,Pixel 9a,Google,0.6852431,3.2475152
GENV2_02472,Realme GT 7,Realme,0.30668584,4.120241
GENV2_03120,Xiaomi 15 Ultra,Xiaomi,0.14051132,4.483979
GENV2_03658,Xiaomi 15 Ultra,Xiaomi,0.08267861,4.120182
GENV2_04078,iPhone 17 Pro,Apple,0.069656335,4.294354
SYNEXP_01088,Apple Study B,Apple,0.21802968,3.1870058
SYNEXP_02346,OPPO Study A,OPPO,0.7650912,2.303416
SYNEXP_02436,OPPO Study B,OPPO,0.47486296,2.789109
SYNEXP_02746,OnePlus Study B,OnePlus,0.42704865,3.1227844
SYNEXP_03098,Realme Study B,Realme,0.043536667,4.7021184
SYNEXP_03204,Samsung Study A,Samsung,0.075980514,3.7779717
SYNEXP_03501,Xiaomi Study A,Xiaomi,0.6216389,2.380827
GENV2_00247,Razr 60 Ultra,Motorola,0.67605466,2.6069837
GENV2_00362,Moto G Power 2025,Motorola,0.24704163,3.4743698
GENV2_01435,Redmi Note 14 Pro+,Xiaomi,0.56402004,3.262906
GENV2_01880,Pixel 10 Pro XL,Google,0.20894428,3.896008
GENV2_03016,Galaxy S26,Samsung,0.1203426,4.531132
GENV2_03311,Pixel 10 Pro,Google,0.22176957,3.8426623
GENV2_03504,Find X8 Pro,OPPO,0.1594212,4.47278
SYNEXP_00571,Pixel 10 Pro,Google,0.48463973,3.3048398
SYNEXP_03735,Xiaomi Study B,Xiaomi,0.2150017,3.228245
GENV2_00061,Galaxy Z Flip7,Samsung,0.69482064,3.087099
GENV2_01103,Moto G Power 2025,Motorola,0.89189047,2.496831
GENV2_01315,Galaxy A56 5G,Samsung,0.5398254,3.6320393
GENV2_01505,Pixel 10 Pro,Google,0.20086476,3.9723678
GENV2_01701,OnePlus 13R,OnePlus,0.22290839,3.9752426
GENV2_02174,iPhone 17,Apple,0.36533317,3.5318727
GENV2_02404,OnePlus 13T,OnePlus,0.21337874,3.9823616
GENV2_02558,Pixel 10 Pro XL,Google,0.31706572,4.008508
SYNEXP_00858,Motorola Edge 60 Pro,Motorola,0.19337282,3.4801254
SYNEXP_01568,Motorola Study A,Motorola,0.20142065,3.38455
SYNEXP_01587,Motorola Study A,Motorola,0.11551996,3.9596276
SYNEXP_02243,OPPO Study A,OPPO,0.038985603,4.3911343
SYNEXP_03561,Xiaomi Study A,Xiaomi,0.0748124,4.1084237
GENV2_00673,iPhone 16e,Apple,0.2459764,3.4235647
GENV2_00711,Reno 13 Pro,OPPO,0.6559656,3.2874086
GENV2_00919,Razr 60 Ultra,Motorola,0.12613042,4.09904
GENV2_01097,Reno 13 Pro,OPPO,0.6334356,3.0624661
GENV2_02014,Realme 14 Pro+,Realme,0.1825582,3.7283487
GENV2_03507,Find X8 Pro,OPPO,0.26656133,4.4356217
GENV2_03576,Find X8 Pro,OPPO,0.2911525,4.103172
SYNEXP_00099,iPhone 16e,Apple,0.10908215,3.709707
SYNEXP_00189,Galaxy A56 5G,Samsung,0.14355905,3.5423622
SYNEXP_00507,iPhone 17,Apple,0.12602964,4.1041355
SYNEXP_01369,Google Study A,Google,0.1405015,3.7768142
SYNEXP_02168,Nothing Study B,Nothing,0.6453273,2.3581636
SYNEXP_02487,OPPO Study B,OPPO,0.5708195,3.093119
SYNEXP_02607,OnePlus Study A,OnePlus,0.6287555,2.5101192
GENV2_02135,Realme GT 7,Realme,0.22377455,3.2317865
GENV2_02592,Galaxy Z Flip7,Samsung,0.1339614,4.300668
GENV2_03029,iPhone 17 Pro Max,Apple,0.10965262,4.5823207
GENV2_03557,Galaxy S25 Ultra,Samsung,0.045513615,4.437818
GENV2_03641,Galaxy S25 Ultra,Samsung,0.27416202,4.035873
GENV2_03824,Motorola Edge 60 Pro,Motorola,0.26221642,3.990884
GENV2_03973,Galaxy S26 Ultra,Samsung,0.16367686,4.0559464
SYNEXP_00553,Pixel 9a,Google,0.09590277,4.1457567
SYNEXP_01203,Apple Study B,Apple,0.44204107,3.3691397
SYNEXP_03196,Samsung Study A,Samsung,0.040573608,3.784827
SYNEXP_03452,Samsung Study B,Samsung,0.30408388,3.6121008
SYNEXP_03598,Xiaomi Study A,Xiaomi,0.17566182,3.0213954
GENV2_00396,Pixel 9a,Google,0.7594557,2.970814
GENV2_01874,Nothing Phone 3,Nothing,0.12863645,3.8072221
GENV2_02048,Nothing Phone 3,Nothing,0.20844755,4.146374
GENV2_03732,iPhone 17,Apple,0.13590452,4.3555093
GENV2_03901,Galaxy S26 Ultra,Samsung,0.03629178,4.5156784
GENV2_03940,Pixel 10 Pro,Google,0.038194887,4.5910535
SYNEXP_00904,Find N5,OPPO,0.27331534,3.6674345
SYNEXP_01662,Motorola Study A,Motorola,0.3379186,3.044961
SYNEXP_03135,Realme Study B,Realme,0.77280444,2.2248876
SYNEXP_03604,Xiaomi Study A,Xiaomi,0.012857374,4.72067
SYNEXP_03705,Xiaomi Study B,Xiaomi,0.13585123,3.6964865
GENV2_00830,iPhone 16,Apple,0.48223948,3.6558466
GENV2_01409,OnePlus 13,OnePlus,0.10818798,4.5156045
GENV2_02235,Pixel 10,Google,0.07678773,3.6994166
GENV2_04004,Galaxy S26 Ultra,Samsung,0.05052019,4.9391
SYNEXP_00179,Reno 13 Pro,OPPO,0.06407104,4.1157074
SYNEXP_00925,Apple Study A,Apple,0.22263771,3.4258585
SYNEXP_03648,Xiaomi Study B,Xiaomi,0.8550416,2.5152826
GENV2_00493,Moto G Power 2025,Motorola,0.5924671,2.8667457
GENV2_00973,iPhone 17 Pro,Apple,0.8701527,3.2496438
GENV2_01326,Reno 13 Pro,OPPO,0.7298132,3.1153834
GENV2_01709,Find N5,OPPO,0.23625165,3.8091383
GENV2_02777,iPhone 16e,Apple,0.29549253,3.9885635
GENV2_03187,Pixel 10 Pro,Google,0.2195826,3.844787
GENV2_03406,iPhone 17 Pro,Apple,0.2647553,4.3871574
GENV2_04127,Galaxy S26,Samsung,0.45539573,3.7876527
SYNEXP_00781,Realme GT 7,Realme,0.6463234,2.7929173
SYNEXP_00797,Xiaomi 15 Ultra,Xiaomi,0.33554593,3.5615337
SYNEXP_02112,Nothing Study B,Nothing,0.174448,3.9457898
SYNEXP_02496,OPPO Study B,OPPO,0.18659034,3.448496
SYNEXP_02507,OPPO Study B,OPPO,0.23328361,3.4467833
SYNEXP_03126,Realme Study B,Realme,0.20750375,3.5226839
GENV2_01901,Realme GT 7,Realme,0.30773568,3.9725955
GENV2_01933,Pixel 10 Pro XL,Google,0.14230211,4.471944
GENV2_02785,Realme GT 7 Pro,Realme,0.24109174,3.933247
GENV2_03111,Find X8 Pro,OPPO,0.19826302,4.186988
GENV2_03915,Xiaomi 15 Ultra,Xiaomi,0.43227127,4.0027623
GENV2_04169,iPhone 17 Pro,Apple,0.4025763,3.4850993
SYNEXP_00064,Realme GT 7 Pro,Realme,0.3549492,3.3212402
SYNEXP_01070,Apple Study A,Apple,0.046305533,4.6825614
SYNEXP_01333,Google Study A,Google,0.81414217,2.6476586
SYNEXP_01387,Google Study A,Google,0.11032284,3.7493353
SYNEXP_03294,Samsung Study A,Samsung,0.27021697,3.5882785
GENV2_02586,Find N5,OPPO,0.48289746,3.6352403
GENV2_02990,iPhone 16,Apple,0.087397575,4.3627734
GENV2_03490,Galaxy S26,Samsung,0.04704101,4.791306
SYNEXP_01328,Google Study A,Google,0.32773018,3.4710546
SYNEXP_01702,Motorola Study A,Motorola,0.23658064,3.3631487
SYNEXP_03757,Xiaomi Study B,Xiaomi,0.19873358,3.1295922
GENV2_00036,Moto G Power 2025,Motorola,0.9052724,2.0327697
GENV2_00113,Pixel 9a,Google,0.61486155,3.0592506
GENV2_00192,iPhone 16e,Apple,0.7564661,2.4755769
GENV2_01891,iPhone 17 Pro Max,Apple,0.097006485,4.2386794
GENV2_04099,Galaxy S25 Ultra,Samsung,0.2574449,3.9385762
SYNEXP_00399,Pixel 10 Pro XL,Google,0.043865383,4.383514
SYNEXP_00728,Moto G Power 2025,Motorola,0.25887296,3.1911397
SYNEXP_00938,Apple Study A,Apple,0.113951795,4.060739
SYNEXP_01350,Google Study A,Google,0.5207197,3.0859847
SYNEXP_02600,OnePlus Study A,OnePlus,0.9218072,1.6435771
GENV2_00254,Realme GT 7 Pro,Realme,0.24391325,3.5121617
GENV2_00904,iPhone 17,Apple,0.62155867,3.702648
GENV2_00927,Realme GT 7,Realme,0.8321444,2.8486397
GENV2_02106,Phone 2a Plus,Nothing,0.3247853,3.697807
GENV2_02554,Pixel 10 Pro,Google,0.45834294,3.6510837
GENV2_03672,Xiaomi 15,Xiaomi,0.1733147,4.1362605
GENV2_03775,Reno 13 Pro,OPPO,0.38582113,3.388573
SYNEXP_00502,iPhone 17,Apple,0.23099501,3.6180224
SYNEXP_00585,Pixel 10 Pro,Google,0.060355935,3.9819
SYNEXP_01509,Google Study B,Google,0.02034251,4.3485827
SYNEXP_01685,Motorola Study A,Motorola,0.5655992,3.1881645
SYNEXP_02038,Nothing Study A,Nothing,0.7835533,2.4877644
SYNEXP_02322,OPPO Study A,OPPO,0.06903493,3.8016617
GENV2_00013,Moto G Power 2025,Motorola,0.73146635,3.0874686
GENV2_01253,Pixel 10,Google,0.65772736,3.8038511
GENV2_01299,iPhone 16e,Apple,0.7837093,3.0151546
GENV2_01471,Phone 3a Pro,Nothing,0.23840074,3.9069076
GENV2_02443,iPhone 17,Apple,0.112941176,4.172826
SYNEXP_00251,iPhone 17 Pro,Apple,0.014428521,4.5549974
SYNEXP_00689,Phone 2a Plus,Nothing,0.89039046,2.0826507
SYNEXP_01336,Google Study A,Google,0.028052494,4.0978374
SYNEXP_03231,Samsung Study A,Samsung,0.059537143,4.084493
SYNEXP_03666,Xiaomi Study B,Xiaomi,0.159966,3.5264387
SYNEXP_03668,Xiaomi Study B,Xiaomi,0.0137846,4.158651
GENV2_01629,Razr 60 Ultra,Motorola,0.27903196,3.8329074
GENV2_02165,Realme GT 7,Realme,0.10831528,4.2197976
GENV2_02310,iPhone 16,Apple,0.20628956,3.8022733
SYNEXP_00083,Realme GT 7 Pro,Realme,0.0080043385,4.556161
SYNEXP_00673,Razr 60 Ultra,Motorola,0.2633453,3.776439
SYNEXP_02279,OPPO Study A,OPPO,0.114248656,4.3656187
SYNEXP_02438,OPPO Study B,OPPO,0.10552257,3.7743447
SYNEXP_03040,Realme Study B,Realme,0.72042394,2.4734075
SYNEXP_03091,Realme Study B,Realme,0.11448246,3.0970783
GENV2_00103,Moto G Power 2025,Motorola,0.9074378,3.0890026
GENV2_00268,Galaxy Z Flip7,Samsung,0.3921803,3.5921197
GENV2_02445,Find X8 Pro,OPPO,0.12581901,4.2849936
GENV2_02779,Find X8 Pro,OPPO,0.18641227,4.86971
GENV2_03110,Pixel 10 Pro XL,Google,0.15486072,4.3671784
SYNEXP_00253,iPhone 17 Pro,Apple,0.07095605,4.093606
SYNEXP_00495,Redmi Note 14 Pro+,Xiaomi,0.033921614,4.284124
SYNEXP_00697,Phone 2a Plus,Nothing,0.6676193,2.8081105
SYNEXP_02237,OPPO Study A,OPPO,0.12832284,4.065129
SYNEXP_02446,OPPO Study B,OPPO,0.2463205,3.2116692
SYNEXP_02815,OnePlus Study B,OnePlus,0.13999322,3.8419578
SYNEXP_03069,Realme Study B,Realme,0.046355657,3.9474745
SYNEXP_03188,Samsung Study A,Samsung,0.35202944,3.2585745
SYNEXP_03386,Samsung Study B,Samsung,0.248047,3.3352373
GENV2_00393,iPhone 16,Apple,0.55137056,3.1790757
GENV2_01453,Galaxy Z Flip7,Samsung,0.1988339,3.8109455
GENV2_03030,Xiaomi 15,Xiaomi,0.43699324,3.5758808
GENV2_03057,Galaxy S26,Samsung,0.1698642,4.365762
GENV2_03278,Motorola Edge 60 Pro,Motorola,0.4223747,3.5006096
GENV2_03774,Find X8 Pro,OPPO,0.10376091,4.52668
GENV2_03878,Galaxy S25 Ultra,Samsung,0.055377286,4.850764
GENV2_04050,Motorola Edge 60 Pro,Motorola,0.1442291,4.36091
GENV2_04068,Galaxy S25 Ultra,Samsung,0.19563466,4.502968
SYNEXP_01399,Google Study A,Google,0.88897717,2.3161006
SYNEXP_01475,Google Study B,Google,0.8684324,2.4073005
SYNEXP_02317,OPPO Study A,OPPO,0.03309423,4.2015553
SYNEXP_02593,OnePlus Study A,OnePlus,0.20759314,3.2342558
SYNEXP_03425,Samsung Study B,Samsung,0.069360726,3.9059381
GENV2_00781,Moto G Power 2025,Motorola,0.67740387,3.0052404
GENV2_01941,Galaxy S26,Samsung,0.12928164,4.100976
GENV2_02398,Pixel 10 Pro XL,Google,0.12552889,4.2807245
GENV2_02991,Find X8 Pro,OPPO,0.07640393,4.678141
GENV2_03806,Find X8 Pro,OPPO,0.011234206,4.865035
GENV2_03963,Galaxy S26 Ultra,Samsung,0.31673142,3.4049466
GENV2_04143,Motorola Edge 60 Pro,Motorola,0.120305255,4.4884467
SYNEXP_01023,Apple Study A,Apple,0.082107574,3.895605
GENV2_00413,Razr 60 Ultra,Motorola,0.60676414,3.4313638
GENV2_00491,Phone 2a Plus,Nothing,0.9192685,2.6461399
GENV2_00840,Realme 14 Pro+,Realme,0.61475766,3.1066227
GENV2_01057,Pixel 10 Pro XL,Google,0.44581977,3.6377752
GENV2_01100,Xiaomi 15,Xiaomi,0.45883456,3.7117727
GENV2_01793,iPhone 17 Pro,Apple,0.19046684,3.962738
GENV2_02338,Xiaomi 15,Xiaomi,0.24869801,3.611263
GENV2_03093,Pixel 10 Pro XL,Google,0.22739093,4.108756
GENV2_03099,Nothing Phone 3,Nothing,0.2706568,4.07652
SYNEXP_01175,Apple Study B,Apple,0.099104784,3.500407
SYNEXP_01183,Apple Study B,Apple,0.12849355,3.9665923
SYNEXP_01416,Google Study B,Google,0.6647965,2.128251
SYNEXP_01898,Nothing Study A,Nothing,0.07883093,3.558297
SYNEXP_01960,Nothing Study A,Nothing,0.6734064,2.8106015
SYNEXP_02557,OnePlus Study A,OnePlus,0.44974917,3.1887937
GENV2_00512,Galaxy A56 5G,Samsung,0.8537581,2.6411068
GENV2_01699,OnePlus 13R,OnePlus,0.17152502,4.1490617
GENV2_01816,Phone 3a Pro,Nothing,0.29091868,3.8967192
GENV2_02145,Galaxy A56 5G,Samsung,0.15372163,3.4605222
GENV2_02427,Galaxy S26,Samsung,0.16481511,4.4785795
GENV2_03134,OnePlus 13T,OnePlus,0.05564216,4.4774876
GENV2_03763,iPhone 17,Apple,0.2011826,4.1245537
SYNEXP_02108,Nothing Study B,Nothing,0.03495934,4.694035
SYNEXP_02132,Nothing Study B,Nothing,0.7572898,2.6900508
SYNEXP_02383,OPPO Study B,OPPO,0.38917276,3.080507
SYNEXP_02767,OnePlus Study B,OnePlus,0.60012454,2.9766288
SYNEXP_03324,Samsung Study B,Samsung,0.1438076,3.3728895
SYNEXP_03531,Xiaomi Study A,Xiaomi,0.116852045,3.9841754
GENV2_00035,Moto G Power 2025,Motorola,0.6589826,2.8202956
GENV2_00812,Pixel 9a,Google,0.5699061,3.703946
GENV2_01619,iPhone 17,Apple,0.25682938,3.7413056
GENV2_01669,OnePlus 13R,OnePlus,0.21999368,3.6239638
GENV2_02327,OnePlus 13T,OnePlus,0.1406566,4.0225186
GENV2_03895,Nothing Phone 3,Nothing,0.13871214,4.5609508
GENV2_04041,iPhone 17,Apple,0.19782381,4.261306
SYNEXP_00150,Galaxy S26,Samsung,0.7299276,2.7757077
SYNEXP_00710,Phone 2a Plus,Nothing,0.93601346,2.0654874
SYNEXP_01749,Motorola Study B,Motorola,0.17157836,3.8885283
SYNEXP_02021,Nothing Study A,Nothing,0.08494738,4.0439944
SYNEXP_02522,OnePlus Study A,OnePlus,0.34069568,2.9122427
SYNEXP_03267,Samsung Study A,Samsung,0.6842689,2.520389
GENV2_00281,Realme GT 7,Realme,0.82091576,2.7685058
GENV2_01126,Redmi Note 14 Pro+,Xiaomi,0.095233954,3.976378
GENV2_02012,Pixel 9a,Google,0.14295553,3.677616
GENV2_02178,OnePlus 13R,OnePlus,0.533748,3.248221
GENV2_02686,Phone 3a Pro,Nothing,0.14118475,4.170065
GENV2_02855,Reno 13 Pro,OPPO,0.19946177,4.096714
GENV2_03716,Redmi Note 14 Pro+,Xiaomi,0.25498244,4.0687838
GENV2_03737,Xiaomi 15 Ultra,Xiaomi,0.18420136,4.2479672
SYNEXP_01712,Motorola Study A,Motorola,0.013114253,4.5406713
SYNEXP_01980,Nothing Study A,Nothing,0.02700662,4.6439886
SYNEXP_02700,OnePlus Study B,OnePlus,0.2350681,3.3453531
GENV2_00043,Galaxy A56 5G,Samsung,0.8457148,2.8277283
GENV2_00665,Pixel 9a,Google,0.7145567,3.4880466
GENV2_01086,Galaxy A56 5G,Samsung,0.61968076,3.300233
GENV2_03058,Galaxy S25 Ultra,Samsung,0.17563204,4.251953
GENV2_03250,Xiaomi 15,Xiaomi,0.4274863,3.9795933
GENV2_03484,Galaxy S26,Samsung,0.32628766,3.8760424
SYNEXP_01527,Google Study B,Google,0.29448414,3.4157896
SYNEXP_01895,Nothing Study A,Nothing,0.111961514,3.3541505
SYNEXP_02493,OPPO Study B,OPPO,0.020405319,4.335804
SYNEXP_03726,Xiaomi Study B,Xiaomi,0.17922994,3.7940383
GENV2_01622,Pixel 10 Pro XL,Google,0.11556416,4.306477
GENV2_02209,Redmi Note 14 Pro+,Xiaomi,0.12062303,4.4538445
GENV2_02301,Pixel 10 Pro,Google,0.02514639,3.8200443
GENV2_02496,iPhone 17 Pro,Apple,0.14438015,3.9073138
GENV2_03067,Pixel 10 Pro,Google,0.45633772,3.6684928
GENV2_03584,Xiaomi 15,Xiaomi,0.23663744,4.1518803
GENV2_04066,iPhone 17 Pro Max,Apple,0.19956891,4.092097
SYNEXP_00545,Pixel 9a,Google,0.038457446,4.1903276
SYNEXP_00717,Moto G Power 2025,Motorola,0.54330635,2.8170633
SYNEXP_01611,Motorola Study A,Motorola,0.32999957,3.208892
SYNEXP_01808,Motorola Study B,Motorola,0.070811026,4.337772
SYNEXP_02565,OnePlus Study A,OnePlus,0.48781273,3.1317334
SYNEXP_03594,Xiaomi Study A,Xiaomi,0.86539054,1.5644872
GENV2_03034,Galaxy S25 Ultra,Samsung,0.38048488,3.851654
GENV2_03076,Pixel 10 Pro XL,Google,0.3196888,3.841558
GENV2_03336,Motorola Edge 60 Pro,Motorola,0.26983923,4.295161
GENV2_03494,Phone 3a Pro,Nothing,0.20895344,4.4034815
GENV2_03707,Motorola Edge 60 Pro,Motorola,0.24986224,3.8329916
GENV2_04163,Galaxy S26 Ultra,Samsung,0.07336731,4.554153
SYNEXP_00104,iPhone 16e,Apple,0.23299457,3.2298808
SYNEXP_01411,Google Study B,Google,0.33880767,3.158531
SYNEXP_01988,Nothing Study A,Nothing,0.7706916,2.8890543
SYNEXP_02151,Nothing Study B,Nothing,0.1027978,3.9563947
SYNEXP_02356,OPPO Study A,OPPO,0.0833905,3.724089
GENV2_00696,Realme 14 Pro+,Realme,0.8217094,2.8764706
GENV2_01080,OnePlus 13T,OnePlus,0.7782168,3.1410687
GENV2_01383,Motorola Edge 60 Pro,Motorola,0.60499877,3.355271
GENV2_02283,Galaxy A56 5G,Samsung,0.18734255,3.533862
GENV2_02712,Motorola Edge 60 Pro,Motorola,0.35889918,3.8067763
GENV2_03345,Realme 14 Pro+,Realme,0.25518763,3.677542
GENV2_03998,Pixel 10 Pro XL,Google,0.26764283,3.9546635
GENV2_04093,Galaxy S26 Ultra,Samsung,0.111119874,4.5392776
GENV2_04120,iPhone 17 Pro Max,Apple,0.12458969,4.3058953
SYNEXP_01187,Apple Study B,Apple,0.020643117,4.5448656
SYNEXP_02650,OnePlus Study A,OnePlus,0.2072648,3.3217838
SYNEXP_03194,Samsung Study A,Samsung,0.3914854,3.3572652
GENV2_00237,Pixel 10,Google,0.7783741,3.306496
GENV2_00554,OnePlus 13T,OnePlus,0.8369356,3.2011566
GENV2_00601,Pixel 10,Google,0.86311686,3.0315886
GENV2_01730,Redmi Note 14 Pro+,Xiaomi,0.29414073,3.817251
GENV2_01870,OnePlus 13R,OnePlus,0.24869572,3.908014
GENV2_01955,Moto G Power 2025,Motorola,0.27801782,3.883827
GENV2_02253,iPhone 16,Apple,0.39874431,3.4743214
GENV2_02847,Pixel 10 Pro,Google,0.41072837,3.6809173
GENV2_02889,Nothing Phone 3,Nothing,0.15915094,4.289172
GENV2_03262,iPhone 16e,Apple,0.28717294,4.024735
SYNEXP_01024,Apple Study A,Apple,0.06884333,4.438225
SYNEXP_02981,Realme Study A,Realme,0.047318816,4.3768263
SYNEXP_02985,Realme Study A,Realme,0.032653358,4.450054
SYNEXP_03235,Samsung Study A,Samsung,0.17094088,3.7492332
GENV2_00336,iPhone 16e,Apple,0.9764748,2.426789
GENV2_01985,Pixel 10,Google,0.24842893,3.8414662
GENV2_03188,Find X8 Pro,OPPO,0.027223976,4.726897
GENV2_03491,Galaxy S25 Ultra,Samsung,0.26462716,4.430543
SYNEXP_00132,Find X8 Pro,OPPO,0.02232692,4.5758343
SYNEXP_01030,Apple Study A,Apple,0.7073102,2.2381094
SYNEXP_01671,Motorola Study A,Motorola,0.11553403,3.6722744
SYNEXP_02893,Realme Study A,Realme,0.097107865,3.7703972
SYNEXP_03278,Samsung Study A,Samsung,0.4908319,2.9683547
GENV2_00157,Find N5,OPPO,0.61052495,2.6596937
GENV2_01692,Nothing Phone 3,Nothing,0.19802517,4.0153966
GENV2_02819,Galaxy S26 Ultra,Samsung,0.2170502,4.0941157
SYNEXP_01000,Apple Study A,Apple,0.063227385,4.3465357
SYNEXP_01005,Apple Study A,Apple,0.35503006,3.2088578
SYNEXP_01958,Nothing Study A,Nothing,0.64547795,2.4554427
SYNEXP_02719,OnePlus Study B,OnePlus,0.06638296,3.225318
SYNEXP_02886,Realme Study A,Realme,0.10740481,3.8991141
GENV2_00121,iPhone 16e,Apple,0.45858353,2.8521163
GENV2_00349,Moto G Power 2025,Motorola,0.26291633,3.565248
GENV2_00932,Galaxy Z Flip7,Samsung,0.8409576,3.112745
GENV2_03053,Xiaomi 15,Xiaomi,0.13147789,4.3540497
GENV2_03525,Galaxy S26 Ultra,Samsung,0.15989543,4.2851105
GENV2_03863,Galaxy S25 Ultra,Samsung,0.10623035,4.5152073
GENV2_04091,iPhone 17 Pro Max,Apple,0.07696752,4.5567408
SYNEXP_00090,Realme GT 7 Pro,Realme,0.24197781,3.6387374
SYNEXP_00367,OnePlus 13R,OnePlus,0.044572778,3.615722
SYNEXP_00975,Apple Study A,Apple,0.93602204,1.7268661
SYNEXP_01439,Google Study B,Google,0.11182275,3.9252217
SYNEXP_01574,Motorola Study A,Motorola,0.18856695,3.4821894
SYNEXP_02082,Nothing Study B,Nothing,0.1090757,3.47281
SYNEXP_03504,Xiaomi Study A,Xiaomi,0.013534944,4.8133626
SYNEXP_03619,Xiaomi Study B,Xiaomi,0.51307863,2.9181159
GENV2_00090,OnePlus 13T,OnePlus,0.72094566,3.0522923
GENV2_00317,Pixel 9a,Google,0.7777261,3.1887956
GENV2_00845,Galaxy Z Flip7,Samsung,0.4209817,4.054444
GENV2_00944,Realme GT 7 Pro,Realme,0.7742762,3.2251525
GENV2_01995,Pixel 10,Google,0.4353671,3.5760033
GENV2_02089,OnePlus 13,OnePlus,0.057476748,4.459693
GENV2_03323,OnePlus 13R,OnePlus,0.53865963,3.4140332
GENV2_03434,Galaxy S25 Ultra,Samsung,0.11408156,4.7798367
GENV2_03768,OnePlus 13T,OnePlus,0.055856526,4.70164
SYNEXP_00481,Redmi Note 14 Pro+,Xiaomi,0.1481809,4.154425
SYNEXP_01107,Apple Study B,Apple,0.023972219,4.604544
SYNEXP_01503,Google Study B,Google,0.14630108,3.5458872
SYNEXP_01660,Motorola Study A,Motorola,0.024252482,4.489628
SYNEXP_01696,Motorola Study A,Motorola,0.2484794,3.5539985
SYNEXP_02052,Nothing Study B,Nothing,0.2756747,3.5290635
SYNEXP_02980,Realme Study A,Realme,0.32636133,3.552787
GENV2_00372,Redmi Note 14 Pro+,Xiaomi,0.7870707,3.0129802
GENV2_01380,Realme GT 7 Pro,Realme,0.4080778,3.6650438
GENV2_01618,OnePlus 13T,OnePlus,0.2276772,3.491757
GENV2_01795,Realme GT 7,Realme,0.12763865,3.964616
GENV2_01829,Pixel 10 Pro,Google,0.33161157,3.5942032
GENV2_01890,Galaxy S26,Samsung,0.1737193,3.8484857
GENV2_01959,Phone 2a Plus,Nothing,0.17659484,3.5076382
GENV2_03953,iPhone 17 Pro,Apple,0.15793106,4.5169597
SYNEXP_00151,Galaxy S26,Samsung,0.29599667,3.552798
SYNEXP_00678,Phone 2a Plus,Nothing,0.6437797,2.8350792
SYNEXP_01080,Apple Study A,Apple,0.08367841,3.6465933
SYNEXP_01366,Google Study A,Google,0.11918765,3.4835973
SYNEXP_01981,Nothing Study A,Nothing,0.7577262,2.3162296
SYNEXP_02605,OnePlus Study A,OnePlus,0.4212083,2.7921548
SYNEXP_02807,OnePlus Study B,OnePlus,0.0867267,3.8707328
SYNEXP_03608,Xiaomi Study A,Xiaomi,0.76928926,2.34184
GENV2_00278,Pixel 10 Pro,Google,0.2729099,3.9420156
GENV2_00343,Find N5,OPPO,0.95761174,2.8533623
GENV2_00561,Pixel 9a,Google,0.4797427,3.9940434
GENV2_00902,Realme 14 Pro+,Realme,0.74102044,3.4828997
GENV2_01017,Realme GT 7,Realme,0.5984051,3.7581055
GENV2_01371,Galaxy A56 5G,Samsung,0.7211667,3.0058894
GENV2_01681,Reno 13 Pro,OPPO,0.15796255,3.8278828
GENV2_02573,OnePlus 13T,OnePlus,0.16075777,4.267315
SYNEXP_00562,Pixel 9a,Google,0.71324056,2.400912
SYNEXP_00714,Phone 2a Plus,Nothing,0.29204276,3.4179497
SYNEXP_01207,Apple Study B,Apple,0.1433687,3.3097322
SYNEXP_02150,Nothing Study B,Nothing,0.45575964,3.0685313
SYNEXP_03166,Samsung Study A,Samsung,0.17955376,3.7147403
SYNEXP_03333,Samsung Study B,Samsung,0.15905465,3.1253862
SYNEXP_03417,Samsung Study B,Samsung,0.20076229,3.6819656
SYNEXP_03747,Xiaomi Study B,Xiaomi,0.04971372,4.6637774
GENV2_00520,Galaxy A56 5G,Samsung,0.52982986,3.40919
GENV2_00937,iPhone 16e,Apple,0.6861804,3.5076153
GENV2_02162,Motorola Edge 60 Pro,Motorola,0.16656709,4.171067
GENV2_02719,iPhone 17 Pro Max,Apple,0.14279571,4.1569524
SYNEXP_00417,Galaxy Z Flip7,Samsung,0.083962604,3.7356431
SYNEXP_00603,OnePlus 13T,OnePlus,0.5514569,3.3326733
SYNEXP_00833,Realme 14 Pro+,Realme,0.053119417,3.7431083
SYNEXP_01468,Google Study B,Google,0.534254,3.0036232
SYNEXP_01476,Google Study B,Google,0.63763905,2.6716712
SYNEXP_03357,Samsung Study B,Samsung,0.045722548,4.260291
GENV2_00989,Realme 14 Pro+,Realme,0.22710219,4.109142
GENV2_01012,Galaxy Z Flip7,Samsung,0.3486748,3.9642284
GENV2_01318,Redmi Note 14 Pro+,Xiaomi,0.17989604,4.3030014
GENV2_02050,Realme 14 Pro+,Realme,0.10423082,3.8993552
GENV2_02075,Realme GT 7,Realme,0.28277692,3.6882896
GENV2_03052,iPhone 17 Pro,Apple,0.10014974,4.3632717
GENV2_03194,Galaxy S26,Samsung,0.23151462,4.34946
GENV2_04072,iPhone 17,Apple,0.4647278,3.3676536
GENV2_04171,Galaxy S26 Ultra,Samsung,0.12660816,4.411213
GENV2_04182,iPhone 17,Apple,0.18044801,4.1535244
SYNEXP_00227,OnePlus 13,OnePlus,0.2236867,3.2175095
SYNEXP_00942,Apple Study A,Apple,0.009012197,4.7898707
SYNEXP_01202,Apple Study B,Apple,0.20948447,3.0633984
SYNEXP_01276,Google Study A,Google,0.5705005,2.9046257
SYNEXP_01604,Motorola Study A,Motorola,0.30785862,3.4234364
SYNEXP_02203,Nothing Study B,Nothing,0.00686187,4.7343817
SYNEXP_02839,Realme Study A,Realme,0.09221158,4.100631
GENV2_01136,Phone 3a Pro,Nothing,0.9315361,3.159628
GENV2_01554,iPhone 17 Pro,Apple,0.2418035,4.027096
GENV2_01660,Motorola Edge 60 Pro,Motorola,0.18680164,3.8143446
GENV2_01800,iPhone 16,Apple,0.1537916,4.0693583
GENV2_02388,Phone 3a Pro,Nothing,0.23167989,3.6078348
GENV2_02426,Realme GT 7,Realme,0.29239768,3.9336057
GENV2_04021,iPhone 17 Pro,Apple,0.11409136,4.610068
GENV2_04116,Galaxy S26 Ultra,Samsung,0.5491536,3.7673693
SYNEXP_01265,Google Study A,Google,0.5927878,2.8998923
SYNEXP_01700,Motorola Study A,Motorola,0.7697689,2.517999
SYNEXP_01867,Motorola Study B,Motorola,0.1870545,3.8530607
SYNEXP_02089,Nothing Study B,Nothing,0.55700976,2.642795
SYNEXP_02208,OPPO Study A,OPPO,0.050352756,4.1213326
SYNEXP_02526,OnePlus Study A,OnePlus,0.20577715,3.4905038
SYNEXP_03670,Xiaomi Study B,Xiaomi,0.056337394,4.2333403
GENV2_00208,iPhone 16e,Apple,0.3547923,3.151679
GENV2_01379,iPhone 16,Apple,0.7173349,3.7308576
GENV2_02907,Motorola Edge 60 Pro,Motorola,0.33339468,3.656943
GENV2_03361,Galaxy S26 Ultra,Samsung,0.28812093,4.0286455
SYNEXP_00261,iPhone 17 Pro Max,Apple,0.49218044,3.1665401
SYNEXP_01129,Apple Study B,Apple,0.7088707,2.7342975
SYNEXP_01791,Motorola Study B,Motorola,0.12484993,3.2521448
SYNEXP_02687,OnePlus Study B,OnePlus,0.34162813,3.092786
SYNEXP_03414,Samsung Study B,Samsung,0.33418703,3.311648
GENV2_00081,Find N5,OPPO,0.8512466,2.2653046
GENV2_00537,Galaxy A56 5G,Samsung,0.795918,2.820994
GENV2_01274,Reno 13 Pro,OPPO,0.3735901,4.086862
GENV2_01461,Phone 3a Pro,Nothing,0.20773108,3.8456159
GENV2_02062,iPhone 17 Pro,Apple,0.033673596,4.0872426
GENV2_02513,Nothing Phone 3,Nothing,0.06119534,4.12358
GENV2_02522,Redmi Note 14 Pro+,Xiaomi,0.0858028,3.9418037
GENV2_02730,iPhone 17 Pro Max,Apple,0.084634975,4.6304135
GENV2_03273,iPhone 17 Pro,Apple,0.08420053,4.591117
GENV2_03843,Galaxy S26,Samsung,0.25237,4.0340466
SYNEXP_00168,Reno 13 Pro,OPPO,0.5992995,2.409374
SYNEXP_00288,Galaxy S26 Ultra,Samsung,0.22503337,3.4246757
SYNEXP_00500,iPhone 17,Apple,0.71163535,2.507515
SYNEXP_00676,Phone 2a Plus,Nothing,0.6445918,2.7921515
SYNEXP_01494,Google Study B,Google,0.5519623,2.780352
SYNEXP_02011,Nothing Study A,Nothing,0.8252124,2.5520859
GENV2_00010,Moto G Power 2025,Motorola,0.9300641,2.0090384
GENV2_00087,Moto G Power 2025,Motorola,0.7093178,3.2011049
GENV2_00298,Realme GT 7 Pro,Realme,0.6103815,3.1567526
GENV2_00366,OnePlus 13R,OnePlus,0.42756343,3.8596623
GENV2_00634,Galaxy A56 5G,Samsung,0.8229687,3.0966573
GENV2_00957,Motorola Edge 60 Pro,Motorola,0.38502368,3.6714027
GENV2_02112,OnePlus 13T,OnePlus,0.15243022,4.0276074
GENV2_02703,Reno 13 Pro,OPPO,0.22314714,4.3562713
GENV2_03528,Reno 13 Pro,OPPO,0.15207379,4.426182
SYNEXP_00049,Pixel 10,Google,0.01583208,4.6009855
SYNEXP_00575,Pixel 10 Pro,Google,0.1814018,3.882236
SYNEXP_00713,Phone 2a Plus,Nothing,0.50256306,3.0090287
SYNEXP_00865,Motorola Edge 60 Pro,Motorola,0.010521706,4.939586
SYNEXP_01600,Motorola Study A,Motorola,0.28846356,3.6418362
SYNEXP_01624,Motorola Study A,Motorola,0.16526072,3.3613982
SYNEXP_02726,OnePlus Study B,OnePlus,0.7236723,2.1102302
GENV2_00119,iPhone 16e,Apple,0.72495514,2.840779
GENV2_00731,Realme 14 Pro+,Realme,0.27060074,3.6396859
GENV2_00763,OnePlus 13R,OnePlus,0.9288538,2.8947148
GENV2_02756,iPhone 17,Apple,0.31297478,3.7594094
GENV2_03435,Galaxy S26 Ultra,Samsung,0.40337953,3.8454597
GENV2_03539,Nothing Phone 3,Nothing,0.22429404,3.9859266
SYNEXP_00685,Phone 2a Plus,Nothing,0.021819655,4.4644547
SYNEXP_01095,Apple Study B,Apple,0.89369714,1.8528806
SYNEXP_02225,OPPO Study A,OPPO,0.5828065,2.6666834
SYNEXP_02250,OPPO Study A,OPPO,0.6556126,2.8339815
SYNEXP_02385,OPPO Study B,OPPO,0.12363458,3.884719
GENV2_00584,Galaxy Z Flip7,Samsung,0.78539777,3.2115457
GENV2_01081,Realme GT 7 Pro,Realme,0.11429538,4.394281
GENV2_01842,OnePlus 13R,OnePlus,0.19769296,4.255517
GENV2_02780,OnePlus 13R,OnePlus,0.1712157,4.4690795
GENV2_02999,OnePlus 13T,OnePlus,0.2128472,3.8410199
GENV2_03022,OnePlus 13,OnePlus,0.029751986,4.404763
GENV2_03044,Galaxy S25 Ultra,Samsung,0.15668854,4.198463
GENV2_03261,Xiaomi 15,Xiaomi,0.1797334,4.3462324
GENV2_03567,Galaxy S26,Samsung,0.28387067,4.162788
GENV2_03595,Find X8 Pro,OPPO,0.059639286,4.9607077
SYNEXP_01866,Motorola Study B,Motorola,0.5836026,2.3460908
SYNEXP_02618,OnePlus Study A,OnePlus,0.35154942,3.3847628
SYNEXP_02712,OnePlus Study B,OnePlus,0.22237319,3.2745423
SYNEXP_02929,Realme Study A,Realme,0.17454864,4.023694
SYNEXP_03024,Realme Study B,Realme,0.79327756,2.7847755
SYNEXP_03296,Samsung Study A,Samsung,0.80092764,2.7249193
SYNEXP_03713,Xiaomi Study B,Xiaomi,0.23271702,3.1744545
GENV2_00181,Redmi Note 14 Pro+,Xiaomi,0.28103957,3.6319432
GENV2_00523,Motorola Edge 60 Pro,Motorola,0.67000717,3.1889553
GENV2_01074,iPhone 16e,Apple,0.40540102,3.7414515
GENV2_01377,Galaxy Z Flip7,Samsung,0.3165981,3.8415282
GENV2_01655,Razr 60 Ultra,Motorola,0.2664287,4.0877943
GENV2_02284,iPhone 17 Pro,Apple,0.33207095,3.5076592
GENV2_02600,Razr 60 Ultra,Motorola,0.8027413,2.9367867
GENV2_03399,iPhone 17 Pro Max,Apple,0.036153033,4.5627174
GENV2_03499,Galaxy S25 Ultra,Samsung,0.20509374,4.288442
GENV2_03503,Xiaomi 15,Xiaomi,0.24599649,3.7532167
GENV2_03599,Galaxy S26,Samsung,0.17988198,4.416298
SYNEXP_01197,Apple Study B,Apple,0.08110653,3.7661414
SYNEXP_01518,Google Study B,Google,0.07246323,4.358247
SYNEXP_01529,Google Study B,Google,0.40243515,3.324254
SYNEXP_01705,Motorola Study A,Motorola,0.15189622,3.9428494
SYNEXP_02587,OnePlus Study A,OnePlus,0.191449,3.6667478
GENV2_00624,Moto G Power 2025,Motorola,0.6426923,3.3326783
GENV2_01267,Xiaomi 15,Xiaomi,0.29156467,4.0198784
GENV2_03050,Motorola Edge 60 Pro,Motorola,0.1626531,4.0583005
GENV2_03095,iPhone 17 Pro,Apple,0.19331785,3.9870036
GENV2_03245,Galaxy S26 Ultra,Samsung,0.21821639,4.186959
GENV2_03662,Galaxy S26,Samsung,0.23598197,4.4392624
GENV2_03892,OnePlus 13T,OnePlus,0.12794518,4.4131317
SYNEXP_00775,Realme GT 7,Realme,0.13108043,4.679282
SYNEXP_01322,Google Study A,Google,0.047096457,4.46511
SYNEXP_01676,Motorola Study A,Motorola,0.31582212,3.463879
SYNEXP_01741,Motorola Study B,Motorola,0.022031616,4.090382
SYNEXP_01886,Nothing Study A,Nothing,0.045132942,4.346393
SYNEXP_02119,Nothing Study B,Nothing,0.04171555,4.4026
SYNEXP_02292,OPPO Study A,OPPO,0.37084842,2.8903365
SYNEXP_02782,OnePlus Study B,OnePlus,0.08140376,3.6354177
SYNEXP_02970,Realme Study A,Realme,0.04046106,4.6671233
GENV2_00555,Redmi Note 14 Pro+,Xiaomi,0.3905004,3.6714146
GENV2_00841,Find N5,OPPO,0.5544023,3.5571
GENV2_00905,Galaxy Z Flip7,Samsung,0.6213772,3.4095936
GENV2_00984,Pixel 9a,Google,0.4648192,3.4287372
GENV2_01573,Pixel 10 Pro,Google,0.65800494,2.9882264
GENV2_02065,Pixel 10 Pro XL,Google,0.3037462,4.0960097
GENV2_02344,Pixel 9a,Google,0.12501486,4.0061383
GENV2_02789,Reno 13 Pro,OPPO,0.28049213,3.874834
GENV2_03565,iPhone 17,Apple,0.11127869,4.299311
GENV2_04107,Galaxy S25 Ultra,Samsung,0.12713191,4.502865
SYNEXP_00255,iPhone 17 Pro,Apple,0.23864275,3.7195504
SYNEXP_00546,Pixel 9a,Google,0.46077657,3.2607095
SYNEXP_03717,Xiaomi Study B,Xiaomi,0.72334504,2.563127
GENV2_00341,Redmi Note 14 Pro+,Xiaomi,0.4821796,3.065003
GENV2_02245,Realme GT 7 Pro,Realme,0.22585529,4.076172
GENV2_02257,Realme 14 Pro+,Realme,0.212993,3.397296
GENV2_02532,OnePlus 13T,OnePlus,0.062147148,4.3638396
GENV2_02808,Reno 13 Pro,OPPO,0.7358819,3.085537
GENV2_02903,Galaxy S26,Samsung,0.025079636,3.95502
GENV2_02934,iPhone 17 Pro Max,Apple,0.22967643,4.1244597
GENV2_03146,OnePlus 13T,OnePlus,0.124570645,4.106246
SYNEXP_01572,Motorola Study A,Motorola,0.59223914,2.3372374
SYNEXP_02220,OPPO Study A,OPPO,0.33558178,3.3755653
SYNEXP_02360,OPPO Study B,OPPO,0.76558876,2.2561998
SYNEXP_02447,OPPO Study B,OPPO,0.042167947,3.7796485
GENV2_00715,Find N5,OPPO,0.64686203,3.1100159
GENV2_01475,Nothing Phone 3,Nothing,0.12505148,3.983551
GENV2_02620,Pixel 10,Google,0.25206676,4.5552826
GENV2_02824,iPhone 16,Apple,0.113216974,3.9554849
GENV2_03013,iPhone 17,Apple,0.22726879,4.1990767
GENV2_03243,Xiaomi 15,Xiaomi,0.24987122,4.310714
GENV2_03298,Galaxy S26 Ultra,Samsung,0.24069293,3.9238777
GENV2_03436,Xiaomi 15 Ultra,Xiaomi,0.47038957,3.917
GENV2_03600,iPhone 17,Apple,0.12566777,4.194884
GENV2_03708,iPhone 17,Apple,0.024576202,4.4743333
GENV2_04055,iPhone 17 Pro,Apple,0.04987169,4.966566
SYNEXP_00372,Pixel 10 Pro XL,Google,0.8630652,1.7138647
SYNEXP_00580,Pixel 10 Pro,Google,0.8957929,2.021306
SYNEXP_01342,Google Study A,Google,0.03129899,3.7231383
SYNEXP_01553,Google Study B,Google,0.083842374,3.610974
SYNEXP_02591,OnePlus Study A,OnePlus,0.44813287,2.944331
SYNEXP_02649,OnePlus Study A,OnePlus,0.07945033,3.393359
SYNEXP_03257,Samsung Study A,Samsung,0.15272221,3.79058
GENV2_00757,Redmi Note 14 Pro+,Xiaomi,0.7491759,3.481504
GENV2_02682,Find X8 Pro,OPPO,0.22795829,4.449811
GENV2_02751,iPhone 16,Apple,0.18812373,3.7310379
GENV2_03195,Galaxy S26,Samsung,0.071437925,4.941483
SYNEXP_00213,OnePlus 13,OnePlus,0.48659253,3.3234627
SYNEXP_01560,Motorola Study A,Motorola,0.23059295,3.339356
SYNEXP_03391,Samsung Study B,Samsung,0.79005724,2.386477
SYNEXP_03733,Xiaomi Study B,Xiaomi,0.10660882,4.22701
GENV2_00352,Moto G Power 2025,Motorola,0.75976735,2.7621982
GENV2_00661,Razr 60 Ultra,Motorola,0.84374404,3.1194572
GENV2_01091,Redmi Note 14 Pro+,Xiaomi,0.8416496,3.0349138
GENV2_01810,iPhone 17,Apple,0.12468792,4.2937665
GENV2_02642,Galaxy S25 Ultra,Samsung,0.17226642,4.2713485
GENV2_02852,iPhone 16,Apple,0.019466884,4.887196
GENV2_03776,Find X8 Pro,OPPO,0.22903064,4.246935
SYNEXP_01089,Apple Study B,Apple,0.058995042,4.106703
SYNEXP_01185,Apple Study B,Apple,0.086897925,3.8209288
SYNEXP_01268,Google Study A,Google,0.14692318,3.5270298
GENV2_00979,Galaxy A56 5G,Samsung,0.6438739,3.31984
GENV2_01014,Find N5,OPPO,0.77409226,2.8811755
GENV2_01114,Xiaomi 15,Xiaomi,0.4468365,3.5170555
GENV2_01330,Pixel 10 Pro,Google,0.43789887,3.667465
GENV2_01846,OnePlus 13T,OnePlus,0.1004133,4.3945293
GENV2_04137,iPhone 17,Apple,0.43874377,3.8913453
SYNEXP_00654,Razr 60 Ultra,Motorola,0.09440456,3.751178
SYNEXP_00792,Xiaomi 15 Ultra,Xiaomi,0.043807473,3.7923436
SYNEXP_01113,Apple Study B,Apple,0.3670084,2.987368
SYNEXP_02169,Nothing Study B,Nothing,0.1867316,3.789291
SYNEXP_02184,Nothing Study B,Nothing,0.19620858,3.7440789
SYNEXP_02300,OPPO Study A,OPPO,0.21863002,3.7615075
SYNEXP_03122,Realme Study B,Realme,0.20220666,3.4905229
GENV2_01069,Redmi Note 14 Pro+,Xiaomi,0.5848398,3.1447363
GENV2_01786,Razr 60 Ultra,Motorola,0.24914277,3.4801767
GENV2_02367,Pixel 10 Pro,Google,0.46967953,3.7199664
GENV2_03643,Galaxy S25 Ultra,Samsung,0.04182924,4.765815
GENV2_03719,OnePlus 13R,OnePlus,0.047941115,4.3885465
SYNEXP_00323,Xiaomi 15,Xiaomi,0.030216644,4.012808
SYNEXP_02075,Nothing Study B,Nothing,0.14106114,3.2775178
SYNEXP_02470,OPPO Study B,OPPO,0.6822337,2.1573281
SYNEXP_02502,OPPO Study B,OPPO,0.8680404,2.478806
SYNEXP_02963,Realme Study A,Realme,0.11527642,3.8143938
SYNEXP_03673,Xiaomi Study B,Xiaomi,0.6606931,2.5307524
GENV2_00133,Pixel 9a,Google,0.3687849,3.9914072
GENV2_00770,Phone 3a Pro,Nothing,0.5958551,3.3967419
GENV2_00853,Pixel 10,Google,0.735155,3.424977
GENV2_03132,Reno 13 Pro,OPPO,0.3045048,3.5185442
GENV2_03521,OnePlus 13,OnePlus,0.14854977,4.2054176
SYNEXP_02741,OnePlus Study B,OnePlus,0.73112875,2.8376658
GENV2_00651,Pixel 10,Google,0.4963422,3.3014772
GENV2_01257,Pixel 10 Pro,Google,0.27324143,3.8013718
GENV2_01570,Razr 60 Ultra,Motorola,0.09195953,4.2421517
GENV2_01649,Realme GT 7 Pro,Realme,0.38501972,3.495539
GENV2_01686,Pixel 10 Pro,Google,0.24825539,3.739492
GENV2_02515,Pixel 10 Pro,Google,0.13704842,3.9910984
GENV2_02649,Phone 3a Pro,Nothing,0.2865534,4.035685
GENV2_02894,iPhone 17 Pro,Apple,0.1344524,4.708696
GENV2_02977,iPhone 17 Pro,Apple,0.4223309,3.5950856
GENV2_03060,Xiaomi 15 Ultra,Xiaomi,0.041776773,4.3318367
GENV2_03542,Galaxy S26 Ultra,Samsung,0.15484126,4.023859
GENV2_03640,iPhone 17,Apple,0.2821546,3.9237857
SYNEXP_00738,Moto G Power 2025,Motorola,0.13512045,3.8879924
SYNEXP_01082,Apple Study A,Apple,0.33363727,3.213306
SYNEXP_01283,Google Study A,Google,0.18363427,3.447364
SYNEXP_01493,Google Study B,Google,0.5678379,2.4260495
SYNEXP_01903,Nothing Study A,Nothing,0.04256783,3.8049886
SYNEXP_01904,Nothing Study A,Nothing,0.87660754,2.2277193
SYNEXP_03071,Realme Study B,Realme,0.5051441,2.7463229
GENV2_00750,Realme 14 Pro+,Realme,0.8979556,3.1790059
GENV2_01913,Redmi Note 14 Pro+,Xiaomi,0.54296756,3.268757
GENV2_03893,Xiaomi 15 Ultra,Xiaomi,0.20835505,3.845392
SYNEXP_00328,Xiaomi 15,Xiaomi,0.5943013,2.5000477
SYNEXP_00565,Pixel 9a,Google,0.14800651,3.8254287
SYNEXP_00679,Phone 2a Plus,Nothing,0.06082895,3.3488667
SYNEXP_01707,Motorola Study A,Motorola,0.062079065,4.4986386
SYNEXP_01744,Motorola Study B,Motorola,0.2793767,3.3249176
SYNEXP_01816,Motorola Study B,Motorola,0.37425545,3.244778
SYNEXP_02489,OPPO Study B,OPPO,0.121083744,3.7535331
GENV2_00445,Pixel 10,Google,0.7103822,3.2909634
GENV2_00899,Redmi Note 14 Pro+,Xiaomi,0.86295617,3.2717352
GENV2_01675,Realme 14 Pro+,Realme,0.18265647,3.8229551
GENV2_01946,iPhone 17 Pro,Apple,0.118869446,4.398713
GENV2_03130,Xiaomi 15 Ultra,Xiaomi,0.2457868,3.9668248
GENV2_03633,Galaxy S26,Samsung,0.11297141,4.6291323
SYNEXP_00198,Galaxy A56 5G,Samsung,0.15986896,3.6692145
SYNEXP_01312,Google Study A,Google,0.57929933,2.8639147
SYNEXP_02531,OnePlus Study A,OnePlus,0.52710086,2.9112442
SYNEXP_03602,Xiaomi Study A,Xiaomi,0.81087846,2.0338488
GENV2_00565,Galaxy A56 5G,Samsung,0.44741648,2.9669042
GENV2_01472,Pixel 10,Google,0.38390282,3.4779313
GENV2_01932,Pixel 10 Pro,Google,0.22601666,3.9665043
GENV2_03384,Pixel 10 Pro XL,Google,0.065540664,4.5836954
GENV2_03795,OnePlus 13,OnePlus,0.38328964,3.942286
GENV2_03927,Galaxy S26,Samsung,0.18852834,4.0218325
GENV2_04139,Galaxy S26 Ultra,Samsung,0.018920917,5.0
SYNEXP_00945,Apple Study A,Apple,0.81313723,2.8837426
SYNEXP_01064,Apple Study A,Apple,0.5999227,3.2813373
SYNEXP_01626,Motorola Study A,Motorola,0.7480809,2.7720146
SYNEXP_01875,Nothing Study A,Nothing,0.37706333,3.2388055
SYNEXP_01990,Nothing Study A,Nothing,0.043820728,4.39615
SYNEXP_02546,OnePlus Study A,OnePlus,0.35467613,3.2775986
GENV2_00177,Find N5,OPPO,0.82640964,2.5676208
GENV2_00864,Moto G Power 2025,Motorola,0.7224705,3.1215372
GENV2_01342,Galaxy Z Flip7,Samsung,0.44056168,3.4998083
GENV2_01540,Redmi Note 14 Pro+,Xiaomi,0.48610967,3.4256768
GENV2_03088,Galaxy S26 Ultra,Samsung,0.37498087,3.7498503
GENV2_03699,Galaxy S26 Ultra,Samsung,0.0692741,4.58837
SYNEXP_00709,Phone 2a Plus,Nothing,0.92442524,1.529714
SYNEXP_01510,Google Study B,Google,0.23532248,3.4392047
SYNEXP_01844,Motorola Study B,Motorola,0.051292274,4.386425
SYNEXP_02715,OnePlus Study B,OnePlus,0.027514325,4.0115914
GENV2_00260,Galaxy Z Flip7,Samsung,0.5287354,3.3477604
GENV2_00488,Phone 3a Pro,Nothing,0.8015423,3.1506677
GENV2_00807,Pixel 10,Google,0.49076632,3.706922
GENV2_00943,Find N5,OPPO,0.66719645,3.1650608
GENV2_01416,Galaxy Z Flip7,Samsung,0.048011743,4.438209
GENV2_02169,Galaxy Z Flip7,Samsung,0.10507998,4.0294156
GENV2_03543,Realme GT 7 Pro,Realme,0.1440194,4.547747
GENV2_03548,iPhone 17,Apple,0.22253415,4.05083
GENV2_03713,iPhone 17 Pro,Apple,0.060444,4.4225554
SYNEXP_01003,Apple Study A,Apple,0.4878895,2.3902001
SYNEXP_01351,Google Study A,Google,0.116788305,3.555313
SYNEXP_01733,Motorola Study B,Motorola,0.240543,3.094012
SYNEXP_02364,OPPO Study B,OPPO,0.08235843,3.572219
SYNEXP_03249,Samsung Study A,Samsung,0.021174906,4.197721
SYNEXP_03651,Xiaomi Study B,Xiaomi,0.01722991,4.4624586
GENV2_00418,Redmi Note 14 Pro+,Xiaomi,0.38145566,3.7959876
GENV2_01162,iPhone 16,Apple,0.707864,3.2117095
GENV2_01621,Xiaomi 15 Ultra,Xiaomi,0.16683555,3.8531804
GENV2_01830,Nothing Phone 3,Nothing,0.23892933,3.921857
GENV2_01952,OnePlus 13R,OnePlus,0.13145694,4.3924236
GENV2_03632,iPhone 17 Pro Max,Apple,0.33468884,3.9728875
SYNEXP_01661,Motorola Study A,Motorola,0.1297954,3.586129
SYNEXP_02090,Nothing Study B,Nothing,0.15927328,3.408595
SYNEXP_03765,Xiaomi Study B,Xiaomi,0.6724719,2.9105544
GENV2_01509,Realme GT 7 Pro,Realme,0.26084623,4.112419
GENV2_02308,OnePlus 13R,OnePlus,0.18954308,3.594661
GENV2_03275,Galaxy S26 Ultra,Samsung,0.35911977,3.6123483
GENV2_03453,Find X8 Pro,OPPO,0.12384836,4.377593
GENV2_03519,Galaxy S25 Ultra,Samsung,0.048211668,4.629286
GENV2_03867,OnePlus 13R,OnePlus,0.03173117,4.5402765
GENV2_04044,iPhone 17 Pro Max,Apple,0.20178303,4.515003
SYNEXP_00051,Pixel 10,Google,0.1968489,3.5635812
SYNEXP_00560,Pixel 9a,Google,0.015683144,4.487593
SYNEXP_00655,Razr 60 Ultra,Motorola,0.5904221,3.073736
SYNEXP_01259,Google Study A,Google,0.042561427,4.4000516
SYNEXP_01715,Motorola Study A,Motorola,0.50947326,2.6965837
SYNEXP_02916,Realme Study A,Realme,0.69790274,3.1185493
SYNEXP_03016,Realme Study B,Realme,0.25002286,3.1887944
SYNEXP_03076,Realme Study B,Realme,0.35866246,3.2237039
SYNEXP_03729,Xiaomi Study B,Xiaomi,0.7724477,1.9164907
GENV2_00021,Pixel 9a,Google,0.8922389,2.7641714
GENV2_00201,iPhone 16e,Apple,0.9056292,2.224922
GENV2_00903,Pixel 10 Pro XL,Google,0.40446576,3.6261816
GENV2_00928,Xiaomi 15 Ultra,Xiaomi,0.5658617,3.487819
GENV2_01134,Phone 2a Plus,Nothing,0.44463393,3.7258148
GENV2_01963,Nothing Phone 3,Nothing,0.1208723,3.3816495
GENV2_02538,Pixel 10,Google,0.045536034,4.582602
GENV2_02960,Nothing Phone 3,Nothing,0.10708233,4.689234
GENV2_03819,iPhone 17 Pro,Apple,0.091319524,4.6190934
SYNEXP_00754,Realme GT 7,Realme,0.69753534,3.1032202
SYNEXP_01243,Google Study A,Google,0.24972922,3.3957052
SYNEXP_01994,Nothing Study A,Nothing,0.7154103,2.6626582
SYNEXP_02272,OPPO Study A,OPPO,0.59207845,3.3023894
SYNEXP_03345,Samsung Study B,Samsung,0.08950549,4.126056
GENV2_00486,Nothing Phone 3,Nothing,0.8959366,3.0538878
GENV2_00688,Galaxy Z Flip7,Samsung,0.7101966,3.2255168
GENV2_00732,Pixel 10,Google,0.85423213,2.8841138
GENV2_00883,Motorola Edge 60 Pro,Motorola,0.34440517,3.9000895
GENV2_00892,Find N5,OPPO,0.7064265,3.0762799
GENV2_01040,Redmi Note 14 Pro+,Xiaomi,0.3433861,3.8612988
GENV2_01251,iPhone 17,Apple,0.09920882,3.842235
GENV2_01476,Xiaomi 15,Xiaomi,0.3923724,3.7644053
GENV2_01775,Reno 13 Pro,OPPO,0.22401685,3.7104661
GENV2_02237,Galaxy S26 Ultra,Samsung,0.10220408,4.525625
GENV2_02775,Xiaomi 15,Xiaomi,0.20448057,4.0772285
GENV2_03655,Pixel 10 Pro XL,Google,0.07469009,4.627041
GENV2_04052,Galaxy S26 Ultra,Samsung,0.024639912,4.5225053
SYNEXP_00410,Galaxy Z Flip7,Samsung,0.12807085,3.7191708
SYNEXP_00503,iPhone 17,Apple,0.5865119,2.7437634
SYNEXP_00845,Realme 14 Pro+,Realme,0.36924922,3.277441
SYNEXP_02594,OnePlus Study A,OnePlus,0.43075797,2.376653
SYNEXP_03039,Realme Study B,Realme,0.0073016714,4.837457
SYNEXP_03546,Xiaomi Study A,Xiaomi,0.6361833,2.652656
GENV2_00210,Pixel 10,Google,0.3485397,3.7988482
GENV2_02482,Motorola Edge 60 Pro,Motorola,0.25496128,3.7673888
GENV2_02621,OnePlus 13T,OnePlus,0.17625529,4.082961
GENV2_02710,Pixel 10,Google,0.28721288,3.6170447
GENV2_03561,Galaxy S26 Ultra,Samsung,0.34441683,3.911951
GENV2_03745,Motorola Edge 60 Pro,Motorola,0.06803126,4.37892
SYNEXP_00806,Xiaomi 15 Ultra,Xiaomi,0.23456022,3.6969008
SYNEXP_01443,Google Study B,Google,0.19285107,3.6694376
SYNEXP_01580,Motorola Study A,Motorola,0.21030518,3.9713469
SYNEXP_01798,Motorola Study B,Motorola,0.48637366,2.7760959
SYNEXP_02586,OnePlus Study A,OnePlus,0.0496707,4.190839
SYNEXP_02644,OnePlus Study A,OnePlus,0.33047217,3.2231266
SYNEXP_03075,Realme Study B,Realme,0.2681391,3.6065967
SYNEXP_03704,Xiaomi Study B,Xiaomi,0.08666792,3.9960124
GENV2_00223,Razr 60 Ultra,Motorola,0.7691873,3.0025277
GENV2_02309,iPhone 17 Pro Max,Apple,0.1316901,3.9228196
GENV2_02508,iPhone 17 Pro,Apple,0.078565955,4.740121
GENV2_02924,Find X8 Pro,OPPO,0.17095137,4.3593554
GENV2_03381,Pixel 10 Pro,Google,0.15851076,4.0476255
GENV2_03880,OnePlus 13T,OnePlus,0.068982035,4.316199
SYNEXP_01488,Google Study B,Google,0.0055778404,5.0
SYNEXP_01865,Motorola Study B,Motorola,0.043919493,4.1804037
SYNEXP_02805,OnePlus Study B,OnePlus,0.3256051,3.4631083
SYNEXP_03449,Samsung Study B,Samsung,0.056471013,4.189556
GENV2_01208,Galaxy Z Flip7,Samsung,0.4705324,3.3333542
GENV2_01240,Find N5,OPPO,0.73641944,3.1663167
GENV2_01305,Galaxy Z Flip7,Samsung,0.8551744,3.7137423
GENV2_03804,OnePlus 13,OnePlus,0.48445016,3.395701
SYNEXP_00877,Motorola Edge 60 Pro,Motorola,0.40081766,2.944083
SYNEXP_01567,Motorola Study A,Motorola,0.541774,3.20254
SYNEXP_01717,Motorola Study B,Motorola,0.17637973,3.723925
SYNEXP_01982,Nothing Study A,Nothing,0.58490294,2.9953163
SYNEXP_02280,OPPO Study A,OPPO,0.08963238,4.183805
SYNEXP_02313,OPPO Study A,OPPO,0.7721252,2.941121
SYNEXP_02658,OnePlus Study A,OnePlus,0.023796605,4.7192698
SYNEXP_02765,OnePlus Study B,OnePlus,0.100711346,3.3536258
SYNEXP_02855,Realme Study A,Realme,0.64385283,2.7411826
SYNEXP_03034,Realme Study B,Realme,0.10792644,4.0125327
SYNEXP_03085,Realme Study B,Realme,0.08391179,3.0151358
SYNEXP_03542,Xiaomi Study A,Xiaomi,0.10523173,3.7705245
GENV2_00189,Pixel 10 Pro,Google,0.40326652,3.758529
GENV2_01020,Realme GT 7 Pro,Realme,0.29746625,3.729465
GENV2_02467,iPhone 16,Apple,0.06782741,4.4951787
GENV2_03173,Find X8 Pro,OPPO,0.13681178,4.607968
GENV2_04108,iPhone 17,Apple,0.18767546,4.541851
SYNEXP_00107,iPhone 16e,Apple,0.3139698,2.8974707
SYNEXP_00793,Xiaomi 15 Ultra,Xiaomi,0.5028298,2.4923806
SYNEXP_01111,Apple Study B,Apple,0.126396,3.4408803
SYNEXP_01647,Motorola Study A,Motorola,0.11319945,3.682234
SYNEXP_01831,Motorola Study B,Motorola,0.086322576,4.3864136
SYNEXP_03325,Samsung Study B,Samsung,0.7804039,2.3315263
GENV2_00094,Redmi Note 14 Pro+,Xiaomi,0.76821923,2.7302346
GENV2_01083,Phone 3a Pro,Nothing,0.5396568,3.6890337
GENV2_01223,iPhone 16,Apple,0.63557243,3.4188445
GENV2_01278,Find N5,OPPO,0.6406471,3.298857
GENV2_01886,Galaxy Z Flip7,Samsung,0.070247285,3.7706616
GENV2_02704,Realme GT 7 Pro,Realme,0.25809658,3.9031823
GENV2_02800,OnePlus 13R,OnePlus,0.18255426,4.557165
GENV2_03209,Galaxy S26,Samsung,0.26709184,3.606119
SYNEXP_00885,Motorola Edge 60 Pro,Motorola,0.37834153,3.0773606
SYNEXP_00930,Apple Study A,Apple,0.65872484,3.0060391
SYNEXP_01321,Google Study A,Google,0.8656341,2.0588791
SYNEXP_02270,OPPO Study A,OPPO,0.027872887,4.255744
SYNEXP_03025,Realme Study B,Realme,0.23274803,3.4579232
GENV2_01821,Motorola Edge 60 Pro,Motorola,0.19838989,3.9498737
GENV2_03161,Pixel 10 Pro XL,Google,0.15865871,4.320373
GENV2_03429,Galaxy S25 Ultra,Samsung,0.24515305,4.110295
GENV2_04075,Galaxy S26 Ultra,Samsung,0.40694025,3.4582999
SYNEXP_00496,Redmi Note 14 Pro+,Xiaomi,0.5459951,2.926588
SYNEXP_00708,Phone 2a Plus,Nothing,0.25370637,3.0419881
SYNEXP_00767,Realme GT 7,Realme,0.77502275,2.7193573
SYNEXP_00976,Apple Study A,Apple,0.28788665,3.1768668
SYNEXP_01046,Apple Study A,Apple,0.04132723,4.4014716
SYNEXP_03136,Realme Study B,Realme,0.7880761,2.6474292
SYNEXP_03140,Realme Study B,Realme,0.53399664,2.9173434
GENV2_00250,Pixel 9a,Google,0.67091274,2.7896252
GENV2_01429,Pixel 10,Google,0.014334247,3.886507
GENV2_01527,OnePlus 13R,OnePlus,0.4144517,3.3953152
GENV2_01581,Realme GT 7,Realme,0.2252352,3.8677695
GENV2_01600,Nothing Phone 3,Nothing,0.20399977,4.058782
GENV2_02546,iPhone 17 Pro,Apple,0.27913263,4.2754126
GENV2_02611,Galaxy A56 5G,Samsung,0.29210657,3.930504
GENV2_03517,Motorola Edge 60 Pro,Motorola,0.19419399,4.1366444
SYNEXP_01496,Google Study B,Google,0.038816977,3.8702767
SYNEXP_02696,OnePlus Study B,OnePlus,0.15292187,3.8945732
GENV2_00143,Redmi Note 14 Pro+,Xiaomi,0.6485154,2.95613
GENV2_01989,Nothing Phone 3,Nothing,0.27200508,3.7453828
GENV2_02395,Pixel 10 Pro,Google,0.12614645,4.16845
GENV2_03358,Xiaomi 15,Xiaomi,0.10190148,4.3866987
SYNEXP_01162,Apple Study B,Apple,0.33442232,3.2905624
SYNEXP_02440,OPPO Study B,OPPO,0.05945333,4.046081
SYNEXP_02925,Realme Study A,Realme,0.6788383,3.299062
SYNEXP_03010,Realme Study B,Realme,0.5315969,2.5496547
SYNEXP_03139,Realme Study B,Realme,0.15900353,3.6537385
GENV2_00910,Find N5,OPPO,0.79425,3.2383325
GENV2_01189,Galaxy Z Flip7,Samsung,0.45482516,3.625317
GENV2_01602,iPhone 17 Pro,Apple,0.055954833,4.3446827
GENV2_01884,Pixel 10 Pro XL,Google,0.03246814,4.1175165
GENV2_02118,Pixel 10,Google,0.08558917,4.147226
GENV2_02175,OnePlus 13T,OnePlus,0.14383145,3.8477085
GENV2_03101,iPhone 17,Apple,0.13882528,4.685481
GENV2_03486,OnePlus 13,OnePlus,0.39383283,4.0556173
GENV2_03613,iPhone 17 Pro Max,Apple,0.27098233,3.8166897
GENV2_04118,Xiaomi 15 Ultra,Xiaomi,0.12455678,4.3787217
SYNEXP_00977,Apple Study A,Apple,0.0801575,3.855099
SYNEXP_01302,Google Study A,Google,0.7279305,2.7484543
SYNEXP_02479,OPPO Study B,OPPO,0.53426516,3.1173673
SYNEXP_03571,Xiaomi Study A,Xiaomi,0.8520974,2.0272775
GENV2_00499,Galaxy A56 5G,Samsung,0.60405594,3.3064706
GENV2_00868,Find X8 Pro,OPPO,0.93085134,2.8937159
GENV2_01868,Xiaomi 15 Ultra,Xiaomi,0.11201111,4.161094
GENV2_02146,iPhone 16,Apple,0.1903586,3.9410765
GENV2_02171,Pixel 9a,Google,0.3120139,3.5637867
GENV2_02941,OnePlus 13T,OnePlus,0.22021829,4.1286798
GENV2_03264,Razr 60 Ultra,Motorola,0.6289499,3.039497
GENV2_03846,Nothing Phone 3,Nothing,0.32296833,4.2939177
SYNEXP_00332,Xiaomi 15,Xiaomi,0.63098925,2.6613894
SYNEXP_02662,OnePlus Study A,OnePlus,0.7697068,2.3576412
SYNEXP_02684,OnePlus Study B,OnePlus,0.08977804,3.0176535
SYNEXP_03493,Xiaomi Study A,Xiaomi,0.047906008,4.392628
GENV2_00431,Moto G Power 2025,Motorola,0.768902,2.8942218
GENV2_00479,Phone 2a Plus,Nothing,0.53111815,3.2745576
GENV2_01506,iPhone 16,Apple,0.12823485,4.003398
GENV2_03140,Xiaomi 15 Ultra,Xiaomi,0.5413984,3.552492
GENV2_03773,Galaxy S26,Samsung,0.28011665,4.1599493
GENV2_03884,Galaxy S26 Ultra,Samsung,0.073968425,4.299584
SYNEXP_00214,OnePlus 13,OnePlus,0.18640788,3.8569381
SYNEXP_01280,Google Study A,Google,0.41813794,3.2622528
SYNEXP_01679,Motorola Study A,Motorola,0.04638949,4.2564616
SYNEXP_02480,OPPO Study B,OPPO,0.36193508,3.3929749
SYNEXP_03510,Xiaomi Study A,Xiaomi,0.15168601,3.7522974
GENV2_00026,Phone 3a Pro,Nothing,0.32326412,3.7150824
GENV2_00504,Galaxy Z Flip7,Samsung,0.9575617,2.604957
GENV2_00664,Find N5,OPPO,0.85065204,3.1053073
GENV2_00961,Reno 13 Pro,OPPO,0.6096347,3.2896924
GENV2_01231,Moto G Power 2025,Motorola,0.8449718,3.272465
GENV2_02839,Motorola Edge 60 Pro,Motorola,0.16151887,4.6464195
GENV2_02869,Realme GT 7,Realme,0.062179297,4.5993514
GENV2_03413,Xiaomi 15 Ultra,Xiaomi,0.41425213,3.361333
GENV2_03949,Pixel 10 Pro XL,Google,0.24237642,3.9552665
SYNEXP_01609,Motorola Study A,Motorola,0.7721936,2.8463852
SYNEXP_01694,Motorola Study A,Motorola,0.61035633,2.6114671
SYNEXP_01750,Motorola Study B,Motorola,0.5511836,2.7688634
SYNEXP_01992,Nothing Study A,Nothing,0.68859863,2.5788884
SYNEXP_02962,Realme Study A,Realme,0.8437622,2.150619
SYNEXP_03244,Samsung Study A,Samsung,0.18837947,3.2658935
SYNEXP_03578,Xiaomi Study A,Xiaomi,0.6538084,2.8553188
GENV2_00391,Galaxy Z Flip7,Samsung,0.74511325,3.3325922
GENV2_00896,Realme 14 Pro+,Realme,0.49226192,3.685901
GENV2_00947,Realme GT 7,Realme,0.42590737,3.4835753
GENV2_01341,Galaxy Z Flip7,Samsung,0.34162933,3.8825586
GENV2_01504,Galaxy A56 5G,Samsung,0.25133982,3.6320443
GENV2_01697,Phone 3a Pro,Nothing,0.19823316,3.0552168
GENV2_02260,OnePlus 13,OnePlus,0.022275986,3.847894
SYNEXP_00041,Pixel 10,Google,0.4349716,2.840542
SYNEXP_00493,Redmi Note 14 Pro+,Xiaomi,0.058900427,4.0457892
SYNEXP_00666,Razr 60 Ultra,Motorola,0.067245185,3.701479
SYNEXP_01122,Apple Study B,Apple,0.09762253,3.8265493
SYNEXP_01782,Motorola Study B,Motorola,0.11587413,3.7677522
SYNEXP_01818,Motorola Study B,Motorola,0.20604146,3.7140975
SYNEXP_02328,OPPO Study A,OPPO,0.21976733,3.130715
SYNEXP_03337,Samsung Study B,Samsung,0.3003558,3.2779386
GENV2_00093,Find N5,OPPO,0.85467345,2.1999574
GENV2_01296,Realme GT 7 Pro,Realme,0.08254038,4.148587
GENV2_02097,Galaxy A56 5G,Samsung,0.39105156,3.4759772
GENV2_02588,Realme GT 7 Pro,Realme,0.19822684,4.242021
SYNEXP_00311,iPhone 16,Apple,0.018078396,4.446788
SYNEXP_00438,Phone 3a Pro,Nothing,0.048075568,4.0615716
SYNEXP_00453,Phone 3a Pro,Nothing,0.16429394,3.2489576
SYNEXP_01457,Google Study B,Google,0.08905115,4.2342606
SYNEXP_02642,OnePlus Study A,OnePlus,0.09172109,3.7882347
GENV2_00022,Find N5,OPPO,0.6220929,3.4281902
GENV2_01470,OnePlus 13T,OnePlus,0.055737086,4.167373
GENV2_01803,Realme GT 7 Pro,Realme,0.3448834,3.8855557
GENV2_02028,Pixel 10 Pro,Google,0.34683782,3.648056
GENV2_03478,iPhone 17,Apple,0.106269374,4.08468
GENV2_03618,Pixel 10 Pro XL,Google,0.18297285,4.270174
GENV2_03754,OnePlus 13R,OnePlus,0.1357657,3.7283762
SYNEXP_00108,iPhone 16e,Apple,0.2959149,3.174216
SYNEXP_00304,iPhone 16,Apple,0.8851075,1.5791955
SYNEXP_00842,Realme 14 Pro+,Realme,0.12385879,4.0282702
SYNEXP_01428,Google Study B,Google,0.17968214,3.757625
SYNEXP_01968,Nothing Study A,Nothing,0.092325345,4.034618
SYNEXP_02559,OnePlus Study A,OnePlus,0.6322558,2.4959817
SYNEXP_02956,Realme Study A,Realme,0.05363221,4.0420656
SYNEXP_03252,Samsung Study A,Samsung,0.11382219,3.767856
GENV2_00027,Razr 60 Ultra,Motorola,0.6275043,3.824902
GENV2_00677,Phone 2a Plus,Nothing,0.5408077,3.184683
GENV2_00735,Reno 13 Pro,OPPO,0.19203903,3.8336852
GENV2_01119,OnePlus 13R,OnePlus,0.27711847,3.7395792
GENV2_02451,OnePlus 13R,OnePlus,0.022265248,4.955353
GENV2_02531,Xiaomi 15,Xiaomi,0.15330324,4.1797576
GENV2_03479,Pixel 10 Pro XL,Google,0.09911217,4.3444552
GENV2_03546,Realme GT 7,Realme,0.08257307,4.584396
GENV2_03836,Galaxy S25 Ultra,Samsung,0.035043985,4.7569942
SYNEXP_01133,Apple Study B,Apple,0.036468808,4.1462355
SYNEXP_01703,Motorola Study A,Motorola,0.112490386,4.071486
SYNEXP_01993,Nothing Study A,Nothing,0.84728444,2.2970693
SYNEXP_02467,OPPO Study B,OPPO,0.08659076,3.779819
SYNEXP_02690,OnePlus Study B,OnePlus,0.48158666,3.0606034
SYNEXP_02692,OnePlus Study B,OnePlus,0.21023726,3.6072757
GENV2_00164,Galaxy A56 5G,Samsung,0.37189576,3.6431274
GENV2_01617,Pixel 9a,Google,0.61160445,3.367375
GENV2_02844,Galaxy Z Flip7,Samsung,0.19794105,4.3002644
GENV2_03124,OnePlus 13,OnePlus,0.24035321,4.3744
GENV2_03334,OnePlus 13,OnePlus,0.10448933,4.453635
GENV2_04154,iPhone 17 Pro Max,Apple,0.10510307,4.550448
SYNEXP_00616,OnePlus 13T,OnePlus,0.15918548,3.7823532
SYNEXP_02263,OPPO Study A,OPPO,0.78454787,2.7667568
SYNEXP_03715,Xiaomi Study B,Xiaomi,0.7074517,2.5699918
GENV2_00589,Realme 14 Pro+,Realme,0.6390964,2.9736943
GENV2_01668,iPhone 17,Apple,0.35810468,3.6909423
GENV2_02002,Moto G Power 2025,Motorola,0.1416714,3.4319859
GENV2_02470,iPhone 16,Apple,0.10632644,4.3238525
GENV2_02922,Xiaomi 15,Xiaomi,0.1134616,3.9622438
GENV2_03740,Find X8 Pro,OPPO,0.16461582,4.636451
SYNEXP_01640,Motorola Study A,Motorola,0.42562452,3.678535
SYNEXP_01667,Motorola Study A,Motorola,0.041353583,4.341261
SYNEXP_02309,OPPO Study A,OPPO,0.354417,3.014136
SYNEXP_02809,OnePlus Study B,OnePlus,0.20830481,3.183883
SYNEXP_02870,Realme Study A,Realme,0.7351066,2.2677865
SYNEXP_02898,Realme Study A,Realme,0.57322854,2.2627385
SYNEXP_03054,Realme Study B,Realme,0.22707199,3.6483536
SYNEXP_03318,Samsung Study B,Samsung,0.82840514,1.7974044
SYNEXP_03470,Xiaomi Study A,Xiaomi,0.62562907,2.8391068
SYNEXP_03654,Xiaomi Study B,Xiaomi,0.23917866,3.359387
SYNEXP_03760,Xiaomi Study B,Xiaomi,0.19802392,3.2054229
GENV2_00440,Moto G Power 2025,Motorola,0.6690556,3.3278134
GENV2_01541,Reno 13 Pro,OPPO,0.31039074,4.0893936
GENV2_02748,Pixel 9a,Google,0.28792727,3.7574568
GENV2_03433,OnePlus 13R,OnePlus,0.6568995,3.5937514
GENV2_03468,iPhone 17 Pro Max,Apple,0.13029905,4.075741
SYNEXP_00661,Razr 60 Ultra,Motorola,0.7554611,2.6677349
SYNEXP_01659,Motorola Study A,Motorola,0.05548335,3.864709
SYNEXP_02567,OnePlus Study A,OnePlus,0.05219229,4.192263
SYNEXP_03205,Samsung Study A,Samsung,0.7823829,2.6407497
SYNEXP_03212,Samsung Study A,Samsung,0.10763352,3.660513
GENV2_00995,iPhone 16e,Apple,0.9406837,2.7334867
GENV2_01098,Redmi Note 14 Pro+,Xiaomi,0.43495136,3.6662874
GENV2_01196,Reno 13 Pro,OPPO,0.34701583,3.8242183
GENV2_02142,OnePlus 13T,OnePlus,0.14267403,4.0118065
GENV2_02328,Galaxy S26,Samsung,0.13456236,4.4266195
GENV2_02382,OnePlus 13,OnePlus,0.20174496,4.058891
GENV2_02633,Pixel 9a,Google,0.2530261,3.716805
GENV2_03168,Galaxy Z Flip7,Samsung,0.091589145,4.812679
GENV2_03800,iPhone 17 Pro Max,Apple,0.22131927,4.1441
SYNEXP_00530,Nothing Phone 3,Nothing,0.0175589,4.8206453
SYNEXP_01109,Apple Study B,Apple,0.7192372,3.052288
SYNEXP_01173,Apple Study B,Apple,0.052597445,3.5909915
SYNEXP_01938,Nothing Study A,Nothing,0.27637562,3.5458536
SYNEXP_02518,OPPO Study B,OPPO,0.4553703,2.900564
GENV2_00005,Moto G Power 2025,Motorola,0.81581026,2.6843905
GENV2_00618,Pixel 9a,Google,0.94497776,3.1190553
GENV2_01359,OnePlus 13,OnePlus,0.6670931,3.3476622
GENV2_01437,Galaxy A56 5G,Samsung,0.2345486,3.8047926
GENV2_03472,OnePlus 13T,OnePlus,0.13939461,4.1461363
GENV2_04012,Phone 3a Pro,Nothing,0.035187557,4.225528
SYNEXP_00210,OnePlus 13,OnePlus,0.13624395,3.7044523
SYNEXP_00628,OnePlus 13T,OnePlus,0.2044947,3.493044
SYNEXP_00776,Realme GT 7,Realme,0.7808416,2.7851775
SYNEXP_02363,OPPO Study B,OPPO,0.20429239,3.5485609
SYNEXP_02723,OnePlus Study B,OnePlus,0.08816041,4.2031655
SYNEXP_03100,Realme Study B,Realme,0.112842664,4.2054014
SYNEXP_03730,Xiaomi Study B,Xiaomi,0.28288347,3.5233922
GENV2_00048,Moto G Power 2025,Motorola,0.56003726,3.0755222
GENV2_00084,Razr 60 Ultra,Motorola,0.6193378,3.5294657
GENV2_03098,Pixel 10 Pro,Google,0.302093,3.6976018
GENV2_03176,Redmi Note 14 Pro+,Xiaomi,0.37871444,3.4069703
GENV2_03451,Galaxy S25 Ultra,Samsung,0.26392135,4.1497746
SYNEXP_00197,Galaxy A56 5G,Samsung,0.18604141,4.0721717
SYNEXP_00362,OnePlus 13R,OnePlus,0.06732558,4.238154
SYNEXP_02425,OPPO Study B,OPPO,0.067136936,4.158638
SYNEXP_03287,Samsung Study A,Samsung,0.5961522,2.5935137
GENV2_00449,Galaxy A56 5G,Samsung,0.6196822,3.5344296
GENV2_00954,Reno 13 Pro,OPPO,0.22643048,4.1608853
GENV2_01216,Pixel 10 Pro,Google,0.7277186,3.9882085
GENV2_02912,Realme GT 7 Pro,Realme,0.41810864,3.516032
GENV2_03688,iPhone 17 Pro,Apple,0.3024346,3.9905574
SYNEXP_00290,Galaxy S26 Ultra,Samsung,0.12511294,3.511023
SYNEXP_00663,Razr 60 Ultra,Motorola,0.6643177,2.8922627
SYNEXP_03631,Xiaomi Study B,Xiaomi,0.058822658,4.158663
SYNEXP_03707,Xiaomi Study B,Xiaomi,0.0740753,3.9391491
GENV2_00410,Phone 2a Plus,Nothing,0.8771199,3.1045165
GENV2_00972,Phone 3a Pro,Nothing,0.5909459,3.2541208
GENV2_03679,Pixel 10 Pro,Google,0.30163014,3.9028757
GENV2_03728,Galaxy S26 Ultra,Samsung,0.03433667,4.4857163
SYNEXP_00359,OnePlus 13R,OnePlus,0.0739206,3.5731122
SYNEXP_00810,Xiaomi 15 Ultra,Xiaomi,0.5220627,2.5521846
SYNEXP_02188,Nothing Study B,Nothing,0.37121657,3.2337737
SYNEXP_02976,Realme Study A,Realme,0.1261904,3.4438252
SYNEXP_03021,Realme Study B,Realme,0.06341458,4.1635876
SYNEXP_03067,Realme Study B,Realme,0.022825258,4.1838284
SYNEXP_03566,Xiaomi Study A,Xiaomi,0.018738726,4.774543
GENV2_00825,Moto G Power 2025,Motorola,0.42871004,3.4986877
GENV2_01138,OnePlus 13R,OnePlus,0.450538,3.5826182
GENV2_01537,iPhone 17,Apple,0.71002233,3.0775716
GENV2_02737,OnePlus 13R,OnePlus,0.15661779,4.156375
GENV2_03427,Find X8 Pro,OPPO,0.10786221,4.247444
GENV2_04029,Galaxy S26 Ultra,Samsung,0.035194926,4.408529
SYNEXP_02422,OPPO Study B,OPPO,0.3337916,2.9595697
GENV2_00891,Phone 2a Plus,Nothing,0.5195473,3.1006193
GENV2_01726,Nothing Phone 3,Nothing,0.22754854,3.9894211
GENV2_03587,iPhone 17 Pro,Apple,0.26514772,3.7392
GENV2_03812,Galaxy S25 Ultra,Samsung,0.19243094,4.518477
SYNEXP_02355,OPPO Study A,OPPO,0.012995885,4.274945
SYNEXP_02516,OPPO Study B,OPPO,0.019118689,4.6369843
SYNEXP_02659,OnePlus Study A,OnePlus,0.33714727,3.4842193
SYNEXP_03191,Samsung Study A,Samsung,0.6600617,2.870247
SYNEXP_03520,Xiaomi Study A,Xiaomi,0.78612924,2.678546
GENV2_01676,Motorola Edge 60 Pro,Motorola,0.14770082,3.875625
GENV2_01912,Galaxy S26,Samsung,0.074434265,4.160374
GENV2_02122,Realme 14 Pro+,Realme,0.09633638,3.9562275
GENV2_02681,OnePlus 13R,OnePlus,0.5128739,3.580259
GENV2_03102,iPhone 16,Apple,0.01704046,4.9073224
GENV2_03165,OnePlus 13,OnePlus,0.048374128,4.3743987
SYNEXP_00361,OnePlus 13R,OnePlus,0.09156265,4.140006
SYNEXP_00491,Redmi Note 14 Pro+,Xiaomi,0.48085386,3.0884557
SYNEXP_01370,Google Study A,Google,0.33812255,2.7884245
SYNEXP_03094,Realme Study B,Realme,0.04223262,4.558832
SYNEXP_03144,Realme Study B,Realme,0.023926556,4.858781
GENV2_01076,Reno 13 Pro,OPPO,0.53866816,3.888099
GENV2_01397,Redmi Note 14 Pro+,Xiaomi,0.2699927,3.9787214
GENV2_01748,OnePlus 13T,OnePlus,0.11883354,4.284128
GENV2_02536,iPhone 16,Apple,0.37656984,3.7905324
GENV2_02895,Nothing Phone 3,Nothing,0.046174575,4.057596
SYNEXP_00887,Motorola Edge 60 Pro,Motorola,0.7212132,2.791603
SYNEXP_00960,Apple Study A,Apple,0.8308835,2.3551393
SYNEXP_01247,Google Study A,Google,0.44473493,3.1994123
SYNEXP_01545,Google Study B,Google,0.28293887,3.0735533
SYNEXP_02257,OPPO Study A,OPPO,0.04427286,3.8568428
SYNEXP_02501,OPPO Study B,OPPO,0.37355116,2.8536294
SYNEXP_02939,Realme Study A,Realme,0.81675166,2.806886
SYNEXP_02979,Realme Study A,Realme,0.25742716,3.2816725
SYNEXP_03201,Samsung Study A,Samsung,0.14980577,3.4655848
SYNEXP_03237,Samsung Study A,Samsung,0.057598148,4.236552
SYNEXP_03364,Samsung Study B,Samsung,0.074097164,4.3974376
GENV2_01592,Reno 13 Pro,OPPO,0.5363998,3.460012
GENV2_02803,Pixel 10 Pro XL,Google,0.14320195,4.5368214
GENV2_04045,Realme GT 7 Pro,Realme,0.21436556,4.2154627
GENV2_04180,iPhone 17 Pro Max,Apple,0.46056423,3.9405072
SYNEXP_00368,OnePlus 13R,OnePlus,0.30440348,3.3395126
SYNEXP_00436,Phone 3a Pro,Nothing,0.5924687,3.0839906
SYNEXP_01551,Google Study B,Google,0.17281412,3.7407293
SYNEXP_02634,OnePlus Study A,OnePlus,0.584625,3.0385122
SYNEXP_02845,Realme Study A,Realme,0.65563995,2.2331116
SYNEXP_03307,Samsung Study B,Samsung,0.09092887,4.187847
SYNEXP_03743,Xiaomi Study B,Xiaomi,0.33146062,3.264074
GENV2_00642,Galaxy A56 5G,Samsung,0.8181886,3.1563587
GENV2_00843,Find X8 Pro,OPPO,0.85422087,3.2338865
GENV2_00872,iPhone 16e,Apple,0.41594446,3.4551163
GENV2_02589,iPhone 17,Apple,0.73270875,3.2661088
GENV2_02826,Xiaomi 15,Xiaomi,0.18386322,3.985942
GENV2_03498,OnePlus 13,OnePlus,0.22053537,3.8655512
GENV2_03646,Pixel 10,Google,0.28398028,4.0821333
GENV2_03860,iPhone 17 Pro Max,Apple,0.18701725,4.325625
SYNEXP_01521,Google Study B,Google,0.12824708,3.4547253
SYNEXP_01732,Motorola Study B,Motorola,0.1655268,3.0538173
SYNEXP_01890,Nothing Study A,Nothing,0.31739253,3.9047718
SYNEXP_02092,Nothing Study B,Nothing,0.33542946,3.421232
SYNEXP_02156,Nothing Study B,Nothing,0.18238972,3.5300496
SYNEXP_02306,OPPO Study A,OPPO,0.21814616,3.639763
SYNEXP_02902,Realme Study A,Realme,0.11053112,3.0084453
SYNEXP_02920,Realme Study A,Realme,0.18216746,3.7826583
SYNEXP_03125,Realme Study B,Realme,0.8672845,1.9437132
GENV2_00125,Pixel 9a,Google,0.32310662,3.389286
GENV2_00243,Phone 2a Plus,Nothing,0.5759838,3.5315146
GENV2_00490,Redmi Note 14 Pro+,Xiaomi,0.56269366,3.6315596
GENV2_01365,iPhone 17,Apple,0.15783791,4.204037
GENV2_02932,OnePlus 13,OnePlus,0.28480104,3.838007
GENV2_03936,iPhone 17 Pro Max,Apple,0.041626908,4.5802035
GENV2_04037,iPhone 17 Pro Max,Apple,0.075599685,4.781523
GENV2_04049,Galaxy S25 Ultra,Samsung,0.01644954,4.8237343
SYNEXP_00299,iPhone 16,Apple,0.78952855,1.6639674
SYNEXP_01374,Google Study A,Google,0.008349234,4.6168838
SYNEXP_01448,Google Study B,Google,0.2980635,3.1579392
SYNEXP_02862,Realme Study A,Realme,0.12862805,3.9238162
SYNEXP_03298,Samsung Study A,Samsung,0.11908177,3.950398
SYNEXP_03659,Xiaomi Study B,Xiaomi,0.11310492,3.0317292
GENV2_00670,Motorola Edge 60 Pro,Motorola,0.24393703,4.1492467
GENV2_01275,Pixel 9a,Google,0.857298,3.3348656
GENV2_01339,Pixel 9a,Google,0.36458805,3.9935803
GENV2_01585,Pixel 10 Pro,Google,0.029141344,4.0118904
GENV2_01982,Nothing Phone 3,Nothing,0.504742,3.3888674
GENV2_02487,Galaxy S25 Ultra,Samsung,0.06957518,4.2487707
GENV2_02833,Xiaomi 15 Ultra,Xiaomi,0.37797552,3.7505174
GENV2_02949,iPhone 17 Pro Max,Apple,0.20578577,4.427671
GENV2_03185,OnePlus 13R,OnePlus,0.5192798,3.3166454
SYNEXP_00322,Xiaomi 15,Xiaomi,0.14199129,3.6981397
SYNEXP_00531,Nothing Phone 3,Nothing,0.11786523,3.9771185
SYNEXP_00911,Find N5,OPPO,0.22162189,3.4779968
SYNEXP_01735,Motorola Study B,Motorola,0.048804227,4.119968
SYNEXP_02146,Nothing Study B,Nothing,0.09268357,3.5596588
SYNEXP_02656,OnePlus Study A,OnePlus,0.15347432,3.4098425
SYNEXP_03491,Xiaomi Study A,Xiaomi,0.20450702,3.5602827
SYNEXP_03645,Xiaomi Study B,Xiaomi,0.866765,1.8350487
GENV2_00368,Phone 2a Plus,Nothing,0.79200095,2.4630218
GENV2_00990,Realme 14 Pro+,Realme,0.6937551,3.8346248
GENV2_01176,Galaxy A56 5G,Samsung,0.4036871,3.6828012
GENV2_01712,iPhone 16,Apple,0.45700836,3.662859
GENV2_01813,iPhone 16,Apple,0.15292354,4.018578
GENV2_03875,Galaxy S26 Ultra,Samsung,0.16527827,3.9955738
SYNEXP_00085,Realme GT 7 Pro,Realme,0.4978188,3.2046168
SYNEXP_01006,Apple Study A,Apple,0.24289227,3.356337
SYNEXP_01120,Apple Study B,Apple,0.10749291,3.2040489
SYNEXP_02333,OPPO Study A,OPPO,0.035572115,4.2175756
SYNEXP_02646,OnePlus Study A,OnePlus,0.6653273,3.096147
SYNEXP_02725,OnePlus Study B,OnePlus,0.14928868,4.5284634
SYNEXP_03424,Samsung Study B,Samsung,0.690419,2.8346734
SYNEXP_03431,Samsung Study B,Samsung,0.087371826,4.408117
GENV2_00259,Moto G Power 2025,Motorola,0.71675855,2.8987436
GENV2_00451,Realme 14 Pro+,Realme,0.62678367,3.1678672
GENV2_01791,iPhone 17,Apple,0.439037,3.331645
GENV2_02013,Phone 3a Pro,Nothing,0.1493802,3.8137474
GENV2_02187,Redmi Note 14 Pro+,Xiaomi,0.20135847,3.5466952
GENV2_03459,Realme GT 7 Pro,Realme,0.19787736,3.8995123
GENV2_03585,Reno 13 Pro,OPPO,0.19343191,4.4147444
SYNEXP_00040,Pixel 10,Google,0.5629378,2.5539541
SYNEXP_00612,OnePlus 13T,OnePlus,0.02031553,4.5232267
SYNEXP_00735,Moto G Power 2025,Motorola,0.35726815,3.400772
SYNEXP_01912,Nothing Study A,Nothing,0.05418933,3.7931876
SYNEXP_01995,Nothing Study A,Nothing,0.16035126,3.6330872
SYNEXP_02077,Nothing Study B,Nothing,0.33164272,3.5329943
SYNEXP_02625,OnePlus Study A,OnePlus,0.40205604,2.3189805
GENV2_00167,Phone 3a Pro,Nothing,0.78003883,2.9091737
GENV2_00808,iPhone 16e,Apple,0.6645975,3.832776
GENV2_03501,Galaxy S25 Ultra,Samsung,0.30296406,4.0391116
GENV2_03509,Galaxy S26,Samsung,0.1030054,4.8050265
GENV2_03645,Xiaomi 15 Ultra,Xiaomi,0.1548729,4.1846585
SYNEXP_00958,Apple Study A,Apple,0.108355284,3.7758362
SYNEXP_01737,Motorola Study B,Motorola,0.72565943,2.405079
SYNEXP_02875,Realme Study A,Realme,0.09849745,4.7052984
SYNEXP_03078,Realme Study B,Realme,0.77250403,1.9769914
GENV2_00252,Galaxy A56 5G,Samsung,0.33983406,3.5618765
GENV2_00992,Redmi Note 14 Pro+,Xiaomi,0.43939608,3.6838734
GENV2_02167,Pixel 10 Pro XL,Google,0.27510196,3.7425668
GENV2_02330,Xiaomi 15 Ultra,Xiaomi,0.52131623,3.5678582
GENV2_02581,Phone 2a Plus,Nothing,0.049030807,4.316258
SYNEXP_00147,Galaxy S26,Samsung,0.017689433,4.7129664
SYNEXP_00970,Apple Study A,Apple,0.25302318,3.103289
SYNEXP_00994,Apple Study A,Apple,0.1776457,3.7373574
SYNEXP_01540,Google Study B,Google,0.89211524,1.930227
SYNEXP_01823,Motorola Study B,Motorola,0.71663094,2.9805753
SYNEXP_03326,Samsung Study B,Samsung,0.32038453,3.0841963
GENV2_00686,Nothing Phone 3,Nothing,0.6988757,3.4153926
GENV2_00784,Phone 2a Plus,Nothing,0.7824176,2.9176893
GENV2_01199,Phone 3a Pro,Nothing,0.84384304,3.1128733
GENV2_02127,Pixel 10,Google,0.06535579,4.255642
GENV2_02329,iPhone 17,Apple,0.6511683,3.1879103
GENV2_02512,Galaxy S26,Samsung,0.2987414,3.7006357
GENV2_03359,iPhone 17,Apple,0.16353711,4.280097
GENV2_03405,iPhone 17 Pro,Apple,0.07983518,4.8470654
GENV2_04175,Galaxy S26 Ultra,Samsung,0.114197105,4.36319
SYNEXP_00434,Phone 3a Pro,Nothing,0.054940287,4.3042645
SYNEXP_00477,Redmi Note 14 Pro+,Xiaomi,0.3450193,3.0845277
SYNEXP_01341,Google Study A,Google,0.7239667,2.6255958
SYNEXP_01623,Motorola Study A,Motorola,0.071424335,3.8982353
SYNEXP_02377,OPPO Study B,OPPO,0.7622966,2.2710528
SYNEXP_02570,OnePlus Study A,OnePlus,0.42823604,2.8638852
SYNEXP_03534,Xiaomi Study A,Xiaomi,0.7012913,2.193811
GENV2_00187,Moto G Power 2025,Motorola,0.44572303,3.608571
GENV2_01469,iPhone 16,Apple,0.30751845,3.4795816
GENV2_01485,Galaxy A56 5G,Samsung,0.41590658,3.2976665
GENV2_01546,Nothing Phone 3,Nothing,0.2753953,4.0541553
GENV2_03122,iPhone 16e,Apple,0.14693892,4.1357675
GENV2_03844,OnePlus 13R,OnePlus,0.06129299,4.528043
SYNEXP_00300,iPhone 16,Apple,0.13189007,3.8156722
SYNEXP_00932,Apple Study A,Apple,0.7372161,2.5821722
SYNEXP_01590,Motorola Study A,Motorola,0.060086045,3.8480484
SYNEXP_02348,OPPO Study A,OPPO,0.26176336,3.1987927
SYNEXP_02686,OnePlus Study B,OnePlus,0.7064938,2.6189477
SYNEXP_03363,Samsung Study B,Samsung,0.2203268,3.5154617
GENV2_00637,iPhone 16,Apple,0.31521046,3.9075594
GENV2_01423,Galaxy A56 5G,Samsung,0.21293823,3.6060672
GENV2_01489,Reno 13 Pro,OPPO,0.27156195,3.452246
GENV2_02170,Realme 14 Pro+,Realme,0.21646966,3.5554757
GENV2_02352,Galaxy S26,Samsung,0.1334986,4.2333198
GENV2_03397,iPhone 16,Apple,0.41688332,3.999089
GENV2_03558,Realme GT 7,Realme,0.22395755,4.542463
GENV2_03621,iPhone 17 Pro Max,Apple,0.13265291,4.49473
SYNEXP_00389,Pixel 10 Pro XL,Google,0.6755907,3.0878487
SYNEXP_01339,Google Study A,Google,0.041364595,4.6097727
SYNEXP_01885,Nothing Study A,Nothing,0.68217945,2.266944
SYNEXP_01934,Nothing Study A,Nothing,0.17487851,3.08405
SYNEXP_03538,Xiaomi Study A,Xiaomi,0.64440936,2.7158785
SYNEXP_03639,Xiaomi Study B,Xiaomi,0.20734422,3.3267767
GENV2_00450,Redmi Note 14 Pro+,Xiaomi,0.53612703,3.2769232
GENV2_00821,Pixel 10 Pro XL,Google,0.5352199,3.295656
GENV2_01906,Razr 60 Ultra,Motorola,0.011961419,4.1381607
GENV2_01977,Xiaomi 15 Ultra,Xiaomi,0.20678306,4.2785273
GENV2_03523,Realme GT 7 Pro,Realme,0.21010734,3.802494
GENV2_03650,Galaxy S26 Ultra,Samsung,0.27353415,4.123715
GENV2_03789,Reno 13 Pro,OPPO,0.47804755,3.6572492
GENV2_03842,Galaxy S26 Ultra,Samsung,0.088316314,4.0638633
SYNEXP_01119,Apple Study B,Apple,0.234276,3.6041424
SYNEXP_01327,Google Study A,Google,0.46669862,3.0883706
SYNEXP_03187,Samsung Study A,Samsung,0.017088369,4.6395593
SYNEXP_03282,Samsung Study A,Samsung,0.55720466,2.861773
SYNEXP_03285,Samsung Study A,Samsung,0.7886549,2.7903986
SYNEXP_03624,Xiaomi Study B,Xiaomi,0.9061913,1.7174878
GENV2_01093,Galaxy A56 5G,Samsung,0.69984126,3.8185694
GENV2_01524,Realme 14 Pro+,Realme,0.16510527,3.9107387
GENV2_02680,OnePlus 13R,OnePlus,0.18201432,3.984728
GENV2_03652,Xiaomi 15 Ultra,Xiaomi,0.04748612,4.615024
GENV2_03835,Galaxy S25 Ultra,Samsung,0.11936009,4.3087525
GENV2_04002,Xiaomi 15 Ultra,Xiaomi,0.046894122,4.6272645
SYNEXP_02114,Nothing Study B,Nothing,0.18283617,3.3517797
SYNEXP_02197,Nothing Study B,Nothing,0.116592936,3.7477083
SYNEXP_02232,OPPO Study A,OPPO,0.2600015,3.6059146
SYNEXP_02353,OPPO Study A,OPPO,0.8964151,2.0962627
SYNEXP_02622,OnePlus Study A,OnePlus,0.04747759,4.4373207
SYNEXP_03052,Realme Study B,Realme,0.097570404,3.511034
SYNEXP_03451,Samsung Study B,Samsung,0.1841548,3.4771852
GENV2_00935,Phone 2a Plus,Nothing,0.79776233,3.4674103
GENV2_01013,Motorola Edge 60 Pro,Motorola,0.2991663,3.4812748
GENV2_01209,Xiaomi 15,Xiaomi,0.21098758,4.3440094
GENV2_01467,Phone 3a Pro,Nothing,0.06469152,4.040971
GENV2_01934,Pixel 9a,Google,0.36218846,3.4700608
GENV2_02104,Xiaomi 15,Xiaomi,0.05956214,4.411702
GENV2_04016,iPhone 17,Apple,0.2837762,3.7694676
SYNEXP_00295,iPhone 16,Apple,0.06485378,4.2884226
SYNEXP_01102,Apple Study B,Apple,0.09370752,4.0950356
SYNEXP_02400,OPPO Study B,OPPO,0.1121919,3.4920547
SYNEXP_02478,OPPO Study B,OPPO,0.33377016,2.9612849
SYNEXP_02812,OnePlus Study B,OnePlus,0.14592545,3.74709
SYNEXP_03581,Xiaomi Study A,Xiaomi,0.7008563,2.7610214
GENV2_00322,Nothing Phone 3,Nothing,0.8673164,2.7882771
GENV2_00818,iPhone 16e,Apple,0.53612703,3.2283835
GENV2_03396,Galaxy S25 Ultra,Samsung,0.16105671,4.2128277
SYNEXP_00480,Redmi Note 14 Pro+,Xiaomi,0.6568384,3.1310897
SYNEXP_00706,Phone 2a Plus,Nothing,0.23801078,3.254098
SYNEXP_01306,Google Study A,Google,0.8039635,2.3623857
SYNEXP_01406,Google Study B,Google,0.6311491,3.5410755
SYNEXP_03574,Xiaomi Study A,Xiaomi,0.12605484,3.5459802
GENV2_00209,Find N5,OPPO,0.6289471,3.1921542
GENV2_00461,Razr 60 Ultra,Motorola,0.8133716,3.1869712
GENV2_01671,Redmi Note 14 Pro+,Xiaomi,0.23768139,3.6343567
GENV2_02942,iPhone 17 Pro,Apple,0.22965288,4.206347
GENV2_03224,Galaxy S26,Samsung,0.2069095,4.586765
GENV2_03530,iPhone 17 Pro,Apple,0.10275577,4.341702
GENV2_04102,iPhone 17 Pro Max,Apple,0.29638734,3.7349317
SYNEXP_00274,iPhone 17 Pro Max,Apple,0.79679316,2.863686
SYNEXP_00511,iPhone 17,Apple,0.54002327,2.9651768
SYNEXP_00819,Xiaomi 15 Ultra,Xiaomi,0.5282335,2.4662848
SYNEXP_01055,Apple Study A,Apple,0.118924595,3.2937694
SYNEXP_01356,Google Study A,Google,0.025606144,4.7677393
SYNEXP_02100,Nothing Study B,Nothing,0.075348675,4.2550874
SYNEXP_03106,Realme Study B,Realme,0.97194576,1.6770959
SYNEXP_03189,Samsung Study A,Samsung,0.6180274,2.8076541
SYNEXP_03266,Samsung Study A,Samsung,0.78485715,1.9764519
SYNEXP_03477,Xiaomi Study A,Xiaomi,0.08354458,4.3210764
GENV2_01000,Pixel 10,Google,0.63231456,3.3393195
GENV2_01131,Pixel 9a,Google,0.8048878,2.8100824
GENV2_01630,OnePlus 13T,OnePlus,0.15929477,4.0006447
SYNEXP_00838,Realme 14 Pro+,Realme,0.7333433,1.8154753
SYNEXP_00921,Apple Study A,Apple,0.063364744,4.0709553
SYNEXP_01105,Apple Study B,Apple,0.69991726,2.7244363
SYNEXP_01523,Google Study B,Google,0.58711874,2.7609138
SYNEXP_02157,Nothing Study B,Nothing,0.105604485,3.2523758
SYNEXP_02303,OPPO Study A,OPPO,0.015514403,4.657708
SYNEXP_02597,OnePlus Study A,OnePlus,0.07423851,4.2861485
SYNEXP_03063,Realme Study B,Realme,0.064253636,4.57226
SYNEXP_03133,Realme Study B,Realme,0.26425776,3.1279833
SYNEXP_03420,Samsung Study B,Samsung,0.29144025,3.2229745
SYNEXP_03484,Xiaomi Study A,Xiaomi,0.041985728,4.265931
SYNEXP_03487,Xiaomi Study A,Xiaomi,0.14382213,3.8826876
GENV2_00230,Moto G Power 2025,Motorola,0.5572678,2.9147644
GENV2_00837,Pixel 9a,Google,0.429856,3.7079074
GENV2_00940,OnePlus 13R,OnePlus,0.512445,4.00367
GENV2_01767,Razr 60 Ultra,Motorola,0.21559417,3.8525255
GENV2_01872,Phone 3a Pro,Nothing,0.020443778,3.8359995
GENV2_01938,Realme GT 7,Realme,0.22804843,4.4040112
GENV2_02116,Realme GT 7 Pro,Realme,0.18801165,3.7986302
GENV2_02128,Motorola Edge 60 Pro,Motorola,0.46211383,3.5652075
GENV2_03139,Galaxy S25 Ultra,Samsung,0.1653851,4.4334345
GENV2_03316,Xiaomi 15,Xiaomi,0.034988236,4.4904566
GENV2_03623,OnePlus 13T,OnePlus,0.14067511,3.9869022
SYNEXP_00278,iPhone 17 Pro Max,Apple,0.70329094,2.3250558
SYNEXP_02374,OPPO Study B,OPPO,0.055461735,4.338556
SYNEXP_02394,OPPO Study B,OPPO,0.5151242,2.5160906
SYNEXP_03142,Realme Study B,Realme,0.039730407,4.2303886
SYNEXP_03146,Samsung Study A,Samsung,0.1205124,3.991228
SYNEXP_03385,Samsung Study B,Samsung,0.009826204,4.839151
GENV2_00566,Galaxy Z Flip7,Samsung,0.73607826,3.1152847
GENV2_01228,Realme 14 Pro+,Realme,0.69541925,3.1289606
GENV2_02804,iPhone 16e,Apple,0.11169689,4.165368
GENV2_03981,iPhone 17 Pro,Apple,0.13062656,4.340676
SYNEXP_00271,iPhone 17 Pro Max,Apple,0.7778461,2.5771828
SYNEXP_00762,Realme GT 7,Realme,0.3479886,3.3657353
SYNEXP_01211,Apple Study B,Apple,0.27243426,3.3325107
SYNEXP_01316,Google Study A,Google,0.0905689,3.585929
GENV2_00315,Razr 60 Ultra,Motorola,0.8897781,2.4221475
GENV2_00328,Redmi Note 14 Pro+,Xiaomi,0.23302065,3.9024591
GENV2_00643,Galaxy A56 5G,Samsung,0.31729978,3.7507777
GENV2_01246,Find X8 Pro,OPPO,0.45143518,3.370149
GENV2_01445,OnePlus 13R,OnePlus,0.18981515,3.545931
GENV2_02658,Redmi Note 14 Pro+,Xiaomi,0.15810849,3.9967182
GENV2_03222,Realme GT 7 Pro,Realme,0.19037901,3.9975164
GENV2_03797,Realme GT 7 Pro,Realme,0.14209451,4.0512056
SYNEXP_00012,Galaxy S25 Ultra,Samsung,0.17294908,3.3122199
SYNEXP_01266,Google Study A,Google,0.5220562,3.3584256
SYNEXP_02293,OPPO Study A,OPPO,0.07939178,3.6344557
GENV2_00202,Pixel 9a,Google,0.8012125,3.4440448
GENV2_00399,Find N5,OPPO,0.6410331,3.3314528
GENV2_01352,Realme GT 7,Realme,0.6890543,3.372108
GENV2_01385,Xiaomi 15 Ultra,Xiaomi,0.45749807,3.7127473
GENV2_01685,Realme 14 Pro+,Realme,0.33695477,3.474855
GENV2_01851,Xiaomi 15,Xiaomi,0.46278167,3.530343
SYNEXP_01905,Nothing Study A,Nothing,0.37661067,3.3194509
SYNEXP_02573,OnePlus Study A,OnePlus,0.3146444,3.675736
SYNEXP_03081,Realme Study B,Realme,0.04603543,3.8887057
GENV2_00034,Moto G Power 2025,Motorola,0.4308851,3.1623306
GENV2_01165,Moto G Power 2025,Motorola,0.5147374,3.944275
GENV2_02076,iPhone 16e,Apple,0.23948555,3.3321874
GENV2_03024,Pixel 10,Google,0.16119897,4.4560328
GENV2_03324,OnePlus 13R,OnePlus,0.1722226,4.1991777
GENV2_03856,Xiaomi 15 Ultra,Xiaomi,0.22329207,3.8228073
GENV2_03881,iPhone 17 Pro,Apple,0.23607883,4.2209754
SYNEXP_00078,Realme GT 7 Pro,Realme,0.3377586,2.9864488
SYNEXP_00298,iPhone 16,Apple,0.1349292,3.9279985
SYNEXP_00394,Pixel 10 Pro XL,Google,0.58293223,2.8923607
SYNEXP_00479,Redmi Note 14 Pro+,Xiaomi,0.07779872,3.940833
SYNEXP_00614,OnePlus 13T,OnePlus,0.09885479,3.615509
SYNEXP_00929,Apple Study A,Apple,0.11866327,3.6616194
SYNEXP_01447,Google Study B,Google,0.20348714,3.4670377
SYNEXP_02323,OPPO Study A,OPPO,0.7949133,2.363321
SYNEXP_02802,OnePlus Study B,OnePlus,0.17261596,3.3289173
GENV2_00562,Moto G Power 2025,Motorola,0.7973629,2.9670794
GENV2_00579,Xiaomi 15,Xiaomi,0.31724012,3.6592393
GENV2_00654,Redmi Note 14 Pro+,Xiaomi,0.31068864,3.9600542
GENV2_01123,Nothing Phone 3,Nothing,0.23022462,3.9031591
GENV2_01833,Motorola Edge 60 Pro,Motorola,0.16490458,3.9135861
GENV2_02439,Phone 3a Pro,Nothing,0.20937423,3.711235
GENV2_03066,Galaxy S26 Ultra,Samsung,0.23044431,4.6496205
GENV2_03169,Find X8 Pro,OPPO,0.15745926,4.4621134
GENV2_03277,Find X8 Pro,OPPO,0.27271596,3.9487395
GENV2_03373,Motorola Edge 60 Pro,Motorola,0.083861224,4.3082495
SYNEXP_00670,Razr 60 Ultra,Motorola,0.23854932,2.9333255
SYNEXP_00916,Find N5,OPPO,0.87249225,1.4148842
SYNEXP_01550,Google Study B,Google,0.030937674,4.4764442
SYNEXP_02191,Nothing Study B,Nothing,0.28184175,3.3570585
SYNEXP_02457,OPPO Study B,OPPO,0.7731342,2.5522387
SYNEXP_02474,OPPO Study B,OPPO,0.50724506,3.1628613
SYNEXP_03053,Realme Study B,Realme,0.36700863,3.196846
SYNEXP_03579,Xiaomi Study A,Xiaomi,0.8209082,2.6479602
GENV2_00800,Galaxy Z Flip7,Samsung,0.31303102,3.6981587
GENV2_01404,iPhone 16,Apple,0.27568516,3.4026115
GENV2_01474,Pixel 9a,Google,0.18707111,4.185319
GENV2_03681,Pixel 10 Pro XL,Google,0.26779783,4.4443054
SYNEXP_02005,Nothing Study A,Nothing,0.095735125,3.3636966
SYNEXP_02314,OPPO Study A,OPPO,0.3410907,3.2284768
SYNEXP_02381,OPPO Study B,OPPO,0.49448058,3.0838084
SYNEXP_02955,Realme Study A,Realme,0.049720027,3.9406047
GENV2_00404,Motorola Edge 60 Pro,Motorola,0.5660217,3.8000884
GENV2_00596,OnePlus 13T,OnePlus,0.8306358,3.3076875
GENV2_02302,Galaxy S26 Ultra,Samsung,0.09607156,3.9533987
GENV2_02763,OnePlus 13T,OnePlus,0.25328228,3.7959955
GENV2_03390,Galaxy S25 Ultra,Samsung,0.36031124,4.3235593
GENV2_03444,Galaxy S26 Ultra,Samsung,0.2478664,3.6543112
GENV2_03930,Galaxy S26,Samsung,0.22429788,4.24608
SYNEXP_00277,iPhone 17 Pro Max,Apple,0.4359199,2.9682152
SYNEXP_00561,Pixel 9a,Google,0.050714076,3.8930717
SYNEXP_00586,Pixel 10 Pro,Google,0.16453081,3.4674234
SYNEXP_00766,Realme GT 7,Realme,0.22356486,3.0387726
SYNEXP_01777,Motorola Study B,Motorola,0.766999,2.8757095
SYNEXP_02083,Nothing Study B,Nothing,0.32678378,3.520975
SYNEXP_03274,Samsung Study A,Samsung,0.93403506,1.630643
SYNEXP_03647,Xiaomi Study B,Xiaomi,0.50885993,3.1367526
GENV2_00161,Pixel 9a,Google,0.9204804,2.3700383
GENV2_00470,Galaxy A56 5G,Samsung,0.88237464,3.211387
GENV2_00876,Nothing Phone 3,Nothing,0.38780123,3.2725713
GENV2_01026,OnePlus 13T,OnePlus,0.35604644,3.3170767
GENV2_01282,iPhone 16,Apple,0.3991471,3.7050729
GENV2_01797,Galaxy A56 5G,Samsung,0.16171627,4.1245346
GENV2_02453,Realme GT 7 Pro,Realme,0.21676339,4.202777
GENV2_02459,Galaxy S26 Ultra,Samsung,0.6687933,3.489509
GENV2_02865,iPhone 16e,Apple,0.18164417,4.044575
GENV2_03497,Galaxy S26 Ultra,Samsung,0.08560376,4.307691
GENV2_04069,Galaxy S26,Samsung,0.12090673,4.3765273
SYNEXP_01012,Apple Study A,Apple,0.23909615,3.4982133
SYNEXP_01334,Google Study A,Google,0.05056158,4.3717675
SYNEXP_01812,Motorola Study B,Motorola,0.58854574,2.7589233
GENV2_00323,Xiaomi 15 Ultra,Xiaomi,0.49081817,3.3513992
GENV2_00430,iPhone 16e,Apple,0.62483084,3.3776655
GENV2_00991,Motorola Edge 60 Pro,Motorola,0.7157756,3.3575108
GENV2_01113,Xiaomi 15,Xiaomi,0.69468224,3.8722231
GENV2_01843,OnePlus 13R,OnePlus,0.10550641,4.345713
GENV2_02017,Reno 13 Pro,OPPO,0.2677118,3.763136
GENV2_02720,OnePlus 13,OnePlus,0.23748665,3.8919506
GENV2_03070,Find X8 Pro,OPPO,0.019607091,4.162383
GENV2_03833,Galaxy S25 Ultra,Samsung,0.13713738,4.7609444
GENV2_03934,Galaxy Z Flip7,Samsung,0.021286646,4.4876194
SYNEXP_01731,Motorola Study B,Motorola,0.137381,3.782552
SYNEXP_01807,Motorola Study B,Motorola,0.26251733,3.4416616
SYNEXP_02538,OnePlus Study A,OnePlus,0.19610055,3.3822923
GENV2_00697,Pixel 10 Pro,Google,0.88730997,2.6481912
GENV2_00906,OnePlus 13T,OnePlus,0.93078977,2.4970183
GENV2_01023,OnePlus 13T,OnePlus,0.6841258,3.346414
GENV2_01294,Pixel 10,Google,0.5407437,3.3902755
GENV2_01382,iPhone 17 Pro,Apple,0.70708823,3.5947042
GENV2_02408,Pixel 10 Pro XL,Google,0.35412332,4.0796432
GENV2_03281,Find X8 Pro,OPPO,0.14641052,4.537615
GENV2_03495,Pixel 10 Pro XL,Google,0.08753946,4.478548
GENV2_03574,iPhone 16,Apple,0.29556453,4.060081
SYNEXP_00174,Reno 13 Pro,OPPO,0.7495918,1.8228178
SYNEXP_01246,Google Study A,Google,0.08409165,3.464129
SYNEXP_01377,Google Study A,Google,0.20545429,3.6340384
SYNEXP_02066,Nothing Study B,Nothing,0.81612575,1.7754751
SYNEXP_02086,Nothing Study B,Nothing,0.06609257,3.3395936
SYNEXP_02414,OPPO Study B,OPPO,0.23986064,3.432533
SYNEXP_02919,Realme Study A,Realme,0.10660737,3.866574
SYNEXP_03366,Samsung Study B,Samsung,0.19788486,3.3282776
SYNEXP_03460,Xiaomi Study A,Xiaomi,0.8965644,2.1006334
GENV2_00514,Nothing Phone 3,Nothing,0.37900546,3.579311
GENV2_00764,Realme GT 7,Realme,0.794342,3.1581545
GENV2_01232,iPhone 16e,Apple,0.23822775,3.8507416
SYNEXP_00038,Pixel 10,Google,0.76663786,2.5123923
SYNEXP_00125,Find X8 Pro,OPPO,0.7309139,2.6685243
SYNEXP_00229,OnePlus 13,OnePlus,0.011790981,4.4818254
SYNEXP_00720,Moto G Power 2025,Motorola,0.29995966,3.3471854
SYNEXP_01226,Apple Study B,Apple,0.53694075,2.6681175
SYNEXP_01242,Google Study A,Google,0.060367502,3.4999433
SYNEXP_01396,Google Study A,Google,0.048423994,4.436397
SYNEXP_01716,Motorola Study A,Motorola,0.07179602,3.8977225
SYNEXP_02998,Realme Study B,Realme,0.21278544,3.2112381
SYNEXP_03259,Samsung Study A,Samsung,0.8329706,2.0417156
GENV2_02268,Reno 13 Pro,OPPO,0.295461,4.138576
GENV2_04130,iPhone 17 Pro Max,Apple,0.05546146,4.8248987
SYNEXP_00413,Galaxy Z Flip7,Samsung,0.01408831,4.829313
SYNEXP_01014,Apple Study A,Apple,0.22235718,3.7884927
SYNEXP_01074,Apple Study A,Apple,0.054069743,4.313731
SYNEXP_01389,Google Study A,Google,0.68791896,2.803276
SYNEXP_01390,Google Study A,Google,0.8245664,2.4498427
SYNEXP_02096,Nothing Study B,Nothing,0.09461108,3.9239938
SYNEXP_02357,OPPO Study A,OPPO,0.64202493,2.7594616
SYNEXP_02711,OnePlus Study B,OnePlus,0.08322434,3.9564142
SYNEXP_03740,Xiaomi Study B,Xiaomi,0.01377124,4.6972837
GENV2_00124,Moto G Power 2025,Motorola,0.8579085,2.2426383
GENV2_00787,Redmi Note 14 Pro+,Xiaomi,0.36238953,3.6526113
GENV2_01088,iPhone 16,Apple,0.89430046,2.801003
GENV2_01586,Galaxy S26,Samsung,0.030980268,3.3038473
GENV2_01900,Reno 13 Pro,OPPO,0.29097864,3.4072149
GENV2_01998,Pixel 10 Pro,Google,0.030087011,3.7248602
GENV2_02311,Pixel 10 Pro,Google,0.27571598,3.678026
GENV2_03859,Galaxy S26 Ultra,Samsung,0.25601688,3.9658115
SYNEXP_00183,Reno 13 Pro,OPPO,0.04947978,4.395232
SYNEXP_00730,Moto G Power 2025,Motorola,0.7068299,2.2142866
GENV2_00383,Pixel 9a,Google,0.65891814,3.4291122
GENV2_00459,Moto G Power 2025,Motorola,0.84532195,3.1981814
GENV2_00803,Realme 14 Pro+,Realme,0.3782509,3.675895
GENV2_02194,Nothing Phone 3,Nothing,0.24764594,3.9476492
GENV2_02596,Pixel 10 Pro,Google,0.11319021,4.354887
GENV2_02857,Galaxy Z Flip7,Samsung,0.08117496,4.285028
SYNEXP_00301,iPhone 16,Apple,0.03864895,4.035797
SYNEXP_00324,Xiaomi 15,Xiaomi,0.4915996,3.0435624
SYNEXP_01668,Motorola Study A,Motorola,0.23193699,3.7980144
SYNEXP_02701,OnePlus Study B,OnePlus,0.047146633,4.181032
GENV2_00134,Moto G Power 2025,Motorola,0.5505755,2.5753994
GENV2_03431,Find X8 Pro,OPPO,0.56271416,3.2230802
GENV2_03810,Galaxy S26,Samsung,0.09070345,4.31174
SYNEXP_00333,Xiaomi 15,Xiaomi,0.3167989,3.456568
SYNEXP_02316,OPPO Study A,OPPO,0.64335597,2.749787
SYNEXP_02731,OnePlus Study B,OnePlus,0.9362974,1.5911648
GENV2_00681,Xiaomi 15,Xiaomi,0.5434264,3.74542
GENV2_00930,OnePlus 13,OnePlus,0.48226732,3.8361125
GENV2_03252,Galaxy S26,Samsung,0.12749408,4.3386693
SYNEXP_00097,iPhone 16e,Apple,0.48261386,3.1057372
SYNEXP_01440,Google Study B,Google,0.65461683,2.4162078
SYNEXP_01514,Google Study B,Google,0.09044024,3.9205985
SYNEXP_03062,Realme Study B,Realme,0.06282698,4.3615484
SYNEXP_03119,Realme Study B,Realme,0.15189296,3.7947118
SYNEXP_03486,Xiaomi Study A,Xiaomi,0.3432482,3.1178071
GENV2_00197,Phone 2a Plus,Nothing,0.4048506,3.3485086
GENV2_01345,iPhone 16e,Apple,0.32720464,3.788998
GENV2_01455,Razr 60 Ultra,Motorola,0.18627772,3.545943
GENV2_01826,Pixel 9a,Google,0.1196866,4.0794563
GENV2_02950,Realme GT 7 Pro,Realme,0.03751745,4.8836794
GENV2_03383,Galaxy S26,Samsung,0.29724777,4.0867987
GENV2_03653,Galaxy S25 Ultra,Samsung,0.18882681,4.0205493
GENV2_03715,Pixel 10 Pro,Google,0.3672996,3.9548063
GENV2_03950,Galaxy S26 Ultra,Samsung,0.22653778,4.2160974
GENV2_03989,Galaxy S25 Ultra,Samsung,0.5272299,3.642273
SYNEXP_00405,Galaxy Z Flip7,Samsung,0.9111597,2.0535681
SYNEXP_00450,Phone 3a Pro,Nothing,0.043587733,4.8276153
SYNEXP_01325,Google Study A,Google,0.10119553,4.099497
SYNEXP_01891,Nothing Study A,Nothing,0.8038531,2.4142783
SYNEXP_01911,Nothing Study A,Nothing,0.034715272,4.6233044
SYNEXP_02391,OPPO Study B,OPPO,0.6721853,3.0268831
GENV2_00611,Realme 14 Pro+,Realme,0.58833426,3.6317606
GENV2_01614,Xiaomi 15,Xiaomi,0.24486773,4.1153874
GENV2_02011,Xiaomi 15,Xiaomi,0.07445563,4.2415032
GENV2_02294,Motorola Edge 60 Pro,Motorola,0.40447003,3.7995198
GENV2_02655,Pixel 10 Pro,Google,0.13532072,4.1150055
GENV2_02716,Galaxy S26,Samsung,0.43309525,3.7930381
GENV2_03074,Galaxy S26,Samsung,0.15517382,4.132295
GENV2_03753,Galaxy S26 Ultra,Samsung,0.09233132,4.065031
SYNEXP_00249,iPhone 17 Pro,Apple,0.17096156,3.704342
SYNEXP_02491,OPPO Study B,OPPO,0.020104595,4.414101
GENV2_00829,Redmi Note 14 Pro+,Xiaomi,0.40407273,3.512444
GENV2_02077,iPhone 17,Apple,0.17004578,4.3583317
GENV2_02254,Realme GT 7 Pro,Realme,0.103304625,3.8688946
GENV2_03727,OnePlus 13R,OnePlus,0.37043208,3.57628
SYNEXP_00175,Reno 13 Pro,OPPO,0.023410775,3.7120447
SYNEXP_00414,Galaxy Z Flip7,Samsung,0.08796406,4.1051836
SYNEXP_00421,Galaxy Z Flip7,Samsung,0.07892306,4.2617707
SYNEXP_01625,Motorola Study A,Motorola,0.38459983,3.0769477
SYNEXP_02550,OnePlus Study A,OnePlus,0.22313137,3.4472055
SYNEXP_02714,OnePlus Study B,OnePlus,0.42212632,2.906111
SYNEXP_02895,Realme Study A,Realme,0.63519627,2.942067
SYNEXP_03754,Xiaomi Study B,Xiaomi,0.8540716,2.3870485
GENV2_00370,Phone 2a Plus,Nothing,0.8240702,3.11927
GENV2_00422,Redmi Note 14 Pro+,Xiaomi,0.60482454,3.953173
GENV2_00777,Nothing Phone 3,Nothing,0.6079207,3.2588065
GENV2_01239,Razr 60 Ultra,Motorola,0.202794,4.069208
GENV2_01729,OnePlus 13,OnePlus,0.33452705,3.8440683
GENV2_02569,Galaxy Z Flip7,Samsung,0.42584863,3.538744
SYNEXP_01819,Motorola Study B,Motorola,0.8600813,2.207279
SYNEXP_01884,Nothing Study A,Nothing,0.23844671,3.5283654
SYNEXP_02427,OPPO Study B,OPPO,0.3790915,3.5345795
GENV2_00060,Find N5,OPPO,0.87947756,2.9534833
GENV2_00251,Razr 60 Ultra,Motorola,0.68007654,3.0912106
GENV2_01233,Pixel 10 Pro XL,Google,0.2862583,4.013413
GENV2_01295,Phone 2a Plus,Nothing,0.34569287,3.8271022
GENV2_01498,OnePlus 13T,OnePlus,0.46791846,3.1553414
GENV2_02153,Pixel 10,Google,0.13836534,4.4488926
GENV2_03465,Find N5,OPPO,0.14585029,4.235237
GENV2_03680,iPhone 17 Pro Max,Apple,0.2050054,4.3708463
GENV2_03696,Realme GT 7 Pro,Realme,0.2031419,4.406264
SYNEXP_00028,Galaxy S25 Ultra,Samsung,0.4974791,2.9836938
SYNEXP_00352,OnePlus 13R,OnePlus,0.15047535,3.7413566
SYNEXP_00643,Razr 60 Ultra,Motorola,0.3319265,3.3306434
SYNEXP_01535,Google Study B,Google,0.69668484,2.617677
SYNEXP_02373,OPPO Study B,OPPO,0.1156555,4.012409
SYNEXP_03499,Xiaomi Study A,Xiaomi,0.45840856,2.8708534
SYNEXP_03731,Xiaomi Study B,Xiaomi,0.46815097,3.2142308
GENV2_00483,Redmi Note 14 Pro+,Xiaomi,0.29259816,3.7022197
GENV2_01297,Xiaomi 15,Xiaomi,0.8822303,3.0050073
GENV2_02761,Find N5,OPPO,0.53078485,3.844629
GENV2_03947,Galaxy S26 Ultra,Samsung,0.30366495,3.8853395
SYNEXP_00406,Galaxy Z Flip7,Samsung,0.052836925,3.8726835
SYNEXP_01665,Motorola Study A,Motorola,0.6876182,2.4225
SYNEXP_01991,Nothing Study A,Nothing,0.09614565,3.4338691
SYNEXP_03505,Xiaomi Study A,Xiaomi,0.4855896,3.152394
SYNEXP_03669,Xiaomi Study B,Xiaomi,0.8362579,2.6746495
GENV2_00082,Moto G Power 2025,Motorola,0.8091921,2.894433
GENV2_00099,Galaxy A56 5G,Samsung,0.6193751,2.7446947
GENV2_00873,Galaxy A56 5G,Samsung,0.38566744,3.7253928
GENV2_02006,Pixel 10 Pro XL,Google,0.3663671,3.7927608
GENV2_02272,Realme 14 Pro+,Realme,0.12707569,4.0203485
GENV2_02594,OnePlus 13R,OnePlus,0.20029423,3.8020432
GENV2_02732,iPhone 17 Pro,Apple,0.119502924,4.427313
GENV2_03040,Find X8 Pro,OPPO,0.056468524,4.368984
GENV2_04190,Pixel 10 Pro,Google,0.34648108,3.973277
SYNEXP_00711,Phone 2a Plus,Nothing,0.7692738,2.033125
SYNEXP_01817,Motorola Study B,Motorola,0.13637051,3.518486
SYNEXP_01999,Nothing Study A,Nothing,0.10251523,4.2629805
SYNEXP_02258,OPPO Study A,OPPO,0.79950553,2.5013545
SYNEXP_02277,OPPO Study A,OPPO,0.6105695,2.5801635
SYNEXP_02879,Realme Study A,Realme,0.7653048,2.849596
SYNEXP_02912,Realme Study A,Realme,0.43385535,3.074221
GENV2_01032,Pixel 10 Pro,Google,0.5297836,3.364701
GENV2_03288,Reno 13 Pro,OPPO,0.19835976,4.03895
SYNEXP_00015,Galaxy S25 Ultra,Samsung,0.8204941,2.1210537
SYNEXP_01045,Apple Study A,Apple,0.2500939,3.2595959
SYNEXP_02530,OnePlus Study A,OnePlus,0.108355284,3.8909895
SYNEXP_03441,Samsung Study B,Samsung,0.13179316,3.2610402
GENV2_00190,iPhone 16e,Apple,0.68638545,3.0618052
GENV2_00409,Nothing Phone 3,Nothing,0.35330024,3.7373521
GENV2_01034,Motorola Edge 60 Pro,Motorola,0.582113,3.7281837
GENV2_01273,iPhone 16,Apple,0.5792209,3.730973
GENV2_01388,Pixel 10,Google,0.28993854,3.9322698
GENV2_03247,Xiaomi 15,Xiaomi,0.19542685,4.5752745
GENV2_03673,Galaxy S26 Ultra,Samsung,0.17395023,4.1299157
GENV2_03678,Pixel 10 Pro XL,Google,0.05953583,4.513831
SYNEXP_02806,OnePlus Study B,OnePlus,0.30992293,3.283993
GENV2_01396,Pixel 10,Google,0.014605125,4.002857
GENV2_01677,Pixel 10 Pro XL,Google,0.33377066,3.7550488
GENV2_03974,Motorola Edge 60 Pro,Motorola,0.5983532,3.5634642
SYNEXP_00596,Pixel 10 Pro,Google,0.20054694,3.7399695
SYNEXP_01077,Apple Study A,Apple,0.31482515,3.6522458
SYNEXP_01745,Motorola Study B,Motorola,0.7034191,2.8290565
SYNEXP_01932,Nothing Study A,Nothing,0.048492417,3.778416
SYNEXP_02379,OPPO Study B,OPPO,0.049750574,4.419583
SYNEXP_02770,OnePlus Study B,OnePlus,0.0061256136,4.7688375
SYNEXP_03445,Samsung Study B,Samsung,0.8653168,2.3672068
GENV2_01188,Galaxy Z Flip7,Samsung,0.8287389,3.3687847
GENV2_01270,Realme GT 7,Realme,0.6420537,3.6527822
GENV2_04199,iPhone 17 Pro,Apple,0.059217293,4.5025406
SYNEXP_00215,OnePlus 13,OnePlus,0.11488257,4.309212
SYNEXP_00613,OnePlus 13T,OnePlus,0.21728587,3.581817
SYNEXP_01841,Motorola Study B,Motorola,0.022017725,4.7788587
SYNEXP_02884,Realme Study A,Realme,0.7757398,3.2457957
GENV2_00379,Phone 2a Plus,Nothing,0.92220217,2.992563
GENV2_00668,iPhone 16,Apple,0.8966961,3.162521
GENV2_01393,Reno 13 Pro,OPPO,0.507063,3.0202503
GENV2_03675,Motorola Edge 60 Pro,Motorola,0.15421286,4.321347
GENV2_04141,iPhone 17 Pro Max,Apple,0.40999663,3.8315063
SYNEXP_00156,Reno 13 Pro,OPPO,0.8493732,1.8665333
SYNEXP_00391,Pixel 10 Pro XL,Google,0.024591353,4.3846254
SYNEXP_00722,Moto G Power 2025,Motorola,0.68822473,2.310559
SYNEXP_00741,Moto G Power 2025,Motorola,0.6640675,2.7487938
SYNEXP_00802,Xiaomi 15 Ultra,Xiaomi,0.3431482,3.2198575
SYNEXP_00856,Motorola Edge 60 Pro,Motorola,0.31900328,3.0016403
SYNEXP_01852,Motorola Study B,Motorola,0.038530122,3.5653074
SYNEXP_02442,OPPO Study B,OPPO,0.77573407,2.3571851
SYNEXP_02859,Realme Study A,Realme,0.22425447,3.0920055
SYNEXP_02971,Realme Study A,Realme,0.009676735,4.5163074
SYNEXP_03615,Xiaomi Study B,Xiaomi,0.485589,3.2570376
GENV2_00473,iPhone 16,Apple,0.39882585,3.732229
GENV2_01128,Phone 2a Plus,Nothing,0.5280474,3.4632645
GENV2_02232,Xiaomi 15,Xiaomi,0.10128731,4.080991
GENV2_02794,Nothing Phone 3,Nothing,0.16235313,4.7287946
GENV2_02930,iPhone 17 Pro,Apple,0.22863866,4.509717
GENV2_03232,Galaxy S25 Ultra,Samsung,0.14569497,4.151707
GENV2_03402,iPhone 17,Apple,0.39207286,3.5000863
SYNEXP_00047,Pixel 10,Google,0.37231484,3.2937255
SYNEXP_02629,OnePlus Study A,OnePlus,0.02332814,4.03645
SYNEXP_02685,OnePlus Study B,OnePlus,0.78468806,2.7716396
SYNEXP_02918,Realme Study A,Realme,0.102170736,4.075098
SYNEXP_03683,Xiaomi Study B,Xiaomi,0.094833665,3.7688177
GENV2_00309,iPhone 16e,Apple,0.71363604,2.9593124
GENV2_00414,Razr 60 Ultra,Motorola,0.7402332,3.402935
GENV2_00869,Moto G Power 2025,Motorola,0.7345353,2.6757061
GENV2_00929,Moto G Power 2025,Motorola,0.21513487,3.955069
GENV2_01293,Realme 14 Pro+,Realme,0.5491385,3.2588022
GENV2_01974,Redmi Note 14 Pro+,Xiaomi,0.47324044,3.7884798
GENV2_02109,iPhone 17,Apple,0.22346738,4.287291
GENV2_02675,Find X8 Pro,OPPO,0.06389347,4.4890175
GENV2_02699,Reno 13 Pro,OPPO,0.049551405,4.376306
GENV2_03780,OnePlus 13T,OnePlus,0.18329556,4.164532
GENV2_04030,Galaxy S26,Samsung,0.3682747,3.968624
SYNEXP_02123,Nothing Study B,Nothing,0.08038326,3.7058372
SYNEXP_02528,OnePlus Study A,OnePlus,0.23912632,3.2679288
SYNEXP_03633,Xiaomi Study B,Xiaomi,0.82731473,2.8346448
GENV2_00162,Pixel 10,Google,0.7036027,3.3178983
GENV2_00375,Galaxy A56 5G,Samsung,0.5613609,3.0755632
GENV2_00698,iPhone 16e,Apple,0.48354816,3.5288038
GENV2_00817,Pixel 10 Pro,Google,0.8226592,3.358815
GENV2_02094,Phone 3a Pro,Nothing,0.27909595,3.5461705
GENV2_02101,OnePlus 13T,OnePlus,0.23935741,4.278209
GENV2_03733,iPhone 17,Apple,0.39456105,3.8316064
GENV2_04181,iPhone 17 Pro,Apple,0.19983655,3.9321413
SYNEXP_00472,Redmi Note 14 Pro+,Xiaomi,0.9189109,1.9159194
SYNEXP_01997,Nothing Study A,Nothing,0.32065296,3.603959
SYNEXP_03171,Samsung Study A,Samsung,0.019116998,4.7156
GENV2_00308,Phone 2a Plus,Nothing,0.42228356,3.247452
GENV2_00534,Moto G Power 2025,Motorola,0.66235214,2.908118
GENV2_00598,Galaxy Z Flip7,Samsung,0.7268078,3.2736657
GENV2_01799,Galaxy S26,Samsung,0.32680026,3.743534
GENV2_02347,OnePlus 13R,OnePlus,0.090783894,4.353005
GENV2_03023,iPhone 17 Pro Max,Apple,0.40256223,3.7818854
GENV2_03085,iPhone 17 Pro,Apple,0.17211418,4.357952
GENV2_03723,Pixel 9a,Google,0.030481527,4.3882203
SYNEXP_00954,Apple Study A,Apple,0.7452016,2.591
SYNEXP_01543,Google Study B,Google,0.4796068,3.0831945
SYNEXP_02194,Nothing Study B,Nothing,0.6079903,2.2256129
SYNEXP_02637,OnePlus Study A,OnePlus,0.371394,3.2991571
SYNEXP_03419,Samsung Study B,Samsung,0.6342891,2.7792377
SYNEXP_03739,Xiaomi Study B,Xiaomi,0.26332855,3.3366435
GENV2_00619,Razr 60 Ultra,Motorola,0.88611144,2.9852583
GENV2_01254,iPhone 16,Apple,0.8434811,3.0456982
GENV2_01719,Xiaomi 15,Xiaomi,0.04644697,4.2554984
GENV2_01747,Moto G Power 2025,Motorola,0.47934026,3.6024437
GENV2_02256,OnePlus 13R,OnePlus,0.24703719,3.8236358
GENV2_02425,Pixel 10 Pro XL,Google,0.050899133,4.1870923
GENV2_03186,Realme GT 7 Pro,Realme,0.11140509,4.2040467
SYNEXP_00017,Galaxy S25 Ultra,Samsung,0.07524351,4.4125285
SYNEXP_00036,Pixel 10,Google,0.030443558,4.4240165
SYNEXP_00910,Find N5,OPPO,0.5405257,2.2866511
SYNEXP_01295,Google Study A,Google,0.19631043,3.9770455
SYNEXP_01986,Nothing Study A,Nothing,0.70344776,2.6104906
SYNEXP_03378,Samsung Study B,Samsung,0.15296628,3.5471354
GENV2_00321,iPhone 16e,Apple,0.82674146,2.5887978
GENV2_00400,Galaxy A56 5G,Samsung,0.7664651,2.7961752
GENV2_02056,Pixel 10,Google,0.2969131,3.7535582
GENV2_02402,Galaxy S25 Ultra,Samsung,0.18214266,4.326639
GENV2_03154,Find X8 Pro,OPPO,0.06609577,4.8254757
GENV2_04060,Xiaomi 15 Ultra,Xiaomi,0.469352,3.9225082
SYNEXP_00696,Phone 2a Plus,Nothing,0.13861544,3.724795
SYNEXP_00752,Realme GT 7,Realme,0.5063542,2.256379
SYNEXP_01719,Motorola Study B,Motorola,0.15296882,3.6604013
SYNEXP_02885,Realme Study A,Realme,0.5679714,2.8968327
SYNEXP_03177,Samsung Study A,Samsung,0.01660578,4.730718
SYNEXP_03280,Samsung Study A,Samsung,0.21417198,3.9318526
SYNEXP_03406,Samsung Study B,Samsung,0.20835994,3.4159212
GENV2_00097,Moto G Power 2025,Motorola,0.29339537,3.294399
GENV2_00917,Nothing Phone 3,Nothing,0.6171246,2.6377165
GENV2_03560,iPhone 17 Pro,Apple,0.15843686,4.2142043
GENV2_03866,iPhone 17 Pro Max,Apple,0.37580135,3.9994755
SYNEXP_00098,iPhone 16e,Apple,0.27199426,2.983246
SYNEXP_00357,OnePlus 13R,OnePlus,0.03934546,3.6618154
SYNEXP_00859,Motorola Edge 60 Pro,Motorola,0.70951647,2.7369235
SYNEXP_01112,Apple Study B,Apple,0.675612,2.338522
SYNEXP_02223,OPPO Study A,OPPO,0.41054338,3.1361997
SYNEXP_03334,Samsung Study B,Samsung,0.29622146,3.0927856
SYNEXP_03463,Xiaomi Study A,Xiaomi,0.6498698,2.9565945
GENV2_01324,Find X8 Pro,OPPO,0.5535531,3.4746876
GENV2_01737,Realme 14 Pro+,Realme,0.2284127,3.8059702
GENV2_02177,Nothing Phone 3,Nothing,0.2622792,3.807886
GENV2_03061,Pixel 10 Pro XL,Google,0.09490314,4.8046684
GENV2_03996,Galaxy S26,Samsung,0.054243784,4.3879356
GENV2_04006,iPhone 17 Pro Max,Apple,0.19256496,4.163875
SYNEXP_00171,Reno 13 Pro,OPPO,0.53188074,2.9261713
SYNEXP_00606,OnePlus 13T,OnePlus,0.022384437,4.4362288
SYNEXP_00718,Moto G Power 2025,Motorola,0.123872705,3.389204
SYNEXP_01007,Apple Study A,Apple,0.86580276,2.0961826
SYNEXP_01136,Apple Study B,Apple,0.013918091,4.665676
SYNEXP_02067,Nothing Study B,Nothing,0.10328452,4.1430254
SYNEXP_02396,OPPO Study B,OPPO,0.16121219,3.4477015
SYNEXP_03661,Xiaomi Study B,Xiaomi,0.72717184,2.7545936
GENV2_00489,Moto G Power 2025,Motorola,0.6440433,3.2480855
GENV2_02015,Pixel 10 Pro,Google,0.37065184,3.7054238
GENV2_02086,Realme GT 7 Pro,Realme,0.4829078,3.6619399
GENV2_02641,Galaxy Z Flip7,Samsung,0.07547941,4.823143
GENV2_03798,Realme GT 7 Pro,Realme,0.20509751,4.5451083
GENV2_03956,Galaxy S26,Samsung,0.099841446,4.3331113
SYNEXP_00159,Reno 13 Pro,OPPO,0.02594285,4.4006605
SYNEXP_00967,Apple Study A,Apple,0.044424914,4.290243
SYNEXP_01953,Nothing Study A,Nothing,0.0683939,3.8729377
SYNEXP_02706,OnePlus Study B,OnePlus,0.11530253,3.828861
GENV2_00862,Phone 3a Pro,Nothing,0.2946848,3.9218934
GENV2_01180,Motorola Edge 60 Pro,Motorola,0.40074807,3.7134335
GENV2_01271,Phone 2a Plus,Nothing,0.5000981,3.4513314
GENV2_01322,Phone 2a Plus,Nothing,0.5455687,3.248586
GENV2_02189,iPhone 17,Apple,0.79087657,2.7114944
GENV2_02289,Realme GT 7 Pro,Realme,0.14789349,4.18141
GENV2_03512,Find X8 Pro,OPPO,0.118610725,4.7526717
GENV2_03601,Galaxy S25 Ultra,Samsung,0.2323204,4.200297
GENV2_03668,OnePlus 13,OnePlus,0.40410736,3.644695
GENV2_04090,Galaxy S25 Ultra,Samsung,0.12710668,4.565406
GENV2_04128,Galaxy S26 Ultra,Samsung,0.09963422,4.5625687
GENV2_04183,Find X8 Pro,OPPO,0.1707127,4.2353845
SYNEXP_01413,Google Study B,Google,0.68275636,3.0247426
SYNEXP_01576,Motorola Study A,Motorola,0.40426934,3.0426505
GENV2_00640,Galaxy A56 5G,Samsung,0.48648033,3.4730866
GENV2_00653,Realme 14 Pro+,Realme,0.88108784,2.4121764
GENV2_00676,OnePlus 13R,OnePlus,0.77546066,2.9182525
GENV2_00714,Nothing Phone 3,Nothing,0.82096654,2.7143953
GENV2_01110,Find N5,OPPO,0.42985085,3.7911859
GENV2_01535,Pixel 10,Google,0.11974732,4.013999
GENV2_02507,Galaxy S26 Ultra,Samsung,0.23319499,4.3689046
GENV2_02604,Galaxy S25 Ultra,Samsung,0.10915887,4.4291945
GENV2_03412,iPhone 17 Pro,Apple,0.056022245,4.4779787
GENV2_03516,OnePlus 13,OnePlus,0.0366665,4.9189754
SYNEXP_00314,Xiaomi 15,Xiaomi,0.072947726,4.101995
SYNEXP_01300,Google Study A,Google,0.5520921,2.9732535
SYNEXP_01441,Google Study B,Google,0.15580061,3.5971527
SYNEXP_02729,OnePlus Study B,OnePlus,0.7433177,2.7745616
SYNEXP_03564,Xiaomi Study A,Xiaomi,0.10380473,3.2829874
GENV2_01030,Phone 3a Pro,Nothing,0.8911405,3.252298
GENV2_01394,Find N5,OPPO,0.23993836,3.873219
GENV2_02848,Realme GT 7,Realme,0.20062973,3.8535519
GENV2_03524,OnePlus 13,OnePlus,0.18014808,4.2500725
SYNEXP_01058,Apple Study A,Apple,0.7295953,2.1976595
SYNEXP_01286,Google Study A,Google,0.20098743,3.4037395
SYNEXP_01487,Google Study B,Google,0.34126812,2.869395
SYNEXP_01772,Motorola Study B,Motorola,0.07703461,4.3624067
SYNEXP_01785,Motorola Study B,Motorola,0.5939564,3.0817497
SYNEXP_03289,Samsung Study A,Samsung,0.9003424,1.9219018
SYNEXP_03384,Samsung Study B,Samsung,0.62762153,2.605451
SYNEXP_03626,Xiaomi Study B,Xiaomi,0.2741101,3.6612709
GENV2_00609,Redmi Note 14 Pro+,Xiaomi,0.91421974,2.756824
GENV2_01823,iPhone 16,Apple,0.20540255,4.1305094
GENV2_03580,Galaxy S25 Ultra,Samsung,0.042124074,4.4748383
GENV2_04065,iPhone 17 Pro Max,Apple,0.12523915,4.3032327
SYNEXP_00265,iPhone 17 Pro Max,Apple,0.08100653,3.995296
SYNEXP_00386,Pixel 10 Pro XL,Google,0.61458606,3.1559157
SYNEXP_00465,Redmi Note 14 Pro+,Xiaomi,0.6238679,2.8903666
SYNEXP_01767,Motorola Study B,Motorola,0.67684627,3.0510588
GENV2_00102,Realme 14 Pro+,Realme,0.77232516,2.776366
GENV2_00674,Pixel 10 Pro XL,Google,0.5528872,3.5781434
GENV2_00996,Pixel 10,Google,0.9142117,3.3131464
GENV2_01155,Realme GT 7,Realme,0.88439184,2.8635604
GENV2_01192,Reno 13 Pro,OPPO,0.1705274,4.1739984
GENV2_01635,Find N5,OPPO,0.3195404,3.7653828
GENV2_03048,iPhone 17 Pro,Apple,0.20223299,4.254631
GENV2_03391,iPhone 17 Pro Max,Apple,0.035123065,4.3068633
SYNEXP_00449,Phone 3a Pro,Nothing,0.015254029,4.0948386
SYNEXP_01248,Google Study A,Google,0.18765415,3.4096162
SYNEXP_01591,Motorola Study A,Motorola,0.5671844,2.8844464
SYNEXP_02221,OPPO Study A,OPPO,0.46710366,2.848038
SYNEXP_02403,OPPO Study B,OPPO,0.10918589,3.739794
SYNEXP_03585,Xiaomi Study A,Xiaomi,0.32631934,3.223219
GENV2_00847,Galaxy A56 5G,Samsung,0.5867489,3.4548724
GENV2_01446,Pixel 10 Pro,Google,0.24764454,3.6597378
GENV2_01631,iPhone 17,Apple,0.34598288,3.6396167
GENV2_01928,Xiaomi 15 Ultra,Xiaomi,0.46304426,3.7771838
GENV2_02291,Realme GT 7 Pro,Realme,0.12733437,4.207995
GENV2_03178,Galaxy S26,Samsung,0.0657318,4.3591633
GENV2_03698,Pixel 9a,Google,0.19842802,3.8429525
GENV2_03889,iPhone 17,Apple,0.13556282,4.4409614
SYNEXP_01311,Google Study A,Google,0.06026569,3.650924
SYNEXP_01354,Google Study A,Google,0.19732946,3.144476
SYNEXP_01612,Motorola Study A,Motorola,0.24731006,4.093676
SYNEXP_03674,Xiaomi Study B,Xiaomi,0.31055614,3.2266805
GENV2_02052,Realme 14 Pro+,Realme,0.31672156,3.3488798
GENV2_02817,Xiaomi 15,Xiaomi,0.29817262,4.4310784
GENV2_03526,OnePlus 13T,OnePlus,0.23015136,4.261607
SYNEXP_00260,iPhone 17 Pro Max,Apple,0.14209211,3.6468318
SYNEXP_00604,OnePlus 13T,OnePlus,0.06939496,4.1566887
SYNEXP_00686,Phone 2a Plus,Nothing,0.6843141,2.270867
SYNEXP_00780,Realme GT 7,Realme,0.3349973,3.338493
SYNEXP_01363,Google Study A,Google,0.100641295,3.9252112
SYNEXP_01761,Motorola Study B,Motorola,0.5507827,3.1616201
SYNEXP_02957,Realme Study A,Realme,0.122448705,3.099042
GENV2_00257,Motorola Edge 60 Pro,Motorola,0.6694442,3.4829917
GENV2_00616,Razr 60 Ultra,Motorola,0.75223196,2.9240818
GENV2_02042,Xiaomi 15 Ultra,Xiaomi,0.27647442,4.04295
GENV2_02698,Pixel 10,Google,0.15141205,4.436314
GENV2_03767,OnePlus 13T,OnePlus,0.3448441,4.2873383
GENV2_03908,Galaxy S26,Samsung,0.09809377,4.3566556
SYNEXP_00569,Pixel 9a,Google,0.31760666,3.3600209
SYNEXP_01418,Google Study B,Google,0.588196,3.1742215
SYNEXP_01803,Motorola Study B,Motorola,0.73445827,2.1285493
SYNEXP_01945,Nothing Study A,Nothing,0.088064626,4.2563233
SYNEXP_02327,OPPO Study A,OPPO,0.32871845,3.5950546
SYNEXP_02411,OPPO Study B,OPPO,0.4775581,2.8858025
SYNEXP_02788,OnePlus Study B,OnePlus,0.03928678,4.0041337
SYNEXP_02987,Realme Study A,Realme,0.13168286,3.3306513
SYNEXP_03415,Samsung Study B,Samsung,0.076379925,3.7638898
SYNEXP_03758,Xiaomi Study B,Xiaomi,0.11641277,3.823591
GENV2_02896,Realme GT 7 Pro,Realme,0.11511898,4.115808
GENV2_03062,iPhone 17,Apple,0.20868918,4.0825152
GENV2_03529,Galaxy S26 Ultra,Samsung,0.27202192,3.8740797
GENV2_03838,Nothing Phone 3,Nothing,0.1272948,4.102407
GENV2_04117,iPhone 17 Pro Max,Apple,0.1915143,4.372815
SYNEXP_00037,Pixel 10,Google,0.5396691,3.115664
SYNEXP_00205,Galaxy A56 5G,Samsung,0.17476179,3.6972091
SYNEXP_00439,Phone 3a Pro,Nothing,0.41139317,3.1646636
SYNEXP_01615,Motorola Study A,Motorola,0.42423683,3.1159549
SYNEXP_01683,Motorola Study A,Motorola,0.06994653,4.282213
SYNEXP_01768,Motorola Study B,Motorola,0.62025183,2.9023902
SYNEXP_02042,Nothing Study B,Nothing,0.14797147,3.4785132
SYNEXP_02189,Nothing Study B,Nothing,0.09291211,3.9002087
SYNEXP_02460,OPPO Study B,OPPO,0.33248144,3.540617
SYNEXP_03087,Realme Study B,Realme,0.88471484,2.2800317
GENV2_00070,Pixel 9a,Google,0.79652315,2.3509297
GENV2_01745,Realme 14 Pro+,Realme,0.43287516,3.0233908
GENV2_02494,Nothing Phone 3,Nothing,0.16118655,3.98019
GENV2_03054,Realme GT 7 Pro,Realme,0.26918352,3.6484656
GENV2_04123,iPhone 17 Pro Max,Apple,0.120390266,4.209729
GENV2_04148,iPhone 17 Pro Max,Apple,0.20877147,4.291793
SYNEXP_00420,Galaxy Z Flip7,Samsung,0.17287159,3.9440608
SYNEXP_00839,Realme 14 Pro+,Realme,0.08544659,3.1206846
SYNEXP_01009,Apple Study A,Apple,0.19781962,3.747943
SYNEXP_01062,Apple Study A,Apple,0.040579576,4.3777604
SYNEXP_02174,Nothing Study B,Nothing,0.79974383,2.6172514
SYNEXP_02282,OPPO Study A,OPPO,0.72450703,2.6985638
GENV2_00023,Find N5,OPPO,0.54320097,2.9660761
GENV2_01198,Phone 3a Pro,Nothing,0.37606055,3.6588128
SYNEXP_00303,iPhone 16,Apple,0.5469558,3.1549108
SYNEXP_00898,Find N5,OPPO,0.13589452,3.0677953
SYNEXP_01230,Apple Study B,Apple,0.035652056,4.150422
SYNEXP_01829,Motorola Study B,Motorola,0.019493626,4.7524996
SYNEXP_03074,Realme Study B,Realme,0.8587354,2.1824515
SYNEXP_03434,Samsung Study B,Samsung,0.35522023,3.1954029
SYNEXP_03479,Xiaomi Study A,Xiaomi,0.31033736,3.093516
SYNEXP_03663,Xiaomi Study B,Xiaomi,0.014355465,4.404027
GENV2_00173,iPhone 16e,Apple,0.43715852,3.4725177
GENV2_00510,Realme 14 Pro+,Realme,0.71292025,3.391086
GENV2_01530,Phone 2a Plus,Nothing,0.26080522,3.7610753
GENV2_02572,Pixel 10,Google,0.20747411,4.278515
GENV2_02765,Galaxy S26,Samsung,0.63882494,3.2401712
GENV2_03473,iPhone 16,Apple,0.11466118,4.269797
GENV2_03909,Pixel 10 Pro XL,Google,0.09732352,4.477954
SYNEXP_01167,Apple Study B,Apple,0.20450336,3.4464622
SYNEXP_01977,Nothing Study A,Nothing,0.121876,4.0626326
SYNEXP_02365,OPPO Study B,OPPO,0.09142226,3.9422247
SYNEXP_02397,OPPO Study B,OPPO,0.15495591,4.119635
GENV2_00127,Razr 60 Ultra,Motorola,0.22400667,4.212114
GENV2_01391,Pixel 10,Google,0.2711428,3.7793095
GENV2_01624,Reno 13 Pro,OPPO,0.37892315,3.7410607
GENV2_01673,Pixel 10,Google,0.11440251,4.133862
GENV2_02795,OnePlus 13T,OnePlus,0.30314758,4.076117
SYNEXP_00135,Find X8 Pro,OPPO,0.20373358,3.4446065
SYNEXP_01519,Google Study B,Google,0.2463985,3.1383955
SYNEXP_01678,Motorola Study A,Motorola,0.036974072,4.332886
SYNEXP_01704,Motorola Study A,Motorola,0.609188,2.5306263
SYNEXP_02018,Nothing Study A,Nothing,0.08480018,3.8036466
SYNEXP_02401,OPPO Study B,OPPO,0.72267264,2.494868
SYNEXP_02789,OnePlus Study B,OnePlus,0.18812828,3.7394493
SYNEXP_03051,Realme Study B,Realme,0.119582705,3.8307257
GENV2_00058,Realme 14 Pro+,Realme,0.3766594,3.5214634
GENV2_00337,Galaxy A56 5G,Samsung,0.8860932,2.951132
GENV2_00798,iPhone 16e,Apple,0.9421876,2.4449291
GENV2_01186,Phone 2a Plus,Nothing,0.72307104,3.3305938
GENV2_01402,Galaxy Z Flip7,Samsung,0.079167105,4.095835
GENV2_02240,Galaxy S26,Samsung,0.1633534,4.0891967
GENV2_02298,Pixel 9a,Google,0.47535598,3.3638718
GENV2_02709,Pixel 10,Google,0.18668787,4.351996
GENV2_02931,iPhone 16,Apple,0.22035435,4.3369913
SYNEXP_00101,iPhone 16e,Apple,0.10910328,3.8784251
SYNEXP_00581,Pixel 10 Pro,Google,0.5864486,2.9258702
SYNEXP_01294,Google Study A,Google,0.034242496,4.6008306
SYNEXP_01392,Google Study A,Google,0.13132554,3.7036228
SYNEXP_01525,Google Study B,Google,0.82365924,2.619076
SYNEXP_01942,Nothing Study A,Nothing,0.20207296,4.029051
SYNEXP_02691,OnePlus Study B,OnePlus,0.014211653,4.496591
SYNEXP_02852,Realme Study A,Realme,0.040673926,4.2515078
SYNEXP_02888,Realme Study A,Realme,0.18811867,3.4905071
SYNEXP_03607,Xiaomi Study A,Xiaomi,0.2226623,3.1270597
GENV2_02149,OnePlus 13R,OnePlus,0.012489635,4.1504183
GENV2_03274,Razr 60 Ultra,Motorola,0.1114231,4.0344887
GENV2_03527,Galaxy Z Flip7,Samsung,0.22197807,4.1029005
SYNEXP_00027,Galaxy S25 Ultra,Samsung,0.21597473,3.6856883
SYNEXP_00217,OnePlus 13,OnePlus,0.04015056,4.327811
SYNEXP_00283,Galaxy S26 Ultra,Samsung,0.2031166,3.2862785
SYNEXP_01419,Google Study B,Google,0.28951252,3.6322224
SYNEXP_02781,OnePlus Study B,OnePlus,0.14287132,3.0987403
SYNEXP_03169,Samsung Study A,Samsung,0.04453175,3.515611
SYNEXP_03439,Samsung Study B,Samsung,0.2436162,2.9190814
GENV2_01056,Redmi Note 14 Pro+,Xiaomi,0.44273293,4.0381775
GENV2_01207,Realme 14 Pro+,Realme,0.2819775,4.040114
GENV2_01248,Pixel 10,Google,0.46893004,3.7962549
GENV2_01784,iPhone 16e,Apple,0.3482468,3.558534
GENV2_02815,Galaxy S26 Ultra,Samsung,0.20843858,3.785197
GENV2_02935,OnePlus 13T,OnePlus,0.066484675,4.679392
GENV2_03190,iPhone 17 Pro Max,Apple,0.33826074,3.9618583
GENV2_04134,iPhone 16,Apple,0.12085746,4.3567657
SYNEXP_00475,Redmi Note 14 Pro+,Xiaomi,0.5161074,3.1403983
SYNEXP_02140,Nothing Study B,Nothing,0.26692718,3.476567
SYNEXP_02428,OPPO Study B,OPPO,0.55109364,3.2105556
SYNEXP_03454,Samsung Study B,Samsung,0.33209455,3.330751
GENV2_00169,Moto G Power 2025,Motorola,0.6086411,2.9257226
GENV2_00371,Nothing Phone 3,Nothing,0.8276228,3.0241833
GENV2_01526,Pixel 10 Pro,Google,0.14016098,4.1716576
GENV2_01984,Pixel 10 Pro XL,Google,0.08843691,4.103961
GENV2_03216,Pixel 10,Google,0.21935102,4.271365
SYNEXP_00269,iPhone 17 Pro Max,Apple,0.072267234,4.2723885
SYNEXP_00461,Phone 3a Pro,Nothing,0.09047317,3.9836674
SYNEXP_00489,Redmi Note 14 Pro+,Xiaomi,0.097210765,3.9210143
SYNEXP_01766,Motorola Study B,Motorola,0.21030122,3.6242485
GENV2_01161,Phone 3a Pro,Nothing,0.7985622,3.4667175
GENV2_01484,Motorola Edge 60 Pro,Motorola,0.20660481,3.7935007
GENV2_01698,iPhone 16e,Apple,0.56104225,3.3418884
GENV2_04186,Galaxy S26,Samsung,0.19994205,4.428935
SYNEXP_00407,Galaxy Z Flip7,Samsung,0.20327105,3.3539534
SYNEXP_00821,Realme 14 Pro+,Realme,0.1306583,3.5169563
SYNEXP_00913,Find N5,OPPO,0.17347084,3.4006584
SYNEXP_01460,Google Study B,Google,0.08558338,3.7034757
SYNEXP_02212,OPPO Study A,OPPO,0.028076898,4.3081837
SYNEXP_03395,Samsung Study B,Samsung,0.39934722,3.2939787
GENV2_00159,iPhone 16e,Apple,0.8996091,2.824469
GENV2_00728,Pixel 9a,Google,0.59446496,3.1236906
GENV2_00915,iPhone 17,Apple,0.24176301,3.643143
GENV2_01053,Motorola Edge 60 Pro,Motorola,0.1628843,3.9409058
GENV2_01514,Pixel 9a,Google,0.46510872,3.4021358
GENV2_01937,Pixel 10,Google,0.27977887,3.7987683
GENV2_02874,Galaxy S26,Samsung,0.17447388,4.1446557
GENV2_02948,iPhone 17,Apple,0.30320778,4.0261126
GENV2_03167,Galaxy S25 Ultra,Samsung,0.026500259,4.8094635
GENV2_03233,Galaxy S26,Samsung,0.17539808,4.0479593
GENV2_03556,iPhone 17 Pro Max,Apple,0.11343608,4.298795
GENV2_03972,iPhone 17 Pro Max,Apple,0.12726712,4.3336306
SYNEXP_00315,Xiaomi 15,Xiaomi,0.08225855,3.316394
SYNEXP_00745,Realme GT 7,Realme,0.08804016,3.025953
SYNEXP_01299,Google Study A,Google,0.06620465,4.1324625
SYNEXP_01726,Motorola Study B,Motorola,0.09901748,3.7934718
SYNEXP_02702,OnePlus Study B,OnePlus,0.36584443,3.2703168
SYNEXP_03428,Samsung Study B,Samsung,0.80837584,2.748295
SYNEXP_03496,Xiaomi Study A,Xiaomi,0.1489651,3.821194
GENV2_00110,Phone 2a Plus,Nothing,0.5215802,3.130765
GENV2_00123,Moto G Power 2025,Motorola,0.73317426,2.852798
GENV2_00647,iPhone 16e,Apple,0.80288804,3.186078
GENV2_02565,iPhone 17 Pro,Apple,0.14517497,4.227992
GENV2_02879,OnePlus 13R,OnePlus,0.13707249,4.2695312
SYNEXP_01018,Apple Study A,Apple,0.017581709,4.50594
SYNEXP_02304,OPPO Study A,OPPO,0.21525401,3.586749
SYNEXP_02420,OPPO Study B,OPPO,0.085573025,3.5529096
SYNEXP_03192,Samsung Study A,Samsung,0.06539492,3.9204903
GENV2_00367,Phone 2a Plus,Nothing,0.3387532,3.5785916
GENV2_00498,Realme 14 Pro+,Realme,0.6574695,3.302721
GENV2_01612,Xiaomi 15,Xiaomi,0.36430883,3.9258885
GENV2_01613,Phone 3a Pro,Nothing,0.2920902,3.056521
GENV2_02143,OnePlus 13R,OnePlus,0.0606386,4.7729454
GENV2_03549,Galaxy S26,Samsung,0.40052453,4.1252265
GENV2_04071,iPhone 17 Pro,Apple,0.1131989,4.4846087
SYNEXP_00618,OnePlus 13T,OnePlus,0.3653298,3.3639731
SYNEXP_00804,Xiaomi 15 Ultra,Xiaomi,0.19047754,3.962634
SYNEXP_02097,Nothing Study B,Nothing,0.1907131,3.4964643
SYNEXP_02934,Realme Study A,Realme,0.027273715,4.651282
SYNEXP_03268,Samsung Study A,Samsung,0.13150227,4.0151434
SYNEXP_03497,Xiaomi Study A,Xiaomi,0.021937693,4.451266
GENV2_02409,Nothing Phone 3,Nothing,0.061191745,3.8916256
GENV2_02537,Xiaomi 15 Ultra,Xiaomi,0.2759822,3.7857065
GENV2_02933,Galaxy A56 5G,Samsung,0.06551795,4.5346527
GENV2_03532,Galaxy S25 Ultra,Samsung,0.2017953,4.489079
GENV2_03787,Galaxy S25 Ultra,Samsung,0.19625069,4.2041407
GENV2_04121,Nothing Phone 3,Nothing,0.05595424,4.7441754
SYNEXP_00138,Find X8 Pro,OPPO,0.5648075,2.9898279
SYNEXP_00185,Reno 13 Pro,OPPO,0.34574428,3.0800748
SYNEXP_01118,Apple Study B,Apple,0.20221286,3.2930264
SYNEXP_03013,Realme Study B,Realme,0.1224435,4.21449
SYNEXP_03338,Samsung Study B,Samsung,0.15570623,3.2925744
SYNEXP_03635,Xiaomi Study B,Xiaomi,0.12306806,3.8179665
GENV2_00120,Galaxy A56 5G,Samsung,0.6078071,3.134519
GENV2_00275,Nothing Phone 3,Nothing,0.6315894,3.3508265
GENV2_00385,Pixel 9a,Google,0.661367,3.459965
GENV2_00848,Phone 3a Pro,Nothing,0.64565647,3.4736996
GENV2_01204,Pixel 10 Pro,Google,0.96414053,2.7314625
GENV2_01947,Xiaomi 15 Ultra,Xiaomi,0.1809417,4.131941
GENV2_03149,Find X8 Pro,OPPO,0.1594632,4.1084714
GENV2_03671,Realme GT 7,Realme,0.4645424,3.8349025
GENV2_03968,Galaxy S25 Ultra,Samsung,0.23726936,4.160694
SYNEXP_00423,Galaxy Z Flip7,Samsung,0.094547644,3.9510813
SYNEXP_00659,Razr 60 Ultra,Motorola,0.7299412,2.711591
SYNEXP_00732,Moto G Power 2025,Motorola,0.62279445,3.1672883
SYNEXP_01346,Google Study A,Google,0.32883814,3.2939463
SYNEXP_02660,OnePlus Study A,OnePlus,0.20840776,3.5351777
SYNEXP_02669,OnePlus Study A,OnePlus,0.67284304,2.615992
SYNEXP_02905,Realme Study A,Realme,0.68979615,2.8181567
SYNEXP_03147,Samsung Study A,Samsung,0.008434736,4.290576
GENV2_00842,Pixel 10 Pro,Google,0.8000826,2.6867776
GENV2_01473,Realme GT 7 Pro,Realme,0.047934934,3.2823217
GENV2_01566,Realme 14 Pro+,Realme,0.27712232,3.725705
GENV2_01659,iPhone 17,Apple,0.5521536,3.1034744
GENV2_01801,Galaxy Z Flip7,Samsung,0.0727641,4.297368
GENV2_02504,Galaxy S25 Ultra,Samsung,0.08662458,4.327597
GENV2_02956,iPhone 17,Apple,0.041500967,4.3176494
GENV2_02959,Find X8 Pro,OPPO,0.14340173,4.3562655
GENV2_02972,iPhone 17,Apple,0.15849933,4.1423655
GENV2_03553,Galaxy S25 Ultra,Samsung,0.14570957,4.1822305
SYNEXP_01730,Motorola Study B,Motorola,0.094630666,3.818004
SYNEXP_02371,OPPO Study B,OPPO,0.30053598,3.0154774
SYNEXP_02850,Realme Study A,Realme,0.70320094,2.891423
SYNEXP_03376,Samsung Study B,Samsung,0.7291954,2.8286839
GENV2_01064,iPhone 16,Apple,0.67450637,3.4229162
GENV2_01349,Xiaomi 15,Xiaomi,0.3691163,3.789349
GENV2_01366,iPhone 17,Apple,0.10333026,3.9439726
GENV2_02421,Pixel 10 Pro,Google,0.3829173,3.795789
GENV2_02613,Pixel 10 Pro,Google,0.14921358,4.2487
GENV2_03152,Galaxy S25 Ultra,Samsung,0.11618434,4.4917345
GENV2_04094,iPhone 17 Pro,Apple,0.052136507,4.523409
SYNEXP_00259,iPhone 17 Pro Max,Apple,0.041810572,3.5425334
SYNEXP_00392,Pixel 10 Pro XL,Google,0.20827994,3.1320274
SYNEXP_00443,Phone 3a Pro,Nothing,0.5437267,3.0984116
SYNEXP_00796,Xiaomi 15 Ultra,Xiaomi,0.49006367,3.1372595
SYNEXP_02219,OPPO Study A,OPPO,0.32471892,3.300619
SYNEXP_02290,OPPO Study A,OPPO,0.11835379,4.0450215
SYNEXP_03165,Samsung Study A,Samsung,0.047738463,4.605154
SYNEXP_03340,Samsung Study B,Samsung,0.818474,2.3851814
GENV2_00105,Find N5,OPPO,0.70591456,3.4863796
GENV2_00529,Pixel 9a,Google,0.5246469,3.7663236
GENV2_00913,Motorola Edge 60 Pro,Motorola,0.51508886,4.291522
GENV2_01844,OnePlus 13T,OnePlus,0.017597694,3.8329597
GENV2_03978,Galaxy S26 Ultra,Samsung,0.19107012,4.002808
GENV2_04031,iPhone 17 Pro Max,Apple,0.022726525,4.856676
SYNEXP_00963,Apple Study A,Apple,0.78473073,2.6952288
SYNEXP_03474,Xiaomi Study A,Xiaomi,0.67313,2.7852273
SYNEXP_03478,Xiaomi Study A,Xiaomi,0.05545873,4.001652
GENV2_00160,Moto G Power 2025,Motorola,0.63523614,3.175397
GENV2_00889,Razr 60 Ultra,Motorola,0.36124146,4.0335894
GENV2_01347,Reno 13 Pro,OPPO,0.9045432,2.9457507
GENV2_01408,Galaxy A56 5G,Samsung,0.3564578,3.5278497
GENV2_02007,Galaxy A56 5G,Samsung,0.1665624,3.9793942
GENV2_02204,iPhone 17,Apple,0.29147628,3.729004
GENV2_02483,Redmi Note 14 Pro+,Xiaomi,0.14151205,3.729036
GENV2_03966,Find X8 Pro,OPPO,0.041788276,4.6784563
SYNEXP_00016,Galaxy S25 Ultra,Samsung,0.023881018,4.639966
SYNEXP_01407,Google Study B,Google,0.26703992,3.214646
SYNEXP_02588,OnePlus Study A,OnePlus,0.6343478,2.475668
GENV2_00481,OnePlus 13T,OnePlus,0.26915497,3.835843
GENV2_01639,OnePlus 13R,OnePlus,0.27368653,3.489638
GENV2_03891,Razr 60 Ultra,Motorola,0.22229819,4.5282335
SYNEXP_00690,Phone 2a Plus,Nothing,0.57144505,2.6089933
SYNEXP_01149,Apple Study B,Apple,0.06250922,4.39876
SYNEXP_01672,Motorola Study A,Motorola,0.30222523,3.83448
GENV2_00539,Galaxy A56 5G,Samsung,0.5358745,3.1401165
GENV2_01807,Pixel 9a,Google,0.44926983,3.273063
GENV2_02659,Galaxy S25 Ultra,Samsung,0.1975879,4.4523144
GENV2_02870,Realme 14 Pro+,Realme,0.31332597,3.6084914
GENV2_03960,iPhone 17 Pro,Apple,0.10237513,4.223716
GENV2_04196,iPhone 17 Pro,Apple,0.09978486,4.5851083
SYNEXP_00912,Find N5,OPPO,0.20301746,3.5544744
SYNEXP_02044,Nothing Study B,Nothing,0.4274463,3.0019345
SYNEXP_02325,OPPO Study A,OPPO,0.23852876,3.4218786
SYNEXP_02517,OPPO Study B,OPPO,0.14716029,3.5654151
SYNEXP_02832,Realme Study A,Realme,0.58280885,2.4269886
SYNEXP_03046,Realme Study B,Realme,0.17060733,3.8834264
SYNEXP_03178,Samsung Study A,Samsung,0.118969746,3.8266482
SYNEXP_03190,Samsung Study A,Samsung,0.23586158,3.9388912
GENV2_01960,Realme 14 Pro+,Realme,0.072225526,3.8162837
GENV2_02945,Pixel 10 Pro,Google,0.2849346,3.792002
GENV2_02971,OnePlus 13,OnePlus,0.15332338,4.01686
GENV2_03423,iPhone 17,Apple,0.18250324,4.2538247
GENV2_03758,Redmi Note 14 Pro+,Xiaomi,0.58494824,3.3547213
GENV2_04133,iPhone 17 Pro,Apple,0.10713984,4.423879
SYNEXP_00822,Realme 14 Pro+,Realme,0.04132414,4.001859
SYNEXP_02382,OPPO Study B,OPPO,0.17908287,3.6127732
SYNEXP_03518,Xiaomi Study A,Xiaomi,0.828723,2.9116917
GENV2_00434,iPhone 16e,Apple,0.7957635,2.9303787
GENV2_00574,Pixel 10,Google,0.39277762,3.7627058
GENV2_00627,Reno 13 Pro,OPPO,0.7621006,3.2888227
GENV2_01039,Realme 14 Pro+,Realme,0.58016,3.3351622
GENV2_01084,Galaxy Z Flip7,Samsung,0.36489654,4.030269
GENV2_01133,Realme GT 7,Realme,0.54604465,3.7101064
GENV2_01303,Redmi Note 14 Pro+,Xiaomi,0.50135714,3.6680815
GENV2_03481,iPhone 17 Pro Max,Apple,0.09250925,4.387807
GENV2_03597,iPhone 17 Pro Max,Apple,0.058561645,4.605453
SYNEXP_00115,Find X8 Pro,OPPO,0.331867,3.030802
SYNEXP_01195,Apple Study B,Apple,0.106458545,3.4910476
SYNEXP_02326,OPPO Study A,OPPO,0.25906447,3.3564801
SYNEXP_02417,OPPO Study B,OPPO,0.04696858,3.7112799
SYNEXP_02673,OnePlus Study A,OnePlus,0.23633528,3.5648816
SYNEXP_03380,Samsung Study B,Samsung,0.104573235,3.8164477
GENV2_00198,iPhone 16e,Apple,0.9253791,2.3652847
GENV2_00548,Redmi Note 14 Pro+,Xiaomi,0.8267739,2.8568642
GENV2_01037,Phone 3a Pro,Nothing,0.92688614,2.8798532
GENV2_01247,Galaxy Z Flip7,Samsung,0.60214156,3.6360545
GENV2_02003,Find X8 Pro,OPPO,0.15269673,4.0983834
GENV2_02677,Xiaomi 15,Xiaomi,0.038039804,4.2452655
GENV2_02898,Phone 3a Pro,Nothing,0.2134201,4.4023857
GENV2_03036,Pixel 10 Pro,Google,0.062892266,4.3007183
SYNEXP_00143,Galaxy S26,Samsung,0.410841,2.973841
GENV2_01662,Realme 14 Pro+,Realme,0.14293617,4.113867
GENV2_02340,Galaxy S25 Ultra,Samsung,0.28756416,3.8343415
GENV2_02578,iPhone 16,Apple,0.19628696,4.5099025
GENV2_02944,Xiaomi 15 Ultra,Xiaomi,0.1661618,4.15273
GENV2_04040,iPhone 17 Pro Max,Apple,0.20056744,4.1743555
SYNEXP_00514,iPhone 17,Apple,0.09678113,3.6398258
SYNEXP_00699,Phone 2a Plus,Nothing,0.11049927,3.2220278
SYNEXP_00848,Realme 14 Pro+,Realme,0.019161193,4.7125063
SYNEXP_00903,Find N5,OPPO,0.032135155,4.217537
SYNEXP_03198,Samsung Study A,Samsung,0.04798467,4.554803
GENV2_01055,Phone 3a Pro,Nothing,0.4476561,3.4897282
GENV2_02144,Xiaomi 15 Ultra,Xiaomi,0.22435203,3.716483
SYNEXP_01208,Apple Study B,Apple,0.042262614,4.0005517
SYNEXP_02259,OPPO Study A,OPPO,0.28205073,3.5065255
GENV2_01148,Redmi Note 14 Pro+,Xiaomi,0.8336288,3.723634
GENV2_02318,Motorola Edge 60 Pro,Motorola,0.13650481,4.0275497
GENV2_02707,Realme GT 7,Realme,0.20896968,4.693865
GENV2_03084,Nothing Phone 3,Nothing,0.13099463,4.4274592
GENV2_03164,Galaxy A56 5G,Samsung,0.07439026,4.287591
SYNEXP_01805,Motorola Study B,Motorola,0.03260024,3.724209
SYNEXP_02392,OPPO Study B,OPPO,0.5321925,3.186171
SYNEXP_02869,Realme Study A,Realme,0.054037116,3.9150922
SYNEXP_03183,Samsung Study A,Samsung,0.2422443,3.5849347
SYNEXP_03696,Xiaomi Study B,Xiaomi,0.14348242,3.6988895
GENV2_00340,Galaxy Z Flip7,Samsung,0.9127973,2.9887486
GENV2_00630,Galaxy A56 5G,Samsung,0.87019414,2.8629668
GENV2_01405,Pixel 10,Google,0.72812724,2.9036937
GENV2_02701,Phone 3a Pro,Nothing,0.14459257,4.12877
GENV2_03583,Galaxy S26,Samsung,0.29620418,4.2959876
GENV2_03757,OnePlus 13R,OnePlus,0.18599032,4.518555
SYNEXP_00105,iPhone 16e,Apple,0.07698296,3.5399802
GENV2_00101,Moto G Power 2025,Motorola,0.7706784,2.8830187
GENV2_02380,iPhone 17,Apple,0.3624669,3.7839258
GENV2_02648,Razr 60 Ultra,Motorola,0.103869975,4.3541074
GENV2_03677,OnePlus 13,OnePlus,0.12691337,4.5710616
SYNEXP_00316,Xiaomi 15,Xiaomi,0.12285059,3.4267485
SYNEXP_00653,Razr 60 Ultra,Motorola,0.14322014,3.8442676
SYNEXP_01192,Apple Study B,Apple,0.719234,2.9336622
SYNEXP_01603,Motorola Study A,Motorola,0.4755639,3.184961
SYNEXP_03209,Samsung Study A,Samsung,0.7036591,2.5810091
SYNEXP_03738,Xiaomi Study B,Xiaomi,0.030222718,4.1325994
GENV2_00239,Pixel 10 Pro,Google,0.631635,3.0383582
GENV2_00469,Moto G Power 2025,Motorola,0.3853005,3.1756992
GENV2_00595,iPhone 16e,Apple,0.56783885,3.342064
GENV2_00751,Redmi Note 14 Pro+,Xiaomi,0.29296622,3.9947822
GENV2_01519,Motorola Edge 60 Pro,Motorola,0.114422,4.01567
GENV2_01562,Realme GT 7,Realme,0.54061335,2.8638546
GENV2_01953,iPhone 16,Apple,0.5104063,3.5444913
GENV2_02422,Phone 2a Plus,Nothing,0.16055194,3.8267958
SYNEXP_00572,Pixel 10 Pro,Google,0.19766457,4.153557
SYNEXP_00731,Moto G Power 2025,Motorola,0.14719981,3.6632345
SYNEXP_01797,Motorola Study B,Motorola,0.03626641,4.5964093
SYNEXP_02847,Realme Study A,Realme,0.47505334,2.9117308
SYNEXP_02950,Realme Study A,Realme,0.06725098,3.7870946
SYNEXP_03490,Xiaomi Study A,Xiaomi,0.26104036,3.6517684
GENV2_00046,Realme 14 Pro+,Realme,0.66264695,3.2214236
GENV2_00727,Razr 60 Ultra,Motorola,0.45036304,3.561484
GENV2_01367,Xiaomi 15 Ultra,Xiaomi,0.6389479,3.5266502
GENV2_02201,Razr 60 Ultra,Motorola,0.1445625,4.1305013
GENV2_02374,Galaxy S26,Samsung,0.11704437,4.19961
GENV2_02754,OnePlus 13,OnePlus,0.26449513,4.192637
GENV2_03922,Galaxy S25 Ultra,Samsung,0.1909694,4.196541
SYNEXP_00060,Realme GT 7 Pro,Realme,0.38315272,3.0900815
SYNEXP_00193,Galaxy A56 5G,Samsung,0.06221954,4.61009
SYNEXP_01205,Apple Study B,Apple,0.7561185,2.8739579
SYNEXP_01287,Google Study A,Google,0.5831999,2.9105794
SYNEXP_01652,Motorola Study A,Motorola,0.10897824,3.3140678
SYNEXP_02577,OnePlus Study A,OnePlus,0.16467912,3.500846
GENV2_00796,Galaxy Z Flip7,Samsung,0.46692052,3.6911597
GENV2_01050,Galaxy A56 5G,Samsung,0.3843863,3.617159
GENV2_01335,OnePlus 13T,OnePlus,0.33366156,3.9571886
GENV2_01395,Pixel 9a,Google,0.3752317,3.9966846
GENV2_01883,iPhone 16,Apple,0.2186607,3.6491475
GENV2_03203,Realme GT 7 Pro,Realme,0.12513645,4.244139
SYNEXP_00641,Razr 60 Ultra,Motorola,0.6804134,2.5433664
SYNEXP_01414,Google Study B,Google,0.9243536,1.7299997
SYNEXP_01465,Google Study B,Google,0.17881398,3.499962
SYNEXP_01827,Motorola Study B,Motorola,0.10751448,3.8866973
SYNEXP_02110,Nothing Study B,Nothing,0.13729303,3.8003922
SYNEXP_02375,OPPO Study B,OPPO,0.08378878,3.924729
SYNEXP_02512,OPPO Study B,OPPO,0.10808314,3.6312144
GENV2_00056,Redmi Note 14 Pro+,Xiaomi,0.5645364,3.3091826
GENV2_00613,Find N5,OPPO,0.82653975,3.419966
GENV2_01225,Pixel 10,Google,0.56200665,3.2882252
GENV2_02383,Nothing Phone 3,Nothing,0.2136322,3.7555017
GENV2_02983,OnePlus 13R,OnePlus,0.12632531,4.255811
GENV2_04146,OnePlus 13T,OnePlus,0.13434643,4.3403873
SYNEXP_01048,Apple Study A,Apple,0.19995475,3.9457998
SYNEXP_02145,Nothing Study B,Nothing,0.07833839,4.2037325
SYNEXP_03599,Xiaomi Study A,Xiaomi,0.6738357,2.7368615
GENV2_00233,Phone 2a Plus,Nothing,0.6818041,3.202659
GENV2_01889,Motorola Edge 60 Pro,Motorola,0.24856436,3.962614
GENV2_02617,Galaxy S25 Ultra,Samsung,0.14988847,4.663979
GENV2_03056,Galaxy S26,Samsung,0.21120572,4.058455
GENV2_03447,iPhone 17 Pro,Apple,0.17592397,4.607797
GENV2_03829,iPhone 17 Pro Max,Apple,0.19104041,4.1905146
GENV2_03992,iPhone 17 Pro Max,Apple,0.15818498,4.1709433
SYNEXP_00088,Realme GT 7 Pro,Realme,0.5665601,2.9515815
SYNEXP_00234,OnePlus 13,OnePlus,0.46239835,2.6212423
SYNEXP_00533,Nothing Phone 3,Nothing,0.34042695,3.0266285
SYNEXP_01038,Apple Study A,Apple,0.74711746,2.243878
SYNEXP_01331,Google Study A,Google,0.6490535,2.3647292
SYNEXP_02366,OPPO Study B,OPPO,0.5001521,2.5064633
SYNEXP_03341,Samsung Study B,Samsung,0.14623635,3.5006475
SYNEXP_03513,Xiaomi Study A,Xiaomi,0.2269776,3.2003942
SYNEXP_03523,Xiaomi Study A,Xiaomi,0.55884296,2.6556084
GENV2_01144,Razr 60 Ultra,Motorola,0.36265653,3.8363516
GENV2_01241,Razr 60 Ultra,Motorola,0.4385951,3.526651
GENV2_01460,OnePlus 13T,OnePlus,0.19320853,3.6165135
GENV2_01728,Motorola Edge 60 Pro,Motorola,0.24750237,3.918472
GENV2_02892,iPhone 17 Pro,Apple,0.16263522,3.9447231
GENV2_03227,OnePlus 13R,OnePlus,0.36449155,3.68255
GENV2_03916,iPhone 17 Pro Max,Apple,0.07289705,4.89415
GENV2_04126,iPhone 17 Pro Max,Apple,0.08103109,4.5822363
SYNEXP_00744,Realme GT 7,Realme,0.16377217,3.2776153
SYNEXP_01104,Apple Study B,Apple,0.040371634,4.542892
SYNEXP_01658,Motorola Study A,Motorola,0.06291085,4.326058
SYNEXP_02299,OPPO Study A,OPPO,0.24257314,3.772411
SYNEXP_02779,OnePlus Study B,OnePlus,0.018389722,4.5344067
SYNEXP_02931,Realme Study A,Realme,0.3255243,3.3061292
SYNEXP_03461,Xiaomi Study A,Xiaomi,0.1615962,3.2712014
GENV2_00586,Realme 14 Pro+,Realme,0.717068,3.0074418
GENV2_00672,Galaxy A56 5G,Samsung,0.5862548,3.242039
GENV2_00712,Redmi Note 14 Pro+,Xiaomi,0.69035256,3.3049603
GENV2_01174,Nothing Phone 3,Nothing,0.68414307,3.4364877
GENV2_01732,Find N5,OPPO,0.101060204,4.1167903
GENV2_01935,Realme GT 7 Pro,Realme,0.1400241,4.365535
GENV2_02190,Pixel 10,Google,0.114976496,4.340432
GENV2_02208,Phone 2a Plus,Nothing,0.15564552,3.820824
GENV2_03302,Galaxy Z Flip7,Samsung,0.1724494,3.926768
GENV2_03761,OnePlus 13,OnePlus,0.21516913,4.128161
SYNEXP_01588,Motorola Study A,Motorola,0.6676975,2.268645
SYNEXP_01877,Nothing Study A,Nothing,0.7265307,2.8060968
SYNEXP_01985,Nothing Study A,Nothing,0.03979354,4.4295607
SYNEXP_02229,OPPO Study A,OPPO,0.04590642,3.9474473
SYNEXP_02320,OPPO Study A,OPPO,0.8682333,2.3331122
SYNEXP_02909,Realme Study A,Realme,0.20294516,3.2979872
SYNEXP_03586,Xiaomi Study A,Xiaomi,0.039528377,4.648751
SYNEXP_03762,Xiaomi Study B,Xiaomi,0.05791521,3.9656055
GENV2_00147,Galaxy Z Flip7,Samsung,0.6381271,2.9931967
GENV2_00183,Galaxy A56 5G,Samsung,0.6757947,3.6714377
GENV2_00545,iPhone 16e,Apple,0.35471871,3.7798214
GENV2_00894,Redmi Note 14 Pro+,Xiaomi,0.34871086,3.791856
GENV2_00950,Find N5,OPPO,0.50007975,3.5537493
GENV2_01325,Galaxy Z Flip7,Samsung,0.8660151,3.0691085
GENV2_01522,Nothing Phone 3,Nothing,0.48344812,3.704057
GENV2_01733,Nothing Phone 3,Nothing,0.020791361,4.0180383
GENV2_02607,iPhone 17,Apple,0.17375861,3.955243
GENV2_02958,Nothing Phone 3,Nothing,0.16933042,3.7943015
GENV2_04177,Galaxy S26 Ultra,Samsung,0.26398575,3.6291344
SYNEXP_00235,OnePlus 13,OnePlus,0.339706,3.3696754
SYNEXP_00284,Galaxy S26 Ultra,Samsung,0.18071005,3.847217
SYNEXP_01517,Google Study B,Google,0.79922867,2.4978218
SYNEXP_01860,Motorola Study B,Motorola,0.21132658,3.122271
SYNEXP_01897,Nothing Study A,Nothing,0.18316545,3.5974224
SYNEXP_02236,OPPO Study A,OPPO,0.5209418,2.833358
SYNEXP_02492,OPPO Study B,OPPO,0.13410608,3.1856863
SYNEXP_02836,Realme Study A,Realme,0.8937333,2.2258325
GENV2_00411,Pixel 9a,Google,0.41898903,3.6545012
GENV2_01312,Realme GT 7,Realme,0.536342,3.274797
GENV2_01645,Reno 13 Pro,OPPO,0.26898476,3.662426
SYNEXP_00003,Galaxy S25 Ultra,Samsung,0.62452227,2.8198388
SYNEXP_00035,Pixel 10,Google,0.87460405,2.0198152
SYNEXP_01547,Google Study B,Google,0.52431303,2.6976259
SYNEXP_01578,Motorola Study A,Motorola,0.85733867,1.9306176
SYNEXP_02261,OPPO Study A,OPPO,0.034909293,4.728473
SYNEXP_02523,OnePlus Study A,OnePlus,0.30129227,3.5789292
SYNEXP_03107,Realme Study B,Realme,0.35519743,3.5903547
SYNEXP_03724,Xiaomi Study B,Xiaomi,0.0554239,4.250618
GENV2_00444,Moto G Power 2025,Motorola,0.5889906,2.6698544
GENV2_00617,Galaxy Z Flip7,Samsung,0.3537472,3.8795285
GENV2_01045,Galaxy S25 Ultra,Samsung,0.7022035,3.2705867
GENV2_02897,Pixel 10 Pro,Google,0.21843143,3.655414
GENV2_03786,iPhone 17 Pro Max,Apple,0.11371024,4.710557
GENV2_03857,iPhone 17 Pro Max,Apple,0.18677154,4.32328
GENV2_03975,iPhone 17 Pro Max,Apple,0.28574055,4.599224
SYNEXP_00861,Motorola Edge 60 Pro,Motorola,0.5527805,2.870085
SYNEXP_02636,OnePlus Study A,OnePlus,0.034861494,4.247862
SYNEXP_03223,Samsung Study A,Samsung,0.075982615,3.8888476
GENV2_00920,Find N5,OPPO,0.6355339,3.301722
GENV2_00962,iPhone 16,Apple,0.66187096,3.3636298
GENV2_01316,iPhone 16e,Apple,0.58215886,2.7925549
GENV2_01599,Xiaomi 15,Xiaomi,0.07866181,4.199151
GENV2_02584,Pixel 10 Pro XL,Google,0.10355454,4.3814535
GENV2_02654,Realme GT 7 Pro,Realme,0.1853669,4.027393
SYNEXP_00293,Galaxy S26 Ultra,Samsung,0.12782139,3.5906157
SYNEXP_01142,Apple Study B,Apple,0.13566577,3.5489738
SYNEXP_02025,Nothing Study A,Nothing,0.20439756,2.8863246
SYNEXP_03138,Realme Study B,Realme,0.5614454,3.2301805
SYNEXP_03185,Samsung Study A,Samsung,0.64264476,3.0257208
GENV2_00240,iPhone 16e,Apple,0.77053446,2.744701
GENV2_01068,Galaxy A56 5G,Samsung,0.8818415,3.234819
GENV2_01201,Nothing Phone 3,Nothing,0.73282397,2.796641
GENV2_01418,Phone 3a Pro,Nothing,0.37396362,3.5153346
GENV2_01442,Motorola Edge 60 Pro,Motorola,0.30041963,4.1039667
GENV2_01598,Phone 3a Pro,Nothing,0.12323179,3.9743984
GENV2_01819,Galaxy S25 Ultra,Samsung,0.16618018,3.788009
GENV2_01970,Reno 13 Pro,OPPO,0.5486662,3.1790142
GENV2_03357,OnePlus 13,OnePlus,0.13252524,4.301265
GENV2_03602,iPhone 17 Pro,Apple,0.018987618,4.59012
GENV2_03634,OnePlus 13,OnePlus,0.011726329,4.9201603
SYNEXP_00824,Realme 14 Pro+,Realme,0.6488926,2.9927764
SYNEXP_00915,Find N5,OPPO,0.6377138,2.5947897
SYNEXP_00947,Apple Study A,Apple,0.008285186,4.4525476
SYNEXP_01579,Motorola Study A,Motorola,0.124880575,3.8996007
SYNEXP_01755,Motorola Study B,Motorola,0.81310165,2.4198556
SYNEXP_02350,OPPO Study A,OPPO,0.12066853,3.7736921
GENV2_00215,Redmi Note 14 Pro+,Xiaomi,0.7516486,3.251952
GENV2_00968,Phone 3a Pro,Nothing,0.51311266,3.208991
GENV2_01765,Find N5,OPPO,0.255773,3.8343632
GENV2_01878,iPhone 17,Apple,0.07186257,4.1204977
GENV2_02841,Pixel 9a,Google,0.21966851,4.1215215
GENV2_02854,Pixel 10 Pro,Google,0.15721609,4.3956695
GENV2_02965,Pixel 10 Pro XL,Google,0.13895203,4.4063964
GENV2_03191,Pixel 10,Google,0.057709463,4.4484696
GENV2_04087,Galaxy S26 Ultra,Samsung,0.18388805,4.30945
SYNEXP_00350,OnePlus 13R,OnePlus,0.056380115,4.2195754
SYNEXP_01153,Apple Study B,Apple,0.10223387,3.85592
SYNEXP_01770,Motorola Study B,Motorola,0.5459229,2.8606055
SYNEXP_03353,Samsung Study B,Samsung,0.7016258,2.4364548
SYNEXP_03494,Xiaomi Study A,Xiaomi,0.057830274,4.301927
GENV2_00970,Xiaomi 15,Xiaomi,0.35362127,3.6451435
GENV2_01099,iPhone 16,Apple,0.39350525,3.8425734
GENV2_01828,OnePlus 13R,OnePlus,0.3269886,3.8457606
GENV2_02458,Moto G Power 2025,Motorola,0.2920577,3.9914026
GENV2_03272,Galaxy S26,Samsung,0.22390269,4.049563
GENV2_03282,OnePlus 13R,OnePlus,0.10284404,4.292845
GENV2_03706,iPhone 17,Apple,0.044086736,4.421831
GENV2_03925,Galaxy S26,Samsung,0.48029798,3.4156616
SYNEXP_00468,Redmi Note 14 Pro+,Xiaomi,0.8111066,2.21889
SYNEXP_02665,OnePlus Study A,OnePlus,0.15200572,3.3406482
SYNEXP_03048,Realme Study B,Realme,0.8435326,2.0309525
SYNEXP_03304,Samsung Study A,Samsung,0.027495924,4.3504953
SYNEXP_03755,Xiaomi Study B,Xiaomi,0.11924092,3.4240372
GENV2_00264,Galaxy A56 5G,Samsung,0.61477524,3.2893467
GENV2_00793,Pixel 9a,Google,0.3847719,3.7384903
GENV2_01350,Reno 13 Pro,OPPO,0.79748446,3.3616762
GENV2_02450,Pixel 10,Google,0.17296866,4.2643967
GENV2_02639,Pixel 10 Pro,Google,0.116337456,4.3267646
GENV2_02653,Pixel 10,Google,0.13578798,4.392323
GENV2_03897,Galaxy S26 Ultra,Samsung,0.080616444,3.8815482
SYNEXP_01978,Nothing Study A,Nothing,0.37970582,3.4998426
SYNEXP_03361,Samsung Study B,Samsung,0.92152107,1.8098316
SYNEXP_03535,Xiaomi Study A,Xiaomi,0.086379394,3.7948225
SYNEXP_03768,Xiaomi Study B,Xiaomi,0.69494575,2.614596
GENV2_01112,Redmi Note 14 Pro+,Xiaomi,0.17984234,4.166363
GENV2_01516,Phone 2a Plus,Nothing,0.24053738,3.7511108
GENV2_01548,Razr 60 Ultra,Motorola,0.48930728,3.5726745
GENV2_02140,iPhone 16,Apple,0.18270393,3.9595783
GENV2_03162,OnePlus 13R,OnePlus,0.15844525,4.3518276
SYNEXP_00875,Motorola Edge 60 Pro,Motorola,0.30409092,3.1535535
SYNEXP_01470,Google Study B,Google,0.25363275,3.2073746
SYNEXP_02713,OnePlus Study B,OnePlus,0.78998065,2.5315728
SYNEXP_03023,Realme Study B,Realme,0.7256592,2.6919746
SYNEXP_03488,Xiaomi Study A,Xiaomi,0.020350968,4.134916
GENV2_00088,iPhone 16e,Apple,0.69815564,3.129654
GENV2_00273,Phone 2a Plus,Nothing,0.7620711,2.4222102
GENV2_01041,iPhone 16e,Apple,0.68925875,3.254855
GENV2_01517,Reno 13 Pro,OPPO,0.58874315,3.7265608
GENV2_01866,Galaxy S26 Ultra,Samsung,0.3889454,3.7315893
GENV2_02940,Pixel 10 Pro XL,Google,0.32818678,3.9450245
GENV2_03445,iPhone 17,Apple,0.12640415,4.1279755
GENV2_03502,Realme GT 7 Pro,Realme,0.23052053,4.1395354
SYNEXP_00061,Realme GT 7 Pro,Realme,0.10238864,3.429044
SYNEXP_00918,Find N5,OPPO,0.2790826,3.438199
SYNEXP_01067,Apple Study A,Apple,0.060807515,4.1415067
SYNEXP_01720,Motorola Study B,Motorola,0.045976166,3.8600116
SYNEXP_03352,Samsung Study B,Samsung,0.03868065,4.5072465
SYNEXP_03573,Xiaomi Study A,Xiaomi,0.12784074,4.4727774
GENV2_01711,Galaxy S25 Ultra,Samsung,0.034461085,3.1774387
GENV2_01939,Pixel 10 Pro XL,Google,0.371013,3.3206015
GENV2_03170,iPhone 17,Apple,0.28407592,3.492553
SYNEXP_00850,Realme 14 Pro+,Realme,0.0061334227,4.6454096
SYNEXP_01200,Apple Study B,Apple,0.35531795,3.2388852
SYNEXP_01458,Google Study B,Google,0.22294508,3.2973862
SYNEXP_02051,Nothing Study B,Nothing,0.16342595,3.4772243
SYNEXP_02443,OPPO Study B,OPPO,0.04987856,4.2639227
SYNEXP_03320,Samsung Study B,Samsung,0.01784628,4.3926105
GENV2_01115,Razr 60 Ultra,Motorola,0.5866685,3.4846234
GENV2_01543,Phone 2a Plus,Nothing,0.4623916,3.3117282
GENV2_01727,iPhone 17 Pro Max,Apple,0.17479463,4.22519
GENV2_02987,iPhone 16,Apple,0.24042998,4.2297015
GENV2_03283,Find N5,OPPO,0.22321448,4.1896663
GENV2_03735,Xiaomi 15,Xiaomi,0.31452096,4.0765457
SYNEXP_00096,iPhone 16e,Apple,0.26517403,2.7816687
SYNEXP_00354,OnePlus 13R,OnePlus,0.46274653,3.7000706
SYNEXP_01234,Apple Study B,Apple,0.1998897,3.6144233
SYNEXP_03286,Samsung Study A,Samsung,0.3924244,3.2274117
SYNEXP_03438,Samsung Study B,Samsung,0.6684004,2.3512135
GENV2_00025,Moto G Power 2025,Motorola,0.92037886,2.2773323
GENV2_00331,Moto G Power 2025,Motorola,0.57758814,3.180772
GENV2_00570,Find N5,OPPO,0.7474394,3.1941671
GENV2_00694,Pixel 10,Google,0.24220239,3.8735843
GENV2_01005,Realme GT 7,Realme,0.3634531,4.021263
GENV2_01584,Pixel 10,Google,0.16505878,4.0177135
GENV2_02360,OnePlus 13R,OnePlus,0.091617994,4.0012383
GENV2_03126,Realme GT 7 Pro,Realme,0.066499546,4.5395393
GENV2_03589,iPhone 16,Apple,0.1605821,4.2048426
SYNEXP_00764,Realme GT 7,Realme,0.033926528,4.552699
SYNEXP_01285,Google Study A,Google,0.29327276,3.464924
SYNEXP_01420,Google Study B,Google,0.0971119,4.0459495
GENV2_00985,Realme 14 Pro+,Realme,0.42159075,3.721314
GENV2_01042,OnePlus 13,OnePlus,0.4061501,3.6867938
GENV2_01327,Reno 13 Pro,OPPO,0.46523976,4.045588
GENV2_01756,Galaxy Z Flip7,Samsung,0.009380189,4.212113
GENV2_01760,Reno 13 Pro,OPPO,0.18855669,3.9313943
GENV2_02886,Realme GT 7,Realme,0.06892028,4.38269
GENV2_03518,Pixel 10 Pro XL,Google,0.06758758,4.621495
GENV2_03790,Galaxy S26,Samsung,0.37461513,4.1297126
GENV2_04135,Xiaomi 15 Ultra,Xiaomi,0.04795351,4.496728
SYNEXP_00126,Find X8 Pro,OPPO,0.87832373,1.5708907
SYNEXP_00831,Realme 14 Pro+,Realme,0.8054623,2.209591
SYNEXP_00965,Apple Study A,Apple,0.072026774,3.08428
SYNEXP_01098,Apple Study B,Apple,0.023401575,3.604851
SYNEXP_01227,Apple Study B,Apple,0.038817767,3.7392485
SYNEXP_01501,Google Study B,Google,0.22775973,3.039507
SYNEXP_01834,Motorola Study B,Motorola,0.025388591,4.580028
SYNEXP_02308,OPPO Study A,OPPO,0.21147893,3.5866556
GENV2_00559,Galaxy A56 5G,Samsung,0.7018235,3.574569
GENV2_00762,OnePlus 13R,OnePlus,0.5470845,3.5165274
GENV2_01283,Xiaomi 15 Ultra,Xiaomi,0.5046437,3.3697362
GENV2_01348,iPhone 16,Apple,0.6020041,3.1448276
GENV2_02341,Phone 3a Pro,Nothing,0.16144982,4.3824797
GENV2_03246,OnePlus 13R,OnePlus,0.28424072,3.8599136
GENV2_03457,iPhone 17 Pro Max,Apple,0.2974326,3.9730685
SYNEXP_02213,OPPO Study A,OPPO,0.069123894,3.8578863
SYNEXP_02846,Realme Study A,Realme,0.7292354,2.9108648
SYNEXP_03115,Realme Study B,Realme,0.020599924,4.604072
GENV2_00232,Moto G Power 2025,Motorola,0.893787,2.4189143
GENV2_00908,Razr 60 Ultra,Motorola,0.26709753,3.731666
GENV2_00975,Phone 2a Plus,Nothing,0.28503627,3.8241332
GENV2_02915,Realme GT 7,Realme,0.039862264,4.324064
SYNEXP_00969,Apple Study A,Apple,0.17333144,3.4281032
SYNEXP_01836,Motorola Study B,Motorola,0.7495427,2.385912
SYNEXP_02162,Nothing Study B,Nothing,0.13091561,3.932331
SYNEXP_02762,OnePlus Study B,OnePlus,0.8118622,2.7822201
SYNEXP_03400,Samsung Study B,Samsung,0.41305682,2.866126
GENV2_01171,OnePlus 13T,OnePlus,0.75118643,3.4774244
GENV2_01838,Nothing Phone 3,Nothing,0.059682123,4.3779483
GENV2_02210,Pixel 10,Google,0.22263218,3.9600196
GENV2_02929,OnePlus 13T,OnePlus,0.26167494,4.5285506
GENV2_03610,Galaxy S26,Samsung,0.18003494,4.3348007
SYNEXP_00326,Xiaomi 15,Xiaomi,0.093101256,3.9296956
SYNEXP_01332,Google Study A,Google,0.19299589,3.5748208
SYNEXP_01391,Google Study A,Google,0.030702,4.488238
SYNEXP_03032,Realme Study B,Realme,0.56387174,2.9001453
SYNEXP_03038,Realme Study B,Realme,0.22815536,3.4110677
SYNEXP_03263,Samsung Study A,Samsung,0.061473213,3.809087
SYNEXP_03396,Samsung Study B,Samsung,0.13449697,3.8225245
SYNEXP_03530,Xiaomi Study A,Xiaomi,0.9680797,1.2298206
GENV2_00100,iPhone 16e,Apple,0.90580964,3.101511
GENV2_00882,iPhone 16,Apple,0.90361714,3.4131196
GENV2_01277,Razr 60 Ultra,Motorola,0.49182832,3.6598802
GENV2_01500,Galaxy Z Flip7,Samsung,0.12410059,3.9328744
GENV2_02063,Realme 14 Pro+,Realme,0.14532726,4.0231915
GENV2_02511,iPhone 17,Apple,0.52990204,3.3498504
GENV2_02884,Find X8 Pro,OPPO,0.3289619,3.8651469
SYNEXP_00246,iPhone 17 Pro,Apple,0.75785995,2.3183339
SYNEXP_00268,iPhone 17 Pro Max,Apple,0.042046685,4.2542124
SYNEXP_00363,OnePlus 13R,OnePlus,0.2846549,3.210248
SYNEXP_00576,Pixel 10 Pro,Google,0.8607594,1.6584871
SYNEXP_00909,Find N5,OPPO,0.043807473,3.7923436
SYNEXP_02022,Nothing Study A,Nothing,0.23310164,3.8635576
SYNEXP_03313,Samsung Study B,Samsung,0.14523362,3.9329402
GENV2_00112,Phone 3a Pro,Nothing,0.56786466,2.9488883
GENV2_00542,Pixel 10 Pro XL,Google,0.5183412,3.6947327
GENV2_00700,iPhone 16e,Apple,0.7128416,2.863779
GENV2_01054,Reno 13 Pro,OPPO,0.22907817,4.39208
GENV2_01683,Nothing Phone 3,Nothing,0.23938799,3.8575187
GENV2_01749,Xiaomi 15 Ultra,Xiaomi,0.19228633,4.011333
GENV2_01876,Realme GT 7,Realme,0.18534002,3.7641082
GENV2_02293,Realme GT 7 Pro,Realme,0.119201414,3.9074924
GENV2_02437,Xiaomi 15 Ultra,Xiaomi,0.4010722,3.7992518
GENV2_03234,Galaxy S26,Samsung,0.23945323,4.192082
GENV2_03492,Xiaomi 15 Ultra,Xiaomi,0.08809555,4.504024
SYNEXP_01282,Google Study A,Google,0.2548651,3.3501298
SYNEXP_01352,Google Study A,Google,0.034441236,4.5436234
GENV2_01125,Pixel 10 Pro,Google,0.9162137,2.957488
GENV2_01643,Motorola Edge 60 Pro,Motorola,0.3985068,3.0744724
GENV2_01744,Reno 13 Pro,OPPO,0.010860403,4.369534
GENV2_02325,iPhone 17,Apple,0.24074613,3.5187752
GENV2_02914,Find X8 Pro,OPPO,0.030006886,4.513017
GENV2_03467,Pixel 10,Google,0.24086325,3.8574052
GENV2_03994,OnePlus 13R,OnePlus,0.30778122,3.6741576
SYNEXP_00102,iPhone 16e,Apple,0.12957388,3.836397
SYNEXP_00211,OnePlus 13,OnePlus,0.12312175,3.6278574
SYNEXP_00409,Galaxy Z Flip7,Samsung,0.579854,2.4596274
SYNEXP_00854,Motorola Edge 60 Pro,Motorola,0.6951752,2.5714092
SYNEXP_01552,Google Study B,Google,0.17127864,3.4652445
SYNEXP_02768,OnePlus Study B,OnePlus,0.74515027,2.8641102
GENV2_00839,Xiaomi 15,Xiaomi,0.5259354,3.0729165
GENV2_01289,Find N5,OPPO,0.7860343,3.146203
GENV2_01412,Find N5,OPPO,0.026613118,3.5413487
GENV2_02304,OnePlus 13,OnePlus,0.38487697,3.6685178
GENV2_03450,iPhone 16,Apple,0.19472063,4.0381165
GENV2_03741,OnePlus 13T,OnePlus,0.110989034,4.5548897
SYNEXP_00928,Apple Study A,Apple,0.85678786,2.190232
SYNEXP_01690,Motorola Study A,Motorola,0.14720367,3.315776
SYNEXP_02266,OPPO Study A,OPPO,0.0612296,3.9797132
SYNEXP_02563,OnePlus Study A,OnePlus,0.3719189,3.2391284
SYNEXP_02632,OnePlus Study A,OnePlus,0.485265,3.1461816
SYNEXP_02953,Realme Study A,Realme,0.47471726,3.275136
GENV2_00076,Redmi Note 14 Pro+,Xiaomi,0.8275341,3.1207497
GENV2_00295,iPhone 16e,Apple,0.78415924,2.7544334
GENV2_00934,Redmi Note 14 Pro+,Xiaomi,0.5808866,3.084052
GENV2_01328,Redmi Note 14 Pro+,Xiaomi,0.16534364,4.214418
GENV2_03038,Galaxy S25 Ultra,Samsung,0.13588347,4.1843686
GENV2_03617,Galaxy S26 Ultra,Samsung,0.11184305,4.19581
GENV2_03628,Xiaomi 15 Ultra,Xiaomi,0.45737112,3.8041015
GENV2_03730,OnePlus 13R,OnePlus,0.16148019,3.8982189
SYNEXP_00232,OnePlus 13,OnePlus,0.7119485,2.6043446
SYNEXP_00597,Pixel 10 Pro,Google,0.12951897,3.8055475
SYNEXP_01059,Apple Study A,Apple,0.28146607,3.5831122
SYNEXP_01409,Google Study B,Google,0.06849816,3.3944976
SYNEXP_01631,Motorola Study A,Motorola,0.498417,2.4497864
SYNEXP_03600,Xiaomi Study A,Xiaomi,0.6554056,2.6516182
GENV2_00497,Phone 3a Pro,Nothing,0.80105233,3.1515167
GENV2_00874,Pixel 9a,Google,0.39712885,3.7727568
GENV2_01185,Realme 14 Pro+,Realme,0.39315262,3.7406108
GENV2_01486,Find X8 Pro,OPPO,0.19543724,3.5440822
GENV2_02632,Motorola Edge 60 Pro,Motorola,0.30681273,3.7164533
GENV2_02816,iPhone 17,Apple,0.20743015,3.9395928
GENV2_03951,iPhone 17 Pro Max,Apple,0.22289768,4.2803617
SYNEXP_00140,Find X8 Pro,OPPO,0.8655122,1.9179493
SYNEXP_01255,Google Study A,Google,0.16192447,3.5426872
SYNEXP_01464,Google Study B,Google,0.0999573,3.6752467
SYNEXP_02196,Nothing Study B,Nothing,0.87369394,1.6003863
SYNEXP_02253,OPPO Study A,OPPO,0.6788068,2.894208
SYNEXP_02405,OPPO Study B,OPPO,0.25148973,3.0309217
SYNEXP_02671,OnePlus Study A,OnePlus,0.025050933,4.120655
SYNEXP_03277,Samsung Study A,Samsung,0.11606943,3.308582
SYNEXP_03545,Xiaomi Study A,Xiaomi,0.75954765,2.7573054
GENV2_00549,Galaxy Z Flip7,Samsung,0.63697344,3.4940503
GENV2_00636,Realme 14 Pro+,Realme,0.52143437,3.3213942
GENV2_02444,OnePlus 13R,OnePlus,0.16427092,3.6473343
GENV2_02556,iPhone 17 Pro,Apple,0.43272045,3.8467937
GENV2_02599,iPhone 17 Pro,Apple,0.25490367,4.157631
GENV2_03253,Galaxy S25 Ultra,Samsung,0.10087404,4.4683285
GENV2_04092,Realme GT 7,Realme,0.19684993,4.3101835
SYNEXP_00400,Pixel 10 Pro XL,Google,0.025353678,4.4700937
SYNEXP_00471,Redmi Note 14 Pro+,Xiaomi,0.2841127,3.3373115
SYNEXP_01869,Motorola Study B,Motorola,0.5397239,2.884392
SYNEXP_02344,OPPO Study A,OPPO,0.03295534,4.3901463
SYNEXP_02434,OPPO Study B,OPPO,0.2355657,3.194336
SYNEXP_03114,Realme Study B,Realme,0.54067296,2.6613684
GENV2_00536,Realme GT 7,Realme,0.293857,4.0334487
GENV2_00926,Galaxy Z Flip7,Samsung,0.64296645,3.256568
GENV2_02590,Motorola Edge 60 Pro,Motorola,0.33574128,3.6837757
GENV2_03475,Reno 13 Pro,OPPO,0.2500924,3.8317394
SYNEXP_00053,Pixel 10,Google,0.045583244,4.74182
SYNEXP_03283,Samsung Study A,Samsung,0.87788147,1.5436574
SYNEXP_03354,Samsung Study B,Samsung,0.37282145,3.2206376
SYNEXP_03511,Xiaomi Study A,Xiaomi,0.5768763,2.752701
SYNEXP_03603,Xiaomi Study A,Xiaomi,0.29799813,2.9461496
GENV2_00002,Phone 2a Plus,Nothing,0.80129606,1.6869276
GENV2_00062,iPhone 16e,Apple,0.98545307,1.9791445
GENV2_00621,iPhone 16e,Apple,0.760043,2.4619799
GENV2_00997,Galaxy A56 5G,Samsung,0.6174182,3.5898387
GENV2_01513,Phone 3a Pro,Nothing,0.19547987,4.127053
GENV2_02307,iPhone 17,Apple,0.09702834,4.492062
GENV2_02376,OnePlus 13T,OnePlus,0.10615225,4.2309337
GENV2_02919,iPhone 17,Apple,0.124033675,4.2636237
GENV2_03271,OnePlus 13,OnePlus,0.19044192,4.1132746
GENV2_04189,iPhone 17 Pro Max,Apple,0.12540388,4.3174686
SYNEXP_00376,Pixel 10 Pro XL,Google,0.6984274,2.2781024
SYNEXP_01116,Apple Study B,Apple,0.064675115,4.3666673
SYNEXP_02973,Realme Study A,Realme,0.17463094,3.7495668
SYNEXP_03145,Samsung Study A,Samsung,0.027548488,4.4177957
GENV2_00324,Moto G Power 2025,Motorola,0.7113285,3.2343056
GENV2_01642,iPhone 17,Apple,0.1493811,3.6547356
GENV2_02822,Realme GT 7,Realme,0.19880718,4.090335
GENV2_02969,Pixel 9a,Google,0.14088023,4.148163
GENV2_03378,Nothing Phone 3,Nothing,0.10855235,4.7202168
SYNEXP_00116,Find X8 Pro,OPPO,0.098526716,3.2180166
SYNEXP_01320,Google Study A,Google,0.7142319,1.6399621
SYNEXP_01571,Motorola Study A,Motorola,0.69894487,3.1334226
SYNEXP_01738,Motorola Study B,Motorola,0.22326939,3.4726124
SYNEXP_02655,OnePlus Study A,OnePlus,0.02668761,4.447166
SYNEXP_03167,Samsung Study A,Samsung,0.012225983,4.9610653
SYNEXP_03243,Samsung Study A,Samsung,0.46410444,3.353299
SYNEXP_03703,Xiaomi Study B,Xiaomi,0.013362689,4.550666
GENV2_02046,iPhone 17 Pro,Apple,0.17658879,4.258514
GENV2_02269,Realme 14 Pro+,Realme,0.09202413,3.4738855
GENV2_02372,Motorola Edge 60 Pro,Motorola,0.08361973,4.3407574
SYNEXP_00770,Realme GT 7,Realme,0.4930452,2.8425207
SYNEXP_01686,Motorola Study A,Motorola,0.09367517,3.720077
SYNEXP_01902,Nothing Study A,Nothing,0.5208321,3.0291953
SYNEXP_02105,Nothing Study B,Nothing,0.22229534,3.1636693
SYNEXP_02172,Nothing Study B,Nothing,0.8570183,2.1969824
SYNEXP_03096,Realme Study B,Realme,0.55912244,3.0457516
SYNEXP_03117,Realme Study B,Realme,0.18938442,3.1570823
SYNEXP_03148,Samsung Study A,Samsung,0.23641,3.0968232
GENV2_00165,Phone 2a Plus,Nothing,0.80117345,2.6332521
GENV2_00441,Pixel 9a,Google,0.6043476,3.340428
GENV2_00568,Xiaomi 15,Xiaomi,0.565604,3.458139
GENV2_01740,Galaxy S25 Ultra,Samsung,0.4289731,3.6348577
GENV2_02840,Pixel 10,Google,0.17530091,3.9033382
GENV2_03200,OnePlus 13T,OnePlus,0.10319548,4.3634653
GENV2_03718,Xiaomi 15 Ultra,Xiaomi,0.13424039,4.54723
SYNEXP_00239,iPhone 17 Pro,Apple,0.01962889,4.4290056
SYNEXP_02311,OPPO Study A,OPPO,0.50126666,2.9404132
SYNEXP_02611,OnePlus Study A,OnePlus,0.3116175,3.7497678
GENV2_01016,Pixel 10 Pro,Google,0.29736683,3.8411148
GENV2_02205,Phone 2a Plus,Nothing,0.4823295,3.1656983
GENV2_02535,OnePlus 13R,OnePlus,0.2372731,3.9460168
GENV2_03009,Find N5,OPPO,0.041701384,4.5528092
GENV2_03313,Galaxy S25 Ultra,Samsung,0.24756882,3.990675
SYNEXP_00155,Galaxy S26,Samsung,0.011146279,4.5201917
SYNEXP_01032,Apple Study A,Apple,0.14651084,3.9583743
SYNEXP_01224,Apple Study B,Apple,0.8006835,2.7602117
GENV2_00200,Reno 13 Pro,OPPO,0.60655916,3.1471567
GENV2_00355,Moto G Power 2025,Motorola,0.83657485,3.0962691
GENV2_01354,iPhone 16,Apple,0.9250476,2.7306428
GENV2_02631,iPhone 17,Apple,0.22904785,4.203729
GENV2_02661,Phone 3a Pro,Nothing,0.12921768,4.5369
SYNEXP_00119,Find X8 Pro,OPPO,0.12022814,3.4302964
SYNEXP_00347,OnePlus 13R,OnePlus,0.0046242606,4.663916
SYNEXP_00683,Phone 2a Plus,Nothing,0.7781288,2.7741184
SYNEXP_01293,Google Study A,Google,0.67651963,2.85067
SYNEXP_01748,Motorola Study B,Motorola,0.26524785,3.4936996
SYNEXP_02295,OPPO Study A,OPPO,0.036844086,4.075512
SYNEXP_02675,OnePlus Study B,OnePlus,0.7369132,2.2021415
GENV2_00172,Nothing Phone 3,Nothing,0.64378554,3.1828117
GENV2_00330,Phone 2a Plus,Nothing,0.6994662,3.2378488
GENV2_00782,Pixel 10,Google,0.6419824,3.4162276
GENV2_01181,Redmi Note 14 Pro+,Xiaomi,0.074607894,4.104823
GENV2_02200,iPhone 17 Pro Max,Apple,0.36071545,3.7118769
GENV2_02480,Redmi Note 14 Pro+,Xiaomi,0.29466447,3.8530667
GENV2_03414,iPhone 17 Pro Max,Apple,0.08808485,4.409306
GENV2_04159,iPhone 17,Apple,0.18380687,3.8086379
SYNEXP_00169,Reno 13 Pro,OPPO,0.6480029,3.212107
SYNEXP_00800,Xiaomi 15 Ultra,Xiaomi,0.39447963,2.9059887
SYNEXP_01505,Google Study B,Google,0.23770887,3.5387948
SYNEXP_02426,OPPO Study B,OPPO,0.48348764,2.881657
SYNEXP_02954,Realme Study A,Realme,0.053159025,4.2060823
SYNEXP_03593,Xiaomi Study A,Xiaomi,0.76757467,2.3638506
GENV2_00387,Galaxy Z Flip7,Samsung,0.35695034,3.6830158
GENV2_03315,Realme GT 7 Pro,Realme,0.24269295,3.9887319
GENV2_04088,OnePlus 13,OnePlus,0.18306465,4.051373
SYNEXP_01249,Google Study A,Google,0.3704469,3.3479223
SYNEXP_01385,Google Study A,Google,0.68555015,2.9056344
SYNEXP_01673,Motorola Study A,Motorola,0.25486064,3.2303486
SYNEXP_02072,Nothing Study B,Nothing,0.1074882,3.0844233
SYNEXP_03605,Xiaomi Study A,Xiaomi,0.19074878,2.9802606
SYNEXP_03744,Xiaomi Study B,Xiaomi,0.11164004,3.1179101
GENV2_00738,Moto G Power 2025,Motorola,0.50161904,3.5586145
GENV2_01988,Redmi Note 14 Pro+,Xiaomi,0.12459182,4.392922
GENV2_03493,Pixel 10,Google,0.3072138,3.9887931
GENV2_04124,iPhone 17 Pro,Apple,0.2192855,4.3668633
SYNEXP_00056,Realme GT 7 Pro,Realme,0.78005177,2.2017562
SYNEXP_00705,Phone 2a Plus,Nothing,0.8476006,2.26845
SYNEXP_00763,Realme GT 7,Realme,0.028608928,3.668195
SYNEXP_03233,Samsung Study A,Samsung,0.0800524,3.9231968
SYNEXP_03524,Xiaomi Study A,Xiaomi,0.4299836,3.2806087
GENV2_01195,Pixel 10 Pro,Google,0.58619535,3.7163045
GENV2_01531,Galaxy A56 5G,Samsung,0.29776615,3.7749362
GENV2_01774,Razr 60 Ultra,Motorola,0.20666312,3.7268267
GENV2_02882,iPhone 17 Pro Max,Apple,0.2341738,4.0648837
GENV2_03239,Xiaomi 15 Ultra,Xiaomi,0.29942524,3.762629
GENV2_03443,Galaxy S26 Ultra,Samsung,0.32142812,3.693663
GENV2_03487,Xiaomi 15,Xiaomi,0.08860596,4.2447515
SYNEXP_00228,OnePlus 13,OnePlus,0.021062015,4.4263515
SYNEXP_00584,Pixel 10 Pro,Google,0.7387359,3.064147
SYNEXP_00630,OnePlus 13T,OnePlus,0.17750986,3.272667
SYNEXP_00897,Find N5,OPPO,0.16426872,3.951089
SYNEXP_01482,Google Study B,Google,0.73147106,2.4096959
SYNEXP_01949,Nothing Study A,Nothing,0.16371208,4.2687836
SYNEXP_02596,OnePlus Study A,OnePlus,0.4444795,3.0275283
SYNEXP_02648,OnePlus Study A,OnePlus,0.091003336,3.8806965
SYNEXP_03448,Samsung Study B,Samsung,0.117357306,4.11178
GENV2_00073,Pixel 9a,Google,0.33386117,3.6623046
GENV2_00517,Motorola Edge 60 Pro,Motorola,0.9336369,2.573666
GENV2_00729,Galaxy A56 5G,Samsung,0.47046125,3.3673599
GENV2_00852,Realme GT 7,Realme,0.20643044,3.5707905
GENV2_01558,Moto G Power 2025,Motorola,0.3116309,3.5018978
GENV2_01881,Razr 60 Ultra,Motorola,0.40961048,3.2505572
GENV2_01976,iPhone 17,Apple,0.25961402,3.3875008
GENV2_02137,Find X8 Pro,OPPO,0.26869455,3.565523
GENV2_02192,iPhone 16e,Apple,0.16346896,4.033387
GENV2_03065,Phone 3a Pro,Nothing,0.28102916,4.0355415
GENV2_03196,Galaxy S25 Ultra,Samsung,0.18124416,4.346513
GENV2_03799,iPhone 16,Apple,0.10554064,4.4524207
SYNEXP_00723,Moto G Power 2025,Motorola,0.12706988,3.9642825
SYNEXP_01132,Apple Study B,Apple,0.028932799,4.412145
SYNEXP_01666,Motorola Study A,Motorola,0.36238378,3.1845305
SYNEXP_02536,OnePlus Study A,OnePlus,0.22941628,3.1832354
SYNEXP_03254,Samsung Study A,Samsung,0.04442289,4.2768717
GENV2_00178,Moto G Power 2025,Motorola,0.9817316,1.776748
GENV2_00749,Redmi Note 14 Pro+,Xiaomi,0.1397416,3.8229585
GENV2_01503,Realme GT 7 Pro,Realme,0.46069553,3.3973484
GENV2_02295,iPhone 17 Pro,Apple,0.20685872,3.954276
GENV2_02610,Reno 13 Pro,OPPO,0.092390046,4.410779
GENV2_02739,Galaxy S26 Ultra,Samsung,0.31751084,3.828541
GENV2_03020,OnePlus 13R,OnePlus,0.14134398,4.346481
GENV2_03069,Find X8 Pro,OPPO,0.13638867,4.5632877
SYNEXP_00033,Pixel 10,Google,0.11466425,3.531555
SYNEXP_01376,Google Study A,Google,0.8093366,1.844395
SYNEXP_01583,Motorola Study A,Motorola,0.01703468,4.291948
SYNEXP_01971,Nothing Study A,Nothing,0.09234047,4.089374
SYNEXP_02416,OPPO Study B,OPPO,0.09706381,3.4459898
SYNEXP_02549,OnePlus Study A,OnePlus,0.39426845,3.5977619
SYNEXP_03214,Samsung Study A,Samsung,0.588933,3.039697
SYNEXP_03229,Samsung Study A,Samsung,0.77437806,2.4328115
GENV2_00171,Motorola Edge 60 Pro,Motorola,0.5535241,3.5369043
GENV2_00195,Razr 60 Ultra,Motorola,0.4710838,3.80382
GENV2_01834,Pixel 10 Pro,Google,0.15850429,3.399951
GENV2_02227,Reno 13 Pro,OPPO,0.42846352,3.2521594
GENV2_02583,Redmi Note 14 Pro+,Xiaomi,0.4648192,3.4287372
GENV2_03659,OnePlus 13R,OnePlus,0.04170545,4.31589
GENV2_03788,Galaxy S25 Ultra,Samsung,0.11582826,4.160418
GENV2_04187,Galaxy S26 Ultra,Samsung,0.076641776,4.1811366
SYNEXP_00334,Xiaomi 15,Xiaomi,0.024459546,4.327297
SYNEXP_00335,Xiaomi 15,Xiaomi,0.048908573,4.0364227
SYNEXP_01929,Nothing Study A,Nothing,0.2422867,3.7817945
SYNEXP_02013,Nothing Study A,Nothing,0.0940575,3.7140093
SYNEXP_02362,OPPO Study B,OPPO,0.015661268,4.0157576
SYNEXP_02627,OnePlus Study A,OnePlus,0.31021762,3.380164
SYNEXP_02864,Realme Study A,Realme,0.06187686,3.6776884
SYNEXP_02891,Realme Study A,Realme,0.42359108,3.1018062
SYNEXP_03418,Samsung Study B,Samsung,0.118771896,3.0535448
GENV2_00054,Pixel 9a,Google,0.5692561,2.9198918
GENV2_00069,Galaxy A56 5G,Samsung,0.7851325,2.6047878
GENV2_00150,Moto G Power 2025,Motorola,0.41447306,3.5865786
GENV2_00577,iPhone 16,Apple,0.42925572,3.8315606
GENV2_01940,Phone 2a Plus,Nothing,0.35408232,3.1812472
GENV2_02282,Moto G Power 2025,Motorola,0.23977442,3.9085367
GENV2_03328,Phone 3a Pro,Nothing,0.17973727,4.146149
SYNEXP_01154,Apple Study B,Apple,0.119997434,4.0688033
SYNEXP_01319,Google Study A,Google,0.73491114,2.2598286
SYNEXP_01846,Motorola Study B,Motorola,0.07548934,3.690756
SYNEXP_01855,Motorola Study B,Motorola,0.0608428,4.5370235
SYNEXP_02288,OPPO Study A,OPPO,0.033494927,4.257666
SYNEXP_03525,Xiaomi Study A,Xiaomi,0.117092945,3.6864018
GENV2_00199,Redmi Note 14 Pro+,Xiaomi,0.8228679,2.8748143
GENV2_00682,Find N5,OPPO,0.9065786,2.3352451
GENV2_00858,Galaxy Z Flip7,Samsung,0.6917232,3.7379625
GENV2_00901,Realme 14 Pro+,Realme,0.5164699,3.6067944
GENV2_00958,Pixel 9a,Google,0.8588864,3.1822007
GENV2_01464,OnePlus 13,OnePlus,0.22455597,4.1323366
GENV2_01478,Pixel 10 Pro,Google,0.22432481,3.7041159
GENV2_01601,Galaxy Z Flip7,Samsung,0.24424246,3.6407154
GENV2_01706,Galaxy Z Flip7,Samsung,0.18265057,4.0487885
GENV2_02141,Find N5,OPPO,0.13619801,4.080109
GENV2_02489,OnePlus 13,OnePlus,0.40035668,3.4290454
GENV2_03131,OnePlus 13T,OnePlus,0.21474533,4.4006743
GENV2_03419,Galaxy S26,Samsung,0.63376665,3.6362677
GENV2_04096,iPhone 17,Apple,0.233472,4.1692424
SYNEXP_00864,Motorola Edge 60 Pro,Motorola,0.7703997,2.4220953
SYNEXP_03387,Samsung Study B,Samsung,0.12341626,3.8549957
GENV2_00216,Galaxy A56 5G,Samsung,0.30665842,3.8516302
GENV2_00261,Moto G Power 2025,Motorola,0.8700437,2.447517
GENV2_00639,Razr 60 Ultra,Motorola,0.5841251,2.9062083
GENV2_02276,Razr 60 Ultra,Motorola,0.31963804,3.779566
GENV2_02867,Xiaomi 15,Xiaomi,0.34691608,3.9903402
GENV2_03820,Xiaomi 15,Xiaomi,0.22517374,4.3344545
SYNEXP_00529,Nothing Phone 3,Nothing,0.44098234,3.2847543
SYNEXP_02274,OPPO Study A,OPPO,0.2868266,3.0486805
SYNEXP_02564,OnePlus Study A,OnePlus,0.22584914,3.3837657
SYNEXP_03129,Realme Study B,Realme,0.7793516,1.8441048
GENV2_00608,Reno 13 Pro,OPPO,0.67238444,3.1834488
GENV2_02477,Find X8 Pro,OPPO,0.22750159,3.9944077
GENV2_02832,iPhone 17 Pro,Apple,0.14150752,3.7052095
GENV2_03290,iPhone 17 Pro,Apple,0.26767045,4.162788
GENV2_03654,Xiaomi 15 Ultra,Xiaomi,0.24600872,3.8218231
SYNEXP_00161,Reno 13 Pro,OPPO,0.35018533,3.4386938
SYNEXP_00377,Pixel 10 Pro XL,Google,0.07875865,3.7037427
SYNEXP_00778,Realme GT 7,Realme,0.04802815,4.565791
SYNEXP_01040,Apple Study A,Apple,0.11239101,3.8211055
SYNEXP_01169,Apple Study B,Apple,0.010910331,4.654874
SYNEXP_01752,Motorola Study B,Motorola,0.23546962,3.3353415
SYNEXP_02944,Realme Study A,Realme,0.6373627,2.5328596
SYNEXP_03295,Samsung Study A,Samsung,0.78039277,2.8070116
SYNEXP_03332,Samsung Study B,Samsung,0.25790408,3.67107
GENV2_00722,iPhone 16,Apple,0.73508954,3.1361916
GENV2_01309,OnePlus 13,OnePlus,0.37190062,3.9321742
GENV2_02163,Xiaomi 15,Xiaomi,0.19358206,3.781244
GENV2_03220,OnePlus 13,OnePlus,0.48468253,3.7977502
GENV2_03868,Pixel 9a,Google,0.36754203,4.23808
SYNEXP_00408,Galaxy Z Flip7,Samsung,0.016257567,4.532785
SYNEXP_00432,Phone 3a Pro,Nothing,0.19477995,3.849776
SYNEXP_01989,Nothing Study A,Nothing,0.58382434,2.4876435
SYNEXP_02752,OnePlus Study B,OnePlus,0.010223191,4.8493285
GENV2_01392,Galaxy Z Flip7,Samsung,0.11690256,4.03837
GENV2_02683,OnePlus 13,OnePlus,0.44598982,3.8764975
SYNEXP_01526,Google Study B,Google,0.721835,2.2376473
SYNEXP_01669,Motorola Study A,Motorola,0.33957142,3.236653
SYNEXP_02029,Nothing Study A,Nothing,0.056232158,4.319044
SYNEXP_02107,Nothing Study B,Nothing,0.08087539,3.3281953
SYNEXP_02645,OnePlus Study A,OnePlus,0.017307984,4.388906
SYNEXP_03155,Samsung Study A,Samsung,0.046333853,3.8234951
SYNEXP_03456,Samsung Study B,Samsung,0.22154354,3.5388732
SYNEXP_03741,Xiaomi Study B,Xiaomi,0.5530459,3.0250833
GENV2_00258,Phone 2a Plus,Nothing,0.5870103,3.3628907
GENV2_00572,Phone 2a Plus,Nothing,0.7332526,3.482037
GENV2_00783,Moto G Power 2025,Motorola,0.90851146,2.5009003
GENV2_01018,OnePlus 13T,OnePlus,0.45987442,3.4191718
GENV2_01062,iPhone 16,Apple,0.42316672,3.701909
GENV2_01364,iPhone 17,Apple,0.5046959,3.44777
GENV2_02280,Galaxy S26 Ultra,Samsung,0.0126081975,4.5170574
GENV2_03531,Find X8 Pro,OPPO,0.0582494,4.368805
GENV2_03874,OnePlus 13,OnePlus,0.08279736,4.3335567
GENV2_03958,Xiaomi 15 Ultra,Xiaomi,0.032045145,4.8182893
SYNEXP_00946,Apple Study A,Apple,0.2928346,3.2920108
SYNEXP_01801,Motorola Study B,Motorola,0.2089578,3.6253307
SYNEXP_02062,Nothing Study B,Nothing,0.08449246,3.932305
SYNEXP_02654,OnePlus Study A,OnePlus,0.555973,2.7726524
GENV2_00055,Galaxy Z Flip7,Samsung,0.9332285,2.50088
GENV2_02418,Find X8 Pro,OPPO,0.06450408,4.406207
GENV2_02454,Razr 60 Ultra,Motorola,0.75221467,2.9533384
GENV2_02501,iPhone 16,Apple,0.28309014,3.8301582
GENV2_03223,OnePlus 13T,OnePlus,0.22681521,4.033036
GENV2_03793,iPhone 17 Pro Max,Apple,0.43619284,3.9806712
GENV2_04160,Galaxy S25 Ultra,Samsung,0.3251756,4.2199183
SYNEXP_00445,Phone 3a Pro,Nothing,0.83005327,2.3555834
SYNEXP_01016,Apple Study A,Apple,0.07545597,3.7491298
SYNEXP_01940,Nothing Study A,Nothing,0.168961,3.9111288
SYNEXP_02084,Nothing Study B,Nothing,0.15665144,3.931438
SYNEXP_02349,OPPO Study A,OPPO,0.4052654,3.1900895
SYNEXP_02814,OnePlus Study B,OnePlus,0.03761606,4.4395895
SYNEXP_03186,Samsung Study A,Samsung,0.6715932,2.7319806
SYNEXP_03310,Samsung Study B,Samsung,0.22585541,3.5638425
GENV2_00392,Phone 2a Plus,Nothing,0.7529764,3.1178155
GENV2_01200,iPhone 16e,Apple,0.8937242,3.0238543
GENV2_01436,Realme GT 7 Pro,Realme,0.21992745,4.1351905
GENV2_01482,Nothing Phone 3,Nothing,0.022831826,3.973556
GENV2_01587,Galaxy Z Flip7,Samsung,0.11849674,4.05975
GENV2_03564,iPhone 17 Pro,Apple,0.12132999,4.557626
GENV2_03827,iPhone 17 Pro,Apple,0.033515427,4.6149817
SYNEXP_00081,Realme GT 7 Pro,Realme,0.1571398,3.543315
SYNEXP_00291,Galaxy S26 Ultra,Samsung,0.11616001,3.9293158
SYNEXP_01773,Motorola Study B,Motorola,0.032027606,3.869341
SYNEXP_02352,OPPO Study A,OPPO,0.10678402,4.0801816
GENV2_00365,Pixel 9a,Google,0.47983423,3.5527391
GENV2_01154,Redmi Note 14 Pro+,Xiaomi,0.32492146,3.525181
GENV2_01818,Nothing Phone 3,Nothing,0.07187364,4.227703
GENV2_02072,Galaxy Z Flip7,Samsung,0.13143253,4.129453
GENV2_02424,Redmi Note 14 Pro+,Xiaomi,0.19204389,4.0505004
GENV2_03862,iPhone 17,Apple,0.040978298,4.6301074
GENV2_04103,Reno 13 Pro,OPPO,0.23847724,3.4118469
SYNEXP_03690,Xiaomi Study B,Xiaomi,0.15222165,3.4913294
GENV2_00528,Galaxy A56 5G,Samsung,0.66394794,3.7459922
GENV2_02853,Motorola Edge 60 Pro,Motorola,0.031033318,4.5447946
GENV2_03945,iPhone 17 Pro Max,Apple,0.2232917,4.2474933
SYNEXP_00558,Pixel 9a,Google,0.1888388,3.5255008
SYNEXP_00979,Apple Study A,Apple,0.102527015,3.8852642
SYNEXP_01753,Motorola Study B,Motorola,0.33106923,3.4572825
SYNEXP_02217,OPPO Study A,OPPO,0.233793,3.7607741
SYNEXP_02553,OnePlus Study A,OnePlus,0.044071503,3.8928888
SYNEXP_02639,OnePlus Study A,OnePlus,0.07624007,3.6228228
GENV2_00556,Find N5,OPPO,0.64279675,3.4806235
GENV2_00871,Galaxy A56 5G,Samsung,0.50756896,3.3855288
GENV2_01217,Pixel 9a,Google,0.23567064,3.9687932
GENV2_02416,Motorola Edge 60 Pro,Motorola,0.27310923,3.6293633
GENV2_03192,Find N5,OPPO,0.16204138,4.4429874
GENV2_03320,Realme GT 7,Realme,0.2417973,4.0248547
GENV2_03335,iPhone 17 Pro Max,Apple,0.09920959,4.307522
GENV2_04110,Galaxy S25 Ultra,Samsung,0.041232176,4.6243963
SYNEXP_00402,Pixel 10 Pro XL,Google,0.2370641,3.6090083
SYNEXP_00447,Phone 3a Pro,Nothing,0.059380077,4.9885225
SYNEXP_01915,Nothing Study A,Nothing,0.10608296,3.7937648
SYNEXP_01919,Nothing Study A,Nothing,0.8423235,2.5869133
SYNEXP_02128,Nothing Study B,Nothing,0.55682856,3.031194
SYNEXP_03331,Samsung Study B,Samsung,0.20534962,3.2045949
SYNEXP_03559,Xiaomi Study A,Xiaomi,0.24927294,3.0105186
GENV2_00238,Razr 60 Ultra,Motorola,0.30752906,3.5443044
GENV2_00747,iPhone 16e,Apple,0.4273233,3.6826591
GENV2_01122,Moto G Power 2025,Motorola,0.29995063,3.723277
GENV2_01777,Realme GT 7 Pro,Realme,0.32951126,3.766209
GENV2_01873,Galaxy S26,Samsung,0.1528768,4.054012
GENV2_01945,Pixel 10 Pro,Google,0.26604015,3.8916943
GENV2_02913,Nothing Phone 3,Nothing,0.19714901,4.22687
GENV2_03322,Xiaomi 15 Ultra,Xiaomi,0.50264186,3.2648122
GENV2_03642,Galaxy S26,Samsung,0.104682654,4.6156836
SYNEXP_00073,Realme GT 7 Pro,Realme,0.12103109,3.9551225
SYNEXP_01459,Google Study B,Google,0.25455564,2.437308
SYNEXP_01763,Motorola Study B,Motorola,0.040529538,4.530824
SYNEXP_02264,OPPO Study A,OPPO,0.061307393,3.974452
SYNEXP_03688,Xiaomi Study B,Xiaomi,0.14536755,3.315776
GENV2_01051,Realme GT 7 Pro,Realme,0.22048774,4.145482
GENV2_01417,Razr 60 Ultra,Motorola,0.29108417,3.7865405
GENV2_02155,Pixel 10,Google,0.32423756,3.8325446
GENV2_02228,Xiaomi 15 Ultra,Xiaomi,0.31678253,3.3774135
GENV2_02516,Find X8 Pro,OPPO,0.112179875,4.4148455
GENV2_03294,OnePlus 13T,OnePlus,0.10044877,4.36989
GENV2_03317,Find N5,OPPO,0.09628147,4.2626104
GENV2_03898,Xiaomi 15 Ultra,Xiaomi,0.14577511,4.203856
SYNEXP_01209,Apple Study B,Apple,0.10720733,4.191283
SYNEXP_02880,Realme Study A,Realme,0.12226076,3.4140363
GENV2_00898,Moto G Power 2025,Motorola,0.7929131,2.7479722
GENV2_02261,Reno 13 Pro,OPPO,0.3129885,4.002102
GENV2_02406,Realme GT 7,Realme,0.24667162,4.0324216
GENV2_02772,Nothing Phone 3,Nothing,0.3352326,3.7801104
GENV2_03387,Galaxy S26 Ultra,Samsung,0.16139007,4.040177
GENV2_03691,Razr 60 Ultra,Motorola,0.23510794,3.8679893
GENV2_03709,Pixel 10,Google,0.07969136,4.6331596
GENV2_03906,Pixel 10 Pro,Google,0.12254971,4.190884
SYNEXP_01245,Google Study A,Google,0.6496664,2.9977648
SYNEXP_01417,Google Study B,Google,0.36974344,3.353863
SYNEXP_01432,Google Study B,Google,0.54405564,2.8805218
SYNEXP_02249,OPPO Study A,OPPO,0.43220374,3.0540075
SYNEXP_03131,Realme Study B,Realme,0.025165455,4.361806
SYNEXP_03389,Samsung Study B,Samsung,0.02066007,4.3577623
GENV2_00690,Realme 14 Pro+,Realme,0.62114054,3.1328645
GENV2_00703,Pixel 10 Pro,Google,0.87924856,3.0565693
GENV2_01286,Galaxy Z Flip7,Samsung,0.323459,3.9691637
GENV2_01596,Pixel 10 Pro,Google,0.15856698,4.2642474
GENV2_02343,OnePlus 13T,OnePlus,0.32020152,3.9374073
GENV2_02593,Galaxy S25 Ultra,Samsung,0.08774946,4.635685
GENV2_02735,Xiaomi 15 Ultra,Xiaomi,0.113582544,4.1804185
GENV2_02985,iPhone 17,Apple,0.09656223,4.6831713
GENV2_03325,iPhone 17 Pro Max,Apple,0.22238001,4.3715043
GENV2_04034,Xiaomi 15,Xiaomi,0.28662682,4.339487
SYNEXP_00393,Pixel 10 Pro XL,Google,0.09934426,3.8378677
SYNEXP_01423,Google Study B,Google,0.011761831,4.3786616
SYNEXP_01538,Google Study B,Google,0.8734824,1.9463259
SYNEXP_02276,OPPO Study A,OPPO,0.27363718,3.6990466
SYNEXP_02509,OPPO Study B,OPPO,0.046560038,4.0212016
SYNEXP_02790,OnePlus Study B,OnePlus,0.14968613,4.00308
SYNEXP_02858,Realme Study A,Realme,0.5346524,2.879115
SYNEXP_03141,Realme Study B,Realme,0.017388532,4.4911633
GENV2_00538,Razr 60 Ultra,Motorola,0.32227424,4.201
GENV2_01479,Phone 3a Pro,Nothing,0.18945743,4.028204
GENV2_01510,Phone 3a Pro,Nothing,0.14008112,4.2583923
GENV2_02693,Galaxy S26 Ultra,Samsung,0.5960186,3.4936194
GENV2_02750,Realme GT 7 Pro,Realme,0.39668962,3.8266733
GENV2_03747,OnePlus 13R,OnePlus,0.096815005,4.406698
GENV2_03834,OnePlus 13,OnePlus,0.032146234,4.11725
GENV2_04161,Galaxy S25 Ultra,Samsung,0.09887242,4.3825793
SYNEXP_00243,iPhone 17 Pro,Apple,0.16053118,3.834011
SYNEXP_00638,Razr 60 Ultra,Motorola,0.115316,4.1240864
SYNEXP_02315,OPPO Study A,OPPO,0.39405218,2.946957
SYNEXP_02378,OPPO Study B,OPPO,0.3726575,3.180513
GENV2_00262,Galaxy A56 5G,Samsung,0.8158975,3.3548696
GENV2_01362,Pixel 10 Pro XL,Google,0.31074676,3.8278072
GENV2_03171,Realme GT 7 Pro,Realme,0.13386717,3.9462643
GENV2_03382,Galaxy S26,Samsung,0.102386065,4.359039
GENV2_03967,Galaxy S26 Ultra,Samsung,0.30028832,3.919944
SYNEXP_02095,Nothing Study B,Nothing,0.046531606,4.6519146
SYNEXP_03219,Samsung Study A,Samsung,0.078679636,4.196233
SYNEXP_03293,Samsung Study A,Samsung,0.47177294,2.9830124
GENV2_01848,Motorola Edge 60 Pro,Motorola,0.20361648,3.8644495
GENV2_02550,Reno 13 Pro,OPPO,0.13551582,4.2837257
GENV2_02778,Nothing Phone 3,Nothing,0.044146948,4.559528
GENV2_02825,Pixel 10 Pro,Google,0.13898243,4.011238
GENV2_03123,Realme GT 7 Pro,Realme,0.1109048,4.0006557
SYNEXP_01362,Google Study A,Google,0.23141304,3.3397362
SYNEXP_03408,Samsung Study B,Samsung,0.1310807,3.6323266
SYNEXP_03649,Xiaomi Study B,Xiaomi,0.62889934,2.8781316
GENV2_00072,Redmi Note 14 Pro+,Xiaomi,0.36780155,3.2853181
GENV2_01652,Pixel 10 Pro,Google,0.15562858,3.9685676
GENV2_02299,iPhone 17,Apple,0.15208554,3.8534904
GENV2_02539,Galaxy S26,Samsung,0.0882772,4.4495044
GENV2_02628,Pixel 10 Pro,Google,0.047653344,4.224598
GENV2_02733,iPhone 16,Apple,0.02109796,4.4206657
GENV2_03368,Xiaomi 15 Ultra,Xiaomi,0.32226956,4.026991
SYNEXP_01087,Apple Study B,Apple,0.2219173,3.215533
SYNEXP_01262,Google Study A,Google,0.035764225,4.1313095
SYNEXP_03110,Realme Study B,Realme,0.6572027,2.9961283
SYNEXP_03261,Samsung Study A,Samsung,0.3647694,3.2496867
SYNEXP_03572,Xiaomi Study A,Xiaomi,0.38140565,3.3500955
GENV2_01067,Realme GT 7 Pro,Realme,0.5243052,3.8637383
GENV2_01695,Realme GT 7 Pro,Realme,0.62986255,2.7788448
GENV2_02159,Xiaomi 15 Ultra,Xiaomi,0.23784946,3.7131467
GENV2_02394,Find N5,OPPO,0.006880108,3.815344
GENV2_02864,iPhone 17,Apple,0.13911547,4.3587813
GENV2_03231,Galaxy S25 Ultra,Samsung,0.2013065,4.33847
SYNEXP_02599,OnePlus Study A,OnePlus,0.72492236,2.6661482
GENV2_00465,Redmi Note 14 Pro+,Xiaomi,0.7830786,2.8076463
GENV2_01156,Redmi Note 14 Pro+,Xiaomi,0.8095659,3.1842983
GENV2_01722,Pixel 10 Pro,Google,0.21643803,3.8189948
GENV2_01882,Galaxy A56 5G,Samsung,0.14197019,3.7221951
GENV2_01895,Pixel 9a,Google,0.3105437,3.5411456
GENV2_02438,OnePlus 13,OnePlus,0.3846593,3.6064265
GENV2_02452,Pixel 10,Google,0.47384015,3.84291
SYNEXP_00448,Phone 3a Pro,Nothing,0.034783125,4.565675
SYNEXP_00508,iPhone 17,Apple,0.14752682,3.573289
SYNEXP_00825,Realme 14 Pro+,Realme,0.19452609,3.1648693
SYNEXP_01001,Apple Study A,Apple,0.012222885,4.552285
SYNEXP_01364,Google Study A,Google,0.56957984,2.133992
SYNEXP_01570,Motorola Study A,Motorola,0.062951155,3.749679
SYNEXP_01757,Motorola Study B,Motorola,0.20293109,3.796448
SYNEXP_03369,Samsung Study B,Samsung,0.24071208,3.2550607
GENV2_00052,Moto G Power 2025,Motorola,0.80393696,2.840274
GENV2_00256,Realme 14 Pro+,Realme,0.8851593,3.038373
GENV2_00303,iPhone 16e,Apple,0.8809318,3.0420134
GENV2_00472,Razr 60 Ultra,Motorola,0.2513568,3.9955344
GENV2_00476,Galaxy A56 5G,Samsung,0.470862,3.3736348
GENV2_00576,Realme GT 7,Realme,0.83354884,3.1459155
GENV2_00679,Moto G Power 2025,Motorola,0.38287142,3.7754583
GENV2_01551,Razr 60 Ultra,Motorola,0.31979236,3.5731852
GENV2_02027,Phone 3a Pro,Nothing,0.16546765,4.178194
GENV2_03018,OnePlus 13,OnePlus,0.41054457,3.905061
GENV2_03268,iPhone 17 Pro,Apple,0.3074486,4.011795
GENV2_03817,Pixel 10 Pro XL,Google,0.04197336,4.416844
GENV2_04077,Pixel 10 Pro,Google,0.08512102,4.3133655
SYNEXP_00702,Phone 2a Plus,Nothing,0.17765465,2.914205
SYNEXP_00914,Find N5,OPPO,0.17669496,3.826964
SYNEXP_02653,OnePlus Study A,OnePlus,0.21319436,3.6095676
SYNEXP_03109,Realme Study B,Realme,0.36149117,3.1187136
SYNEXP_03322,Samsung Study B,Samsung,0.9077418,1.9752085
GENV2_00152,iPhone 16e,Apple,0.9691724,2.1248837
GENV2_00363,Moto G Power 2025,Motorola,0.93814725,2.753254
GENV2_00860,Reno 13 Pro,OPPO,0.5465655,3.2201536
GENV2_00955,Xiaomi 15,Xiaomi,0.79657143,3.5872355
GENV2_01515,Pixel 9a,Google,0.16077067,3.6289444
GENV2_01688,Pixel 10 Pro,Google,0.37942696,3.8197618
GENV2_02527,Find X8 Pro,OPPO,0.17103435,3.9864578
GENV2_03004,Pixel 10,Google,0.31429473,3.954118
GENV2_03075,iPhone 16,Apple,0.28374875,4.232061
GENV2_03389,OnePlus 13,OnePlus,0.11189504,4.342804
GENV2_04162,Galaxy S26 Ultra,Samsung,0.21925656,3.7024474
SYNEXP_00067,Realme GT 7 Pro,Realme,0.10161221,3.8311708
SYNEXP_00790,Xiaomi 15 Ultra,Xiaomi,0.16851433,3.7234178
SYNEXP_01027,Apple Study A,Apple,0.007246129,5.0
SYNEXP_01663,Motorola Study A,Motorola,0.3753536,3.0731156
SYNEXP_02069,Nothing Study B,Nothing,0.44964227,3.1716158
SYNEXP_02776,OnePlus Study B,OnePlus,0.77916014,2.8611138
SYNEXP_03312,Samsung Study B,Samsung,0.65949327,2.7313614
GENV2_00083,Pixel 9a,Google,0.6014202,2.681204
GENV2_00625,iPhone 16e,Apple,0.19694066,3.8914561
GENV2_00632,Moto G Power 2025,Motorola,0.6007354,3.139412
GENV2_01052,Motorola Edge 60 Pro,Motorola,0.55328786,3.5744627
GENV2_01124,Realme 14 Pro+,Realme,0.7421783,3.5421808
GENV2_01763,Razr 60 Ultra,Motorola,0.2786178,3.7825766
GENV2_03636,iPhone 16,Apple,0.12650609,4.2346244
GENV2_03674,Galaxy S26 Ultra,Samsung,0.018949728,4.7252817
GENV2_04018,Galaxy A56 5G,Samsung,0.56979424,3.325117
SYNEXP_00172,Reno 13 Pro,OPPO,0.081313096,3.539363
SYNEXP_00589,Pixel 10 Pro,Google,0.029082112,4.1925373
SYNEXP_01257,Google Study A,Google,0.9056808,1.8956774
SYNEXP_02942,Realme Study A,Realme,0.7490438,2.9999444
SYNEXP_03416,Samsung Study B,Samsung,0.20168324,3.2794144
GENV2_00068,iPhone 16e,Apple,0.65525967,2.9431381
GENV2_00870,Pixel 9a,Google,0.8092391,2.829867
GENV2_00887,OnePlus 13T,OnePlus,0.40075532,3.567066
GENV2_00976,Moto G Power 2025,Motorola,0.58039427,2.8455875
GENV2_00977,iPhone 16e,Apple,0.4447355,3.2780316
GENV2_00982,OnePlus 13,OnePlus,0.24747565,3.8678873
GENV2_02084,OnePlus 13T,OnePlus,0.30295455,4.1528387
GENV2_02331,iPhone 17,Apple,0.21870106,4.0014687
GENV2_02353,iPhone 17,Apple,0.090792626,3.9092891
GENV2_02602,Moto G Power 2025,Motorola,0.21426018,4.377478
GENV2_02786,Phone 3a Pro,Nothing,0.15271749,4.3894596
GENV2_03796,iPhone 17 Pro,Apple,0.10623029,4.251456
GENV2_03858,Galaxy S26 Ultra,Samsung,0.2966789,3.635091
GENV2_03913,OnePlus 13,OnePlus,0.073094815,4.4385505
SYNEXP_00256,iPhone 17 Pro Max,Apple,0.59393007,2.5994105
SYNEXP_00657,Razr 60 Ultra,Motorola,0.34951055,3.612671
SYNEXP_00691,Phone 2a Plus,Nothing,0.011130249,5.0
SYNEXP_01853,Motorola Study B,Motorola,0.20921847,4.0247974
SYNEXP_02014,Nothing Study A,Nothing,0.020125365,3.3240304
SYNEXP_02406,OPPO Study B,OPPO,0.33307976,3.2106962
SYNEXP_02734,OnePlus Study B,OnePlus,0.09579869,4.290618
SYNEXP_03077,Realme Study B,Realme,0.61670583,2.7593634
GENV2_00667,Pixel 9a,Google,0.59599894,3.3925416
GENV2_01667,Phone 2a Plus,Nothing,0.29928643,3.82948
GENV2_01949,Realme GT 7,Realme,0.13136432,3.4487505
GENV2_02068,Galaxy A56 5G,Samsung,0.12570953,3.7179456
GENV2_02687,Find N5,OPPO,0.16405754,4.6825633
GENV2_03280,Galaxy S26 Ultra,Samsung,0.31102955,3.6890526
GENV2_03593,Galaxy S26 Ultra,Samsung,0.014744635,4.79668
GENV2_04058,Galaxy S26 Ultra,Samsung,0.11905361,4.3934603
SYNEXP_00849,Realme 14 Pro+,Realme,0.027409805,4.7051587
SYNEXP_01947,Nothing Study A,Nothing,0.796993,2.8036828
GENV2_00327,Galaxy A56 5G,Samsung,0.94075936,2.9219704
GENV2_00357,Reno 13 Pro,OPPO,0.557337,3.3170683
GENV2_00604,Realme 14 Pro+,Realme,0.77113014,3.6247873
GENV2_02379,Galaxy S26,Samsung,0.10272297,4.2694483
GENV2_02656,Realme GT 7,Realme,0.2931714,3.8069186
GENV2_03424,OnePlus 13,OnePlus,0.09412884,4.283505
GENV2_04129,Galaxy S26,Samsung,0.13121831,4.291509
SYNEXP_00356,OnePlus 13R,OnePlus,0.5047071,2.9989586
SYNEXP_00746,Realme GT 7,Realme,0.10454676,3.0291033
SYNEXP_01035,Apple Study A,Apple,0.7763605,2.3602767
SYNEXP_01210,Apple Study B,Apple,0.24376905,3.7163503
SYNEXP_01813,Motorola Study B,Motorola,0.18935014,3.8203802
SYNEXP_03050,Realme Study B,Realme,0.15095823,3.5014544
SYNEXP_03609,Xiaomi Study A,Xiaomi,0.6826597,2.7517843
GENV2_00912,Realme GT 7 Pro,Realme,0.82804555,3.1450498
GENV2_02396,Xiaomi 15 Ultra,Xiaomi,0.11023993,3.9728382
GENV2_02674,Xiaomi 15 Ultra,Xiaomi,0.13921683,4.183879
GENV2_02974,Galaxy S26,Samsung,0.28759962,4.0466633
GENV2_03086,Galaxy S26,Samsung,0.16100892,4.0836616
GENV2_03367,Nothing Phone 3,Nothing,0.04323883,4.233648
SYNEXP_00382,Pixel 10 Pro XL,Google,0.68026185,2.4925258
SYNEXP_00440,Phone 3a Pro,Nothing,0.81195617,2.869171
SYNEXP_01099,Apple Study B,Apple,0.73081607,3.029915
SYNEXP_03346,Samsung Study B,Samsung,0.20184182,3.6106927
GENV2_00007,Moto G Power 2025,Motorola,0.6082356,2.667926
GENV2_00300,Redmi Note 14 Pro+,Xiaomi,0.8009264,3.2545075
GENV2_01142,iPhone 17,Apple,0.48058867,3.6328754
GENV2_01378,Xiaomi 15,Xiaomi,0.8411794,3.0474133
GENV2_02697,Pixel 10,Google,0.12973848,4.2839246
GENV2_03456,iPhone 17,Apple,0.18380684,4.233412
GENV2_03470,iPhone 17 Pro,Apple,0.10354441,4.2300143
GENV2_04043,Galaxy S25 Ultra,Samsung,0.14347354,4.265664
SYNEXP_02370,OPPO Study B,OPPO,0.8482757,2.596974
SYNEXP_03412,Samsung Study B,Samsung,0.18211144,3.2656202
GENV2_02102,Galaxy Z Flip7,Samsung,0.13370687,4.1937265
GENV2_02350,Motorola Edge 60 Pro,Motorola,0.21122815,4.0743275
GENV2_02957,Galaxy S25 Ultra,Samsung,0.24828021,4.110048
SYNEXP_00178,Reno 13 Pro,OPPO,0.55984896,2.8935819
SYNEXP_00520,Nothing Phone 3,Nothing,0.7049603,2.93268
SYNEXP_00986,Apple Study A,Apple,0.08226838,3.283749
SYNEXP_01633,Motorola Study A,Motorola,0.39409217,2.7585518
SYNEXP_01859,Motorola Study B,Motorola,0.74458784,2.8870924
SYNEXP_02228,OPPO Study A,OPPO,0.2010501,3.9613998
SYNEXP_02560,OnePlus Study A,OnePlus,0.21043375,3.7606335
SYNEXP_02590,OnePlus Study A,OnePlus,0.37215278,3.0980692
SYNEXP_03290,Samsung Study A,Samsung,0.2224226,3.0086517
GENV2_00253,Phone 2a Plus,Nothing,0.7298199,3.512221
GENV2_00956,Phone 3a Pro,Nothing,0.8837746,3.2850053
GENV2_01855,Realme GT 7 Pro,Realme,0.19804592,3.851976
GENV2_02275,Phone 3a Pro,Nothing,0.153787,3.7811372
GENV2_02891,Find X8 Pro,OPPO,0.08501493,4.514071
GENV2_03500,iPhone 17 Pro Max,Apple,0.23120531,4.039361
GENV2_03781,Nothing Phone 3,Nothing,0.051939037,4.6043105
GENV2_03886,iPhone 17 Pro Max,Apple,0.21025315,4.241497
GENV2_03946,iPhone 17 Pro,Apple,0.14247794,4.2495794
GENV2_04024,iPhone 17 Pro Max,Apple,0.39109078,3.8771408
SYNEXP_00287,Galaxy S26 Ultra,Samsung,0.017993521,4.403867
SYNEXP_02078,Nothing Study B,Nothing,0.6360256,3.0205467
SYNEXP_02126,Nothing Study B,Nothing,0.08230914,4.043671
SYNEXP_02135,Nothing Study B,Nothing,0.48723918,3.243028
SYNEXP_02154,Nothing Study B,Nothing,0.04863744,3.9071724
SYNEXP_03656,Xiaomi Study B,Xiaomi,0.03732359,4.589756
GENV2_00049,iPhone 16e,Apple,0.8711594,2.4713879
GENV2_00305,Moto G Power 2025,Motorola,0.42816955,2.8295257
GENV2_00466,iPhone 16e,Apple,0.51594025,3.4832382
GENV2_01061,Reno 13 Pro,OPPO,0.59536153,3.436048
GENV2_01279,Nothing Phone 3,Nothing,0.87997234,3.3718913
GENV2_01311,Razr 60 Ultra,Motorola,0.23015173,4.09121
GENV2_02435,Pixel 10 Pro,Google,0.09640975,4.1501384
GENV2_03550,iPhone 17 Pro,Apple,0.115936056,4.478915
GENV2_03783,OnePlus 13,OnePlus,0.020733874,4.4443893
GENV2_03931,Galaxy S26,Samsung,0.1703762,4.367744
SYNEXP_00396,Pixel 10 Pro XL,Google,0.6969029,2.4256396
SYNEXP_01201,Apple Study B,Apple,0.57758796,2.8405786
SYNEXP_02978,Realme Study A,Realme,0.06861943,4.415179
SYNEXP_03153,Samsung Study A,Samsung,0.11409669,3.7564623
SYNEXP_03392,Samsung Study B,Samsung,0.47658753,2.3636835
GENV2_00546,Galaxy A56 5G,Samsung,0.81647193,2.7503693
GENV2_01648,iPhone 16,Apple,0.13868351,4.186662
SYNEXP_00803,Xiaomi 15 Ultra,Xiaomi,0.074146084,4.6434226
SYNEXP_01161,Apple Study B,Apple,0.6127483,3.1429136
SYNEXP_01408,Google Study B,Google,0.8971421,2.2599363
SYNEXP_01691,Motorola Study A,Motorola,0.08934599,4.036356
SYNEXP_02058,Nothing Study B,Nothing,0.37335783,3.3071055
GENV2_00405,iPhone 16,Apple,0.58781165,3.2410922
GENV2_00521,Galaxy Z Flip7,Samsung,0.48008162,3.3940551
GENV2_00704,Phone 2a Plus,Nothing,0.7095614,3.3392844
GENV2_00897,Phone 3a Pro,Nothing,0.8961913,2.7029426
GENV2_01710,Realme 14 Pro+,Realme,0.026389457,3.7044055
GENV2_01746,Pixel 10 Pro XL,Google,0.27502373,4.017348
GENV2_02529,Galaxy A56 5G,Samsung,0.19131301,4.0835137
GENV2_03404,Galaxy S26 Ultra,Samsung,0.17638418,3.7085133
GENV2_03894,Motorola Edge 60 Pro,Motorola,0.17248413,4.2690973
SYNEXP_01360,Google Study A,Google,0.8618029,2.1217527
SYNEXP_02766,OnePlus Study B,OnePlus,0.19891673,3.564951
SYNEXP_02876,Realme Study A,Realme,0.037182458,4.5988135
SYNEXP_03221,Samsung Study A,Samsung,0.22021452,3.715885
SYNEXP_03665,Xiaomi Study B,Xiaomi,0.23202485,2.7682412
GENV2_00755,Reno 13 Pro,OPPO,0.87821823,2.7806935
GENV2_03090,Realme GT 7 Pro,Realme,0.12457563,4.377919
SYNEXP_00201,Galaxy A56 5G,Samsung,0.045590974,3.6000297
SYNEXP_01495,Google Study B,Google,0.052939534,3.8087163
SYNEXP_01536,Google Study B,Google,0.59730196,3.1147037
SYNEXP_01916,Nothing Study A,Nothing,0.49384162,2.774275
SYNEXP_01974,Nothing Study A,Nothing,0.19369222,3.0770175
SYNEXP_02796,OnePlus Study B,OnePlus,0.62981254,3.0590224
SYNEXP_02843,Realme Study A,Realme,0.030838493,4.7166696
SYNEXP_02937,Realme Study A,Realme,0.4259017,3.1192796
SYNEXP_03130,Realme Study B,Realme,0.05026898,4.3305793
SYNEXP_03675,Xiaomi Study B,Xiaomi,0.0765174,3.8195775
GENV2_00032,Moto G Power 2025,Motorola,0.9058209,2.189509
GENV2_00311,Razr 60 Ultra,Motorola,0.44994494,3.3083413
GENV2_00820,OnePlus 13T,OnePlus,0.8758761,2.9976594
GENV2_01948,Galaxy Z Flip7,Samsung,0.17675048,3.5111742
GENV2_02090,Pixel 10 Pro,Google,0.128176,4.2830462
GENV2_03411,Galaxy S26,Samsung,0.08360064,4.1540594
GENV2_03483,OnePlus 13R,OnePlus,0.30271584,3.9134724
SYNEXP_00079,Realme GT 7 Pro,Realme,0.49489647,2.7270029
SYNEXP_02173,Nothing Study B,Nothing,0.24686666,3.5380456
SYNEXP_02238,OPPO Study A,OPPO,0.34123108,3.4192724
SYNEXP_03176,Samsung Study A,Samsung,0.11659584,4.676067
SYNEXP_03625,Xiaomi Study B,Xiaomi,0.026864666,4.2413993
GENV2_01058,Phone 3a Pro,Nothing,0.91845703,2.789803
GENV2_01533,iPhone 17 Pro,Apple,0.37663543,3.385538
GENV2_01574,iPhone 16,Apple,0.26236102,3.6991122
GENV2_02191,Redmi Note 14 Pro+,Xiaomi,0.2754169,3.4330213
GENV2_02468,iPhone 16,Apple,0.2900176,4.020446
GENV2_02818,iPhone 17 Pro,Apple,0.13372472,4.487366
GENV2_03762,Pixel 10,Google,0.13994505,4.1852474
SYNEXP_00380,Pixel 10 Pro XL,Google,0.077424996,4.0615897
SYNEXP_00522,Nothing Phone 3,Nothing,0.7216489,2.0504851
SYNEXP_00591,Pixel 10 Pro,Google,0.014412324,4.541854
SYNEXP_02187,Nothing Study B,Nothing,0.6372481,2.970353
GENV2_00983,Pixel 9a,Google,0.2756508,4.006719
GENV2_01244,Razr 60 Ultra,Motorola,0.727688,3.1235602
GENV2_02334,OnePlus 13T,OnePlus,0.22913188,4.275541
GENV2_03355,OnePlus 13R,OnePlus,0.17170753,4.328745
GENV2_04057,Find X8 Pro,OPPO,0.20922197,4.1567464
GENV2_04147,iPhone 17 Pro Max,Apple,0.21928889,3.9971771
SYNEXP_00142,Galaxy S26,Samsung,0.72023547,2.1950858
SYNEXP_00177,Reno 13 Pro,OPPO,0.109206066,3.7810044
SYNEXP_00729,Moto G Power 2025,Motorola,0.24851336,3.089751
SYNEXP_03041,Realme Study B,Realme,0.93575346,1.9205389
SYNEXP_03200,Samsung Study A,Samsung,0.17662175,3.802621
SYNEXP_03512,Xiaomi Study A,Xiaomi,0.7534058,2.293702
GENV2_00607,Find N5,OPPO,0.54467314,2.7457767
GENV2_01202,Realme GT 7 Pro,Realme,0.5800212,3.865708
GENV2_01249,Pixel 10,Google,0.393856,3.7188396
GENV2_01820,OnePlus 13R,OnePlus,0.17037517,4.202355
GENV2_02212,Reno 13 Pro,OPPO,0.6302728,3.5475132
GENV2_03648,Xiaomi 15,Xiaomi,0.3982625,4.074635
GENV2_03714,OnePlus 13R,OnePlus,0.16207191,4.1745276
GENV2_03822,Find X8 Pro,OPPO,0.17184992,4.0787177
SYNEXP_00202,Galaxy A56 5G,Samsung,0.3301935,3.4279265
SYNEXP_01036,Apple Study A,Apple,0.712221,2.9083622
SYNEXP_01218,Apple Study B,Apple,0.25120154,3.1976676
SYNEXP_01430,Google Study B,Google,0.21951395,3.426034
SYNEXP_02896,Realme Study A,Realme,0.33249184,3.0434966
GENV2_00564,Pixel 9a,Google,0.6774331,3.3618207
GENV2_00695,Razr 60 Ultra,Motorola,0.1784419,3.8487353
GENV2_01116,Pixel 9a,Google,0.7405087,3.7247007
GENV2_02723,Galaxy A56 5G,Samsung,0.11454712,3.915609
GENV2_02821,iPhone 17 Pro Max,Apple,0.26767045,3.9589102
GENV2_02951,OnePlus 13,OnePlus,0.26221523,3.6663458
GENV2_03159,Pixel 9a,Google,0.23295027,4.0874333
GENV2_03422,Realme GT 7 Pro,Realme,0.10964539,4.634702
GENV2_03831,iPhone 17 Pro,Apple,0.17124315,4.246159
SYNEXP_00048,Pixel 10,Google,0.076778494,3.4185662
SYNEXP_00186,Galaxy A56 5G,Samsung,0.014824717,4.43163
SYNEXP_00419,Galaxy Z Flip7,Samsung,0.066112354,4.2968516
SYNEXP_00651,Razr 60 Ultra,Motorola,0.0665088,4.0594907
SYNEXP_02133,Nothing Study B,Nothing,0.18457623,3.8643668
SYNEXP_03680,Xiaomi Study B,Xiaomi,0.08369898,3.781145
GENV2_00185,Redmi Note 14 Pro+,Xiaomi,0.8725817,2.9369686
GENV2_00495,Phone 2a Plus,Nothing,0.31788826,3.5178406
GENV2_00918,Pixel 10 Pro,Google,0.48916337,2.8665118
GENV2_01065,OnePlus 13T,OnePlus,0.6855221,3.033488
GENV2_01403,Pixel 10,Google,0.57560724,3.287655
GENV2_03426,iPhone 17 Pro,Apple,0.18894878,4.2186494
GENV2_03441,Galaxy S26,Samsung,0.17988673,4.117738
GENV2_03508,Reno 13 Pro,OPPO,0.38931862,3.6682727
SYNEXP_00058,Realme GT 7 Pro,Realme,0.37264702,3.5209231
SYNEXP_00540,Nothing Phone 3,Nothing,0.32134262,2.8583612
SYNEXP_00843,Realme 14 Pro+,Realme,0.16163321,3.5475092
SYNEXP_01484,Google Study B,Google,0.15232027,3.4974418
SYNEXP_01760,Motorola Study B,Motorola,0.7214488,2.8612761
SYNEXP_02209,OPPO Study A,OPPO,0.11452505,3.919895
SYNEXP_02449,OPPO Study B,OPPO,0.054932486,3.916541
SYNEXP_02958,Realme Study A,Realme,0.6035961,2.7617497
SYNEXP_03157,Samsung Study A,Samsung,0.15829755,3.2031493
SYNEXP_03551,Xiaomi Study A,Xiaomi,0.7691991,2.9083536
GENV2_00279,Pixel 9a,Google,0.75057584,3.5066638
GENV2_01215,Razr 60 Ultra,Motorola,0.31321803,3.3147478
GENV2_01860,Nothing Phone 3,Nothing,0.16713017,4.289476
GENV2_02249,Pixel 10 Pro XL,Google,0.21035765,3.924038
GENV2_02624,iPhone 17,Apple,0.22542961,4.123673
SYNEXP_00122,Find X8 Pro,OPPO,0.091432355,3.8333774
SYNEXP_01261,Google Study A,Google,0.016166875,4.7378955
SYNEXP_01373,Google Study A,Google,0.5440436,3.0162692
SYNEXP_01742,Motorola Study B,Motorola,0.16419627,3.5134845
SYNEXP_01832,Motorola Study B,Motorola,0.1636934,2.8675504
SYNEXP_02251,OPPO Study A,OPPO,0.042936012,4.365717
SYNEXP_02390,OPPO Study B,OPPO,0.8128586,2.3224509
SYNEXP_02666,OnePlus Study A,OnePlus,0.77824706,2.5971742
SYNEXP_02878,Realme Study A,Realme,0.7662331,2.9018817
SYNEXP_02941,Realme Study A,Realme,0.4537576,3.1227076
SYNEXP_03472,Xiaomi Study A,Xiaomi,0.04921597,4.2030125
GENV2_00585,Phone 2a Plus,Nothing,0.89878553,2.391682
GENV2_01682,Realme GT 7,Realme,0.5909239,3.3080478
GENV2_01694,Realme GT 7,Realme,0.050817963,3.969523
GENV2_01781,Galaxy Z Flip7,Samsung,0.16650371,4.416599
GENV2_02226,OnePlus 13R,OnePlus,0.08308328,4.503465
GENV2_02478,Realme GT 7,Realme,0.4348558,3.3916411
SYNEXP_00321,Xiaomi 15,Xiaomi,0.59662294,2.9937406
SYNEXP_00513,iPhone 17,Apple,0.095125414,3.6315343
SYNEXP_02139,Nothing Study B,Nothing,0.079604916,4.01808
SYNEXP_03258,Samsung Study A,Samsung,0.077018574,3.7702472
GENV2_01149,Find N5,OPPO,0.30845967,3.4702332
GENV2_02026,Phone 3a Pro,Nothing,0.30615556,3.7125046
GENV2_02263,Xiaomi 15,Xiaomi,0.26221764,4.1281567
GENV2_02492,Galaxy S25 Ultra,Samsung,0.13889316,4.360362
GENV2_02776,Galaxy S25 Ultra,Samsung,0.017292574,4.504286
GENV2_03689,iPhone 17 Pro,Apple,0.13102561,4.486443
GENV2_03821,iPhone 17 Pro,Apple,0.08182743,4.7709336
SYNEXP_00023,Galaxy S25 Ultra,Samsung,0.08080386,3.669857
SYNEXP_00162,Reno 13 Pro,OPPO,0.028343817,4.395822
SYNEXP_00199,Galaxy A56 5G,Samsung,0.0335522,4.1621656
SYNEXP_00647,Razr 60 Ultra,Motorola,0.6035042,2.8045554
SYNEXP_00888,Motorola Edge 60 Pro,Motorola,0.15933724,3.3702896
SYNEXP_00907,Find N5,OPPO,0.044961262,4.4951425
SYNEXP_00966,Apple Study A,Apple,0.11294055,3.5997434
SYNEXP_01650,Motorola Study A,Motorola,0.5234548,2.7672362
SYNEXP_02907,Realme Study A,Realme,0.6254343,3.0414045
GENV2_00075,Pixel 9a,Google,0.6928733,2.8311257
GENV2_00420,iPhone 16e,Apple,0.6252705,2.811118
GENV2_01245,Realme GT 7,Realme,0.17903006,3.9139833
GENV2_02322,OnePlus 13R,OnePlus,0.17786138,4.347168
GENV2_03669,iPhone 17 Pro,Apple,0.14486991,4.531527
GENV2_04063,Xiaomi 15 Ultra,Xiaomi,0.03197361,4.85401
SYNEXP_00621,OnePlus 13T,OnePlus,0.07728379,3.7769427
SYNEXP_02545,OnePlus Study A,OnePlus,0.36944932,3.014916
SYNEXP_02778,OnePlus Study B,OnePlus,0.097959764,3.9786015
SYNEXP_02923,Realme Study A,Realme,0.11996998,3.4142537
SYNEXP_03061,Realme Study B,Realme,0.22414982,3.4986806
SYNEXP_03429,Samsung Study B,Samsung,0.4956775,2.838463
GENV2_00424,Galaxy A56 5G,Samsung,0.5790284,3.0624769
GENV2_01944,iPhone 17,Apple,0.59568447,3.1327896
GENV2_02796,iPhone 16,Apple,0.12657459,4.073968
GENV2_03375,Pixel 10 Pro,Google,0.093798265,4.7803383
GENV2_03912,iPhone 17 Pro,Apple,0.054554828,4.471341
SYNEXP_01050,Apple Study A,Apple,0.64351994,2.7120156
SYNEXP_01188,Apple Study B,Apple,0.047606323,4.325271
SYNEXP_01421,Google Study B,Google,0.21666421,3.5543473
SYNEXP_02000,Nothing Study A,Nothing,0.1923037,3.2049432
SYNEXP_02035,Nothing Study A,Nothing,0.88024473,1.9054406
SYNEXP_02149,Nothing Study B,Nothing,0.10159846,3.0553694
SYNEXP_02301,OPPO Study A,OPPO,0.0184777,4.382012
SYNEXP_02543,OnePlus Study A,OnePlus,0.3114361,3.406725
SYNEXP_02777,OnePlus Study B,OnePlus,0.67060894,2.942539
SYNEXP_03043,Realme Study B,Realme,0.8890536,2.0358057
GENV2_00600,Find N5,OPPO,0.24866664,3.8178658
GENV2_01118,Redmi Note 14 Pro+,Xiaomi,0.17540365,3.6711497
GENV2_01187,Razr 60 Ultra,Motorola,0.2458124,3.9144204
GENV2_01288,Galaxy A56 5G,Samsung,0.3709342,3.7787845
GENV2_01908,Pixel 10 Pro XL,Google,0.06682871,4.5512
GENV2_01965,OnePlus 13,OnePlus,0.34846964,3.5059822
GENV2_02172,Pixel 10,Google,0.380606,3.8065176
GENV2_03068,Galaxy S26 Ultra,Samsung,0.19293562,4.281015
GENV2_03128,Realme GT 7,Realme,0.17856844,4.1544585
GENV2_03241,Nothing Phone 3,Nothing,0.16238122,4.076343
GENV2_03750,Pixel 10 Pro XL,Google,0.40921956,4.2072167
SYNEXP_02130,Nothing Study B,Nothing,0.074930765,3.7656093
SYNEXP_02485,OPPO Study B,OPPO,0.038048763,4.242722
GENV2_00875,iPhone 16e,Apple,0.7711814,3.2473116
GENV2_01400,Galaxy A56 5G,Samsung,0.28192416,3.458736
GENV2_02970,Galaxy S25 Ultra,Samsung,0.047296587,4.506763
SYNEXP_00306,iPhone 16,Apple,0.85958296,1.8285104
SYNEXP_00765,Realme GT 7,Realme,0.044977073,4.3588653
SYNEXP_01145,Apple Study B,Apple,0.011119003,4.7205744
SYNEXP_02113,Nothing Study B,Nothing,0.090993255,3.508955
GENV2_00063,Phone 2a Plus,Nothing,0.4050021,3.7639241
GENV2_00131,iPhone 16e,Apple,0.73929244,2.940379
GENV2_01173,Phone 2a Plus,Nothing,0.7311852,3.365345
GENV2_01572,Pixel 10,Google,0.14360665,3.3368964
GENV2_01776,Galaxy Z Flip7,Samsung,0.2588631,3.582958
GENV2_03299,Galaxy S26 Ultra,Samsung,0.19392735,4.195862
GENV2_03410,Galaxy S25 Ultra,Samsung,0.28134838,3.8726583
GENV2_03726,Galaxy S26 Ultra,Samsung,0.17098957,4.1614637
SYNEXP_00783,Xiaomi 15 Ultra,Xiaomi,0.37256652,3.5102928
SYNEXP_02693,OnePlus Study B,OnePlus,0.8738706,2.1999397
SYNEXP_02816,OnePlus Study B,OnePlus,0.424665,3.1988418
GENV2_00408,Galaxy A56 5G,Samsung,0.3002634,3.5869954
GENV2_00916,Xiaomi 15,Xiaomi,0.48781595,3.1547577
GENV2_01044,Pixel 10 Pro XL,Google,0.5224835,3.437623
GENV2_01290,Find X8 Pro,OPPO,0.49817964,4.02703
GENV2_01750,Galaxy Z Flip7,Samsung,0.31882426,3.5948477
GENV2_02315,iPhone 17 Pro Max,Apple,0.010653672,4.482072
GENV2_02741,Pixel 10 Pro XL,Google,0.4938887,3.816197
GENV2_03348,Nothing Phone 3,Nothing,0.10880334,4.368438
GENV2_03364,Pixel 10 Pro XL,Google,0.116581246,4.6135097
GENV2_03586,Phone 2a Plus,Nothing,0.14131908,4.000713
GENV2_03639,iPhone 17 Pro,Apple,0.180255,4.2754364
GENV2_03943,OnePlus 13R,OnePlus,0.18964702,3.9902973
SYNEXP_00025,Galaxy S25 Ultra,Samsung,0.8364307,1.8340375
SYNEXP_00026,Galaxy S25 Ultra,Samsung,0.11588893,4.076698
SYNEXP_00145,Galaxy S26,Samsung,0.06452236,4.5120645
SYNEXP_00716,Moto G Power 2025,Motorola,0.02182987,4.789469
SYNEXP_01780,Motorola Study B,Motorola,0.34885848,3.3698604
SYNEXP_02056,Nothing Study B,Nothing,0.62257195,2.7691863
SYNEXP_02670,OnePlus Study A,OnePlus,0.26095858,3.8510625
SYNEXP_03064,Realme Study B,Realme,0.6912057,2.785623
SYNEXP_03184,Samsung Study A,Samsung,0.09361559,3.9223175
SYNEXP_03502,Xiaomi Study A,Xiaomi,0.18918382,3.74347
GENV2_00179,Pixel 9a,Google,0.7709695,3.657556
GENV2_00421,iPhone 17,Apple,0.75429666,3.1171112
GENV2_01628,Pixel 9a,Google,0.3992133,3.586025
GENV2_02183,Razr 60 Ultra,Motorola,0.12747532,4.3446383
GENV2_02361,Galaxy S25 Ultra,Samsung,0.46213433,3.4937065
GENV2_03244,Phone 3a Pro,Nothing,0.013105541,4.707129
GENV2_03403,iPhone 16,Apple,0.10176229,4.3461356
GENV2_03814,Xiaomi 15 Ultra,Xiaomi,0.014722961,4.953754
SYNEXP_01160,Apple Study B,Apple,0.094126925,3.4008324
SYNEXP_01601,Motorola Study A,Motorola,0.0214599,4.2122307
SYNEXP_02993,Realme Study A,Realme,0.20327233,4.080669
GENV2_00437,Razr 60 Ultra,Motorola,0.45126066,3.5151205
GENV2_01487,Redmi Note 14 Pro+,Xiaomi,0.0150433,3.8357868
GENV2_03125,OnePlus 13R,OnePlus,0.11540613,4.3697114
GENV2_03376,Xiaomi 15,Xiaomi,0.29293892,4.2799764
SYNEXP_00052,Pixel 10,Google,0.7644778,2.5142746
SYNEXP_00486,Redmi Note 14 Pro+,Xiaomi,0.047413394,3.5797472
SYNEXP_00636,OnePlus 13T,OnePlus,0.73963094,2.327714
SYNEXP_00995,Apple Study A,Apple,0.14242966,4.046139
SYNEXP_01516,Google Study B,Google,0.7803165,2.2586884
SYNEXP_02094,Nothing Study B,Nothing,0.65166354,2.7495744
SYNEXP_03172,Samsung Study A,Samsung,0.8580506,2.5262825
SYNEXP_03224,Samsung Study A,Samsung,0.050774332,4.233274
SYNEXP_03262,Samsung Study A,Samsung,0.7452953,2.462644
SYNEXP_03611,Xiaomi Study A,Xiaomi,0.15607238,3.7967105
SYNEXP_03620,Xiaomi Study B,Xiaomi,0.85000885,2.4015865
SYNEXP_03652,Xiaomi Study B,Xiaomi,0.5352068,3.1742642
GENV2_00078,Galaxy Z Flip7,Samsung,0.91984344,2.371317
GENV2_00151,Realme GT 7,Realme,0.66134256,3.4706662
GENV2_00602,Galaxy Z Flip7,Samsung,0.5386773,3.0407255
GENV2_00701,Find N5,OPPO,0.6628258,3.4939878
GENV2_01066,Phone 2a Plus,Nothing,0.5643951,3.6762512
GENV2_01206,Phone 2a Plus,Nothing,0.42909077,3.4782104
GENV2_01825,Realme GT 7,Realme,0.22124536,3.9486473
GENV2_02045,Galaxy S25 Ultra,Samsung,0.29045647,3.8953671
GENV2_02138,OnePlus 13R,OnePlus,0.10111324,4.639897
GENV2_03092,Galaxy S25 Ultra,Samsung,0.35556522,3.9235847
SYNEXP_02415,OPPO Study B,OPPO,0.07941126,3.9957857
SYNEXP_02575,OnePlus Study A,OnePlus,0.53194135,2.8939428
SYNEXP_02999,Realme Study B,Realme,0.34465078,3.2260847
SYNEXP_03323,Samsung Study B,Samsung,0.04012496,4.419613
GENV2_00710,Pixel 9a,Google,0.60770833,2.7857504
GENV2_02216,OnePlus 13,OnePlus,0.19247855,3.849373
GENV2_02259,Phone 3a Pro,Nothing,0.21155104,3.747736
GENV2_02326,Realme 14 Pro+,Realme,0.033545133,3.436457
GENV2_03113,OnePlus 13R,OnePlus,0.27704796,3.7867887
SYNEXP_00071,Realme GT 7 Pro,Realme,0.8095205,2.2783098
SYNEXP_00452,Phone 3a Pro,Nothing,0.024726363,4.4820347
SYNEXP_00777,Realme GT 7,Realme,0.66917664,2.7758267
SYNEXP_00953,Apple Study A,Apple,0.1169389,3.8133993
SYNEXP_01382,Google Study A,Google,0.5539727,2.7049716
SYNEXP_02307,OPPO Study A,OPPO,0.111812994,2.8706596
SYNEXP_03154,Samsung Study A,Samsung,0.7811895,2.8462236
GENV2_00863,Find N5,OPPO,0.34612727,3.8180768
GENV2_01193,Motorola Edge 60 Pro,Motorola,0.5928433,3.1666176
GENV2_01390,OnePlus 13R,OnePlus,0.3853582,3.7073617
GENV2_02366,Xiaomi 15 Ultra,Xiaomi,0.083856545,4.269259
GENV2_02561,Moto G Power 2025,Motorola,0.40836716,3.5695398
GENV2_02708,Phone 3a Pro,Nothing,0.09809187,4.4459653
GENV2_04081,iPhone 17 Pro,Apple,0.21236213,4.2865715
SYNEXP_00532,Nothing Phone 3,Nothing,0.20571482,3.2358997
SYNEXP_02104,Nothing Study B,Nothing,0.26457,3.2893002
SYNEXP_02244,OPPO Study A,OPPO,0.0022712464,5.0
GENV2_00541,iPhone 16,Apple,0.57263845,3.1820269
GENV2_00810,Phone 3a Pro,Nothing,0.943182,2.975397
GENV2_01340,Motorola Edge 60 Pro,Motorola,0.17331232,4.016716
GENV2_01734,Pixel 10 Pro XL,Google,0.025617855,4.089419
GENV2_02548,Pixel 10,Google,0.09876397,4.1526775
GENV2_02560,Realme 14 Pro+,Realme,0.2848225,3.9945562
SYNEXP_00128,Find X8 Pro,OPPO,0.119611815,3.7992418
SYNEXP_00521,Nothing Phone 3,Nothing,0.105408624,3.8771658
SYNEXP_01438,Google Study B,Google,0.28134122,2.984732
SYNEXP_01728,Motorola Study B,Motorola,0.7687055,2.3460848
SYNEXP_03222,Samsung Study A,Samsung,0.48917758,3.3790455
GENV2_01300,Reno 13 Pro,OPPO,0.51797837,3.6640046
GENV2_01811,OnePlus 13T,OnePlus,0.12424596,4.268679
GENV2_02909,Realme GT 7 Pro,Realme,0.3326574,3.7623951
GENV2_02994,OnePlus 13,OnePlus,0.39754218,3.6544635
GENV2_03205,Nothing Phone 3,Nothing,0.15380059,4.253689
GENV2_03522,Xiaomi 15 Ultra,Xiaomi,0.51161385,3.6943858
GENV2_03729,iPhone 17 Pro,Apple,0.1588529,4.590594
GENV2_03899,Realme GT 7 Pro,Realme,0.51532286,3.909153
SYNEXP_00403,Pixel 10 Pro XL,Google,0.16628344,2.9319484
SYNEXP_00552,Pixel 9a,Google,0.42478377,2.8188229
SYNEXP_00791,Xiaomi 15 Ultra,Xiaomi,0.14230135,3.9458685
SYNEXP_01403,Google Study A,Google,0.17208904,3.459136
SYNEXP_01724,Motorola Study B,Motorola,0.51998323,2.6386807
SYNEXP_02450,OPPO Study B,OPPO,0.12084285,3.3403308
SYNEXP_03272,Samsung Study A,Samsung,0.79075414,3.0667598
SYNEXP_03381,Samsung Study B,Samsung,0.061610524,3.7795546
GENV2_00785,Reno 13 Pro,OPPO,0.43692583,3.9896924
GENV2_00907,Motorola Edge 60 Pro,Motorola,0.34428725,3.7292724
GENV2_01287,Redmi Note 14 Pro+,Xiaomi,0.872685,2.9862502
GENV2_02377,Xiaomi 15 Ultra,Xiaomi,0.2564771,3.8586047
GENV2_03087,Motorola Edge 60 Pro,Motorola,0.075866535,3.9979239
GENV2_03813,Xiaomi 15 Ultra,Xiaomi,0.1273844,4.4037027
GENV2_04172,Galaxy S26 Ultra,Samsung,0.17701007,4.2643785
SYNEXP_00601,OnePlus 13T,OnePlus,0.15209545,3.406381
SYNEXP_00827,Realme 14 Pro+,Realme,0.7365578,2.6326349
SYNEXP_01152,Apple Study B,Apple,0.40286717,3.1365464
SYNEXP_02792,OnePlus Study B,OnePlus,0.25206834,3.3766105
SYNEXP_03527,Xiaomi Study A,Xiaomi,0.33470702,2.9532814
GENV2_00186,Realme 14 Pro+,Realme,0.69883096,3.2826662
GENV2_01736,Phone 3a Pro,Nothing,0.15014927,3.651175
GENV2_03199,OnePlus 13T,OnePlus,0.13991414,4.195957
GENV2_03720,Realme GT 7 Pro,Realme,0.5274966,3.384432
GENV2_03749,Xiaomi 15 Ultra,Xiaomi,0.033710707,4.478004
GENV2_03802,Realme GT 7,Realme,0.16451068,4.1571884
SYNEXP_00582,Pixel 10 Pro,Google,0.71122795,2.4851496
SYNEXP_00620,OnePlus 13T,OnePlus,0.24433668,3.3975925
SYNEXP_00784,Xiaomi 15 Ultra,Xiaomi,0.47339848,2.6298456
SYNEXP_01388,Google Study A,Google,0.22857825,3.4046338
SYNEXP_01398,Google Study A,Google,0.7799599,2.2472036
SYNEXP_03236,Samsung Study A,Samsung,0.048562024,4.537439
GENV2_00182,Moto G Power 2025,Motorola,0.85318995,2.8730001
GENV2_00205,iPhone 16e,Apple,0.8677208,2.424003
GENV2_00234,Phone 3a Pro,Nothing,0.8781494,3.089587
GENV2_00740,Galaxy A56 5G,Samsung,0.6823305,3.3746943
GENV2_00786,Find N5,OPPO,0.38540393,3.718465
GENV2_00824,Galaxy Z Flip7,Samsung,0.22954856,3.9059377
GENV2_01859,Phone 3a Pro,Nothing,0.2714441,3.8145998
GENV2_02147,Phone 2a Plus,Nothing,0.10809868,3.982063
GENV2_02258,Razr 60 Ultra,Motorola,0.13198164,4.114129
GENV2_03724,Pixel 10,Google,0.100656085,4.536031
SYNEXP_00817,Xiaomi 15 Ultra,Xiaomi,0.6143574,2.3310053
SYNEXP_01165,Apple Study B,Apple,0.057687584,3.591007
SYNEXP_01375,Google Study A,Google,0.8338158,1.9207343
SYNEXP_01508,Google Study B,Google,0.8935161,2.007946
SYNEXP_01769,Motorola Study B,Motorola,0.07653001,3.8206446
SYNEXP_02059,Nothing Study B,Nothing,0.8537457,1.9093035
SYNEXP_02408,OPPO Study B,OPPO,0.19505887,3.8392832
SYNEXP_02461,OPPO Study B,OPPO,0.038904067,4.1931705
SYNEXP_02482,OPPO Study B,OPPO,0.03820069,3.9122047
SYNEXP_02483,OPPO Study B,OPPO,0.13504842,3.3462763
GENV2_00079,Moto G Power 2025,Motorola,0.8753045,2.4552488
GENV2_00109,Moto G Power 2025,Motorola,0.8612602,2.04361
GENV2_00716,Phone 2a Plus,Nothing,0.7222158,3.2098508
GENV2_02455,Nothing Phone 3,Nothing,0.17128523,4.243305
GENV2_03704,Realme GT 7,Realme,0.021993943,4.3338013
GENV2_03770,iPhone 17 Pro Max,Apple,0.03537581,4.75238
SYNEXP_00216,OnePlus 13,OnePlus,0.57205176,2.2270253
SYNEXP_01422,Google Study B,Google,0.4208168,3.249089
SYNEXP_02329,OPPO Study A,OPPO,0.3742576,3.5247793
SYNEXP_02763,OnePlus Study B,OnePlus,0.68923295,2.8575246
SYNEXP_03319,Samsung Study B,Samsung,0.5806722,3.1227908
GENV2_00671,iPhone 16e,Apple,0.83469373,3.23651
GENV2_00805,Redmi Note 14 Pro+,Xiaomi,0.4349913,3.8241193
GENV2_01022,Phone 2a Plus,Nothing,0.78541344,3.201884
GENV2_02606,iPhone 16,Apple,0.33139396,3.8811803
GENV2_03954,Galaxy S26 Ultra,Samsung,0.20204785,3.9409761
GENV2_03970,Galaxy S26 Ultra,Samsung,0.20291401,3.6426713
SYNEXP_00435,Phone 3a Pro,Nothing,0.080319874,3.7790942
SYNEXP_00543,Nothing Phone 3,Nothing,0.18893714,3.1736639
SYNEXP_00573,Pixel 10 Pro,Google,0.8773311,2.0655363
SYNEXP_01184,Apple Study B,Apple,0.0205659,4.784177
SYNEXP_01214,Apple Study B,Apple,0.06941877,3.9328444
SYNEXP_01528,Google Study B,Google,0.5949529,2.8702025
SYNEXP_01689,Motorola Study A,Motorola,0.44386256,2.8102453
SYNEXP_02030,Nothing Study A,Nothing,0.08136763,3.290398
SYNEXP_02448,OPPO Study B,OPPO,0.12860177,3.8948498
SYNEXP_02817,OnePlus Study B,OnePlus,0.84836245,2.1044717
SYNEXP_03112,Realme Study B,Realme,0.10782613,3.8322875
SYNEXP_03500,Xiaomi Study A,Xiaomi,0.21817347,3.5875413
GENV2_00108,Phone 2a Plus,Nothing,0.60164267,2.586066
GENV2_01762,Pixel 10 Pro XL,Google,0.1474061,4.179334
GENV2_01796,Reno 13 Pro,OPPO,0.12885085,4.565157
GENV2_01902,Pixel 10 Pro XL,Google,0.10599451,4.1817527
GENV2_02384,iPhone 16e,Apple,0.20201,4.002607
GENV2_02423,Realme GT 7 Pro,Realme,0.19440773,3.6306522
GENV2_03533,Pixel 10 Pro XL,Google,0.13043202,4.518123
GENV2_03712,Phone 3a Pro,Nothing,0.34366933,4.575618
GENV2_03766,Pixel 10 Pro,Google,0.095199525,4.7565393
GENV2_04017,OnePlus 13,OnePlus,0.37459582,3.9955406
GENV2_04038,Galaxy S26 Ultra,Samsung,0.11562103,4.2572246
GENV2_04112,Galaxy S25 Ultra,Samsung,0.21957746,4.0993023
SYNEXP_00563,Pixel 9a,Google,0.30997983,3.1423864
SYNEXP_02055,Nothing Study B,Nothing,0.14215727,3.5980706
SYNEXP_02178,Nothing Study B,Nothing,0.10072627,3.8311145
SYNEXP_03702,Xiaomi Study B,Xiaomi,0.7508322,2.4756699
GENV2_01333,Realme 14 Pro+,Realme,0.635047,3.3589983
GENV2_01368,Realme GT 7,Realme,0.68436664,3.5723538
GENV2_01782,Reno 13 Pro,OPPO,0.15173565,3.8386128
GENV2_02429,Xiaomi 15,Xiaomi,0.1943868,4.0515437
GENV2_02557,OnePlus 13T,OnePlus,0.13734987,4.7108083
GENV2_02906,Galaxy S26,Samsung,0.13084628,4.3866754
GENV2_03700,OnePlus 13T,OnePlus,0.40477422,3.8158803
GENV2_03711,OnePlus 13T,OnePlus,0.24594773,4.0289145
GENV2_03914,Galaxy S26 Ultra,Samsung,0.10204182,4.5350666
SYNEXP_00089,Realme GT 7 Pro,Realme,0.012604708,5.0
SYNEXP_00292,Galaxy S26 Ultra,Samsung,0.1921121,3.4927466
SYNEXP_00889,Motorola Edge 60 Pro,Motorola,0.17243113,3.9315822
SYNEXP_01123,Apple Study B,Apple,0.31905928,3.255665
SYNEXP_01858,Motorola Study B,Motorola,0.16229363,2.9551637
SYNEXP_03218,Samsung Study A,Samsung,0.87806094,2.288214
SYNEXP_03746,Xiaomi Study B,Xiaomi,0.67893046,2.3768878
GENV2_00532,Phone 2a Plus,Nothing,0.50114906,3.3094323
GENV2_01789,Motorola Edge 60 Pro,Motorola,0.44410938,3.3001616
GENV2_01930,Nothing Phone 3,Nothing,0.17527857,3.5061605
GENV2_02982,Pixel 10 Pro,Google,0.5157575,3.6358788
GENV2_03229,Phone 3a Pro,Nothing,0.14234467,4.2059445
SYNEXP_00139,Find X8 Pro,OPPO,0.3344089,3.1837385
SYNEXP_01221,Apple Study B,Apple,0.22261025,3.309145
SYNEXP_01598,Motorola Study A,Motorola,0.24723755,3.8911285
SYNEXP_01926,Nothing Study A,Nothing,0.8903379,2.893543
SYNEXP_02183,Nothing Study B,Nothing,0.13940746,3.1918025
SYNEXP_02421,OPPO Study B,OPPO,0.8159688,2.4099247
SYNEXP_03684,Xiaomi Study B,Xiaomi,0.47319052,3.518551
GENV2_00085,Galaxy Z Flip7,Samsung,0.4896087,3.3971202
GENV2_03238,Xiaomi 15 Ultra,Xiaomi,0.10681207,4.523565
SYNEXP_00313,Xiaomi 15,Xiaomi,0.47454786,3.1758099
SYNEXP_01196,Apple Study B,Apple,0.26063007,3.6066985
SYNEXP_01477,Google Study B,Google,0.5312105,2.7152145
SYNEXP_02533,OnePlus Study A,OnePlus,0.32147187,3.7485626
SYNEXP_02742,OnePlus Study B,OnePlus,0.31466606,3.2283432
SYNEXP_02773,OnePlus Study B,OnePlus,0.27258506,3.2105439
SYNEXP_03086,Realme Study B,Realme,0.07901866,3.431795
SYNEXP_03563,Xiaomi Study A,Xiaomi,0.6467234,2.9918077
GENV2_00759,Phone 3a Pro,Nothing,0.53587574,3.2713437
GENV2_01770,Realme 14 Pro+,Realme,0.030988794,3.466797
GENV2_02520,Galaxy S26,Samsung,0.16071288,4.1882477
SYNEXP_00117,Find X8 Pro,OPPO,0.32934675,3.1737792
SYNEXP_00568,Pixel 9a,Google,0.5413704,2.87318
SYNEXP_01108,Apple Study B,Apple,0.05469678,4.250686
SYNEXP_02255,OPPO Study A,OPPO,0.41724065,2.9868817
SYNEXP_02444,OPPO Study B,OPPO,0.23642643,4.0001082
SYNEXP_02709,OnePlus Study B,OnePlus,0.14009713,3.278062
SYNEXP_03092,Realme Study B,Realme,0.14214969,3.765875
SYNEXP_03748,Xiaomi Study B,Xiaomi,0.042022828,4.3108935
GENV2_00544,Phone 2a Plus,Nothing,0.8034983,2.8885431
GENV2_00597,OnePlus 13,OnePlus,0.35275492,3.6456575
GENV2_01386,iPhone 16e,Apple,0.6864189,3.2914186
GENV2_03343,Find X8 Pro,OPPO,0.08073186,4.4280896
SYNEXP_00320,Xiaomi 15,Xiaomi,0.045808483,4.3785796
SYNEXP_00737,Moto G Power 2025,Motorola,0.15384364,3.6190343
SYNEXP_00832,Realme 14 Pro+,Realme,0.9396997,1.5935191
SYNEXP_01900,Nothing Study A,Nothing,0.21241586,3.6380036
SYNEXP_02525,OnePlus Study A,OnePlus,0.3569052,3.4046657
SYNEXP_03180,Samsung Study A,Samsung,0.31299987,3.57242
SYNEXP_03269,Samsung Study A,Samsung,0.6231377,2.6270123
SYNEXP_03457,Samsung Study B,Samsung,0.11562928,3.7048059
GENV2_00496,iPhone 16e,Apple,0.47673905,3.9734893
GENV2_00855,Pixel 10 Pro XL,Google,0.88326484,3.6282003
GENV2_01130,OnePlus 13,OnePlus,0.45051455,3.4761488
GENV2_02335,Redmi Note 14 Pro+,Xiaomi,0.25990406,4.0914407
GENV2_03306,iPhone 17 Pro Max,Apple,0.09277548,4.4809833
SYNEXP_01401,Google Study A,Google,0.27702245,3.0654728
SYNEXP_02087,Nothing Study B,Nothing,0.5096668,2.888723
SYNEXP_02163,Nothing Study B,Nothing,0.71156377,3.0378885
GENV2_00277,Galaxy A56 5G,Samsung,0.7231763,2.9246573
GENV2_00593,Find N5,OPPO,0.33979696,4.106683
GENV2_01957,Galaxy Z Flip7,Samsung,0.0666393,4.30175
GENV2_02103,iPhone 16,Apple,0.13236399,4.2139482
GENV2_02262,Galaxy S26,Samsung,0.17277,4.063066
GENV2_02414,Realme GT 7 Pro,Realme,0.29081532,3.9752018
GENV2_02479,Galaxy S26,Samsung,0.3584213,3.689845
GENV2_02562,Realme GT 7,Realme,0.029714542,4.8438168
GENV2_03344,Xiaomi 15 Ultra,Xiaomi,0.12848304,4.096035
SYNEXP_00034,Pixel 10,Google,0.06032518,4.0579014
SYNEXP_00844,Realme 14 Pro+,Realme,0.7295366,2.3674054
SYNEXP_02201,Nothing Study B,Nothing,0.70186293,2.9223268
SYNEXP_02833,Realme Study A,Realme,0.5204357,2.8258152
GENV2_00174,Xiaomi 15,Xiaomi,0.7543419,3.010707
GENV2_00748,Realme 14 Pro+,Realme,0.72900575,3.254021
GENV2_00832,Pixel 9a,Google,0.47937647,3.681879
GENV2_02493,Xiaomi 15,Xiaomi,0.1741712,3.8314648
GENV2_02553,Redmi Note 14 Pro+,Xiaomi,0.080998145,4.2768183
GENV2_02634,Xiaomi 15,Xiaomi,0.21718846,4.568734
GENV2_02768,Xiaomi 15 Ultra,Xiaomi,0.18797004,4.0377903
GENV2_03105,OnePlus 13,OnePlus,0.18930142,4.0731664
SYNEXP_00279,iPhone 17 Pro Max,Apple,0.6305619,3.2978926
SYNEXP_00715,Moto G Power 2025,Motorola,0.7165952,2.736392
SYNEXP_01015,Apple Study A,Apple,0.66474044,2.2604773
SYNEXP_01864,Motorola Study B,Motorola,0.052076403,4.1347976
SYNEXP_02664,OnePlus Study A,OnePlus,0.22065027,3.849848
SYNEXP_03373,Samsung Study B,Samsung,0.071799375,3.9985065
SYNEXP_03517,Xiaomi Study A,Xiaomi,0.056565385,4.1158004
SYNEXP_03540,Xiaomi Study A,Xiaomi,0.7385733,2.4602532
GENV2_00288,Find N5,OPPO,0.82294434,2.7781198
GENV2_00936,Phone 2a Plus,Nothing,0.8697985,2.6695557
GENV2_01178,Find N5,OPPO,0.44469994,3.9890249
GENV2_01387,Phone 3a Pro,Nothing,0.22116207,3.5204394
GENV2_01567,OnePlus 13R,OnePlus,0.2237916,3.8124979
GENV2_02393,Motorola Edge 60 Pro,Motorola,0.27250946,4.405553
GENV2_02518,Phone 2a Plus,Nothing,0.41488105,3.1386228
GENV2_03106,Galaxy S26,Samsung,0.15506256,4.3113985
GENV2_03635,Reno 13 Pro,OPPO,0.1323554,4.17182
GENV2_04022,OnePlus 13T,OnePlus,0.28393748,3.9150538
SYNEXP_00080,Realme GT 7 Pro,Realme,0.31758308,2.8328106
SYNEXP_00230,OnePlus 13,OnePlus,0.063591234,3.7427258
SYNEXP_02459,OPPO Study B,OPPO,0.38426423,3.0079298
SYNEXP_02503,OPPO Study B,OPPO,0.26539496,2.8963723
SYNEXP_03230,Samsung Study A,Samsung,0.21852276,3.3818634
SYNEXP_03759,Xiaomi Study B,Xiaomi,0.5221414,2.6093545
GENV2_01609,Pixel 10,Google,0.16962321,3.7991
GENV2_01735,Realme GT 7 Pro,Realme,0.07657141,4.286084
GENV2_03276,Pixel 10 Pro XL,Google,0.107907444,4.8566923
GENV2_03496,OnePlus 13,OnePlus,0.103722624,4.388831
SYNEXP_01091,Apple Study B,Apple,0.059813138,4.1844254
SYNEXP_01845,Motorola Study B,Motorola,0.45878446,3.1981688
SYNEXP_02134,Nothing Study B,Nothing,0.12169523,3.8277576
SYNEXP_03526,Xiaomi Study A,Xiaomi,0.1306529,4.1251493
GENV2_00136,Phone 2a Plus,Nothing,0.7158442,2.217949
GENV2_00297,Pixel 10 Pro,Google,0.91653174,2.882156
GENV2_00439,Realme 14 Pro+,Realme,0.90732974,3.0111034
GENV2_02688,Galaxy A56 5G,Samsung,0.29300827,3.9663794
GENV2_02899,Pixel 10 Pro XL,Google,0.13237469,4.7248416
SYNEXP_01303,Google Study A,Google,0.17993034,3.3857992
SYNEXP_02234,OPPO Study A,OPPO,0.017095739,4.2953653
SYNEXP_02601,OnePlus Study A,OnePlus,0.02511043,4.4015636
SYNEXP_03710,Xiaomi Study B,Xiaomi,0.0147539405,3.8626733
GENV2_01151,Reno 13 Pro,OPPO,0.45434806,3.5325425
GENV2_01317,OnePlus 13R,OnePlus,0.32734114,4.091348
GENV2_02241,Galaxy S26,Samsung,0.29874977,3.7549522
GENV2_02499,Xiaomi 15,Xiaomi,0.079689816,3.918506
GENV2_03150,Galaxy S26 Ultra,Samsung,0.30397573,4.0084815
GENV2_04192,OnePlus 13,OnePlus,0.23053652,4.186544
SYNEXP_00344,OnePlus 13R,OnePlus,0.07870525,3.680817
SYNEXP_00895,Find N5,OPPO,0.05449769,4.3509793
SYNEXP_01338,Google Study A,Google,0.061898716,3.8304818
SYNEXP_02602,OnePlus Study A,OnePlus,0.30570933,3.3033168
SYNEXP_03402,Samsung Study B,Samsung,0.79285717,2.4789922
GENV2_00050,Moto G Power 2025,Motorola,0.38828188,3.1330512
GENV2_02236,Pixel 10,Google,0.08576499,3.8726735
GENV2_02805,OnePlus 13,OnePlus,0.54153425,3.2156632
GENV2_03043,Reno 13 Pro,OPPO,0.1753234,3.8477936
SYNEXP_00082,Realme GT 7 Pro,Realme,0.4162981,3.200182
SYNEXP_00973,Apple Study A,Apple,0.048318285,4.447668
SYNEXP_01442,Google Study B,Google,0.7543179,2.7106197
SYNEXP_01524,Google Study B,Google,0.625797,3.1067722
SYNEXP_02431,OPPO Study B,OPPO,0.53360593,2.8020236
GENV2_00041,Moto G Power 2025,Motorola,0.42769998,3.2404597
GENV2_01153,iPhone 16,Apple,0.5058975,3.5625644
GENV2_02088,Realme GT 7,Realme,0.18910141,4.1378884
GENV2_02164,Xiaomi 15,Xiaomi,0.0666892,4.2738085
GENV2_02248,Realme GT 7,Realme,0.17739911,4.238502
SYNEXP_01078,Apple Study A,Apple,0.5021931,3.02293
SYNEXP_01395,Google Study A,Google,0.081881635,3.8424711
SYNEXP_01581,Motorola Study A,Motorola,0.08851408,4.313289
SYNEXP_02772,OnePlus Study B,OnePlus,0.31466618,3.3018985
SYNEXP_03305,Samsung Study A,Samsung,0.5742157,2.7900054
GENV2_01814,OnePlus 13,OnePlus,0.20730321,3.5666826
GENV2_02793,Pixel 10,Google,0.18392305,4.139018
GENV2_03129,Pixel 10 Pro,Google,0.018770874,4.884343
GENV2_03855,OnePlus 13,OnePlus,0.20314862,4.1442037
SYNEXP_00010,Galaxy S25 Ultra,Samsung,0.8293156,2.2546246
SYNEXP_00091,Realme GT 7 Pro,Realme,0.06452678,4.052692
SYNEXP_00296,iPhone 16,Apple,0.23701759,3.4379597
SYNEXP_00578,Pixel 10 Pro,Google,0.17521864,3.3917706
SYNEXP_00579,Pixel 10 Pro,Google,0.257091,3.3207738
SYNEXP_01582,Motorola Study A,Motorola,0.426329,3.1957974
SYNEXP_01854,Motorola Study B,Motorola,0.052344255,4.640581
SYNEXP_02667,OnePlus Study A,OnePlus,0.25981107,2.9924066
SYNEXP_02672,OnePlus Study A,OnePlus,0.5042417,2.7346184
GENV2_00008,Moto G Power 2025,Motorola,0.67890674,2.9727547
GENV2_00047,Galaxy A56 5G,Samsung,0.70943683,3.428878
GENV2_02528,Pixel 10 Pro XL,Google,0.3146557,3.9293954
GENV2_02843,Realme GT 7 Pro,Realme,0.04618687,4.4310775
GENV2_03352,Galaxy S26,Samsung,0.35364744,4.550716
GENV2_04115,Pixel 10 Pro XL,Google,0.09445698,4.335731
SYNEXP_00312,iPhone 16,Apple,0.018993987,4.4133224
SYNEXP_00972,Apple Study A,Apple,0.010679838,4.4844933
SYNEXP_01894,Nothing Study A,Nothing,0.05591856,3.63804
SYNEXP_01924,Nothing Study A,Nothing,0.03820439,4.7275596
SYNEXP_02404,OPPO Study B,OPPO,0.17045534,3.4593532
SYNEXP_02982,Realme Study A,Realme,0.0094822645,4.6564593
SYNEXP_03279,Samsung Study A,Samsung,0.10128425,3.8456545
SYNEXP_03433,Samsung Study B,Samsung,0.10774162,4.154485
GENV2_01497,Phone 3a Pro,Nothing,0.14618921,4.1607037
GENV2_01991,Realme GT 7 Pro,Realme,0.26387978,3.6666608
GENV2_02574,iPhone 17 Pro,Apple,0.10082096,4.284873
GENV2_03552,Xiaomi 15,Xiaomi,0.1268264,4.1640344
SYNEXP_00123,Find X8 Pro,OPPO,0.22482134,3.3264217
SYNEXP_01178,Apple Study B,Apple,0.34258658,3.1916096
SYNEXP_01206,Apple Study B,Apple,0.27575362,3.4515793
SYNEXP_02098,Nothing Study B,Nothing,0.18234797,3.1908813
SYNEXP_03073,Realme Study B,Realme,0.32428795,2.9928844
SYNEXP_03401,Samsung Study B,Samsung,0.17717025,3.1884093
SYNEXP_03444,Samsung Study B,Samsung,0.5350234,2.966813
SYNEXP_03471,Xiaomi Study A,Xiaomi,0.030471638,4.616207
GENV2_01563,OnePlus 13T,OnePlus,0.36390078,3.41421
GENV2_02047,Find N5,OPPO,0.12481486,3.5195487
GENV2_02346,Pixel 10 Pro,Google,0.19450149,3.8092105
GENV2_02542,Razr 60 Ultra,Motorola,0.42678657,3.8745582
GENV2_02696,iPhone 16,Apple,0.18695515,4.3641744
GENV2_02880,OnePlus 13,OnePlus,0.18844676,4.198354
GENV2_03293,Moto G Power 2025,Motorola,0.14144965,4.478064
SYNEXP_01384,Google Study A,Google,0.060663927,4.4488134
SYNEXP_01569,Motorola Study A,Motorola,0.8604546,2.3342168
SYNEXP_02451,OPPO Study B,OPPO,0.34990346,3.5323055
SYNEXP_02609,OnePlus Study A,OnePlus,0.45309597,3.2958822
SYNEXP_03173,Samsung Study A,Samsung,0.024393773,4.37033
SYNEXP_03459,Xiaomi Study A,Xiaomi,0.25199437,3.45367
SYNEXP_03469,Xiaomi Study A,Xiaomi,0.69898516,2.686369
GENV2_00758,Redmi Note 14 Pro+,Xiaomi,0.1987423,4.4679847
GENV2_01381,Redmi Note 14 Pro+,Xiaomi,0.41538677,3.9602306
GENV2_02502,iPhone 17,Apple,0.07589719,4.657991
GENV2_03019,Galaxy S25 Ultra,Samsung,0.19654684,4.4250116
GENV2_03255,Galaxy S26,Samsung,0.09516544,4.087584
SYNEXP_00358,OnePlus 13R,OnePlus,0.2769531,2.8607364
SYNEXP_02735,OnePlus Study B,OnePlus,0.6342169,2.8137548
GENV2_00194,Realme 14 Pro+,Realme,0.9627648,2.3158321
GENV2_00590,Phone 3a Pro,Nothing,0.8079788,2.547418
GENV2_00854,Galaxy Z Flip7,Samsung,0.50160724,3.5871696
GENV2_00966,Galaxy A56 5G,Samsung,0.8243452,3.045744
GENV2_01926,Reno 13 Pro,OPPO,0.17072636,3.9452162
GENV2_02213,iPhone 16,Apple,0.12037823,4.3593755
GENV2_02246,Galaxy S26,Samsung,0.058387533,4.536668
GENV2_02878,Find X8 Pro,OPPO,0.34642357,3.7984188
GENV2_03269,OnePlus 13R,OnePlus,0.122249186,4.0113254
SYNEXP_01253,Google Study A,Google,0.7708484,2.9117727
SYNEXP_01260,Google Study A,Google,0.53091776,3.2933884
SYNEXP_01335,Google Study A,Google,0.4447866,2.8982544
SYNEXP_01619,Motorola Study A,Motorola,0.4574496,2.7541206
SYNEXP_03217,Samsung Study A,Samsung,0.09865993,3.7021642
SYNEXP_03360,Samsung Study B,Samsung,0.06058354,3.720645
GENV2_00318,Phone 3a Pro,Nothing,0.8853962,3.0043988
GENV2_01006,OnePlus 13T,OnePlus,0.8609746,2.6862226
GENV2_01420,Reno 13 Pro,OPPO,0.18496634,3.9506383
GENV2_01557,Realme 14 Pro+,Realme,0.04768299,3.8111734
GENV2_02534,OnePlus 13,OnePlus,0.40017655,3.8024118
GENV2_03919,Find X8 Pro,OPPO,0.18469207,4.370421
SYNEXP_00019,Galaxy S25 Ultra,Samsung,0.03707169,4.089249
SYNEXP_00411,Galaxy Z Flip7,Samsung,0.05987326,4.13659
SYNEXP_00470,Redmi Note 14 Pro+,Xiaomi,0.37037706,3.1036773
SYNEXP_02551,OnePlus Study A,OnePlus,0.3292368,3.068349
SYNEXP_02722,OnePlus Study B,OnePlus,0.063480206,4.2311077
SYNEXP_02960,Realme Study A,Realme,0.77227,2.785689
SYNEXP_03207,Samsung Study A,Samsung,0.039594017,4.150725
SYNEXP_03532,Xiaomi Study A,Xiaomi,0.09997348,3.9550388
SYNEXP_03697,Xiaomi Study B,Xiaomi,0.30053532,3.177948
GENV2_00213,Realme 14 Pro+,Realme,0.5908216,3.148953
GENV2_00304,Razr 60 Ultra,Motorola,0.6233348,3.0106375
GENV2_01259,Pixel 10 Pro XL,Google,0.30610627,3.6509988
GENV2_02392,Find X8 Pro,OPPO,0.33463845,3.6978877
GENV2_02466,Moto G Power 2025,Motorola,0.40986362,3.2644346
GENV2_03351,Realme GT 7,Realme,0.21732971,3.7210498
GENV2_04039,Galaxy S26 Ultra,Samsung,0.41487402,3.6806104
SYNEXP_00595,Pixel 10 Pro,Google,0.86806446,1.859583
SYNEXP_00633,OnePlus 13T,OnePlus,0.40950072,3.361007
SYNEXP_01952,Nothing Study A,Nothing,0.040334743,4.0700417
SYNEXP_03623,Xiaomi Study B,Xiaomi,0.09058964,3.7979667
SYNEXP_03642,Xiaomi Study B,Xiaomi,0.72447014,2.5690324
GENV2_00460,Galaxy Z Flip7,Samsung,0.37051487,3.8554711
GENV2_03312,Xiaomi 15,Xiaomi,0.099051066,4.6466374
SYNEXP_00345,OnePlus 13R,OnePlus,0.19526067,3.8293498
SYNEXP_00941,Apple Study A,Apple,0.6752313,2.6257472
SYNEXP_01983,Nothing Study A,Nothing,0.46609184,2.9758363
SYNEXP_02798,OnePlus Study B,OnePlus,0.030421512,4.515284
GENV2_00380,Realme GT 7,Realme,0.90956926,2.424744
GENV2_01046,Phone 2a Plus,Nothing,0.82801294,3.2351112
GENV2_01129,Phone 3a Pro,Nothing,0.919029,3.3312206
GENV2_01177,Reno 13 Pro,OPPO,0.16350149,3.9581811
GENV2_02433,iPhone 16,Apple,0.116616175,3.6644857
GENV2_03228,OnePlus 13,OnePlus,0.059444148,3.9980645
GENV2_03554,iPhone 17 Pro,Apple,0.1437388,4.395204
GENV2_03848,Xiaomi 15 Ultra,Xiaomi,0.069313556,4.4134684
SYNEXP_02001,Nothing Study A,Nothing,0.07908955,3.592654
SYNEXP_02410,OPPO Study B,OPPO,0.11588182,3.8810182
SYNEXP_03056,Realme Study B,Realme,0.5158291,2.6165466
SYNEXP_03706,Xiaomi Study B,Xiaomi,0.04560986,4.366015
SYNEXP_03742,Xiaomi Study B,Xiaomi,0.16663902,3.0393817
GENV2_00294,Realme 14 Pro+,Realme,0.6432363,3.1879041
GENV2_00480,Razr 60 Ultra,Motorola,0.22998409,3.8206384
GENV2_01143,iPhone 16,Apple,0.6660211,3.1709757
GENV2_01184,OnePlus 13,OnePlus,0.70545745,3.1127427
GENV2_01292,Find X8 Pro,OPPO,0.46713716,3.486256
GENV2_02231,Realme GT 7 Pro,Realme,0.11600017,4.254044
GENV2_03041,Reno 13 Pro,OPPO,0.33525398,3.7998552
GENV2_03256,Galaxy S25 Ultra,Samsung,0.20764837,4.1250257
SYNEXP_00057,Realme GT 7 Pro,Realme,0.11483732,3.677906
SYNEXP_00070,Realme GT 7 Pro,Realme,0.18329115,3.4360158
SYNEXP_00223,OnePlus 13,OnePlus,0.038054936,4.4312134
SYNEXP_00587,Pixel 10 Pro,Google,0.8095743,2.0261936
SYNEXP_01063,Apple Study A,Apple,0.035454977,4.223539
SYNEXP_01194,Apple Study B,Apple,0.025726255,4.4464607
SYNEXP_01371,Google Study A,Google,0.242369,3.3696737
SYNEXP_01806,Motorola Study B,Motorola,0.50696814,3.0053794
SYNEXP_01814,Motorola Study B,Motorola,0.14213653,3.3334446
SYNEXP_01908,Nothing Study A,Nothing,0.502131,2.9270566
SYNEXP_02751,OnePlus Study B,OnePlus,0.019180791,4.721104
SYNEXP_03215,Samsung Study A,Samsung,0.21819252,3.4212124
SYNEXP_03533,Xiaomi Study A,Xiaomi,0.0374203,4.466195
SYNEXP_03700,Xiaomi Study B,Xiaomi,0.1517256,3.6620057
GENV2_00974,Nothing Phone 3,Nothing,0.92303085,2.8503106
GENV2_01313,Phone 3a Pro,Nothing,0.518395,3.8030405
GENV2_01962,Find X8 Pro,OPPO,0.36769995,3.5141053
GENV2_01999,OnePlus 13T,OnePlus,0.015196983,4.427282
GENV2_03944,OnePlus 13,OnePlus,0.17751886,4.0518847
GENV2_04033,Galaxy S26 Ultra,Samsung,0.24195234,3.9065754
SYNEXP_00005,Galaxy S25 Ultra,Samsung,0.107613035,3.7452128
SYNEXP_00157,Reno 13 Pro,OPPO,0.07226348,3.49922
SYNEXP_00329,Xiaomi 15,Xiaomi,0.2355492,3.4522429
SYNEXP_00454,Phone 3a Pro,Nothing,0.06624616,4.2365475
SYNEXP_02387,OPPO Study B,OPPO,0.52192575,3.029117
SYNEXP_02619,OnePlus Study A,OnePlus,0.38923943,2.9283454
GENV2_00988,Find N5,OPPO,0.63195235,3.3000004
GENV2_02179,Xiaomi 15 Ultra,Xiaomi,0.4008407,3.3635483
GENV2_03127,Motorola Edge 60 Pro,Motorola,0.22848621,4.465931
GENV2_03847,Galaxy Z Flip7,Samsung,0.19907835,3.8923635
SYNEXP_00674,Phone 2a Plus,Nothing,0.16032079,3.325416
SYNEXP_01051,Apple Study A,Apple,0.31708154,3.1446414
SYNEXP_01189,Apple Study B,Apple,0.14518471,3.467381
SYNEXP_01718,Motorola Study B,Motorola,0.93197644,2.0305486
SYNEXP_02423,OPPO Study B,OPPO,0.55173135,2.659425
SYNEXP_03355,Samsung Study B,Samsung,0.2622514,2.9189358
GENV2_00942,iPhone 17,Apple,0.5007354,3.8347013
GENV2_01794,OnePlus 13T,OnePlus,0.48390377,3.3881922
GENV2_01840,Realme 14 Pro+,Realme,0.22586495,3.9557614
GENV2_01852,Realme GT 7,Realme,0.43314007,3.7997706
GENV2_01914,Redmi Note 14 Pro+,Xiaomi,0.1811573,4.1651917
GENV2_02860,Galaxy A56 5G,Samsung,0.17146686,4.0332355
GENV2_03398,Galaxy S26,Samsung,0.11376951,4.575739
GENV2_04179,Galaxy S26,Samsung,0.24528645,4.2676454
SYNEXP_01498,Google Study B,Google,0.09541089,4.187943
SYNEXP_01642,Motorola Study A,Motorola,0.07658895,4.108991
SYNEXP_02278,OPPO Study A,OPPO,0.072942585,3.9613674
SYNEXP_02908,Realme Study A,Realme,0.2262429,3.404962
SYNEXP_03548,Xiaomi Study A,Xiaomi,0.13420205,3.262038
GENV2_01038,Find N5,OPPO,0.7080886,3.0549395
GENV2_01625,Find X8 Pro,OPPO,0.20851229,3.9061713
GENV2_01665,Pixel 10 Pro XL,Google,0.19933248,4.0712056
GENV2_01911,Pixel 10,Google,0.19792742,4.083905
GENV2_02603,Pixel 10,Google,0.16448084,4.2339897
GENV2_02755,iPhone 17 Pro,Apple,0.037836906,4.6640916
GENV2_02911,iPhone 17 Pro,Apple,0.21008839,4.201297
SYNEXP_00310,iPhone 16,Apple,0.37537086,2.946822
SYNEXP_00662,Razr 60 Ultra,Motorola,0.20727775,3.594735
SYNEXP_01094,Apple Study B,Apple,0.9173654,2.1881566
SYNEXP_01824,Motorola Study B,Motorola,0.20409368,3.1638699
SYNEXP_01825,Motorola Study B,Motorola,0.8308918,2.6464357
SYNEXP_02466,OPPO Study B,OPPO,0.13795833,3.3834052
SYNEXP_03162,Samsung Study A,Samsung,0.26741138,3.3629212
GENV2_00267,Moto G Power 2025,Motorola,0.35664988,3.4535682
GENV2_00895,Realme GT 7,Realme,0.64170283,3.3161838
GENV2_02214,Xiaomi 15 Ultra,Xiaomi,0.15104339,3.7869112
GENV2_02321,iPhone 17,Apple,0.11150786,4.108651
GENV2_02481,Pixel 10 Pro,Google,0.3805562,3.8080328
SYNEXP_01140,Apple Study B,Apple,0.04451398,4.4653935
SYNEXP_01278,Google Study A,Google,0.44954354,3.311395
SYNEXP_01711,Motorola Study A,Motorola,0.07648646,3.80318
SYNEXP_02246,OPPO Study A,OPPO,0.16543107,3.637102
SYNEXP_03015,Realme Study B,Realme,0.6326983,3.0131428
SYNEXP_03309,Samsung Study B,Samsung,0.118095554,3.8734546
GENV2_00012,Moto G Power 2025,Motorola,0.56292015,2.9192379
GENV2_00599,Moto G Power 2025,Motorola,0.62763846,3.282012
GENV2_00814,iPhone 16,Apple,0.38037974,3.8797524
GENV2_02449,Pixel 10,Google,0.26481816,3.8934324
SYNEXP_00640,Razr 60 Ultra,Motorola,0.19692965,2.8538473
SYNEXP_01219,Apple Study B,Apple,0.20207994,3.8973436
SYNEXP_02340,OPPO Study A,OPPO,0.8587511,2.3033247
GENV2_01179,Xiaomi 15,Xiaomi,0.8974104,2.8406167
GENV2_01369,Phone 3a Pro,Nothing,0.60259396,3.2815254
GENV2_01507,Pixel 9a,Google,0.28475133,3.68316
GENV2_01815,Realme 14 Pro+,Realme,0.3123288,3.8254054
GENV2_02199,Galaxy Z Flip7,Samsung,0.18840769,3.9602137
GENV2_03377,iPhone 16,Apple,0.027664606,4.500874
GENV2_03596,iPhone 17 Pro Max,Apple,0.37596425,3.9248285
GENV2_03604,Galaxy S25 Ultra,Samsung,0.4048746,3.6281104
SYNEXP_00129,Find X8 Pro,OPPO,0.51657474,2.468849
SYNEXP_00167,Reno 13 Pro,OPPO,0.0728619,3.904651
SYNEXP_00703,Phone 2a Plus,Nothing,0.12968321,3.3210247
SYNEXP_02821,OnePlus Study B,OnePlus,0.60002553,2.796306
GENV2_00106,Find N5,OPPO,0.6331646,3.2871187
GENV2_00218,Phone 2a Plus,Nothing,0.3765101,3.5186195
GENV2_00453,Razr 60 Ultra,Motorola,0.6532737,3.6435447
GENV2_01307,Reno 13 Pro,OPPO,0.45350495,3.750579
GENV2_01452,Pixel 10 Pro,Google,0.1201687,3.7672775
GENV2_01536,OnePlus 13R,OnePlus,0.21226338,3.8116493
GENV2_01627,iPhone 16e,Apple,0.15976547,4.182634
GENV2_01768,iPhone 16,Apple,0.23765571,3.4329138
GENV2_01867,Redmi Note 14 Pro+,Xiaomi,0.17320235,4.191812
GENV2_03356,iPhone 17 Pro,Apple,0.33014792,3.9242165
GENV2_04101,Galaxy S26 Ultra,Samsung,0.2900643,4.085259
SYNEXP_00437,Phone 3a Pro,Nothing,0.8152849,2.6152778
SYNEXP_01076,Apple Study A,Apple,0.23314618,4.061517
SYNEXP_01563,Motorola Study A,Motorola,0.09521641,3.8018875
SYNEXP_01822,Motorola Study B,Motorola,0.89915913,2.0396218
SYNEXP_01937,Nothing Study A,Nothing,0.13427486,3.940508
SYNEXP_02435,OPPO Study B,OPPO,0.26910153,3.282694
SYNEXP_02774,OnePlus Study B,OnePlus,0.6792252,2.2696183
SYNEXP_03315,Samsung Study B,Samsung,0.022243543,4.507839
SYNEXP_03681,Xiaomi Study B,Xiaomi,0.08024277,4.0586085
SYNEXP_03694,Xiaomi Study B,Xiaomi,0.13800107,3.8906024
GENV2_02022,iPhone 16e,Apple,0.03714835,3.7598393
GENV2_03694,Galaxy S26,Samsung,0.22212127,4.249014
SYNEXP_00962,Apple Study A,Apple,0.8674728,2.381499
SYNEXP_01632,Motorola Study A,Motorola,0.44877115,2.8144555
SYNEXP_02945,Realme Study A,Realme,0.5865915,2.9270363
SYNEXP_03045,Realme Study B,Realme,0.5659215,2.7995791
GENV2_00015,Moto G Power 2025,Motorola,0.745915,3.149696
GENV2_00296,Realme 14 Pro+,Realme,0.50155383,3.1610143
GENV2_00569,Galaxy A56 5G,Samsung,0.6835707,2.5437849
GENV2_00622,Galaxy A56 5G,Samsung,0.85303855,3.4153457
GENV2_01010,Galaxy Z Flip7,Samsung,0.47816095,3.6914678
GENV2_02908,Galaxy S25 Ultra,Samsung,0.052028358,4.5214667
GENV2_03840,Pixel 10 Pro XL,Google,0.4571701,4.2453265
GENV2_04026,OnePlus 13R,OnePlus,0.5313303,3.7552197
SYNEXP_00527,Nothing Phone 3,Nothing,0.5278605,3.0444438
SYNEXP_01124,Apple Study B,Apple,0.04572841,4.6834264
SYNEXP_02034,Nothing Study A,Nothing,0.0778274,3.9765446
SYNEXP_02861,Realme Study A,Realme,0.33352938,3.429494
SYNEXP_03058,Realme Study B,Realme,0.62077785,2.6057434
GENV2_00452,Galaxy Z Flip7,Samsung,0.93952364,2.2900147
GENV2_00468,iPhone 16e,Apple,0.678611,2.8888779
GENV2_00946,Realme 14 Pro+,Realme,0.458206,3.8360302
GENV2_01258,Galaxy A56 5G,Samsung,0.47299907,3.6618547
GENV2_04080,iPhone 17 Pro Max,Apple,0.33249232,4.023221
SYNEXP_00820,Realme 14 Pro+,Realme,0.10929925,4.424585
SYNEXP_02043,Nothing Study B,Nothing,0.6504928,2.9511201
SYNEXP_02537,OnePlus Study A,OnePlus,0.07499407,4.146426
SYNEXP_02717,OnePlus Study B,OnePlus,0.7221488,2.5991025
SYNEXP_03544,Xiaomi Study A,Xiaomi,0.9165868,2.2004714
GENV2_00107,Phone 3a Pro,Nothing,0.74143434,3.0281887
GENV2_00306,Realme 14 Pro+,Realme,0.537334,3.5127401
GENV2_00949,OnePlus 13R,OnePlus,0.70360714,3.5268807
GENV2_01236,OnePlus 13,OnePlus,0.19935788,3.739672
GENV2_01994,Galaxy Z Flip7,Samsung,0.23071507,3.7263167
GENV2_02809,OnePlus 13,OnePlus,0.19360958,3.868379
GENV2_03537,Xiaomi 15,Xiaomi,0.013044944,5.0
GENV2_03685,OnePlus 13T,OnePlus,0.12561971,4.2726235
GENV2_04191,OnePlus 13,OnePlus,0.16992436,3.8865528
SYNEXP_00429,Phone 3a Pro,Nothing,0.6478314,2.7133179
SYNEXP_00598,Pixel 10 Pro,Google,0.78982335,2.851668
SYNEXP_00867,Motorola Edge 60 Pro,Motorola,0.11689558,3.4057581
SYNEXP_01233,Apple Study B,Apple,0.028875232,4.509318
SYNEXP_01759,Motorola Study B,Motorola,0.364755,3.4603
SYNEXP_01848,Motorola Study B,Motorola,0.030120084,4.441665
SYNEXP_02109,Nothing Study B,Nothing,0.37439224,3.1835806
SYNEXP_02647,OnePlus Study A,OnePlus,0.14112173,4.0592585
GENV2_00390,Pixel 10 Pro,Google,0.665106,2.9922268
GENV2_00615,Nothing Phone 3,Nothing,0.95679224,2.7517061
GENV2_00684,Phone 3a Pro,Nothing,0.59379715,3.0175445
GENV2_01197,Phone 3a Pro,Nothing,0.7387348,3.5142548
GENV2_02415,iPhone 16e,Apple,0.16102637,3.840402
GENV2_03717,Find X8 Pro,OPPO,0.1898084,4.234224
GENV2_03722,Pixel 10 Pro,Google,0.052649125,4.4602
SYNEXP_00241,iPhone 17 Pro,Apple,0.6414417,3.1289093
SYNEXP_00365,OnePlus 13R,OnePlus,0.17256407,3.4564264
SYNEXP_00743,Realme GT 7,Realme,0.8257024,1.6142565
SYNEXP_01532,Google Study B,Google,0.6381199,2.782272
SYNEXP_01850,Motorola Study B,Motorola,0.44311106,3.0956695
SYNEXP_02020,Nothing Study A,Nothing,0.51644146,3.030224
SYNEXP_02540,OnePlus Study A,OnePlus,0.41038904,3.123335
SYNEXP_02747,OnePlus Study B,OnePlus,0.041139025,4.3694897
GENV2_00051,Galaxy A56 5G,Samsung,0.68459845,3.006562
GENV2_02247,Phone 3a Pro,Nothing,0.17992227,3.8377044
GENV2_02264,Galaxy S26,Samsung,0.16473702,4.2001543
SYNEXP_00426,Galaxy Z Flip7,Samsung,0.08404736,3.919638
SYNEXP_00625,OnePlus 13T,OnePlus,0.11044224,3.8525102
SYNEXP_00940,Apple Study A,Apple,0.18205988,3.628774
SYNEXP_01446,Google Study B,Google,0.05710862,3.9975934
SYNEXP_01653,Motorola Study A,Motorola,0.39244348,3.2174573
SYNEXP_02080,Nothing Study B,Nothing,0.5340964,3.2255425
SYNEXP_03256,Samsung Study A,Samsung,0.54797417,2.8639274
SYNEXP_03723,Xiaomi Study B,Xiaomi,0.7074962,3.0280192
GENV2_01183,Redmi Note 14 Pro+,Xiaomi,0.32714793,3.867994
GENV2_01898,Pixel 10 Pro XL,Google,0.12072847,4.287038
GENV2_02292,OnePlus 13R,OnePlus,0.23104794,3.7764416
GENV2_02473,Pixel 10,Google,0.12530598,4.1933303
GENV2_02724,Pixel 10 Pro XL,Google,0.2433365,4.144019
GENV2_04085,Galaxy S26 Ultra,Samsung,0.36927575,3.5993266
SYNEXP_00346,OnePlus 13R,OnePlus,0.077105716,4.040478
SYNEXP_01181,Apple Study B,Apple,0.6314553,2.3131485
SYNEXP_01256,Google Study A,Google,0.76821834,2.6750114
SYNEXP_01463,Google Study B,Google,0.054329626,4.158055
SYNEXP_02799,OnePlus Study B,OnePlus,0.32326734,3.192824
SYNEXP_03506,Xiaomi Study A,Xiaomi,0.6952398,2.4353886
GENV2_00016,Find N5,OPPO,0.935663,2.6546195
GENV2_00724,Realme 14 Pro+,Realme,0.6139493,3.3513725
GENV2_02221,Galaxy S26 Ultra,Samsung,0.2637867,4.210611
SYNEXP_00539,Nothing Phone 3,Nothing,0.08188277,3.9933617
SYNEXP_00688,Phone 2a Plus,Nothing,0.02057703,4.221672
SYNEXP_01554,Google Study B,Google,0.39411357,3.6706722
SYNEXP_02302,OPPO Study A,OPPO,0.3251381,3.5651112
SYNEXP_02554,OnePlus Study A,OnePlus,0.8955687,1.8041092
SYNEXP_02785,OnePlus Study B,OnePlus,0.013269748,4.2154026
SYNEXP_03660,Xiaomi Study B,Xiaomi,0.25889203,3.6733627
GENV2_00141,Galaxy Z Flip7,Samsung,0.491009,3.3929384
GENV2_00806,Razr 60 Ultra,Motorola,0.66088986,3.3250477
GENV2_01108,Galaxy A56 5G,Samsung,0.5813513,3.4974306
GENV2_01620,Galaxy Z Flip7,Samsung,0.012068564,4.0211906
GENV2_02215,Galaxy S26 Ultra,Samsung,0.11358737,4.116978
GENV2_02405,Pixel 10 Pro XL,Google,0.5160314,3.3362143
GENV2_02563,iPhone 17 Pro Max,Apple,0.2271756,3.9857693
GENV2_03143,Galaxy S26,Samsung,0.039755713,4.625326
GENV2_03225,Xiaomi 15 Ultra,Xiaomi,0.25692075,3.9791982
GENV2_03240,Motorola Edge 60 Pro,Motorola,0.2763432,4.039888
GENV2_03794,Find X8 Pro,OPPO,0.38959932,3.8993065
GENV2_04027,Xiaomi 15 Ultra,Xiaomi,0.20658332,4.1586437
SYNEXP_00490,Redmi Note 14 Pro+,Xiaomi,0.29350585,3.5525622
SYNEXP_01794,Motorola Study B,Motorola,0.1965544,3.1072178
SYNEXP_01965,Nothing Study A,Nothing,0.88095623,3.0241969
SYNEXP_02076,Nothing Study B,Nothing,0.38007334,3.3646889
SYNEXP_02610,OnePlus Study A,OnePlus,0.22094405,3.1607358
SYNEXP_02917,Realme Study A,Realme,0.25314507,2.9962845
GENV2_02601,iPhone 17,Apple,0.24828982,3.9450238
GENV2_02766,Realme GT 7,Realme,0.30738682,3.748486
GENV2_02910,iPhone 16,Apple,0.050704207,4.249695
GENV2_03420,Find X8 Pro,OPPO,0.24388523,4.1991954
GENV2_03534,iPhone 17 Pro Max,Apple,0.11154428,4.5813518
SYNEXP_00430,Phone 3a Pro,Nothing,0.28046396,3.0046759
SYNEXP_00957,Apple Study A,Apple,0.14629899,3.7172873
SYNEXP_01204,Apple Study B,Apple,0.19073,3.7714171
SYNEXP_01309,Google Study A,Google,0.2286422,3.0017347
SYNEXP_02926,Realme Study A,Realme,0.4413977,3.4383664
GENV2_00945,Pixel 10,Google,0.6980045,3.3796558
GENV2_01329,Pixel 9a,Google,0.14253226,4.015959
GENV2_01495,Nothing Phone 3,Nothing,0.41360486,3.8796978
GENV2_01773,iPhone 16e,Apple,0.3629286,3.848981
GENV2_02166,Xiaomi 15 Ultra,Xiaomi,0.1653227,4.124802
GENV2_02337,Phone 3a Pro,Nothing,0.086641006,4.2617965
GENV2_02647,OnePlus 13,OnePlus,0.18823306,3.785844
GENV2_02871,OnePlus 13,OnePlus,0.34592375,3.9327223
GENV2_02996,Pixel 10 Pro XL,Google,0.34230182,4.1442904
GENV2_03189,iPhone 17 Pro Max,Apple,0.31209582,4.0415597
GENV2_03305,OnePlus 13,OnePlus,0.034689218,4.781973
SYNEXP_00813,Xiaomi 15 Ultra,Xiaomi,0.017530397,4.546791
SYNEXP_00836,Realme 14 Pro+,Realme,0.0438958,3.390327
SYNEXP_01868,Motorola Study B,Motorola,0.06260596,4.163425
SYNEXP_02318,OPPO Study A,OPPO,0.07014566,4.103412
SYNEXP_03308,Samsung Study B,Samsung,0.73337096,2.8140485
GENV2_00443,Phone 2a Plus,Nothing,0.61830616,3.5368261
GENV2_00791,iPhone 16e,Apple,0.90826094,2.50227
GENV2_01238,Xiaomi 15,Xiaomi,0.37735555,3.83866
GENV2_01674,iPhone 16e,Apple,0.16399552,3.5330248
GENV2_01973,Realme GT 7 Pro,Realme,0.19317047,3.9443946
GENV2_02198,iPhone 16,Apple,0.0086147785,4.247135
GENV2_03015,OnePlus 13R,OnePlus,0.14322111,3.968164
GENV2_03614,iPhone 17,Apple,0.19405168,4.1293535
SYNEXP_00236,OnePlus 13,OnePlus,0.20564225,3.1889372
SYNEXP_00687,Phone 2a Plus,Nothing,0.13635562,3.9344308
SYNEXP_00920,Apple Study A,Apple,0.73818415,2.7797744
SYNEXP_01856,Motorola Study B,Motorola,0.07708919,4.2863827
SYNEXP_03014,Realme Study B,Realme,0.37038484,3.1184464
SYNEXP_03065,Realme Study B,Realme,0.15017098,3.9323094
SYNEXP_03370,Samsung Study B,Samsung,0.12680997,4.2431965
SYNEXP_03613,Xiaomi Study B,Xiaomi,0.05336798,3.896192
GENV2_00145,Galaxy Z Flip7,Samsung,0.50256646,3.2439892
GENV2_00753,Phone 3a Pro,Nothing,0.7966518,3.4102845
GENV2_00846,Pixel 9a,Google,0.19853532,4.04704
GENV2_01715,Nothing Phone 3,Nothing,0.34436682,3.2710586
GENV2_01904,Motorola Edge 60 Pro,Motorola,0.116794564,4.0497684
GENV2_02025,Xiaomi 15 Ultra,Xiaomi,0.39814946,3.499909
GENV2_02465,Xiaomi 15 Ultra,Xiaomi,0.110164374,4.152023
GENV2_02887,Nothing Phone 3,Nothing,0.18652873,4.0772624
SYNEXP_00109,iPhone 16e,Apple,0.5301802,3.0755181
SYNEXP_00144,Galaxy S26,Samsung,0.11728925,3.50795
SYNEXP_01936,Nothing Study A,Nothing,0.15759051,3.7117105
SYNEXP_02828,Realme Study A,Realme,0.019765297,4.5217133
SYNEXP_03692,Xiaomi Study B,Xiaomi,0.19123425,3.8276007
GENV2_00156,Pixel 9a,Google,0.89417326,2.5877492
GENV2_01291,Pixel 9a,Google,0.49204224,3.7719796
GENV2_01411,Phone 2a Plus,Nothing,0.02827492,3.419266
GENV2_02111,Realme GT 7 Pro,Realme,0.3775758,3.704434
GENV2_02134,Galaxy S26 Ultra,Samsung,0.14715722,4.1440063
GENV2_02279,iPhone 16,Apple,0.5099174,3.4328442
GENV2_02564,Galaxy S25 Ultra,Samsung,0.18738511,4.5223045
GENV2_02664,Xiaomi 15,Xiaomi,0.0299062,4.502239
GENV2_02692,OnePlus 13,OnePlus,0.034033787,4.639142
SYNEXP_00627,OnePlus 13T,OnePlus,0.16784175,3.2349112
SYNEXP_01454,Google Study B,Google,0.64438313,2.5293527
SYNEXP_02748,OnePlus Study B,OnePlus,0.09502234,3.4539392
SYNEXP_02995,Realme Study B,Realme,0.10851198,3.708201
SYNEXP_03447,Samsung Study B,Samsung,0.028736142,4.3739614
SYNEXP_03529,Xiaomi Study A,Xiaomi,0.6640764,2.8017623
GENV2_00096,Find N5,OPPO,0.94024634,2.5090353
GENV2_00158,Redmi Note 14 Pro+,Xiaomi,0.77239794,3.3560538
GENV2_00865,Pixel 9a,Google,0.47138336,3.5138373
GENV2_02152,Find X8 Pro,OPPO,0.30565897,3.7009444
GENV2_02385,Galaxy Z Flip7,Samsung,0.10281008,4.2164526
GENV2_02668,OnePlus 13T,OnePlus,0.43109262,3.6515265
GENV2_02964,Pixel 10 Pro,Google,0.14297396,4.342209
GENV2_03175,Nothing Phone 3,Nothing,0.12120629,4.239287
GENV2_03686,Realme GT 7,Realme,0.088692024,4.423235
GENV2_03888,iPhone 17,Apple,0.16314645,3.853674
SYNEXP_00121,Find X8 Pro,OPPO,0.016072916,4.138412
SYNEXP_00370,Pixel 10 Pro XL,Google,0.14157544,3.1929286
SYNEXP_00879,Motorola Edge 60 Pro,Motorola,0.47112167,2.9853957
SYNEXP_01047,Apple Study A,Apple,0.08437474,4.1864915
SYNEXP_01648,Motorola Study A,Motorola,0.77305627,1.9353483
SYNEXP_02016,Nothing Study A,Nothing,0.51816416,3.0572364
SYNEXP_02718,OnePlus Study B,OnePlus,0.023414094,4.4544425
GENV2_00020,Razr 60 Ultra,Motorola,0.8845978,2.3271947
GENV2_00581,Pixel 10 Pro,Google,0.92226183,2.7576113
GENV2_00683,Moto G Power 2025,Motorola,0.39693108,2.8733752
GENV2_01640,OnePlus 13R,OnePlus,0.17395143,4.4228706
GENV2_02297,OnePlus 13T,OnePlus,0.014256836,4.3617344
GENV2_02978,Xiaomi 15,Xiaomi,0.12050929,4.728594
GENV2_03710,Galaxy S26 Ultra,Samsung,0.2605389,3.9931297
SYNEXP_00086,Realme GT 7 Pro,Realme,0.59491724,2.9460514
SYNEXP_00564,Pixel 9a,Google,0.35062832,2.8750198
SYNEXP_00896,Find N5,OPPO,0.4818878,3.102291
SYNEXP_01467,Google Study B,Google,0.120586686,3.7529018
SYNEXP_01950,Nothing Study A,Nothing,0.88185364,2.1797173
SYNEXP_02324,OPPO Study A,OPPO,0.7965256,2.2736096
SYNEXP_02372,OPPO Study B,OPPO,0.12312175,3.7502034
SYNEXP_02872,Realme Study A,Realme,0.51605487,2.889722
GENV2_00406,Redmi Note 14 Pro+,Xiaomi,0.6412231,3.1934464
GENV2_01964,Xiaomi 15 Ultra,Xiaomi,0.023975942,3.7247257
GENV2_03536,Xiaomi 15 Ultra,Xiaomi,0.24120373,3.935073
SYNEXP_00385,Pixel 10 Pro XL,Google,0.12200713,3.322032
SYNEXP_00494,Redmi Note 14 Pro+,Xiaomi,0.5548647,3.2738907
SYNEXP_00943,Apple Study A,Apple,0.012234502,4.318143
SYNEXP_01075,Apple Study A,Apple,0.18821286,3.2511356
SYNEXP_01379,Google Study A,Google,0.7611732,2.3813646
SYNEXP_02947,Realme Study A,Realme,0.07660143,4.0145783
SYNEXP_03339,Samsung Study B,Samsung,0.14548956,3.6829298
SYNEXP_03536,Xiaomi Study A,Xiaomi,0.088900514,3.9610023
GENV2_01790,Realme GT 7 Pro,Realme,0.39304283,3.615389
GENV2_02323,Galaxy S25 Ultra,Samsung,0.121908575,4.0087676
GENV2_03746,Reno 13 Pro,OPPO,0.2638257,3.8376062
GENV2_04061,iPhone 17 Pro Max,Apple,0.015945341,5.0
GENV2_04136,Xiaomi 15 Ultra,Xiaomi,0.05316703,4.106371
SYNEXP_00795,Xiaomi 15 Ultra,Xiaomi,0.26307288,3.5079207
SYNEXP_01948,Nothing Study A,Nothing,0.2291044,3.2376895
SYNEXP_02215,OPPO Study A,OPPO,0.58137083,2.9292893
SYNEXP_02262,OPPO Study A,OPPO,0.5465835,2.9648814
SYNEXP_03068,Realme Study B,Realme,0.21518058,3.3006413
GENV2_00436,Reno 13 Pro,OPPO,0.38101065,3.8035474
GENV2_00610,Reno 13 Pro,OPPO,0.3126921,4.119306
GENV2_00718,OnePlus 13T,OnePlus,0.7588452,3.4200594
GENV2_01433,Phone 3a Pro,Nothing,0.62819403,2.9241512
GENV2_02992,OnePlus 13R,OnePlus,0.33234265,3.8504562
GENV2_03286,iPhone 16,Apple,0.15316507,4.188825
GENV2_03663,Find X8 Pro,OPPO,0.08878157,4.5557957
SYNEXP_00492,Redmi Note 14 Pro+,Xiaomi,0.04656113,4.273786
SYNEXP_00622,OnePlus 13T,OnePlus,0.38715595,3.2513082
SYNEXP_01079,Apple Study A,Apple,0.20612638,3.210666
SYNEXP_01127,Apple Study B,Apple,0.8627595,2.2589467
SYNEXP_01158,Apple Study B,Apple,0.47987673,3.065985
SYNEXP_01217,Apple Study B,Apple,0.22462544,3.842323
SYNEXP_01277,Google Study A,Google,0.5778547,2.9645574
SYNEXP_01466,Google Study B,Google,0.5093472,2.9578855
GENV2_00364,iPhone 16e,Apple,0.6032438,3.1790483
GENV2_00550,Galaxy Z Flip7,Samsung,0.5944672,3.0652003
GENV2_00774,Galaxy Z Flip7,Samsung,0.6900924,3.210915
GENV2_03027,Pixel 9a,Google,0.2503529,4.060621
GENV2_03094,Pixel 9a,Google,0.34252554,3.8130238
GENV2_03991,OnePlus 13,OnePlus,0.1773539,4.186471
SYNEXP_00136,Find X8 Pro,OPPO,0.07082728,4.1716056
SYNEXP_00693,Phone 2a Plus,Nothing,0.064904526,4.5870943
SYNEXP_01229,Apple Study B,Apple,0.0035652793,5.0
SYNEXP_02091,Nothing Study B,Nothing,0.13506173,3.9067261
SYNEXP_03443,Samsung Study B,Samsung,0.5849904,2.5930953
GENV2_00525,Phone 2a Plus,Nothing,0.69049394,3.2655451
GENV2_00583,Razr 60 Ultra,Motorola,0.41628668,3.7021482
GENV2_00638,iPhone 16e,Apple,0.5958483,2.8882766
GENV2_00986,Realme 14 Pro+,Realme,0.4729231,3.5970268
GENV2_01008,Redmi Note 14 Pro+,Xiaomi,0.21006778,3.9893928
GENV2_01135,Nothing Phone 3,Nothing,0.6557629,3.3980803
GENV2_02125,Galaxy S26,Samsung,0.18535466,4.256108
GENV2_02714,Galaxy Z Flip7,Samsung,0.24087752,4.0013633
GENV2_03174,OnePlus 13R,OnePlus,0.19598125,4.087126
GENV2_03622,Xiaomi 15 Ultra,Xiaomi,0.18161114,3.7864811
SYNEXP_00218,OnePlus 13,OnePlus,0.63725215,2.5175083
SYNEXP_00397,Pixel 10 Pro XL,Google,0.88043106,2.1573699
SYNEXP_00549,Pixel 9a,Google,0.90738976,2.2123032
SYNEXP_00742,Moto G Power 2025,Motorola,0.20533688,3.2179453
SYNEXP_03737,Xiaomi Study B,Xiaomi,0.12194926,3.1357627
GENV2_00339,Pixel 9a,Google,0.80614734,3.0639946
GENV2_00467,Redmi Note 14 Pro+,Xiaomi,0.3908635,4.050772
GENV2_01449,OnePlus 13,OnePlus,0.25939944,4.0439463
GENV2_01520,Xiaomi 15,Xiaomi,0.18316196,3.6257567
GENV2_02463,OnePlus 13R,OnePlus,0.42821598,4.0350385
GENV2_03471,iPhone 17 Pro,Apple,0.28466547,3.937686
SYNEXP_00113,Find X8 Pro,OPPO,0.20234057,3.3902218
SYNEXP_00149,Galaxy S26,Samsung,0.012890381,4.084599
SYNEXP_02705,OnePlus Study B,OnePlus,0.043669708,3.5519333
SYNEXP_03271,Samsung Study A,Samsung,0.0047697322,4.5959616
GENV2_00428,Phone 2a Plus,Nothing,0.7096004,3.2225602
GENV2_01011,iPhone 16,Apple,0.83711475,2.9985676
GENV2_02846,Find X8 Pro,OPPO,0.24279326,4.0320954
GENV2_03594,Xiaomi 15,Xiaomi,0.11341666,4.0522933
GENV2_03772,iPhone 17 Pro,Apple,0.18174836,3.9950402
SYNEXP_00340,Xiaomi 15,Xiaomi,0.09523011,3.9484067
SYNEXP_00398,Pixel 10 Pro XL,Google,0.8086548,2.3143694
SYNEXP_02242,OPPO Study A,OPPO,0.32505152,2.9752524
SYNEXP_03181,Samsung Study A,Samsung,0.10902902,3.6258664
GENV2_01021,Phone 3a Pro,Nothing,0.50292253,3.3279755
GENV2_01336,iPhone 16,Apple,0.6913027,3.7143297
GENV2_01414,Pixel 10,Google,0.52693146,3.2654185
GENV2_01549,iPhone 16,Apple,0.31006688,3.807849
GENV2_02980,OnePlus 13,OnePlus,0.20223173,4.203361
GENV2_03045,Reno 13 Pro,OPPO,0.37516436,3.3810415
GENV2_04086,iPhone 17 Pro Max,Apple,0.17815197,4.554805
SYNEXP_00141,Galaxy S26,Samsung,0.19191559,3.5053127
SYNEXP_00816,Xiaomi 15 Ultra,Xiaomi,0.74834013,2.5624037
SYNEXP_01156,Apple Study B,Apple,0.26343974,3.571323
SYNEXP_01288,Google Study A,Google,0.042717177,4.5821548
SYNEXP_02023,Nothing Study A,Nothing,0.014373268,4.622179
SYNEXP_02579,OnePlus Study A,OnePlus,0.43515155,3.643878
GENV2_00623,Xiaomi 15,Xiaomi,0.59506667,3.3524234
GENV2_00675,Pixel 9a,Google,0.88897425,2.9962323
GENV2_00794,Xiaomi 15 Ultra,Xiaomi,0.57135236,3.4387586
GENV2_01376,OnePlus 13R,OnePlus,0.5066592,3.193834
GENV2_01759,OnePlus 13R,OnePlus,0.1458056,3.9875343
GENV2_02267,Realme GT 7,Realme,0.39497885,3.7110844
GENV2_03258,iPhone 17 Pro Max,Apple,0.019469721,4.802291
GENV2_03665,Galaxy S26 Ultra,Samsung,0.053318493,4.3008084
SYNEXP_00876,Motorola Edge 60 Pro,Motorola,0.111746125,3.73857
SYNEXP_01315,Google Study A,Google,0.75182164,2.674366
SYNEXP_02071,Nothing Study B,Nothing,0.33204478,3.3875504
SYNEXP_02190,Nothing Study B,Nothing,0.83344096,2.2660627
SYNEXP_02337,OPPO Study A,OPPO,0.058382977,3.8453662
SYNEXP_02877,Realme Study A,Realme,0.11301914,3.659406
SYNEXP_03253,Samsung Study A,Samsung,0.58998454,3.0905235
SYNEXP_03367,Samsung Study B,Samsung,0.3096574,3.2773008
GENV2_00494,OnePlus 13T,OnePlus,0.7804317,3.0482461
GENV2_00547,Galaxy Z Flip7,Samsung,0.7970513,2.9349139
GENV2_01121,Xiaomi 15,Xiaomi,0.57640654,3.982837
GENV2_02314,Nothing Phone 3,Nothing,0.12184575,4.198871
GENV2_02640,Phone 2a Plus,Nothing,0.19772312,3.5656338
GENV2_04158,Pixel 10 Pro,Google,0.04820621,4.2119865
SYNEXP_00192,Galaxy A56 5G,Samsung,0.7392414,2.8954124
SYNEXP_00541,Nothing Phone 3,Nothing,0.13713452,2.931054
SYNEXP_01492,Google Study B,Google,0.6278875,2.5875063
SYNEXP_02736,OnePlus Study B,OnePlus,0.7282281,2.6697264
GENV2_01111,Phone 3a Pro,Nothing,0.46778077,3.5437462
GENV2_01203,Phone 3a Pro,Nothing,0.6142478,3.318473
GENV2_01499,iPhone 16,Apple,0.14748217,3.861504
GENV2_01689,Realme 14 Pro+,Realme,0.11965059,3.6270976
GENV2_01919,Xiaomi 15,Xiaomi,0.10588791,3.981255
GENV2_02577,Realme GT 7,Realme,0.103783995,4.582
GENV2_02928,Pixel 10 Pro XL,Google,0.16231284,4.2621174
SYNEXP_00590,Pixel 10 Pro,Google,0.7601794,2.3626182
SYNEXP_03160,Samsung Study A,Samsung,0.8724723,2.280354
GENV2_00001,Moto G Power 2025,Motorola,0.84842026,2.0984988
GENV2_00212,Phone 2a Plus,Nothing,0.39463603,3.751249
GENV2_00417,Pixel 9a,Google,0.38302398,3.6484714
GENV2_00773,Pixel 10 Pro,Google,0.8476719,3.1152961
GENV2_01107,Razr 60 Ultra,Motorola,0.23333144,3.8805263
GENV2_01261,iPhone 16e,Apple,0.71635383,3.2360225
GENV2_02053,Galaxy Z Flip7,Samsung,0.33001438,3.7017293
GENV2_02695,Pixel 10 Pro,Google,0.20476207,4.048244
GENV2_03606,Pixel 10 Pro XL,Google,0.1649643,4.5024204
GENV2_04000,iPhone 17 Pro Max,Apple,0.11184099,4.573067
SYNEXP_00068,Realme GT 7 Pro,Realme,0.16809453,3.2754788
SYNEXP_00355,OnePlus 13R,OnePlus,0.8955511,1.8649086
SYNEXP_00680,Phone 2a Plus,Nothing,0.031931765,4.358402
SYNEXP_01092,Apple Study B,Apple,0.85723794,2.2871528
SYNEXP_01500,Google Study B,Google,0.6937923,2.515291
SYNEXP_01549,Google Study B,Google,0.054392867,3.9535687
SYNEXP_02771,OnePlus Study B,OnePlus,0.09597298,3.6346045
SYNEXP_03031,Realme Study B,Realme,0.58726573,2.5773304
GENV2_01443,Find X8 Pro,OPPO,0.14286034,3.947218
GENV2_01892,OnePlus 13R,OnePlus,0.287455,3.6951306
GENV2_02168,Xiaomi 15 Ultra,Xiaomi,0.18340704,3.8102005
GENV2_03877,iPhone 17 Pro,Apple,0.2008053,4.323043
GENV2_03907,Pixel 10 Pro,Google,0.014409995,5.0
SYNEXP_01629,Motorola Study A,Motorola,0.10609696,3.9581223
SYNEXP_02822,OnePlus Study B,OnePlus,0.08784823,3.5277607
SYNEXP_02825,Realme Study A,Realme,0.5815295,3.0809107
SYNEXP_02975,Realme Study A,Realme,0.6104081,2.8974807
SYNEXP_03589,Xiaomi Study A,Xiaomi,0.21180534,3.1933079
GENV2_01450,OnePlus 13,OnePlus,0.29481634,3.8852968
GENV2_02303,Find N5,OPPO,0.04426052,4.008378
GENV2_02519,Xiaomi 15,Xiaomi,0.117395036,4.540747
GENV2_03615,Galaxy S26 Ultra,Samsung,0.18817963,4.0442514
GENV2_03651,OnePlus 13T,OnePlus,0.19087385,4.204723
SYNEXP_01252,Google Study A,Google,0.31274292,3.2317238
SYNEXP_02628,OnePlus Study A,OnePlus,0.50850505,2.7879357
SYNEXP_02633,OnePlus Study A,OnePlus,0.037481163,3.5697365
SYNEXP_02740,OnePlus Study B,OnePlus,0.18443303,3.652271
SYNEXP_03009,Realme Study B,Realme,0.08545076,3.88767
GENV2_00140,Pixel 9a,Google,0.53172207,3.2684362
GENV2_00395,iPhone 16,Apple,0.81360257,2.7076683
GENV2_00967,iPhone 16,Apple,0.33741656,3.7801502
GENV2_01401,Galaxy Z Flip7,Samsung,0.12890255,3.8963387
GENV2_01672,Razr 60 Ultra,Motorola,0.13868932,3.5301223
GENV2_02023,Galaxy S26,Samsung,0.16222142,3.6240146
GENV2_02060,OnePlus 13T,OnePlus,0.2534571,3.944481
SYNEXP_01263,Google Study A,Google,0.55925256,2.858038
SYNEXP_01918,Nothing Study A,Nothing,0.049317267,4.2911196
SYNEXP_02122,Nothing Study B,Nothing,0.42684323,3.3091807
GENV2_01269,Find N5,OPPO,0.64087087,3.5838454
GENV2_01917,iPhone 17 Pro Max,Apple,0.29364038,4.046745
GENV2_02471,Motorola Edge 60 Pro,Motorola,0.71820503,2.851058
GENV2_03370,iPhone 17,Apple,0.14158107,3.7642887
SYNEXP_00014,Galaxy S25 Ultra,Samsung,0.8804826,1.8437898
SYNEXP_02116,Nothing Study B,Nothing,0.07271451,3.8204079
SYNEXP_02283,OPPO Study A,OPPO,0.21291293,3.2889628
SYNEXP_02569,OnePlus Study A,OnePlus,0.07338846,4.0796504
GENV2_00045,Razr 60 Ultra,Motorola,0.543068,3.8267279
GENV2_01210,Phone 3a Pro,Nothing,0.53773624,3.593893
GENV2_01757,Phone 3a Pro,Nothing,0.27004606,3.64987
GENV2_02506,OnePlus 13R,OnePlus,0.17394774,4.027333
GENV2_03000,iPhone 17 Pro Max,Apple,0.07973369,4.5613694
GENV2_03448,iPhone 17 Pro Max,Apple,0.14037813,4.3431826
GENV2_04125,Galaxy S26 Ultra,Samsung,0.140091,4.02353
SYNEXP_00118,Find X8 Pro,OPPO,0.05220117,4.0783806
SYNEXP_01692,Motorola Study A,Motorola,0.03914073,4.3190193
SYNEXP_02755,OnePlus Study B,OnePlus,0.80593616,2.8169394
SYNEXP_02983,Realme Study A,Realme,0.6067349,3.01044
SYNEXP_03466,Xiaomi Study A,Xiaomi,0.054940112,3.5859063
SYNEXP_03576,Xiaomi Study A,Xiaomi,0.024960078,4.693012
GENV2_00188,Phone 2a Plus,Nothing,0.87240875,3.190648
GENV2_00741,iPhone 16e,Apple,0.6268628,2.9037008
GENV2_03012,Pixel 10 Pro XL,Google,0.16942656,4.305907
SYNEXP_00433,Phone 3a Pro,Nothing,0.0858378,3.9798505
SYNEXP_00610,OnePlus 13T,OnePlus,0.05173934,4.354712
SYNEXP_00990,Apple Study A,Apple,0.5314686,2.7943428
SYNEXP_01220,Apple Study B,Apple,0.07966835,4.042389
SYNEXP_01507,Google Study B,Google,0.37609297,3.2711856
SYNEXP_01963,Nothing Study A,Nothing,0.09924214,3.8199766
SYNEXP_02285,OPPO Study A,OPPO,0.058679078,3.9772024
SYNEXP_02388,OPPO Study B,OPPO,0.12532997,3.4575937
SYNEXP_02699,OnePlus Study B,OnePlus,0.07619472,4.3433366
SYNEXP_03292,Samsung Study A,Samsung,0.93349934,1.506054
GENV2_00760,Pixel 9a,Google,0.37790167,3.762469
GENV2_01903,Nothing Phone 3,Nothing,0.034792468,4.1776276
GENV2_03346,iPhone 16,Apple,0.20605743,4.166928
GENV2_03879,Galaxy S26 Ultra,Samsung,0.0455291,4.2070794
SYNEXP_00302,iPhone 16,Apple,0.8857552,1.609471
SYNEXP_00871,Motorola Edge 60 Pro,Motorola,0.2875661,2.9235888
SYNEXP_01348,Google Study A,Google,0.13799451,3.711215
SYNEXP_02206,OPPO Study A,OPPO,0.028211756,4.2509117
SYNEXP_02829,Realme Study A,Realme,0.81485516,1.9443961
GENV2_00429,Realme 14 Pro+,Realme,0.7503598,3.0302148
GENV2_00886,Moto G Power 2025,Motorola,0.39671513,3.3470025
GENV2_01929,Xiaomi 15,Xiaomi,0.08103738,4.0401173
GENV2_03341,Pixel 10 Pro XL,Google,0.5139745,3.970432
GENV2_03942,iPhone 16,Apple,0.26836887,4.158433
SYNEXP_00383,Pixel 10 Pro XL,Google,0.082463495,3.6319032
SYNEXP_00750,Realme GT 7,Realme,0.7829122,2.565754
SYNEXP_00761,Realme GT 7,Realme,0.26487565,3.9287364
SYNEXP_01052,Apple Study A,Apple,0.6638257,3.013756
SYNEXP_01168,Apple Study B,Apple,0.29803538,3.0622604
SYNEXP_01240,Google Study A,Google,0.5453113,2.7464335
SYNEXP_02612,OnePlus Study A,OnePlus,0.37683907,3.5608363
SYNEXP_03270,Samsung Study A,Samsung,0.21751846,3.2236028
GENV2_00398,Pixel 10 Pro,Google,0.9063001,2.7828577
GENV2_00660,Find N5,OPPO,0.50144607,2.9022768
GENV2_00948,iPhone 17 Pro,Apple,0.45079166,3.7184808
GENV2_00993,OnePlus 13R,OnePlus,0.7592345,3.1327202
GENV2_01035,Find N5,OPPO,0.4681797,3.6357503
GENV2_01571,Razr 60 Ultra,Motorola,0.16716298,3.7367373
GENV2_03969,Find X8 Pro,OPPO,0.31262946,4.0609126
SYNEXP_00160,Reno 13 Pro,OPPO,0.041800246,4.1974707
SYNEXP_01326,Google Study A,Google,0.7632776,2.2671998
SYNEXP_02028,Nothing Study A,Nothing,0.09071283,4.3855877
SYNEXP_02180,Nothing Study B,Nothing,0.24015807,3.6736178
GENV2_02157,Xiaomi 15,Xiaomi,0.24382171,3.843789
GENV2_02345,iPhone 17,Apple,0.2754768,4.155624
GENV2_02354,Find N5,OPPO,0.09579052,4.134772
GENV2_03452,iPhone 17 Pro Max,Apple,0.072057314,4.473482
SYNEXP_00020,Galaxy S25 Ultra,Samsung,0.095635645,3.8600981
SYNEXP_00677,Phone 2a Plus,Nothing,0.13224176,3.1110454
SYNEXP_00991,Apple Study A,Apple,0.8183722,2.2796535
SYNEXP_01349,Google Study A,Google,0.16892765,3.7990544
SYNEXP_01636,Motorola Study A,Motorola,0.12867486,4.118086
SYNEXP_02120,Nothing Study B,Nothing,0.28489852,3.251119
SYNEXP_02506,OPPO Study B,OPPO,0.023169,4.155962
SYNEXP_02676,OnePlus Study B,OnePlus,0.545929,3.0670917
SYNEXP_02728,OnePlus Study B,OnePlus,0.114285864,3.3541582
SYNEXP_03317,Samsung Study B,Samsung,0.91076714,2.1503239
GENV2_01607,Xiaomi 15,Xiaomi,0.025188258,3.9629033
GENV2_01897,OnePlus 13R,OnePlus,0.17291923,3.9322765
GENV2_02456,OnePlus 13T,OnePlus,0.04680072,4.554402
GENV2_03627,iPhone 17 Pro Max,Apple,0.34952918,3.8236
GENV2_03825,iPhone 17 Pro,Apple,0.038840875,4.2778473
GENV2_03985,Pixel 10 Pro,Google,0.1074084,4.228856
SYNEXP_00130,Find X8 Pro,OPPO,0.3797811,3.5155315
SYNEXP_00153,Galaxy S26,Samsung,0.3351887,2.9022577
SYNEXP_00182,Reno 13 Pro,OPPO,0.054696545,3.7254663
SYNEXP_00196,Galaxy A56 5G,Samsung,0.01796361,4.655685
SYNEXP_00707,Phone 2a Plus,Nothing,0.09774622,2.9398165
SYNEXP_02275,OPPO Study A,OPPO,0.44272828,3.560209
SYNEXP_02511,OPPO Study B,OPPO,0.2347424,3.5817957
SYNEXP_02572,OnePlus Study A,OnePlus,0.88385874,2.1630225
GENV2_00369,Galaxy A56 5G,Samsung,0.7603333,3.2108939
GENV2_00723,Moto G Power 2025,Motorola,0.71426225,3.686967
GENV2_01458,OnePlus 13T,OnePlus,0.3358164,3.640229
GENV2_01481,Nothing Phone 3,Nothing,0.16405699,4.1892443
GENV2_01636,Pixel 10 Pro,Google,0.01625724,3.9026446
SYNEXP_00349,OnePlus 13R,OnePlus,0.566691,2.8002605
SYNEXP_00874,Motorola Edge 60 Pro,Motorola,0.107571684,3.6641407
SYNEXP_02409,OPPO Study B,OPPO,0.36681452,3.1560278
SYNEXP_03239,Samsung Study A,Samsung,0.67762816,2.84483
SYNEXP_03503,Xiaomi Study A,Xiaomi,0.118503,3.9708228
GENV2_00065,Phone 3a Pro,Nothing,0.8277797,3.0390937
GENV2_00381,iPhone 16e,Apple,0.79726076,3.124745
GENV2_00433,iPhone 16e,Apple,0.7610638,3.2221413
GENV2_00552,Find N5,OPPO,0.9238493,2.5320065
GENV2_00626,Galaxy A56 5G,Samsung,0.6355195,3.5700254
GENV2_02364,iPhone 17,Apple,0.09585413,3.7571414
GENV2_02713,Pixel 9a,Google,0.15767172,3.6771216
GENV2_02952,Galaxy S25 Ultra,Samsung,0.11917179,4.6547937
GENV2_03214,OnePlus 13,OnePlus,0.35462645,3.497743
GENV2_03394,Galaxy S26 Ultra,Samsung,0.20479472,3.7377768
GENV2_03759,Galaxy S25 Ultra,Samsung,0.058523536,4.7892823
SYNEXP_01613,Motorola Study A,Motorola,0.11888598,3.72194
SYNEXP_01892,Nothing Study A,Nothing,0.055601135,4.791761
SYNEXP_02065,Nothing Study B,Nothing,0.13038456,2.9453814
SYNEXP_02341,OPPO Study A,OPPO,0.5888231,2.8247604
SYNEXP_02899,Realme Study A,Realme,0.19655731,3.3038676
SYNEXP_02927,Realme Study A,Realme,0.8443399,2.314689
SYNEXP_03422,Samsung Study B,Samsung,0.46535236,3.081724
SYNEXP_03672,Xiaomi Study B,Xiaomi,0.018308647,4.3361115
GENV2_00217,Galaxy A56 5G,Samsung,0.8371483,2.5923462
GENV2_01653,Find X8 Pro,OPPO,0.06291678,4.109628
GENV2_02070,Xiaomi 15,Xiaomi,0.047634855,4.188624
SYNEXP_01084,Apple Study A,Apple,0.093568586,4.1070414
SYNEXP_01146,Apple Study B,Apple,0.07592026,3.8414645
SYNEXP_02312,OPPO Study A,OPPO,0.05637055,4.064042
SYNEXP_02663,OnePlus Study A,OnePlus,0.06581069,4.637446
SYNEXP_02750,OnePlus Study B,OnePlus,0.7213583,2.4821916
SYNEXP_03368,Samsung Study B,Samsung,0.8626699,2.3734562
GENV2_00575,Phone 2a Plus,Nothing,0.7543625,3.060081
GENV2_00685,iPhone 16e,Apple,0.6624336,2.8173745
GENV2_01608,Moto G Power 2025,Motorola,0.24114497,3.9596314
GENV2_01899,Xiaomi 15,Xiaomi,0.1422787,3.9368274
GENV2_02290,Xiaomi 15,Xiaomi,0.15035285,4.0750875
GENV2_02461,Xiaomi 15,Xiaomi,0.21108648,4.062895
GENV2_04064,OnePlus 13,OnePlus,0.09182708,4.3072968
SYNEXP_00075,Realme GT 7 Pro,Realme,0.21951744,3.3530471
SYNEXP_00599,Pixel 10 Pro,Google,0.2801611,3.1750371
SYNEXP_00866,Motorola Edge 60 Pro,Motorola,0.3344189,3.3498158
SYNEXP_01630,Motorola Study A,Motorola,0.11443084,3.6077008
SYNEXP_01933,Nothing Study A,Nothing,0.5625586,3.356174
SYNEXP_02006,Nothing Study A,Nothing,0.8603002,1.8543313
SYNEXP_02500,OPPO Study B,OPPO,0.8148371,2.5365608
SYNEXP_03116,Realme Study B,Realme,0.81520206,2.5676246
SYNEXP_03643,Xiaomi Study B,Xiaomi,0.2244928,3.1697352
GENV2_00702,Xiaomi 15 Ultra,Xiaomi,0.32546896,3.5149808
GENV2_02099,Razr 60 Ultra,Motorola,0.43929395,3.594201
GENV2_02597,iPhone 16,Apple,0.215826,4.0170107
GENV2_02968,Pixel 9a,Google,0.13609642,4.553536
GENV2_03001,iPhone 17 Pro Max,Apple,0.16975786,4.264451
GENV2_03208,Find X8 Pro,OPPO,0.07080431,3.921998
GENV2_03417,Find X8 Pro,OPPO,0.13810532,4.3973904
SYNEXP_01577,Motorola Study A,Motorola,0.56866986,2.7960865
SYNEXP_01979,Nothing Study A,Nothing,0.86433625,2.5158231
SYNEXP_02402,OPPO Study B,OPPO,0.21046652,3.3357048
SYNEXP_02759,OnePlus Study B,OnePlus,0.899534,1.7989831
GENV2_00204,Phone 2a Plus,Nothing,0.6938567,2.5026984
GENV2_00214,Pixel 9a,Google,0.7455463,3.405276
GENV2_00475,Pixel 9a,Google,0.9170392,3.0961192
GENV2_00705,Nothing Phone 3,Nothing,0.45360255,3.542055
GENV2_01463,Realme GT 7 Pro,Realme,0.18405238,3.5965576
GENV2_02087,Motorola Edge 60 Pro,Motorola,0.59334254,3.228402
GENV2_02838,Realme GT 7,Realme,0.34102336,3.9352865
GENV2_02976,Pixel 10 Pro XL,Google,0.15590441,4.157021
SYNEXP_00378,Pixel 10 Pro XL,Google,0.22322795,3.713416
SYNEXP_01244,Google Study A,Google,0.16355164,3.4116526
SYNEXP_01921,Nothing Study A,Nothing,0.02353379,4.467504
GENV2_00009,Moto G Power 2025,Motorola,0.93527377,2.150501
GENV2_00836,Phone 3a Pro,Nothing,0.67944443,3.3117297
GENV2_01029,Phone 2a Plus,Nothing,0.29089585,3.8828948
GENV2_01235,Pixel 10,Google,0.33021194,3.7386553
GENV2_01268,Phone 2a Plus,Nothing,0.56580204,4.0397215
GENV2_01857,Realme GT 7,Realme,0.1234959,4.0181546
GENV2_02195,Xiaomi 15,Xiaomi,0.15487342,3.4206579
GENV2_02505,Find X8 Pro,OPPO,0.068740726,4.264985
GENV2_03008,iPhone 17 Pro Max,Apple,0.26772013,4.028958
GENV2_03684,iPhone 17,Apple,0.19121024,4.069187
GENV2_03928,Galaxy S25 Ultra,Samsung,0.09641806,4.4761004
SYNEXP_00516,Nothing Phone 3,Nothing,0.12854408,3.680456
SYNEXP_01723,Motorola Study B,Motorola,0.17864208,4.110438
SYNEXP_01951,Nothing Study A,Nothing,0.70052594,2.7603843
SYNEXP_01954,Nothing Study A,Nothing,0.15483204,3.179451
SYNEXP_02198,Nothing Study B,Nothing,0.8488933,1.8076394
SYNEXP_02760,OnePlus Study B,OnePlus,0.143094,3.8398468
SYNEXP_02990,Realme Study A,Realme,0.5583049,2.3936028
SYNEXP_03220,Samsung Study A,Samsung,0.8820591,2.1920838
GENV2_01337,Nothing Phone 3,Nothing,0.34871247,3.7370942
GENV2_01355,Galaxy S26,Samsung,0.63908905,3.601361
GENV2_01615,Pixel 10 Pro,Google,0.25892058,3.864606
GENV2_01809,Redmi Note 14 Pro+,Xiaomi,0.016822841,3.564169
GENV2_02119,Pixel 10 Pro XL,Google,0.113537595,3.615882
GENV2_02571,Galaxy S26,Samsung,0.14624165,4.4181
GENV2_02684,Xiaomi 15,Xiaomi,0.15912998,4.2731338
GENV2_02758,OnePlus 13R,OnePlus,0.82032436,3.2608883
GENV2_02947,Motorola Edge 60 Pro,Motorola,0.042932574,4.4251313
GENV2_03756,Galaxy S25 Ultra,Samsung,0.069537535,4.588189
SYNEXP_01069,Apple Study A,Apple,0.9039009,1.7511799
SYNEXP_01297,Google Study A,Google,0.5564049,2.784556
SYNEXP_02504,OPPO Study B,OPPO,0.25215107,3.0781832
SYNEXP_03281,Samsung Study A,Samsung,0.64949477,2.8981044
SYNEXP_03650,Xiaomi Study B,Xiaomi,0.020881826,4.7092834
GENV2_01824,Motorola Edge 60 Pro,Motorola,0.32844856,3.7099397
GENV2_02024,iPhone 17,Apple,0.27289087,3.721396
GENV2_02156,OnePlus 13,OnePlus,0.15583435,4.366019
GENV2_02370,Nothing Phone 3,Nothing,0.35517812,3.7483478
GENV2_02689,Find X8 Pro,OPPO,0.3082278,3.7326708
SYNEXP_01998,Nothing Study A,Nothing,0.13854775,4.059451
SYNEXP_03327,Samsung Study B,Samsung,0.1022255,3.9172294
GENV2_00351,Phone 2a Plus,Nothing,0.78953785,3.0443888
GENV2_01027,Phone 2a Plus,Nothing,0.5191089,3.348992
GENV2_02849,OnePlus 13,OnePlus,0.08478719,4.5199566
GENV2_03042,Find X8 Pro,OPPO,0.12746362,4.5040836
SYNEXP_00055,Pixel 10,Google,0.070662335,3.8782258
SYNEXP_00550,Pixel 9a,Google,0.5562165,2.8174815
SYNEXP_02175,Nothing Study B,Nothing,0.22719066,3.5679195
SYNEXP_02827,Realme Study A,Realme,0.17288212,3.5291166
SYNEXP_02952,Realme Study A,Realme,0.06915044,3.9527657
SYNEXP_03480,Xiaomi Study A,Xiaomi,0.021202933,4.5445695
GENV2_00745,Galaxy A56 5G,Samsung,0.75479287,2.9821193
GENV2_01234,Pixel 10 Pro XL,Google,0.5445778,3.394874
GENV2_02605,Galaxy S26 Ultra,Samsung,0.40680102,4.0789876
GENV2_03249,Galaxy Z Flip7,Samsung,0.022615647,4.732158
GENV2_03388,iPhone 17 Pro,Apple,0.13403699,4.138281
SYNEXP_01879,Nothing Study A,Nothing,0.11233789,3.4755263
SYNEXP_03265,Samsung Study A,Samsung,0.19996609,3.5321386
SYNEXP_03590,Xiaomi Study A,Xiaomi,0.06860099,3.3909252
GENV2_00492,Pixel 10,Google,0.4152766,3.4120061
GENV2_01465,Realme GT 7 Pro,Realme,0.42093718,3.405367
GENV2_02651,Nothing Phone 3,Nothing,0.2091236,3.9926982
GENV2_02820,iPhone 17 Pro Max,Apple,0.22043356,3.9870212
GENV2_04144,Galaxy S26,Samsung,0.09635305,4.441478
SYNEXP_00739,Moto G Power 2025,Motorola,0.514662,3.2205403
SYNEXP_00840,Realme 14 Pro+,Realme,0.30088907,3.1570754
SYNEXP_02787,OnePlus Study B,OnePlus,0.29116383,2.9946444
SYNEXP_03411,Samsung Study B,Samsung,0.016544066,4.345733
GENV2_00286,Pixel 10,Google,0.93613195,3.1454105
GENV2_00646,Realme 14 Pro+,Realme,0.76745373,3.4978614
GENV2_01334,Find X8 Pro,OPPO,0.5106889,3.9484842
GENV2_02324,Xiaomi 15,Xiaomi,0.7555443,2.8671594
GENV2_03051,OnePlus 13R,OnePlus,0.22486202,3.9618735
GENV2_03144,Reno 13 Pro,OPPO,0.36188275,3.6695757
GENV2_03242,Galaxy S26 Ultra,Samsung,0.24916852,4.0323195
GENV2_03485,Xiaomi 15 Ultra,Xiaomi,0.5710246,3.475861
SYNEXP_01397,Google Study A,Google,0.0580546,3.8320303
SYNEXP_01878,Nothing Study A,Nothing,0.109761626,3.469353
SYNEXP_02724,OnePlus Study B,OnePlus,0.12869975,3.7810707
SYNEXP_03047,Realme Study B,Realme,0.081065446,4.219196
GENV2_01263,Galaxy Z Flip7,Samsung,0.714147,3.0348318
GENV2_01483,Find X8 Pro,OPPO,0.36071527,3.6534035
GENV2_01664,Reno 13 Pro,OPPO,0.50501436,3.1261168
GENV2_01865,Galaxy A56 5G,Samsung,0.27109185,3.9945633
GENV2_02943,Galaxy A56 5G,Samsung,0.35293546,3.8062189
GENV2_03605,Xiaomi 15,Xiaomi,0.09433938,4.259599
SYNEXP_01304,Google Study A,Google,0.093896806,3.7672591
SYNEXP_01863,Motorola Study B,Motorola,0.024636658,3.6233892
SYNEXP_02167,Nothing Study B,Nothing,0.04000822,4.066782
SYNEXP_02881,Realme Study A,Realme,0.023067784,4.7663693
SYNEXP_03152,Samsung Study A,Samsung,0.033073608,4.284406
GENV2_00044,Find N5,OPPO,0.82309276,2.9600298
GENV2_00464,Moto G Power 2025,Motorola,0.84091973,2.8960383
GENV2_00822,OnePlus 13R,OnePlus,0.72678983,3.5557435
GENV2_01958,OnePlus 13T,OnePlus,0.39377668,3.8916867
GENV2_02061,Motorola Edge 60 Pro,Motorola,0.18488015,4.0146365
GENV2_02349,Galaxy Z Flip7,Samsung,0.13581972,4.143065
GENV2_02462,Razr 60 Ultra,Motorola,0.30749583,3.7662308
SYNEXP_00404,Pixel 10 Pro XL,Google,0.0985595,3.8148088
SYNEXP_00498,iPhone 17,Apple,0.9339108,2.089406
SYNEXP_01267,Google Study A,Google,0.6981826,1.8408102
SYNEXP_01764,Motorola Study B,Motorola,0.7920133,1.9927557
SYNEXP_02193,Nothing Study B,Nothing,0.85614824,1.9540393
SYNEXP_02652,OnePlus Study A,OnePlus,0.2919951,3.493862
SYNEXP_02826,Realme Study A,Realme,0.008568059,4.529583
SYNEXP_03170,Samsung Study A,Samsung,0.08726866,3.6656277
GENV2_01243,Motorola Edge 60 Pro,Motorola,0.4729287,3.5161448
GENV2_02694,Motorola Edge 60 Pro,Motorola,0.32274097,4.0727787
GENV2_03935,Find X8 Pro,OPPO,0.061819863,4.9988313
SYNEXP_00547,Pixel 9a,Google,0.38033348,2.9824805
SYNEXP_00873,Motorola Edge 60 Pro,Motorola,0.30612835,3.7418313
SYNEXP_01148,Apple Study B,Apple,0.1910167,3.6203046
SYNEXP_01534,Google Study B,Google,0.23107417,3.2266898
SYNEXP_02338,OPPO Study A,OPPO,0.03710991,4.4087443
SYNEXP_02732,OnePlus Study B,OnePlus,0.13265024,3.6881337
GENV2_00307,Find N5,OPPO,0.62496114,3.050552
GENV2_01150,Galaxy Z Flip7,Samsung,0.28605497,3.6886094
GENV2_01905,Phone 3a Pro,Nothing,0.31286284,3.4790595
GENV2_03078,Pixel 10 Pro XL,Google,0.11422172,4.4778466
GENV2_03630,OnePlus 13,OnePlus,0.20165272,4.2337036
SYNEXP_01029,Apple Study A,Apple,0.46263808,3.0226634
SYNEXP_01714,Motorola Study A,Motorola,0.21966778,3.615546
SYNEXP_03042,Realme Study B,Realme,0.8018436,2.272136
SYNEXP_03149,Samsung Study A,Samsung,0.108750045,3.8508792
GENV2_00768,Reno 13 Pro,OPPO,0.2936098,3.803257
GENV2_02217,iPhone 16,Apple,0.051093485,4.2711554
SYNEXP_00262,iPhone 17 Pro Max,Apple,0.70676845,2.7273903
SYNEXP_00342,Xiaomi 15,Xiaomi,0.061890546,4.5315404
SYNEXP_00634,OnePlus 13T,OnePlus,0.8326524,2.0980537
SYNEXP_00692,Phone 2a Plus,Nothing,0.6372645,2.8894079
SYNEXP_00857,Motorola Edge 60 Pro,Motorola,0.08387291,3.5436416
SYNEXP_00891,Find N5,OPPO,0.07985087,4.419199
SYNEXP_01222,Apple Study B,Apple,0.14944252,3.7856367
SYNEXP_01810,Motorola Study B,Motorola,0.2770811,3.1330373
SYNEXP_01830,Motorola Study B,Motorola,0.078452356,3.512813
SYNEXP_02465,OPPO Study B,OPPO,0.6710852,2.848838
SYNEXP_02830,Realme Study A,Realme,0.27085674,3.1858017
SYNEXP_03709,Xiaomi Study B,Xiaomi,0.38616702,2.888837
GENV2_00737,Galaxy A56 5G,Samsung,0.43268672,3.3638299
GENV2_01222,Galaxy Z Flip7,Samsung,0.46173233,3.3795562
GENV2_01817,Xiaomi 15 Ultra,Xiaomi,0.07705631,4.559913
GENV2_02893,Galaxy S26,Samsung,0.17349857,4.50034
SYNEXP_01575,Motorola Study A,Motorola,0.053753905,4.236942
SYNEXP_02514,OPPO Study B,OPPO,0.062381197,3.9526978
SYNEXP_03123,Realme Study B,Realme,0.7287345,2.8964329
SYNEXP_03225,Samsung Study A,Samsung,0.08413499,3.6314025
SYNEXP_03521,Xiaomi Study A,Xiaomi,0.048117284,4.8792415
GENV2_00826,Redmi Note 14 Pro+,Xiaomi,0.37612435,3.6646996
GENV2_00951,Pixel 10 Pro XL,Google,0.8402699,3.0686011
GENV2_01281,Find N5,OPPO,0.6138871,3.5597916
GENV2_01331,Reno 13 Pro,OPPO,0.3379235,3.4570513
GENV2_02243,OnePlus 13T,OnePlus,0.18079129,4.0023336
GENV2_02270,OnePlus 13T,OnePlus,0.09315065,4.0158906
GENV2_03739,Galaxy S26 Ultra,Samsung,0.20006014,4.445845
GENV2_03883,OnePlus 13,OnePlus,0.3890369,4.5071454
GENV2_04062,Motorola Edge 60 Pro,Motorola,0.0943138,4.4656124
SYNEXP_00220,OnePlus 13,OnePlus,0.4632166,3.2634294
SYNEXP_02063,Nothing Study B,Nothing,0.059300896,3.7393942
SYNEXP_03137,Realme Study B,Realme,0.85655534,2.2854784
SYNEXP_03377,Samsung Study B,Samsung,0.4959264,3.2629187
GENV2_00344,Realme 14 Pro+,Realme,0.61917734,2.5003786
GENV2_00709,Pixel 9a,Google,0.24740882,4.098687
GENV2_02736,Motorola Edge 60 Pro,Motorola,0.22883375,4.307978
GENV2_02836,iPhone 17,Apple,0.38728604,3.6689768
GENV2_03212,iPhone 17 Pro Max,Apple,0.018220354,4.887404
GENV2_03506,iPhone 17,Apple,0.18928622,4.220086
GENV2_03918,Xiaomi 15 Ultra,Xiaomi,0.32827768,3.959957
SYNEXP_00272,iPhone 17 Pro Max,Apple,0.8838624,1.9960264
SYNEXP_00860,Motorola Edge 60 Pro,Motorola,0.44364893,2.6337104
SYNEXP_01357,Google Study A,Google,0.2812134,3.2370992
SYNEXP_01499,Google Study B,Google,0.15113816,3.5260816
SYNEXP_01787,Motorola Study B,Motorola,0.78652924,2.5122845
SYNEXP_02455,OPPO Study B,OPPO,0.21063438,3.5260384
GENV2_00132,Phone 2a Plus,Nothing,0.69584316,3.1444206
GENV2_01211,Razr 60 Ultra,Motorola,0.44239643,3.9977362
GENV2_02420,Realme GT 7,Realme,0.20402189,3.867481
GENV2_04005,iPhone 16,Apple,0.46555156,3.584907
GENV2_04109,Galaxy S26 Ultra,Samsung,0.2586165,3.8818796
GENV2_04142,Galaxy S26 Ultra,Samsung,0.06959974,4.679801
SYNEXP_00225,OnePlus 13,OnePlus,0.66813964,2.852948
SYNEXP_00989,Apple Study A,Apple,0.1856129,3.9379432
SYNEXP_01170,Apple Study B,Apple,0.24812518,3.2912605
SYNEXP_01340,Google Study A,Google,0.26101452,3.1002963
SYNEXP_01347,Google Study A,Google,0.30961794,3.092245
SYNEXP_02319,OPPO Study A,OPPO,0.1359852,3.905176
SYNEXP_02943,Realme Study A,Realme,0.004293464,4.9447923
SYNEXP_03437,Samsung Study B,Samsung,0.07372951,3.5028427
GENV2_00359,Galaxy A56 5G,Samsung,0.73024577,3.1745384
GENV2_00775,Galaxy A56 5G,Samsung,0.5838327,3.312716
GENV2_00802,Galaxy Z Flip7,Samsung,0.28702524,4.000394
GENV2_01644,Galaxy Z Flip7,Samsung,0.24060427,3.5402713
GENV2_01751,Pixel 9a,Google,0.28235722,3.7934985
GENV2_01752,Pixel 10,Google,0.17696278,3.7491784
GENV2_02073,Pixel 10,Google,0.3045124,4.017946
GENV2_02391,Motorola Edge 60 Pro,Motorola,0.19041437,3.7678246
GENV2_02771,iPhone 16,Apple,0.108605795,4.053841
GENV2_03103,iPhone 17 Pro,Apple,0.25452977,4.2651143
GENV2_03160,Galaxy S26 Ultra,Samsung,0.14874701,4.3152957
SYNEXP_00650,Razr 60 Ultra,Motorola,0.021664446,4.185855
SYNEXP_01151,Apple Study B,Apple,0.87136984,2.3593583
SYNEXP_01497,Google Study B,Google,0.5304423,2.6415277
SYNEXP_01621,Motorola Study A,Motorola,0.083895184,3.9795358
SYNEXP_03550,Xiaomi Study A,Xiaomi,0.13773832,3.4896965
SYNEXP_03721,Xiaomi Study B,Xiaomi,0.7803855,2.4009671
SYNEXP_03727,Xiaomi Study B,Xiaomi,0.26275548,3.5293496
GENV2_00507,Moto G Power 2025,Motorola,0.7183954,3.2930787
GENV2_00558,Galaxy A56 5G,Samsung,0.54360247,3.5126803
GENV2_00691,Phone 2a Plus,Nothing,0.88328284,3.0875797
GENV2_00713,Phone 2a Plus,Nothing,0.92189336,2.8469245
GENV2_01071,Galaxy Z Flip7,Samsung,0.41643718,3.9367728
GENV2_01837,OnePlus 13T,OnePlus,0.23062515,3.9965973
GENV2_03449,iPhone 17 Pro,Apple,0.076183654,4.534479
GENV2_04106,Realme GT 7 Pro,Realme,0.14432585,4.0649266
GENV2_04157,Nothing Phone 3,Nothing,0.36669573,3.8353689
SYNEXP_00319,Xiaomi 15,Xiaomi,0.265218,3.4248083
SYNEXP_00504,iPhone 17,Apple,0.22665055,3.792966
SYNEXP_01106,Apple Study B,Apple,0.05547019,3.9866123
SYNEXP_01941,Nothing Study A,Nothing,0.049097575,4.6806784
SYNEXP_02631,OnePlus Study A,OnePlus,0.20039648,3.6010056
SYNEXP_03161,Samsung Study A,Samsung,0.0247283,4.816651
SYNEXP_03168,Samsung Study A,Samsung,0.14553489,3.8230042
SYNEXP_03427,Samsung Study B,Samsung,0.1809894,3.871255
GENV2_00219,Redmi Note 14 Pro+,Xiaomi,0.3829671,3.7057073
GENV2_00314,Motorola Edge 60 Pro,Motorola,0.36396542,3.8112674
GENV2_00540,Realme 14 Pro+,Realme,0.8656661,2.2894084
GENV2_01346,Phone 2a Plus,Nothing,0.8954941,2.9955623
GENV2_01591,Xiaomi 15 Ultra,Xiaomi,0.41469836,3.1524749
GENV2_01802,Galaxy A56 5G,Samsung,0.30712363,3.5414643
GENV2_02105,OnePlus 13,OnePlus,0.24600601,3.9944816
GENV2_02287,Motorola Edge 60 Pro,Motorola,0.14791608,4.4626656
GENV2_02917,Pixel 9a,Google,0.30630407,3.7191374
GENV2_03082,Xiaomi 15 Ultra,Xiaomi,0.048061557,4.3638306
GENV2_03511,Galaxy S25 Ultra,Samsung,0.11491126,4.8164463
SYNEXP_00483,Redmi Note 14 Pro+,Xiaomi,0.28982383,3.2786505
SYNEXP_00847,Realme 14 Pro+,Realme,0.33207414,3.4469035
SYNEXP_02012,Nothing Study A,Nothing,0.84969914,2.6322663
SYNEXP_02147,Nothing Study B,Nothing,0.75486475,1.8686181
SYNEXP_03297,Samsung Study A,Samsung,0.029351683,4.4509425
SYNEXP_03359,Samsung Study B,Samsung,0.16022359,3.887246
GENV2_00998,iPhone 17,Apple,0.658864,3.159877
GENV2_03541,Pixel 10,Google,0.010301273,4.8884277
GENV2_03815,Xiaomi 15,Xiaomi,0.049509753,4.5862117
GENV2_03816,Pixel 9a,Google,0.066461064,4.433729
GENV2_03911,iPhone 17 Pro,Apple,0.10223022,4.528554
SYNEXP_00704,Phone 2a Plus,Nothing,0.6603826,2.6246488
SYNEXP_01125,Apple Study B,Apple,0.79397583,2.377652
SYNEXP_02914,Realme Study A,Realme,0.07310796,3.6781638
SYNEXP_03210,Samsung Study A,Samsung,0.251675,3.2553158
GENV2_00057,Phone 2a Plus,Nothing,0.57859427,3.6188946
GENV2_00206,Find N5,OPPO,0.95203596,2.6957316
GENV2_00612,Realme 14 Pro+,Realme,0.56304425,3.4662519
GENV2_01961,OnePlus 13R,OnePlus,0.26812708,3.9946845
GENV2_03339,Find X8 Pro,OPPO,0.14367017,4.269363
GENV2_03362,iPhone 17 Pro,Apple,0.025628293,4.7345505
SYNEXP_02519,OPPO Study B,OPPO,0.6529567,2.3152158
GENV2_00446,iPhone 16e,Apple,0.71098506,3.0819535
GENV2_03805,Galaxy S26,Samsung,0.117099926,4.6825304
SYNEXP_00208,OnePlus 13,OnePlus,0.037513845,3.2323127
SYNEXP_00981,Apple Study A,Apple,0.88407373,1.432595
SYNEXP_02103,Nothing Study B,Nothing,0.33158147,3.2905111
SYNEXP_02793,OnePlus Study B,OnePlus,0.45792943,3.2642574
SYNEXP_03481,Xiaomi Study A,Xiaomi,0.18430169,3.6651564
GENV2_00030,Find N5,OPPO,0.70149654,2.2334876
GENV2_00551,Realme 14 Pro+,Realme,0.56697214,3.3978748
GENV2_01146,OnePlus 13,OnePlus,0.5738953,3.8418508
GENV2_01373,Motorola Edge 60 Pro,Motorola,0.53125876,3.7333236
GENV2_02129,Realme GT 7 Pro,Realme,0.2220835,3.9759362
GENV2_02196,OnePlus 13T,OnePlus,0.012150667,4.2482557
GENV2_03777,iPhone 17 Pro Max,Apple,0.41939393,3.9595454
GENV2_03977,iPhone 17 Pro,Apple,0.16511717,4.4296083
SYNEXP_00110,iPhone 16e,Apple,0.22425283,3.3673546
SYNEXP_00846,Realme 14 Pro+,Realme,0.407451,3.1952386
SYNEXP_01747,Motorola Study B,Motorola,0.015815295,4.5490484
SYNEXP_02848,Realme Study A,Realme,0.09617274,3.984678
SYNEXP_03718,Xiaomi Study B,Xiaomi,0.5829861,2.467495
GENV2_00717,iPhone 16e,Apple,0.8198501,2.5420113
GENV2_00719,Galaxy Z Flip7,Samsung,0.93653244,3.184153
GENV2_01194,Pixel 9a,Google,0.59586424,3.566058
GENV2_02286,Reno 13 Pro,OPPO,0.77555627,3.1003735
GENV2_02752,OnePlus 13,OnePlus,0.13150717,4.2049417
GENV2_03136,Find X8 Pro,OPPO,0.15000698,4.1990423
GENV2_03374,Pixel 10,Google,0.22961275,4.361584
GENV2_03660,Galaxy S26,Samsung,0.2304732,3.8933396
GENV2_04079,Find X8 Pro,OPPO,0.23760189,4.3652916
SYNEXP_00617,OnePlus 13T,OnePlus,0.038267676,4.463232
SYNEXP_00771,Realme GT 7,Realme,0.008251158,4.754101
SYNEXP_01539,Google Study B,Google,0.09087268,4.1727786
SYNEXP_02863,Realme Study A,Realme,0.055910796,4.484654
SYNEXP_02996,Realme Study B,Realme,0.25256237,3.121339
SYNEXP_03708,Xiaomi Study B,Xiaomi,0.18744734,3.2721782
GENV2_00245,Galaxy A56 5G,Samsung,0.7253256,3.3387737
GENV2_00746,Galaxy A56 5G,Samsung,0.878451,2.6986456
GENV2_00766,Realme GT 7 Pro,Realme,0.20128605,3.9000514
GENV2_01272,Realme 14 Pro+,Realme,0.9128711,3.048617
GENV2_01651,Galaxy A56 5G,Samsung,0.16219291,3.2527215
GENV2_01658,Realme 14 Pro+,Realme,0.13767107,3.6048727
GENV2_02760,Xiaomi 15 Ultra,Xiaomi,0.024948929,4.676563
GENV2_03119,Galaxy S26,Samsung,0.33289543,4.335868
GENV2_03155,OnePlus 13R,OnePlus,0.1701512,4.1611643
GENV2_03469,iPhone 17,Apple,0.11848935,4.7148094
GENV2_04140,Galaxy S26 Ultra,Samsung,0.18127923,4.1609397
SYNEXP_00013,Galaxy S25 Ultra,Samsung,0.15028282,3.9143891
SYNEXP_00222,OnePlus 13,OnePlus,0.398593,2.5255451
SYNEXP_01682,Motorola Study A,Motorola,0.5916574,2.8252325
SYNEXP_01762,Motorola Study B,Motorola,0.47099397,3.2328496
SYNEXP_02399,OPPO Study B,OPPO,0.44840053,3.0002162
SYNEXP_02874,Realme Study A,Realme,0.96448386,1.5486937
SYNEXP_02959,Realme Study A,Realme,0.8011122,2.5061183
SYNEXP_03553,Xiaomi Study A,Xiaomi,0.04577694,4.3161607
GENV2_01166,iPhone 16,Apple,0.5359458,3.234374
GENV2_01559,iPhone 17 Pro,Apple,0.16725372,4.21606
GENV2_02500,iPhone 16,Apple,0.16567753,3.9811962
GENV2_03291,OnePlus 13,OnePlus,0.13513562,4.244127
GENV2_03464,iPhone 16,Apple,0.13175198,4.5619335
GENV2_03581,Pixel 10 Pro,Google,0.19490375,3.9885027
SYNEXP_00478,Redmi Note 14 Pro+,Xiaomi,0.1481808,3.495749
SYNEXP_00536,Nothing Phone 3,Nothing,0.23958063,3.4670384
SYNEXP_01117,Apple Study B,Apple,0.08660061,3.5441742
SYNEXP_01174,Apple Study B,Apple,0.09448974,3.2073636
SYNEXP_02369,OPPO Study B,OPPO,0.73672146,3.007147
SYNEXP_02393,OPPO Study B,OPPO,0.041676138,4.13882
SYNEXP_03011,Realme Study B,Realme,0.10718007,3.8440423
SYNEXP_03108,Realme Study B,Realme,0.0696831,4.1149836
SYNEXP_03275,Samsung Study A,Samsung,0.09419831,4.6517873
SYNEXP_03640,Xiaomi Study B,Xiaomi,0.121332206,3.426629
GENV2_00721,Phone 3a Pro,Nothing,0.88078445,2.8495126
GENV2_00792,Phone 2a Plus,Nothing,0.5465988,3.313521
GENV2_01410,Phone 2a Plus,Nothing,0.18205152,3.262032
GENV2_01975,Realme GT 7 Pro,Realme,0.16416413,3.549328
GENV2_02250,Razr 60 Ultra,Motorola,0.711999,3.3707974
GENV2_02717,iPhone 17 Pro Max,Apple,0.23239397,4.081421
GENV2_03177,OnePlus 13T,OnePlus,0.075804114,4.420947
GENV2_03206,Pixel 10 Pro XL,Google,0.1439446,4.2248626
GENV2_03380,Galaxy S26,Samsung,0.028788267,4.9512043
SYNEXP_00756,Realme GT 7,Realme,0.04750343,4.2440104
SYNEXP_01101,Apple Study B,Apple,0.76998276,2.1849532
SYNEXP_01635,Motorola Study A,Motorola,0.09522583,3.763684
SYNEXP_01722,Motorola Study B,Motorola,0.2764898,3.3907876
SYNEXP_02296,OPPO Study A,OPPO,0.2095651,3.8710291
GENV2_00964,Pixel 10 Pro,Google,0.41965702,3.1484911
GENV2_03408,Razr 60 Ultra,Motorola,0.040192492,4.6349077
GENV2_03939,Find X8 Pro,OPPO,0.2913695,4.0080523
GENV2_04168,Galaxy S26,Samsung,0.16363475,4.025356
SYNEXP_00305,iPhone 16,Apple,0.035677683,4.191818
SYNEXP_00390,Pixel 10 Pro XL,Google,0.8560453,2.0931098
SYNEXP_00758,Realme GT 7,Realme,0.20219186,3.403524
SYNEXP_00905,Find N5,OPPO,0.66610086,2.6585283
SYNEXP_00924,Apple Study A,Apple,0.79619676,2.0244606
SYNEXP_01028,Apple Study A,Apple,0.041871678,4.6178317
SYNEXP_01593,Motorola Study A,Motorola,0.14988779,3.545267
SYNEXP_01861,Motorola Study B,Motorola,0.87644726,1.7795712
SYNEXP_02125,Nothing Study B,Nothing,0.24648726,3.2032914
SYNEXP_02248,OPPO Study A,OPPO,0.09804097,4.121426
SYNEXP_02359,OPPO Study B,OPPO,0.08915166,3.6145778
SYNEXP_02991,Realme Study A,Realme,0.15309298,3.3146613
SYNEXP_03435,Samsung Study B,Samsung,0.030430023,4.1049037
GENV2_00427,Pixel 10,Google,0.87027854,2.7073424
GENV2_02031,Galaxy A56 5G,Samsung,0.09082125,4.069108
GENV2_02193,OnePlus 13R,OnePlus,0.16398664,3.950793
GENV2_02722,Xiaomi 15 Ultra,Xiaomi,0.2824156,3.9334185
GENV2_03115,Pixel 10 Pro XL,Google,0.20442434,3.995521
GENV2_03366,iPhone 17 Pro,Apple,0.07513777,4.3495708
GENV2_03592,Nothing Phone 3,Nothing,0.12552139,4.11706
GENV2_03644,iPhone 17 Pro,Apple,0.01656098,4.813995
SYNEXP_00004,Galaxy S25 Ultra,Samsung,0.6617094,2.9922113
SYNEXP_00065,Realme GT 7 Pro,Realme,0.2165082,3.0601354
SYNEXP_00289,Galaxy S26 Ultra,Samsung,0.06344824,4.0322795
SYNEXP_00759,Realme GT 7,Realme,0.17901114,3.3005583
SYNEXP_01939,Nothing Study A,Nothing,0.31295386,3.3447042
SYNEXP_02192,Nothing Study B,Nothing,0.14348657,4.3087697
SYNEXP_02347,OPPO Study A,OPPO,0.028442219,4.1968427
SYNEXP_02595,OnePlus Study A,OnePlus,0.47435105,3.4581907
GENV2_00116,Pixel 9a,Google,0.52691174,3.6599202
GENV2_01280,iPhone 16e,Apple,0.6742236,3.4415345
GENV2_01931,Redmi Note 14 Pro+,Xiaomi,0.4652745,3.4979045
GENV2_01969,OnePlus 13R,OnePlus,0.018174745,4.142255
GENV2_02124,Galaxy S25 Ultra,Samsung,0.3379513,3.6954935
GENV2_03440,iPhone 17,Apple,0.023125604,4.6540637
GENV2_04122,iPhone 17 Pro Max,Apple,0.15453929,4.4091597
SYNEXP_00422,Galaxy Z Flip7,Samsung,0.095856324,3.7512493
SYNEXP_00801,Xiaomi 15 Ultra,Xiaomi,0.45613196,3.7206125
SYNEXP_00807,Xiaomi 15 Ultra,Xiaomi,0.4585402,3.332843
SYNEXP_00998,Apple Study A,Apple,0.016986122,4.3835297
SYNEXP_02064,Nothing Study B,Nothing,0.62131816,2.997125
SYNEXP_03413,Samsung Study B,Samsung,0.3142462,3.2898915
SYNEXP_03699,Xiaomi Study B,Xiaomi,0.10035366,3.8575902
GENV2_01230,Galaxy A56 5G,Samsung,0.8253683,3.2846801
GENV2_01542,Pixel 10 Pro,Google,0.019360697,3.7683227
GENV2_01723,Pixel 10,Google,0.037898824,3.2524993
GENV2_02151,iPhone 16,Apple,0.10439908,3.8115606
GENV2_02774,iPhone 16,Apple,0.20620681,4.1649995
GENV2_03349,iPhone 17 Pro Max,Apple,0.20031907,3.929832
GENV2_03575,Galaxy S26 Ultra,Samsung,0.33008632,3.9332833
GENV2_04059,Galaxy S26,Samsung,0.03374197,4.8306584
SYNEXP_00675,Phone 2a Plus,Nothing,0.00130962,5.0
SYNEXP_01011,Apple Study A,Apple,0.1279521,3.7671812
SYNEXP_01697,Motorola Study A,Motorola,0.17770647,3.5963507
SYNEXP_01849,Motorola Study B,Motorola,0.59165555,2.7637599
SYNEXP_02721,OnePlus Study B,OnePlus,0.09385971,3.523081
SYNEXP_03197,Samsung Study A,Samsung,0.1759794,3.2927258
GENV2_00914,Realme GT 7,Realme,0.860988,2.8085895
GENV2_01158,Phone 3a Pro,Nothing,0.522833,3.5176396
GENV2_01561,iPhone 16,Apple,0.35145697,3.6697812
GENV2_01875,Motorola Edge 60 Pro,Motorola,0.34919024,3.193124
GENV2_02244,Nothing Phone 3,Nothing,0.19232985,3.7456381
GENV2_02381,Realme GT 7,Realme,0.015031908,4.2124066
GENV2_02587,Reno 13 Pro,OPPO,0.36549956,4.2967715
GENV2_03114,Galaxy S26,Samsung,0.13286462,4.335144
SYNEXP_00892,Find N5,OPPO,0.42967463,3.1437023
SYNEXP_01839,Motorola Study B,Motorola,0.6748458,2.772678
SYNEXP_02704,OnePlus Study B,OnePlus,0.7130016,3.2408617
GENV2_00447,Pixel 10,Google,0.29857293,4.0906496
GENV2_00726,Find N5,OPPO,0.7283993,3.4127986
GENV2_01063,Motorola Edge 60 Pro,Motorola,0.34959647,4.158492
GENV2_01468,Galaxy S26,Samsung,0.01906425,4.0484877
GENV2_01854,Xiaomi 15 Ultra,Xiaomi,0.3307822,3.6125624
GENV2_02989,iPhone 17 Pro,Apple,0.16238177,4.251169
GENV2_00706,Realme GT 7,Realme,0.33678338,3.8052826
GENV2_02110,Xiaomi 15,Xiaomi,0.106666826,4.2812967
GENV2_02609,Phone 2a Plus,Nothing,0.42336944,4.113945
GENV2_03438,Galaxy A56 5G,Samsung,0.039727252,4.5696554
SYNEXP_00823,Realme 14 Pro+,Realme,0.028615532,4.353082
SYNEXP_00883,Motorola Edge 60 Pro,Motorola,0.19192687,3.0358377
SYNEXP_02102,Nothing Study B,Nothing,0.27858368,3.556055
SYNEXP_03311,Samsung Study B,Samsung,0.059293654,4.1253624
SYNEXP_03725,Xiaomi Study B,Xiaomi,0.89008343,2.0419846
GENV2_01384,Nothing Phone 3,Nothing,0.7178011,3.0900998
GENV2_01845,Galaxy Z Flip7,Samsung,0.041345447,4.3012385
GENV2_02666,Motorola Edge 60 Pro,Motorola,0.26022083,3.747576
GENV2_02920,Reno 13 Pro,OPPO,0.25362107,3.935143
GENV2_02979,OnePlus 13,OnePlus,0.05014827,5.0
GENV2_03117,Galaxy S25 Ultra,Samsung,0.020569675,4.8990207
SYNEXP_00307,iPhone 16,Apple,0.045102034,4.305493
SYNEXP_00785,Xiaomi 15 Ultra,Xiaomi,0.56546557,2.8243253
SYNEXP_01779,Motorola Study B,Motorola,0.7142296,2.9634151
SYNEXP_01837,Motorola Study B,Motorola,0.58499223,2.8473225
SYNEXP_01969,Nothing Study A,Nothing,0.87922645,2.0996203
SYNEXP_02857,Realme Study A,Realme,0.4819264,3.1482303
SYNEXP_03516,Xiaomi Study A,Xiaomi,0.12569892,3.2094076
GENV2_00006,Find N5,OPPO,0.75604117,2.89186
GENV2_00175,Razr 60 Ultra,Motorola,0.21627241,4.0399294
GENV2_00835,iPhone 16e,Apple,0.49921125,3.7324748
GENV2_01611,Nothing Phone 3,Nothing,0.43737248,3.702208
GENV2_01993,Realme GT 7,Realme,0.09584905,4.366493
GENV2_02373,Pixel 10 Pro,Google,0.25603092,3.9485722
GENV2_02790,Galaxy S26,Samsung,0.058201026,4.767173
GENV2_03331,Pixel 10 Pro XL,Google,0.06744859,4.055063
GENV2_03372,iPhone 17 Pro Max,Apple,0.28399605,4.4032416
SYNEXP_01394,Google Study A,Google,0.7408231,2.6427717
SYNEXP_02047,Nothing Study B,Nothing,0.004527267,5.0
SYNEXP_02562,OnePlus Study A,OnePlus,0.20011428,3.4648566
GENV2_00633,Find N5,OPPO,0.8180838,2.7559748
GENV2_01060,Phone 3a Pro,Nothing,0.47778702,3.1170588
GENV2_01490,Pixel 10,Google,0.27664918,3.9618673
GENV2_01822,Reno 13 Pro,OPPO,0.4928465,3.1407278
GENV2_02019,Razr 60 Ultra,Motorola,0.49752337,3.2918437
GENV2_02614,OnePlus 13T,OnePlus,0.492316,3.593275
GENV2_02883,Xiaomi 15 Ultra,Xiaomi,0.1776814,4.169529
GENV2_03415,OnePlus 13,OnePlus,0.14880243,4.1003194
SYNEXP_00120,Find X8 Pro,OPPO,0.023929141,4.1935945
SYNEXP_01137,Apple Study B,Apple,0.73263234,2.9085603
SYNEXP_01537,Google Study B,Google,0.33539078,3.057291
SYNEXP_02823,OnePlus Study B,OnePlus,0.12821177,3.8186753
SYNEXP_03159,Samsung Study A,Samsung,0.21543942,3.10666
SYNEXP_03638,Xiaomi Study B,Xiaomi,0.74398565,3.0364919
SYNEXP_03711,Xiaomi Study B,Xiaomi,0.026031133,4.403121
GENV2_00442,Pixel 9a,Google,0.82311726,3.2237208
GENV2_00844,Galaxy Z Flip7,Samsung,0.6657948,3.81352
GENV2_01075,Galaxy A56 5G,Samsung,0.5445653,2.9780855
GENV2_01893,Realme GT 7,Realme,0.2613279,3.6762133
GENV2_01980,Galaxy S25 Ultra,Samsung,0.17182067,4.48983
GENV2_02010,Realme 14 Pro+,Realme,0.32258493,3.2582576
GENV2_03284,Galaxy S26,Samsung,0.05318991,4.610366
GENV2_03416,Xiaomi 15 Ultra,Xiaomi,0.55591285,2.7674682
GENV2_04170,Pixel 10 Pro XL,Google,0.14313938,4.342592
SYNEXP_01469,Google Study B,Google,0.2951446,3.4275084
SYNEXP_01771,Motorola Study B,Motorola,0.031044966,4.1795745
SYNEXP_02289,OPPO Study A,OPPO,0.099512234,3.9497414
SYNEXP_02490,OPPO Study B,OPPO,0.8256651,2.0355804
SYNEXP_03657,Xiaomi Study B,Xiaomi,0.06733884,3.998302
GENV2_00310,Moto G Power 2025,Motorola,0.8424355,3.044818
GENV2_02251,Realme GT 7 Pro,Realme,0.48620287,3.5942702
GENV2_02342,Reno 13 Pro,OPPO,0.033376608,3.8287024
GENV2_02988,Motorola Edge 60 Pro,Motorola,0.51438785,3.4090443
GENV2_03304,Realme 14 Pro+,Realme,0.19254829,4.243785
SYNEXP_00799,Xiaomi 15 Ultra,Xiaomi,0.6508308,2.4943855
SYNEXP_01436,Google Study B,Google,0.09275024,3.4780962
SYNEXP_01776,Motorola Study B,Motorola,0.15184343,3.1218479
SYNEXP_01943,Nothing Study A,Nothing,0.076103486,3.8305426
SYNEXP_02143,Nothing Study B,Nothing,0.59156615,3.1987853
SYNEXP_03440,Samsung Study B,Samsung,0.69068265,2.8366113
SYNEXP_03489,Xiaomi Study A,Xiaomi,0.0848663,3.9831843
SYNEXP_03676,Xiaomi Study B,Xiaomi,0.19937976,3.7867627
SYNEXP_03685,Xiaomi Study B,Xiaomi,0.11810778,3.3382685
GENV2_00059,Find N5,OPPO,0.92368114,2.512902
GENV2_00402,Find N5,OPPO,0.713579,3.406313
GENV2_01224,Moto G Power 2025,Motorola,0.8323565,3.2059379
GENV2_01428,Pixel 9a,Google,0.29393703,3.8258128
GENV2_01447,Phone 2a Plus,Nothing,0.22749384,3.3934155
GENV2_02009,Pixel 10,Google,0.14666237,3.9905286
GENV2_02488,iPhone 17,Apple,0.81811416,2.6584072
GENV2_03616,Nothing Phone 3,Nothing,0.27210328,3.7871094
SYNEXP_00263,iPhone 17 Pro Max,Apple,0.29916966,3.6095555
SYNEXP_01216,Apple Study B,Apple,0.033283282,3.903552
SYNEXP_01314,Google Study A,Google,0.047933225,4.2465243
GENV2_01528,Realme GT 7 Pro,Realme,0.4714124,3.6461897
GENV2_01705,Galaxy S26,Samsung,0.008851806,4.3268642
GENV2_02206,Pixel 10 Pro,Google,0.20407152,3.9237473
GENV2_03363,Galaxy S26,Samsung,0.11001982,4.3586497
SYNEXP_00805,Xiaomi 15 Ultra,Xiaomi,0.7260427,2.6077683
SYNEXP_00951,Apple Study A,Apple,0.03499383,4.4058
SYNEXP_01241,Google Study A,Google,0.46472666,3.0985246
SYNEXP_02040,Nothing Study A,Nothing,0.28373364,2.8920379
SYNEXP_02640,OnePlus Study A,OnePlus,0.04116247,4.177793
GENV2_00432,Pixel 9a,Google,0.53842396,3.360946
GENV2_00573,iPhone 16e,Apple,0.4625541,3.1847453
GENV2_02185,Razr 60 Ultra,Motorola,0.02345399,3.6893182
GENV2_02265,Xiaomi 15 Ultra,Xiaomi,0.54915,3.2975457
GENV2_02993,Nothing Phone 3,Nothing,0.20497084,4.078683
GENV2_03791,iPhone 17 Pro,Apple,0.19603245,4.385196
SYNEXP_01383,Google Study A,Google,0.110805035,3.750247
SYNEXP_02922,Realme Study A,Realme,0.8699974,2.2715676
SYNEXP_03562,Xiaomi Study A,Xiaomi,0.17462303,4.0508027
GENV2_00588,Find N5,OPPO,0.84247273,2.381699
GENV2_01666,Pixel 10 Pro,Google,0.25395122,3.9831629
GENV2_01696,OnePlus 13,OnePlus,0.1631641,4.03626
GENV2_02726,Galaxy S26 Ultra,Samsung,0.35231662,3.5342815
GENV2_03137,Galaxy S25 Ultra,Samsung,0.1424998,4.444705
GENV2_03924,OnePlus 13,OnePlus,0.5813633,3.109686
SYNEXP_00006,Galaxy S25 Ultra,Samsung,0.63215643,2.9600372
SYNEXP_00158,Reno 13 Pro,OPPO,0.37371445,3.1583564
SYNEXP_00231,OnePlus 13,OnePlus,0.82843345,2.232038
SYNEXP_00416,Galaxy Z Flip7,Samsung,0.03698073,4.4705887
SYNEXP_01681,Motorola Study A,Motorola,0.27047625,3.6442044
SYNEXP_01709,Motorola Study A,Motorola,0.40014905,3.077194
SYNEXP_01928,Nothing Study A,Nothing,0.18359661,3.7548988
SYNEXP_02439,OPPO Study B,OPPO,0.039475467,4.1165037
SYNEXP_03001,Realme Study B,Realme,0.11737889,4.0551486
SYNEXP_03485,Xiaomi Study A,Xiaomi,0.05817162,3.9631746
SYNEXP_03630,Xiaomi Study B,Xiaomi,0.101254694,3.2748344
GENV2_00163,Find N5,OPPO,0.8517019,3.1527996
GENV2_00456,OnePlus 13T,OnePlus,0.6333676,3.189345
GENV2_00606,Find N5,OPPO,0.48742083,3.5397356
GENV2_01680,Galaxy S25 Ultra,Samsung,0.35205856,3.6369205
GENV2_02030,Phone 2a Plus,Nothing,0.009546104,4.301497
GENV2_03430,OnePlus 13R,OnePlus,0.15708996,4.5631175
GENV2_04048,Find X8 Pro,OPPO,0.2823703,3.7698162
GENV2_04082,Galaxy S26 Ultra,Samsung,0.39757496,3.8442533
SYNEXP_00042,Pixel 10,Google,0.6049054,2.4881113
SYNEXP_00209,OnePlus 13,OnePlus,0.072236866,4.3641605
SYNEXP_00286,Galaxy S26 Ultra,Samsung,0.014403922,4.734879
SYNEXP_00474,Redmi Note 14 Pro+,Xiaomi,0.31125504,3.165494
SYNEXP_00830,Realme 14 Pro+,Realme,0.07254029,4.041103
SYNEXP_00908,Find N5,OPPO,0.17118567,3.5620582
SYNEXP_02045,Nothing Study B,Nothing,0.21491013,3.5063524
SYNEXP_02520,OPPO Study B,OPPO,0.623612,2.7420256
SYNEXP_02842,Realme Study A,Realme,0.033494927,4.3787
SYNEXP_03018,Realme Study B,Realme,0.7861854,2.6482322
SYNEXP_03104,Realme Study B,Realme,0.06083677,4.3436975
SYNEXP_03388,Samsung Study B,Samsung,0.70779306,2.6396072
GENV2_00477,Reno 13 Pro,OPPO,0.9380096,2.7260628
GENV2_00553,Realme 14 Pro+,Realme,0.92605764,2.4995623
GENV2_00699,Moto G Power 2025,Motorola,0.4391934,3.2342036
GENV2_03153,Realme 14 Pro+,Realme,0.123672955,4.47283
GENV2_03338,Pixel 10 Pro,Google,0.06499698,4.3812966
GENV2_04132,Galaxy S26 Ultra,Samsung,0.13692707,4.41855
SYNEXP_00170,Reno 13 Pro,OPPO,0.19259629,3.5101168
SYNEXP_00757,Realme GT 7,Realme,0.18271308,3.595721
SYNEXP_01317,Google Study A,Google,0.1879369,3.5748339
SYNEXP_01533,Google Study B,Google,0.57090354,2.734206
SYNEXP_01734,Motorola Study B,Motorola,0.28960088,3.2895043
SYNEXP_02678,OnePlus Study B,OnePlus,0.08524679,3.4664996
SYNEXP_02928,Realme Study A,Realme,0.36981758,3.148091
SYNEXP_02935,Realme Study A,Realme,0.055816516,4.436443
SYNEXP_03118,Realme Study B,Realme,0.37378305,4.0934725
SYNEXP_03617,Xiaomi Study B,Xiaomi,0.77688044,2.6594853
GENV2_04153,iPhone 17 Pro,Apple,0.24628891,3.958278
SYNEXP_00191,Galaxy A56 5G,Samsung,0.021583207,4.5523643
SYNEXP_01984,Nothing Study A,Nothing,0.24944177,3.1785545
SYNEXP_02679,OnePlus Study B,OnePlus,0.031123394,4.599093
SYNEXP_03330,Samsung Study B,Samsung,0.05915813,4.0745387
SYNEXP_03347,Samsung Study B,Samsung,0.82916564,3.065511
SYNEXP_03374,Samsung Study B,Samsung,0.5832601,3.0106285
SYNEXP_03606,Xiaomi Study A,Xiaomi,0.21444793,3.7485967
GENV2_00137,Phone 3a Pro,Nothing,0.89698106,3.0076168
GENV2_00350,Realme 14 Pro+,Realme,0.8811905,3.0435593
GENV2_01921,Xiaomi 15,Xiaomi,0.050411936,4.283322
GENV2_02222,Nothing Phone 3,Nothing,0.015286582,4.0258126
GENV2_02663,Galaxy S26,Samsung,0.106184795,4.2716265
GENV2_03100,Galaxy S25 Ultra,Samsung,0.15244097,4.241574
GENV2_03295,Xiaomi 15 Ultra,Xiaomi,0.20516902,4.223627
GENV2_03421,iPhone 17 Pro Max,Apple,0.34895438,3.8590767
GENV2_03462,iPhone 17 Pro,Apple,0.1993882,4.0730233
SYNEXP_00371,Pixel 10 Pro XL,Google,0.21933083,3.4771657
SYNEXP_00548,Pixel 9a,Google,0.20348264,3.2879422
SYNEXP_00700,Phone 2a Plus,Nothing,0.15796575,3.737956
SYNEXP_00934,Apple Study A,Apple,0.21685283,3.4392047
GENV2_00276,Razr 60 Ultra,Motorola,0.6121165,2.7803044
GENV2_00500,Phone 2a Plus,Nothing,0.7155859,2.92358
GENV2_00657,OnePlus 13R,OnePlus,0.22919233,4.061497
GENV2_01439,Pixel 10 Pro,Google,0.13750169,3.8040614
GENV2_01462,Phone 2a Plus,Nothing,0.19189945,3.881737
GENV2_02729,Pixel 10 Pro XL,Google,0.19165102,4.265737
GENV2_03986,iPhone 17 Pro Max,Apple,0.13252255,4.3766837
SYNEXP_00882,Motorola Edge 60 Pro,Motorola,0.097093694,3.8402872
SYNEXP_01412,Google Study B,Google,0.44581294,2.8092444
SYNEXP_01504,Google Study B,Google,0.3459162,3.607781
SYNEXP_02202,Nothing Study B,Nothing,0.009358052,4.792043
SYNEXP_02441,OPPO Study B,OPPO,0.095249705,4.3073397
SYNEXP_02475,OPPO Study B,OPPO,0.0975718,3.7600207
GENV2_01298,Galaxy Z Flip7,Samsung,0.9128111,3.0247936
GENV2_03077,Find X8 Pro,OPPO,0.10035723,4.5752225
SYNEXP_01698,Motorola Study A,Motorola,0.28342637,3.2010067
GENV2_00779,OnePlus 13R,OnePlus,0.8544699,2.6537418
GENV2_01434,iPhone 16,Apple,0.02686961,4.0389223
GENV2_03182,Phone 3a Pro,Nothing,0.3530608,3.8224952
GENV2_04138,iPhone 17 Pro Max,Apple,0.20963998,4.268292
GENV2_04200,iPhone 17 Pro,Apple,0.16768348,4.2536483
GENV2_00019,Phone 2a Plus,Nothing,0.7918255,2.5177472
GENV2_01534,Phone 3a Pro,Nothing,0.48415065,2.986186
GENV2_02662,Pixel 10,Google,0.40463087,3.6899319
GENV2_02810,iPhone 16,Apple,0.11445612,4.660409
SYNEXP_00387,Pixel 10 Pro XL,Google,0.44805852,3.2178967
SYNEXP_01565,Motorola Study A,Motorola,0.10488585,3.2677903
SYNEXP_02900,Realme Study A,Realme,0.705546,2.526395
SYNEXP_03398,Samsung Study B,Samsung,0.13425015,3.0998204
GENV2_00320,Realme GT 7,Realme,0.5279503,3.1868682
GENV2_01438,Realme GT 7 Pro,Realme,0.22274762,3.742744
GENV2_01766,Motorola Edge 60 Pro,Motorola,0.34985858,3.8411734
GENV2_02745,Xiaomi 15 Ultra,Xiaomi,0.027255444,4.4399443
GENV2_02953,iPhone 16,Apple,0.20582192,4.622241
GENV2_03254,Galaxy S26 Ultra,Samsung,0.11711031,4.3246126
SYNEXP_00007,Galaxy S25 Ultra,Samsung,0.13354412,3.0394437
SYNEXP_00219,OnePlus 13,OnePlus,0.18775229,3.432082
SYNEXP_01857,Motorola Study B,Motorola,0.22687434,3.8882394
SYNEXP_02070,Nothing Study B,Nothing,0.066928424,4.193609
SYNEXP_02211,OPPO Study A,OPPO,0.80471134,2.3752842
SYNEXP_02606,OnePlus Study A,OnePlus,0.15250221,3.4507189
SYNEXP_02813,OnePlus Study B,OnePlus,0.1489243,3.5762494
GENV2_00316,Galaxy A56 5G,Samsung,0.79347575,2.7972155
GENV2_00582,Moto G Power 2025,Motorola,0.5925083,3.1920373
GENV2_01997,Xiaomi 15,Xiaomi,0.10343482,4.254768
GENV2_02358,Motorola Edge 60 Pro,Motorola,0.22922565,3.7627246
GENV2_02428,Realme GT 7 Pro,Realme,0.20819576,3.4751875
SYNEXP_00095,iPhone 16e,Apple,0.0506495,4.610281
SYNEXP_00427,Galaxy Z Flip7,Samsung,0.2963698,3.01976
SYNEXP_00901,Find N5,OPPO,0.1674421,3.6529355
SYNEXP_00939,Apple Study A,Apple,0.62516326,2.6165164
SYNEXP_01596,Motorola Study A,Motorola,0.42056108,2.8753757
SYNEXP_02972,Realme Study A,Realme,0.5306048,3.039019
SYNEXP_03716,Xiaomi Study B,Xiaomi,0.032795668,4.298795
GENV2_00154,iPhone 16e,Apple,0.833825,2.6495183
GENV2_02757,Realme GT 7,Realme,0.14621569,4.200526
SYNEXP_00456,Phone 3a Pro,Nothing,0.8835971,2.038882
SYNEXP_01002,Apple Study A,Apple,0.008876216,4.6852937
SYNEXP_01451,Google Study B,Google,0.25780085,3.064187
SYNEXP_02286,OPPO Study A,OPPO,0.23044185,4.106661
SYNEXP_02384,OPPO Study B,OPPO,0.043744825,4.2944407
SYNEXP_02974,Realme Study A,Realme,0.67746586,2.595925
SYNEXP_03473,Xiaomi Study A,Xiaomi,0.59875685,2.9956994
SYNEXP_03555,Xiaomi Study A,Xiaomi,0.041999895,4.266426
SYNEXP_03587,Xiaomi Study A,Xiaomi,0.40828067,2.9388092
GENV2_00155,Phone 2a Plus,Nothing,0.80726343,3.1903944
GENV2_01743,iPhone 16e,Apple,0.23851378,3.5635033
GENV2_02281,Nothing Phone 3,Nothing,0.20959137,4.122154
GENV2_03107,iPhone 17,Apple,0.27031407,4.064116
SYNEXP_00282,Galaxy S26 Ultra,Samsung,0.49107206,2.8421628
SYNEXP_00574,Pixel 10 Pro,Google,0.5696858,2.8962657
SYNEXP_01013,Apple Study A,Apple,0.041438676,4.612913
SYNEXP_01739,Motorola Study B,Motorola,0.05260233,3.9254143
SYNEXP_03012,Realme Study B,Realme,0.14473464,3.9727838
GENV2_00571,Reno 13 Pro,OPPO,0.29929593,3.7349036
GENV2_00730,Galaxy A56 5G,Samsung,0.716149,3.410559
GENV2_03279,Realme GT 7,Realme,0.26623502,4.0094233
SYNEXP_00325,Xiaomi 15,Xiaomi,0.15927598,3.6827524
SYNEXP_00473,Redmi Note 14 Pro+,Xiaomi,0.1804139,3.4931319
SYNEXP_01147,Apple Study B,Apple,0.28895953,3.19994
SYNEXP_02780,OnePlus Study B,OnePlus,0.47677717,2.8900168
SYNEXP_02786,OnePlus Study B,OnePlus,0.18954808,3.5107193
SYNEXP_03612,Xiaomi Study B,Xiaomi,0.08700611,3.9382534
GENV2_00170,Moto G Power 2025,Motorola,0.8848786,2.8258734
GENV2_01079,Redmi Note 14 Pro+,Xiaomi,0.1798517,4.262831
GENV2_01276,Galaxy S26,Samsung,0.6176907,3.8205543
GENV2_01769,Moto G Power 2025,Motorola,0.16294308,3.918216
GENV2_02074,Nothing Phone 3,Nothing,0.13661861,3.7414927
GENV2_02158,Razr 60 Ultra,Motorola,0.08001274,4.320365
GENV2_03872,iPhone 17 Pro,Apple,0.084009275,4.775353
SYNEXP_00459,Phone 3a Pro,Nothing,0.09439048,4.1907945
SYNEXP_00818,Xiaomi 15 Ultra,Xiaomi,0.7153444,2.6958025
SYNEXP_01114,Apple Study B,Apple,0.59794855,2.8229556
SYNEXP_01433,Google Study B,Google,0.06766235,3.195005
SYNEXP_01456,Google Study B,Google,0.28970018,3.1005104
SYNEXP_02231,OPPO Study A,OPPO,0.08284081,3.8112798
SYNEXP_03302,Samsung Study A,Samsung,0.569056,2.8682694
GENV2_00508,Motorola Edge 60 Pro,Motorola,0.86726475,2.1460536
GENV2_00689,iPhone 16,Apple,0.6641541,3.7300637
GENV2_02059,Motorola Edge 60 Pro,Motorola,0.30511597,4.081353
GENV2_02096,Realme GT 7,Realme,0.09525351,4.039828
GENV2_03418,Galaxy Z Flip7,Samsung,0.035475854,4.034613
GENV2_03513,Galaxy S26 Ultra,Samsung,0.11660953,4.4630013
GENV2_03882,iPhone 17 Pro,Apple,0.056590445,4.630913
SYNEXP_00275,iPhone 17 Pro Max,Apple,0.45663214,3.0467856
SYNEXP_00318,Xiaomi 15,Xiaomi,0.6708513,2.5374281
GENV2_00292,Find N5,OPPO,0.92479515,2.7183087
GENV2_00659,iPhone 16e,Apple,0.5792618,3.4216259
GENV2_01539,iPhone 17,Apple,0.027324732,3.4077485
GENV2_01582,iPhone 16,Apple,0.2113623,3.555877
GENV2_02271,Galaxy Z Flip7,Samsung,0.014077062,4.1523438
GENV2_02495,Nothing Phone 3,Nothing,0.4031702,3.6523418
GENV2_03047,Realme GT 7 Pro,Realme,0.15857211,4.020907
GENV2_03156,Xiaomi 15,Xiaomi,0.09078741,4.354063
GENV2_03158,Pixel 10,Google,0.25096107,4.0845923
GENV2_03386,Redmi Note 14 Pro+,Xiaomi,0.1098954,3.880629
GENV2_03510,Xiaomi 15 Ultra,Xiaomi,0.13280098,3.8762033
GENV2_03676,Pixel 9a,Google,0.12012348,4.2233014
GENV2_03785,Pixel 10,Google,0.12874714,4.3317037
GENV2_04193,Galaxy S25 Ultra,Samsung,0.19466312,4.392931
SYNEXP_00652,Razr 60 Ultra,Motorola,0.16811016,3.7703774
SYNEXP_01622,Motorola Study A,Motorola,0.077844396,3.507734
SYNEXP_01893,Nothing Study A,Nothing,0.03489415,4.6967916
SYNEXP_01913,Nothing Study A,Nothing,0.21954414,3.9480631
SYNEXP_02233,OPPO Study A,OPPO,0.046034437,4.108801
SYNEXP_02784,OnePlus Study B,OnePlus,0.457778,3.1669493
GENV2_01214,Reno 13 Pro,OPPO,0.38410813,3.528705
GENV2_01525,iPhone 16e,Apple,0.20225078,3.6366692
GENV2_02767,OnePlus 13T,OnePlus,0.15926431,4.1557946
GENV2_02783,Pixel 10 Pro XL,Google,0.03936186,4.6169753
GENV2_03049,iPhone 17,Apple,0.04150405,4.5458026
SYNEXP_00031,Pixel 10,Google,0.8068519,2.486636
SYNEXP_00418,Galaxy Z Flip7,Samsung,0.13847907,3.7604158
SYNEXP_00672,Razr 60 Ultra,Motorola,0.377565,2.585127
SYNEXP_01452,Google Study B,Google,0.07662521,3.3834643
SYNEXP_01765,Motorola Study B,Motorola,0.6138612,2.8860831
SYNEXP_02093,Nothing Study B,Nothing,0.53271574,3.1474311
SYNEXP_03179,Samsung Study A,Samsung,0.9766524,1.3851968
SYNEXP_03247,Samsung Study A,Samsung,0.5838559,3.1955242
SYNEXP_03568,Xiaomi Study A,Xiaomi,0.14465201,3.81641
GENV2_00071,Nothing Phone 3,Nothing,0.5868309,3.1796877
GENV2_00867,Galaxy Z Flip7,Samsung,0.9163588,3.1142192
GENV2_03081,Pixel 10 Pro XL,Google,0.3757244,4.0225906
SYNEXP_00008,Galaxy S25 Ultra,Samsung,0.16144307,3.5133982
SYNEXP_01889,Nothing Study A,Nothing,0.40146494,3.0714808
SYNEXP_02136,Nothing Study B,Nothing,0.09361157,3.630672
SYNEXP_03390,Samsung Study B,Samsung,0.049146004,4.259447
GENV2_00272,Pixel 9a,Google,0.876591,2.810176
GENV2_01089,Find N5,OPPO,0.8800795,2.7231655
GENV2_01590,Xiaomi 15,Xiaomi,0.1632371,4.1724324
GENV2_01971,Galaxy S26,Samsung,0.049956825,4.314405
GENV2_02888,Xiaomi 15,Xiaomi,0.32263952,3.9814396
GENV2_03437,Galaxy S26,Samsung,0.03922534,4.8132358
GENV2_03582,OnePlus 13,OnePlus,0.16622843,4.5645776
GENV2_04046,iPhone 17 Pro,Apple,0.26762083,4.2163005
SYNEXP_00814,Xiaomi 15 Ultra,Xiaomi,0.028055673,4.0871196
SYNEXP_01150,Apple Study B,Apple,0.019718327,4.565052
SYNEXP_01213,Apple Study B,Apple,0.7550983,2.9427083
SYNEXP_01558,Motorola Study A,Motorola,0.76436085,2.293304
SYNEXP_01608,Motorola Study A,Motorola,0.063248225,3.8297725
SYNEXP_02015,Nothing Study A,Nothing,0.94120866,1.4265051
SYNEXP_03273,Samsung Study A,Samsung,0.06389672,4.0745316
GENV2_00225,Find N5,OPPO,0.8318116,2.9226089
GENV2_00827,Phone 3a Pro,Nothing,0.47166726,3.5839005
GENV2_00893,Phone 2a Plus,Nothing,0.7750899,3.3071866
GENV2_02058,OnePlus 13R,OnePlus,0.21415192,4.17032
GENV2_02905,iPhone 17 Pro Max,Apple,0.28837168,3.8676503
GENV2_03326,Find X8 Pro,OPPO,0.08739755,4.2745304
GENV2_03818,Xiaomi 15 Ultra,Xiaomi,0.122629926,4.400052
SYNEXP_00072,Realme GT 7 Pro,Realme,0.53050584,2.9277601
SYNEXP_02910,Realme Study A,Realme,0.04891101,4.138683
SYNEXP_03464,Xiaomi Study A,Xiaomi,0.72671324,2.9014041
SYNEXP_03565,Xiaomi Study A,Xiaomi,0.07344066,3.673883
GENV2_00487,Phone 2a Plus,Nothing,0.96503454,2.8861682
GENV2_01687,Realme GT 7 Pro,Realme,0.0974631,3.9310524
GENV2_01888,Pixel 10 Pro,Google,0.074545,4.131014
GENV2_02317,Redmi Note 14 Pro+,Xiaomi,0.2602777,3.8587797
GENV2_03014,Galaxy S25 Ultra,Samsung,0.0502125,4.2456255
SYNEXP_00076,Realme GT 7 Pro,Realme,0.38123867,3.0938096
SYNEXP_00190,Galaxy A56 5G,Samsung,0.16243896,3.7943134
SYNEXP_01166,Apple Study B,Apple,0.089573994,3.5145924
SYNEXP_01820,Motorola Study B,Motorola,0.5876478,3.046827
SYNEXP_01909,Nothing Study A,Nothing,0.02413295,4.369467
SYNEXP_02226,OPPO Study A,OPPO,0.2864494,3.354968
SYNEXP_02894,Realme Study A,Realme,0.7861378,2.1936164
GENV2_00482,Xiaomi 15,Xiaomi,0.88805306,2.7352235
GENV2_01175,Realme 14 Pro+,Realme,0.56182396,3.908323
GENV2_01532,iPhone 16e,Apple,0.013713797,3.611152
GENV2_02835,Realme GT 7 Pro,Realme,0.6354737,3.299139
GENV2_03138,Galaxy Z Flip7,Samsung,0.1941706,3.9191701
GENV2_03218,OnePlus 13T,OnePlus,0.16406803,4.1783276
GENV2_03428,Galaxy S26 Ultra,Samsung,0.3228943,3.9076629
SYNEXP_00154,Galaxy S26,Samsung,0.16882503,3.0068328
SYNEXP_00200,Galaxy A56 5G,Samsung,0.9145569,2.545916
SYNEXP_00221,OnePlus 13,OnePlus,0.08710081,3.7774327
SYNEXP_00487,Redmi Note 14 Pro+,Xiaomi,0.8794761,2.7514167
SYNEXP_00950,Apple Study A,Apple,0.71196824,2.6128206
SYNEXP_01199,Apple Study B,Apple,0.63969535,2.509421
SYNEXP_01677,Motorola Study A,Motorola,0.38902253,3.0963047
SYNEXP_02481,OPPO Study B,OPPO,0.32191402,3.1557848
SYNEXP_02581,OnePlus Study A,OnePlus,0.23963816,3.5924535
GENV2_00191,Moto G Power 2025,Motorola,0.34336662,3.6214857
GENV2_02419,OnePlus 13T,OnePlus,0.011996161,3.9033198
GENV2_02670,Motorola Edge 60 Pro,Motorola,0.30402088,3.9739492
GENV2_02973,iPhone 16,Apple,0.22248316,4.0178733
GENV2_03270,Find X8 Pro,OPPO,0.022957055,4.839716
GENV2_03365,Realme GT 7,Realme,0.114903726,4.2235637
SYNEXP_00258,iPhone 17 Pro Max,Apple,0.70079905,1.7943424
SYNEXP_00309,iPhone 16,Apple,0.6936494,2.877764
SYNEXP_00373,Pixel 10 Pro XL,Google,0.11924479,3.2444913
SYNEXP_00624,OnePlus 13T,OnePlus,0.84234536,2.1437547
SYNEXP_00868,Motorola Edge 60 Pro,Motorola,0.43127897,2.8736951
SYNEXP_02542,OnePlus Study A,OnePlus,0.047874972,4.197423
SYNEXP_03682,Xiaomi Study B,Xiaomi,0.16439898,4.0602193
GENV2_00312,Razr 60 Ultra,Motorola,0.27670652,3.8970132
GENV2_00509,iPhone 16e,Apple,0.8228929,3.0274737
GENV2_00587,Reno 13 Pro,OPPO,0.23983936,3.7934363
GENV2_02626,Galaxy S25 Ultra,Samsung,0.08490781,4.6745596
GENV2_02734,Phone 3a Pro,Nothing,0.1506728,4.467895
GENV2_03896,OnePlus 13,OnePlus,0.28553838,4.050295
GENV2_04167,Realme GT 7,Realme,0.10538965,4.4543915
SYNEXP_00366,OnePlus 13R,OnePlus,0.17530856,3.888187
SYNEXP_00944,Apple Study A,Apple,0.017017983,4.179831
SYNEXP_02142,Nothing Study B,Nothing,0.8634017,2.1598988
SYNEXP_03658,Xiaomi Study B,Xiaomi,0.09870592,3.3308456
GENV2_00326,OnePlus 13,OnePlus,0.20453778,3.9813867
GENV2_00733,Galaxy Z Flip7,Samsung,0.5900632,3.1021345
GENV2_00888,Pixel 9a,Google,0.7169614,3.3730392
GENV2_01451,Phone 3a Pro,Nothing,0.11980754,3.986497
GENV2_01718,Phone 2a Plus,Nothing,0.14952378,3.828159
GENV2_02016,Pixel 9a,Google,0.13177234,4.1085906
GENV2_03073,Galaxy S25 Ultra,Samsung,0.39952457,3.8084338
GENV2_03505,Pixel 10 Pro XL,Google,0.2270512,4.2222376
GENV2_04070,Galaxy S26,Samsung,0.19869475,4.4264517
SYNEXP_00343,OnePlus 13R,OnePlus,0.42761377,3.250878
SYNEXP_00884,Motorola Edge 60 Pro,Motorola,0.018805781,4.3905897
SYNEXP_01483,Google Study B,Google,0.45721936,3.0502603
SYNEXP_01599,Motorola Study A,Motorola,0.8949099,2.488428
SYNEXP_02032,Nothing Study A,Nothing,0.05357406,3.5408266
SYNEXP_02906,Realme Study A,Realme,0.14750063,3.4983146
SYNEXP_03000,Realme Study B,Realme,0.22421609,3.2744956
SYNEXP_03728,Xiaomi Study B,Xiaomi,0.8733172,2.0211415
GENV2_00813,Pixel 10,Google,0.39415252,3.6774697
GENV2_01496,Realme GT 7,Realme,0.21062222,3.687508
GENV2_01544,Motorola Edge 60 Pro,Motorola,0.21817502,3.7130685
GENV2_01839,OnePlus 13T,OnePlus,0.2963347,3.6827517
GENV2_02413,Pixel 9a,Google,0.33966774,3.985526
GENV2_02509,Pixel 10 Pro,Google,0.23600587,4.247978
GENV2_02517,Pixel 9a,Google,0.20572141,4.223838
GENV2_02627,iPhone 17,Apple,0.5161781,3.378904
GENV2_03207,Nothing Phone 3,Nothing,0.07517342,4.7304845
GENV2_03257,OnePlus 13,OnePlus,0.14682193,4.0273576
GENV2_03289,Pixel 9a,Google,0.13856164,4.261784
SYNEXP_00062,Realme GT 7 Pro,Realme,0.0673348,4.3776345
SYNEXP_00285,Galaxy S26 Ultra,Samsung,0.46010128,3.3292122
SYNEXP_00506,iPhone 17,Apple,0.15027481,3.5107992
SYNEXP_01472,Google Study B,Google,0.7852193,2.1032302
SYNEXP_01646,Motorola Study A,Motorola,0.7324876,2.3404598
SYNEXP_01883,Nothing Study A,Nothing,0.31694853,3.0734413
SYNEXP_02200,Nothing Study B,Nothing,0.6369991,3.0905087
SYNEXP_02498,OPPO Study B,OPPO,0.52322674,3.2174065
GENV2_00603,Pixel 9a,Google,0.8020914,2.9311097
GENV2_00780,Nothing Phone 3,Nothing,0.81526554,3.121619
GENV2_01025,Redmi Note 14 Pro+,Xiaomi,0.92541844,3.3357518
GENV2_01332,Reno 13 Pro,OPPO,0.54087865,3.7463005
GENV2_02091,Razr 60 Ultra,Motorola,0.20598857,3.9293735
GENV2_02510,Xiaomi 15 Ultra,Xiaomi,0.28714198,3.4944913
GENV2_02863,Find X8 Pro,OPPO,0.24376345,4.153667
GENV2_03731,Realme GT 7 Pro,Realme,0.025838723,4.3198466
SYNEXP_00600,OnePlus 13T,OnePlus,0.7595617,2.6270337
SYNEXP_00626,OnePlus 13T,OnePlus,0.26820132,3.6136315
SYNEXP_00880,Motorola Edge 60 Pro,Motorola,0.77624536,2.885163
SYNEXP_01004,Apple Study A,Apple,0.60157895,2.6672425
SYNEXP_01345,Google Study A,Google,0.13423826,3.1999135
SYNEXP_01815,Motorola Study B,Motorola,0.68992776,2.7052023
SYNEXP_01961,Nothing Study A,Nothing,0.63454497,2.3653207
SYNEXP_02508,OPPO Study B,OPPO,0.24368809,3.5199091
SYNEXP_02689,OnePlus Study B,OnePlus,0.136501,3.151831
SYNEXP_03134,Realme Study B,Realme,0.16439843,3.4359639
SYNEXP_03575,Xiaomi Study A,Xiaomi,0.050634593,4.517021
GENV2_00033,Moto G Power 2025,Motorola,0.6044781,3.036234
GENV2_00236,Galaxy A56 5G,Samsung,0.47818473,3.395057
GENV2_01182,Redmi Note 14 Pro+,Xiaomi,0.27876556,3.8282988
GENV2_01987,Pixel 10,Google,0.2036275,3.8872774
GENV2_03330,Galaxy S26 Ultra,Samsung,0.12193432,4.2395554
GENV2_04155,Pixel 10 Pro XL,Google,0.22462687,4.243241
GENV2_04195,Galaxy S26,Samsung,0.13313513,3.9976635
SYNEXP_00607,OnePlus 13T,OnePlus,0.110664636,4.0534387
SYNEXP_00701,Phone 2a Plus,Nothing,0.43810123,3.5627422
SYNEXP_01361,Google Study A,Google,0.13025594,3.475306
SYNEXP_01444,Google Study B,Google,0.6150138,3.0962288
SYNEXP_01462,Google Study B,Google,0.18557023,3.79745
SYNEXP_01586,Motorola Study A,Motorola,0.040193226,4.350586
SYNEXP_01789,Motorola Study B,Motorola,0.018038481,4.6423106
SYNEXP_03156,Samsung Study A,Samsung,0.62732255,2.9837327
SYNEXP_03344,Samsung Study B,Samsung,0.18670134,3.693412
SYNEXP_03356,Samsung Study B,Samsung,0.75849974,2.776132
SYNEXP_03514,Xiaomi Study A,Xiaomi,0.17471133,2.9425385
GENV2_00066,Galaxy A56 5G,Samsung,0.8539258,2.9064038
GENV2_01120,Galaxy A56 5G,Samsung,0.8303661,3.061592
GENV2_02242,OnePlus 13T,OnePlus,0.5195548,3.4578865
GENV2_02591,Pixel 10,Google,0.28121832,4.055576
SYNEXP_00476,Redmi Note 14 Pro+,Xiaomi,0.13619594,3.6946795
SYNEXP_01186,Apple Study B,Apple,0.0924055,4.5480533
SYNEXP_03343,Samsung Study B,Samsung,0.21716276,3.4072928
SYNEXP_03653,Xiaomi Study B,Xiaomi,0.48888057,3.051608
GENV2_01085,Pixel 10 Pro,Google,0.52919364,3.3423753
GENV2_01226,iPhone 16e,Apple,0.43595666,3.4252117
GENV2_02650,Phone 3a Pro,Nothing,0.1540859,4.142272
GENV2_03342,iPhone 17 Pro,Apple,0.039960824,4.5362773
GENV2_03379,Galaxy S26,Samsung,0.18644382,4.1281295
GENV2_04010,Find X8 Pro,OPPO,0.15070426,4.0750875
SYNEXP_00444,Phone 3a Pro,Nothing,0.106145516,3.8451557
SYNEXP_00788,Xiaomi 15 Ultra,Xiaomi,0.1180709,4.0670695
SYNEXP_00789,Xiaomi 15 Ultra,Xiaomi,0.19829176,3.2426767
SYNEXP_01358,Google Study A,Google,0.21667103,3.5263593
SYNEXP_01729,Motorola Study B,Motorola,0.2617817,3.1498
SYNEXP_02254,OPPO Study A,OPPO,0.821659,2.1479597
SYNEXP_02269,OPPO Study A,OPPO,0.07533246,4.418623
SYNEXP_02616,OnePlus Study A,OnePlus,0.18195085,3.6244068
SYNEXP_02892,Realme Study A,Realme,0.024018519,3.9197316
SYNEXP_03549,Xiaomi Study A,Xiaomi,0.3332812,3.688669
GENV2_00227,Phone 2a Plus,Nothing,0.84806955,2.9005368
GENV2_00284,Redmi Note 14 Pro+,Xiaomi,0.661448,3.5628836
GENV2_00289,Moto G Power 2025,Motorola,0.7975837,2.6326365
GENV2_01096,Find N5,OPPO,0.40460658,3.374823
GENV2_01301,iPhone 17,Apple,0.24280484,3.9893315
GENV2_01951,Galaxy S26,Samsung,0.3279642,4.4660664
GENV2_02540,Galaxy S25 Ultra,Samsung,0.24937995,4.2034817
GENV2_03702,OnePlus 13,OnePlus,0.44830203,3.2562547
GENV2_04083,iPhone 17 Pro,Apple,0.031940576,4.6199174
SYNEXP_00188,Galaxy A56 5G,Samsung,0.05203893,4.019698
SYNEXP_01180,Apple Study B,Apple,0.2044921,2.9763482
SYNEXP_02358,OPPO Study B,OPPO,0.20811301,3.263548
GENV2_00881,Pixel 10 Pro,Google,0.7811771,2.743544
GENV2_01432,iPhone 16,Apple,0.4743668,3.7530186
GENV2_02064,Find X8 Pro,OPPO,0.30052862,3.690803
GENV2_02126,Pixel 10 Pro,Google,0.35265717,3.8835025
GENV2_02197,Realme GT 7 Pro,Realme,0.19249216,4.1567082
GENV2_03932,Galaxy S25 Ultra,Samsung,0.23981796,4.1078258
GENV2_03997,iPhone 17 Pro Max,Apple,0.035407588,4.569662
GENV2_04007,iPhone 17 Pro Max,Apple,0.26768655,4.1683965
SYNEXP_01381,Google Study A,Google,0.369332,2.9286385
SYNEXP_02141,Nothing Study B,Nothing,0.121089056,3.7219784
SYNEXP_02838,Realme Study A,Realme,0.22016364,3.465596
SYNEXP_03088,Realme Study B,Realme,0.017498577,4.8935637
SYNEXP_03584,Xiaomi Study A,Xiaomi,0.099726655,3.8684793
GENV2_00535,Galaxy Z Flip7,Samsung,0.79700404,3.0260599
GENV2_00859,Moto G Power 2025,Motorola,0.39171413,3.1942432
GENV2_01552,Xiaomi 15,Xiaomi,0.16722669,3.316996
GENV2_01575,Galaxy Z Flip7,Samsung,0.34415627,3.6991901
GENV2_01656,Find N5,OPPO,0.45028535,3.3019416
GENV2_02039,Realme GT 7,Realme,0.27572557,3.8736856
GENV2_02521,iPhone 17 Pro,Apple,0.27398476,4.212778
GENV2_03569,Galaxy S26,Samsung,0.20414999,4.3327
GENV2_03845,Realme GT 7 Pro,Realme,0.1328485,3.758993
SYNEXP_00415,Galaxy Z Flip7,Samsung,0.2389748,3.6590033
SYNEXP_00519,Nothing Phone 3,Nothing,0.55915815,2.7524245
SYNEXP_02398,OPPO Study B,OPPO,0.5230308,2.910509
SYNEXP_02769,OnePlus Study B,OnePlus,0.2022081,3.0698717
GENV2_00291,Nothing Phone 3,Nothing,0.59690154,2.9750006
GENV2_00423,Phone 2a Plus,Nothing,0.77451193,2.5651727
GENV2_00519,iPhone 17,Apple,0.6407171,3.7199154
GENV2_01661,Find X8 Pro,OPPO,0.016019922,4.0952835
GENV2_01700,Galaxy Z Flip7,Samsung,0.145521,3.77941
GENV2_01716,Galaxy S26,Samsung,0.1504851,4.2739725
GENV2_03064,OnePlus 13,OnePlus,0.15338205,4.0080237
GENV2_03091,iPhone 17,Apple,0.06387242,4.2374773
SYNEXP_01595,Motorola Study A,Motorola,0.0069810026,4.2866516
SYNEXP_01654,Motorola Study A,Motorola,0.27266097,3.5583823
SYNEXP_02118,Nothing Study B,Nothing,0.5568895,3.2310965
SYNEXP_03004,Realme Study B,Realme,0.8086035,2.2779305
SYNEXP_03080,Realme Study B,Realme,0.09262408,4.030314
SYNEXP_03105,Realme Study B,Realme,0.74592847,3.0028667
SYNEXP_03246,Samsung Study A,Samsung,0.0248704,4.2796154
GENV2_00221,iPhone 16e,Apple,0.54507834,3.540896
GENV2_01869,iPhone 16e,Apple,0.1694556,3.6428866
GENV2_02351,Reno 13 Pro,OPPO,0.01563139,4.054842
GENV2_02861,Xiaomi 15,Xiaomi,0.09542653,4.272122
GENV2_03319,OnePlus 13,OnePlus,0.3601395,3.9329736
GENV2_03690,Pixel 10 Pro XL,Google,0.14705053,4.16829
GENV2_04009,Motorola Edge 60 Pro,Motorola,0.4182277,3.2216349
SYNEXP_00242,iPhone 17 Pro,Apple,0.86258346,2.6333995
SYNEXP_00631,OnePlus 13T,OnePlus,0.1434876,4.1758447
SYNEXP_01427,Google Study B,Google,0.34442744,2.7262073
SYNEXP_01449,Google Study B,Google,0.71759087,2.3661673
SYNEXP_01931,Nothing Study A,Nothing,0.21053632,3.683865
SYNEXP_02170,Nothing Study B,Nothing,0.666475,2.2397237
SYNEXP_02179,Nothing Study B,Nothing,0.12628728,3.4361997
SYNEXP_02227,OPPO Study A,OPPO,0.057490695,3.8348691
SYNEXP_02720,OnePlus Study B,OnePlus,0.11696786,3.716656
SYNEXP_02853,Realme Study A,Realme,0.17289582,3.8892348
GENV2_01082,Find N5,OPPO,0.36081287,4.086172
GENV2_01841,Razr 60 Ultra,Motorola,0.3879194,3.5477767
GENV2_01922,Find X8 Pro,OPPO,0.15574972,4.2431273
GENV2_02202,Galaxy A56 5G,Samsung,0.11342417,3.899547
GENV2_02219,iPhone 17,Apple,0.12879808,4.4340987
GENV2_02927,Xiaomi 15 Ultra,Xiaomi,0.17316513,4.3224926
GENV2_03133,Galaxy S25 Ultra,Samsung,0.31319728,3.9716349
GENV2_03337,OnePlus 13T,OnePlus,0.33763427,3.8748636
GENV2_03921,OnePlus 13,OnePlus,0.17869353,4.1388035
GENV2_03984,Galaxy S25 Ultra,Samsung,0.2688085,4.3989058
GENV2_04053,Galaxy S26 Ultra,Samsung,0.2585904,3.8964238
SYNEXP_00029,Pixel 10,Google,0.8540679,2.1567662
SYNEXP_01478,Google Study B,Google,0.2936667,3.6415577
SYNEXP_02831,Realme Study A,Realme,0.36618233,3.3441494
GENV2_00114,Phone 2a Plus,Nothing,0.63835025,3.2372448
GENV2_00319,Phone 3a Pro,Nothing,0.5057235,3.3711634
GENV2_01641,iPhone 16,Apple,0.45274246,3.5339174
GENV2_02490,Galaxy Z Flip7,Samsung,0.37432814,4.117618
GENV2_02868,Redmi Note 14 Pro+,Xiaomi,0.1788275,4.342857
GENV2_02876,Pixel 10,Google,0.406093,3.9917266
SYNEXP_00512,iPhone 17,Apple,0.11606835,3.373463
SYNEXP_00956,Apple Study A,Apple,0.15725887,3.8170135
SYNEXP_01291,Google Study A,Google,0.19694173,3.0897233
SYNEXP_03111,Realme Study B,Realme,0.2917641,2.9912012
SYNEXP_03752,Xiaomi Study B,Xiaomi,0.06347087,3.1818295
GENV2_00031,Galaxy Z Flip7,Samsung,0.6039114,3.0315251
GENV2_00037,Pixel 9a,Google,0.40147853,3.5439775
GENV2_00516,iPhone 16,Apple,0.47259006,3.753026
GENV2_00765,Realme GT 7,Realme,0.71474624,3.3718104
GENV2_00769,Moto G Power 2025,Motorola,0.88754296,2.8260758
GENV2_01255,Nothing Phone 3,Nothing,0.36029997,3.5143714
GENV2_01374,Realme GT 7,Realme,0.87777376,3.179584
GENV2_02485,Realme GT 7,Realme,0.5258118,3.3998923
GENV2_02575,Reno 13 Pro,OPPO,0.1975817,4.0387235
SYNEXP_00623,OnePlus 13T,OnePlus,0.17352512,3.1749423
SYNEXP_01049,Apple Study A,Apple,0.66641235,2.6489787
SYNEXP_02332,OPPO Study A,OPPO,0.21352799,3.5937548
SYNEXP_02429,OPPO Study B,OPPO,0.26603296,3.1788113
SYNEXP_02757,OnePlus Study B,OnePlus,0.2305112,2.9241376
GENV2_00266,Moto G Power 2025,Motorola,0.54634875,3.0383437
GENV2_00635,Find N5,OPPO,0.8560941,2.600749
GENV2_01087,iPhone 16,Apple,0.35769853,3.7592804
GENV2_01170,Pixel 10,Google,0.54614234,3.4667087
GENV2_01415,Galaxy A56 5G,Samsung,0.017521841,3.6287866
GENV2_04056,iPhone 17 Pro,Apple,0.3524239,4.051056
SYNEXP_00039,Pixel 10,Google,0.09514186,4.1066365
SYNEXP_00173,Reno 13 Pro,OPPO,0.01697989,4.0094438
SYNEXP_01034,Apple Study A,Apple,0.18692155,3.6813576
SYNEXP_01835,Motorola Study B,Motorola,0.21563928,3.1619132
SYNEXP_02099,Nothing Study B,Nothing,0.82614183,2.4469318
SYNEXP_02235,OPPO Study A,OPPO,0.6854331,2.5103889
SYNEXP_02462,OPPO Study B,OPPO,0.6147226,2.6648133
SYNEXP_02866,Realme Study A,Realme,0.03543333,4.4835467
GENV2_00285,iPhone 16e,Apple,0.4099029,3.2695987
GENV2_00332,Moto G Power 2025,Motorola,0.7603142,3.2985356
GENV2_00353,Galaxy Z Flip7,Samsung,0.39232072,3.738939
GENV2_00788,Phone 3a Pro,Nothing,0.2970262,3.795571
GENV2_01772,Razr 60 Ultra,Motorola,0.38121092,3.2516403
GENV2_02357,Pixel 10 Pro,Google,0.25630295,4.279322
SYNEXP_00482,Redmi Note 14 Pro+,Xiaomi,0.16818336,3.6983368
SYNEXP_00733,Moto G Power 2025,Motorola,0.09002522,4.1637344
SYNEXP_01847,Motorola Study B,Motorola,0.54767287,3.0101023
SYNEXP_01970,Nothing Study A,Nothing,0.100119516,3.095301
SYNEXP_01987,Nothing Study A,Nothing,0.026748344,3.975629
SYNEXP_03335,Samsung Study B,Samsung,0.09769385,3.9311323
SYNEXP_03570,Xiaomi Study A,Xiaomi,0.10850373,3.4030015
GENV2_01480,Nothing Phone 3,Nothing,0.3996122,3.634242
GENV2_03353,iPhone 17 Pro Max,Apple,0.34675768,4.283164
GENV2_03748,Pixel 10 Pro XL,Google,0.43287328,3.5711915
GENV2_04047,Galaxy S25 Ultra,Samsung,0.1642878,3.9452162
SYNEXP_01546,Google Study B,Google,0.094622046,3.2933633
SYNEXP_01914,Nothing Study A,Nothing,0.13282716,3.9078143
GENV2_00394,Redmi Note 14 Pro+,Xiaomi,0.6075231,3.2844412
GENV2_00924,Galaxy A56 5G,Samsung,0.7240177,2.8859248
GENV2_00959,Pixel 10,Google,0.46213433,3.5699668
GENV2_01285,Pixel 10 Pro,Google,0.72798187,3.5645502
GENV2_02234,Find X8 Pro,OPPO,0.11791813,4.203754
GENV2_02998,iPhone 17 Pro,Apple,0.18442577,4.2530255
GENV2_03803,Motorola Edge 60 Pro,Motorola,0.2441298,3.6607244
SYNEXP_00114,Find X8 Pro,OPPO,0.20863277,3.4158454
SYNEXP_00772,Realme GT 7,Realme,0.096624285,3.9728072
SYNEXP_01296,Google Study A,Google,0.42267054,3.2086537
SYNEXP_01502,Google Study B,Google,0.22075142,3.254837
SYNEXP_01506,Google Study B,Google,0.19645116,3.3962452
SYNEXP_01876,Nothing Study A,Nothing,0.77707285,2.217979
SYNEXP_01927,Nothing Study A,Nothing,0.6325482,3.0709467
GENV2_00335,iPhone 16e,Apple,0.4029092,3.500186
GENV2_01560,Pixel 10,Google,0.09822362,4.0111375
GENV2_02619,Galaxy A56 5G,Samsung,0.26505727,3.7971783
GENV2_03401,iPhone 17 Pro Max,Apple,0.31352332,4.0897927
GENV2_03839,Find X8 Pro,OPPO,0.3588064,3.8806486
GENV2_04105,OnePlus 13,OnePlus,0.11036095,4.4634414
SYNEXP_00338,Xiaomi 15,Xiaomi,0.48778644,3.531386
SYNEXP_00602,OnePlus 13T,OnePlus,0.4714029,2.9580145
SYNEXP_01610,Motorola Study A,Motorola,0.27320662,3.6640222
SYNEXP_01639,Motorola Study A,Motorola,0.0066243955,4.639529
SYNEXP_02849,Realme Study A,Realme,0.36169615,3.309082
GENV2_00024,Moto G Power 2025,Motorola,0.44986594,3.4263265
GENV2_00656,Realme GT 7,Realme,0.87647396,3.0281613
GENV2_00790,iPhone 16,Apple,0.18152949,3.9925313
GENV2_01849,Razr 60 Ultra,Motorola,0.13078006,4.323139
GENV2_01925,OnePlus 13,OnePlus,0.3172084,3.621779
GENV2_02278,Realme GT 7 Pro,Realme,0.61160535,3.0161827
GENV2_03577,Galaxy S25 Ultra,Samsung,0.09104843,4.3264937
GENV2_03771,Galaxy S25 Ultra,Samsung,0.12665674,4.28527
GENV2_03837,Pixel 10 Pro XL,Google,0.50816953,3.776134
SYNEXP_00024,Galaxy S25 Ultra,Samsung,0.05086701,4.2825494
SYNEXP_01627,Motorola Study A,Motorola,0.06838435,4.003813
SYNEXP_03089,Realme Study B,Realme,0.012740252,4.5902214
SYNEXP_03226,Samsung Study A,Samsung,0.93466884,2.1531508
SYNEXP_03348,Samsung Study B,Samsung,0.2165865,3.210987
SYNEXP_03446,Samsung Study B,Samsung,0.081821114,4.275701
SYNEXP_03714,Xiaomi Study B,Xiaomi,0.079566844,3.7376225
GENV2_00384,Find N5,OPPO,0.39856988,3.7063181
GENV2_01426,OnePlus 13R,OnePlus,0.5669907,3.39377
GENV2_02460,Realme 14 Pro+,Realme,0.10776763,4.3802547
GENV2_03213,Pixel 10 Pro XL,Google,0.23263542,3.9235892
GENV2_03920,iPhone 17 Pro Max,Apple,0.14718443,4.3384385
GENV2_04166,OnePlus 13T,OnePlus,0.1480783,4.2598386
SYNEXP_00917,Find N5,OPPO,0.7686865,2.18197
SYNEXP_01190,Apple Study B,Apple,0.8376339,2.4237711
SYNEXP_01191,Apple Study B,Apple,0.4562894,2.3344765
SYNEXP_01274,Google Study A,Google,0.1982218,3.4350657
SYNEXP_01479,Google Study B,Google,0.339069,3.4346898
SYNEXP_01906,Nothing Study A,Nothing,0.27963156,3.5282469
SYNEXP_01923,Nothing Study A,Nothing,0.10463511,4.024386
SYNEXP_02265,OPPO Study A,OPPO,0.19430435,3.680794
SYNEXP_02367,OPPO Study B,OPPO,0.6946153,2.999953
SYNEXP_03093,Realme Study B,Realme,0.11828943,3.9440556
GENV2_01805,OnePlus 13T,OnePlus,0.24655095,3.6248045
GENV2_01967,Pixel 10 Pro,Google,0.35154542,3.9997268
GENV2_02032,Realme 14 Pro+,Realme,0.28952155,3.6257827
GENV2_02131,Realme GT 7,Realme,0.1877436,3.9678776
GENV2_03637,Xiaomi 15,Xiaomi,0.18983625,4.160379
GENV2_03923,Find X8 Pro,OPPO,0.091625884,4.5235667
GENV2_03955,Pixel 10 Pro,Google,0.11323174,4.4028983
SYNEXP_00133,Find X8 Pro,OPPO,0.00934506,4.1321616
SYNEXP_00207,OnePlus 13,OnePlus,0.3914854,3.3572652
SYNEXP_01851,Motorola Study B,Motorola,0.8352063,1.7287136
SYNEXP_03382,Samsung Study B,Samsung,0.13774706,3.366973
SYNEXP_03691,Xiaomi Study B,Xiaomi,0.68895817,2.5460963
GENV2_00458,Galaxy A56 5G,Samsung,0.7127659,3.3878558
GENV2_00799,Realme 14 Pro+,Realme,0.46856377,3.2327085
GENV2_01583,Realme GT 7,Realme,0.13887537,3.5943065
GENV2_01924,iPhone 17,Apple,0.4643887,3.6696615
GENV2_03071,Xiaomi 15,Xiaomi,0.026163995,4.8241553
SYNEXP_00753,Realme GT 7,Realme,0.73306674,2.7238233
SYNEXP_00935,Apple Study A,Apple,0.76035666,2.2741468
SYNEXP_01198,Apple Study B,Apple,0.26622558,3.541804
SYNEXP_01359,Google Study A,Google,0.15643696,3.3157158
SYNEXP_01592,Motorola Study A,Motorola,0.03645838,3.840653
SYNEXP_01618,Motorola Study A,Motorola,0.50108755,2.9071703
SYNEXP_01701,Motorola Study A,Motorola,0.43456328,3.0466762
SYNEXP_01796,Motorola Study B,Motorola,0.16067307,3.3902953
SYNEXP_02532,OnePlus Study A,OnePlus,0.019939296,4.0753202
SYNEXP_02707,OnePlus Study B,OnePlus,0.34678695,2.965957
SYNEXP_02868,Realme Study A,Realme,0.71022344,2.4960244
SYNEXP_02988,Realme Study A,Realme,0.20109066,3.3221211
SYNEXP_03007,Realme Study B,Realme,0.05446757,4.137022
SYNEXP_03383,Samsung Study B,Samsung,0.556917,2.845558
SYNEXP_03495,Xiaomi Study A,Xiaomi,0.7337881,2.9035032
GENV2_01157,Phone 2a Plus,Nothing,0.59139234,3.3547065
GENV2_01684,Reno 13 Pro,OPPO,0.6529623,3.059815
GENV2_02223,Phone 3a Pro,Nothing,0.12576096,4.167673
GENV2_02359,Pixel 10,Google,0.14210157,4.0938635
GENV2_02432,Galaxy S26,Samsung,0.21588102,3.9166512
GENV2_02672,Find N5,OPPO,0.19660923,3.7673185
GENV2_02834,OnePlus 13R,OnePlus,0.71953446,2.8084373
GENV2_03442,Phone 3a Pro,Nothing,0.23360652,3.8245773
SYNEXP_00384,Pixel 10 Pro XL,Google,0.0287042,4.0292253
SYNEXP_02682,OnePlus Study B,OnePlus,0.33662966,3.204611
SYNEXP_02904,Realme Study A,Realme,0.694563,2.7740781
SYNEXP_03719,Xiaomi Study B,Xiaomi,0.4310586,3.0897005
GENV2_01603,Find X8 Pro,OPPO,0.1346522,4.081902
GENV2_02161,Realme GT 7 Pro,Realme,0.09559781,4.5483065
GENV2_03474,iPhone 17 Pro,Apple,0.063467965,4.573399
SYNEXP_00032,Pixel 10,Google,0.80501246,2.24856
SYNEXP_00760,Realme GT 7,Realme,0.8475528,1.6537229
SYNEXP_01237,Apple Study B,Apple,0.094607875,4.212322
SYNEXP_01838,Motorola Study B,Motorola,0.15058175,3.7826242
SYNEXP_02019,Nothing Study A,Nothing,0.054378174,4.52699
SYNEXP_03070,Realme Study B,Realme,0.12149492,3.956433
GENV2_00389,Phone 2a Plus,Nothing,0.9001781,2.645828
GENV2_00526,iPhone 16e,Apple,0.56085795,3.1531792
GENV2_00739,iPhone 16,Apple,0.40524262,3.3587382
GENV2_01101,Pixel 10 Pro XL,Google,0.24422553,3.7674735
GENV2_02545,Xiaomi 15 Ultra,Xiaomi,0.35042816,3.6045728
GENV2_02743,iPhone 16,Apple,0.019632863,4.3209863
GENV2_03890,iPhone 17,Apple,0.14764951,4.114839
GENV2_04051,Find X8 Pro,OPPO,0.27758056,4.2870502
SYNEXP_00535,Nothing Phone 3,Nothing,0.03525915,3.7421594
SYNEXP_00649,Razr 60 Ultra,Motorola,0.7074882,2.6754239
SYNEXP_02556,OnePlus Study A,OnePlus,0.063253194,3.750295
SYNEXP_03006,Realme Study B,Realme,0.7381987,2.93578
SYNEXP_03766,Xiaomi Study B,Xiaomi,0.059121147,4.17562
GENV2_00265,Redmi Note 14 Pro+,Xiaomi,0.33230036,4.0004687
GENV2_00658,iPhone 16e,Apple,0.89584064,2.2417912
GENV2_01031,Find N5,OPPO,0.54567933,3.2336202
GENV2_01140,Pixel 10 Pro,Google,0.8480713,3.5255153
GENV2_01363,iPhone 17,Apple,0.31989306,3.8735938
GENV2_01407,Find X8 Pro,OPPO,0.3336727,3.6183975
GENV2_02306,iPhone 16,Apple,0.4982997,3.5025659
GENV2_02798,Find X8 Pro,OPPO,0.22242604,4.3573666
SYNEXP_00184,Reno 13 Pro,OPPO,0.34774792,3.6152952
SYNEXP_00988,Apple Study A,Apple,0.8695331,2.0471025
SYNEXP_02205,OPPO Study A,OPPO,0.38660693,3.137709
SYNEXP_03151,Samsung Study A,Samsung,0.6021479,2.9563072
SYNEXP_03379,Samsung Study B,Samsung,0.8148628,2.7610323
SYNEXP_03646,Xiaomi Study B,Xiaomi,0.17936842,3.699669
GENV2_00885,Realme 14 Pro+,Realme,0.63050807,3.5826988
GENV2_01147,Razr 60 Ultra,Motorola,0.07998114,3.934779
GENV2_01262,Phone 2a Plus,Nothing,0.47484854,3.3632944
GENV2_01597,Galaxy Z Flip7,Samsung,0.3057933,3.5606334
GENV2_01670,Redmi Note 14 Pro+,Xiaomi,0.28719684,4.1020226
GENV2_01909,Find X8 Pro,OPPO,0.23955214,3.7656813
GENV2_02255,Reno 13 Pro,OPPO,0.064727865,4.124669
GENV2_02319,Galaxy S26,Samsung,0.3309418,3.716269
GENV2_03039,iPhone 16,Apple,0.14780754,4.570659
GENV2_03202,Realme GT 7,Realme,0.18711919,3.6960144
GENV2_03559,Phone 3a Pro,Nothing,0.22660023,4.113461
SYNEXP_00348,OnePlus 13R,OnePlus,0.20164622,3.4023728
SYNEXP_00985,Apple Study A,Apple,0.4514033,3.0532787
SYNEXP_01809,Motorola Study B,Motorola,0.1350357,3.8693187
SYNEXP_02445,OPPO Study B,OPPO,0.47703615,3.1750352
SYNEXP_02486,OPPO Study B,OPPO,0.23986569,3.3450093
SYNEXP_03498,Xiaomi Study A,Xiaomi,0.84042937,1.9795884
SYNEXP_03597,Xiaomi Study A,Xiaomi,0.07377684,4.2551885
GENV2_00594,Galaxy A56 5G,Samsung,0.8348922,2.4965594
GENV2_01792,Phone 2a Plus,Nothing,0.25222751,3.8067234
GENV2_01847,Galaxy S26,Samsung,0.35777068,3.8210323
GENV2_02823,Xiaomi 15 Ultra,Xiaomi,0.1317063,4.110528
GENV2_03425,OnePlus 13R,OnePlus,0.35021198,3.9140062
SYNEXP_00987,Apple Study A,Apple,0.15343258,3.4236495
SYNEXP_01164,Apple Study B,Apple,0.87697905,1.7772893
SYNEXP_01445,Google Study B,Google,0.10746168,3.8936462
SYNEXP_01489,Google Study B,Google,0.8777922,2.5931475
SYNEXP_02361,OPPO Study B,OPPO,0.66716844,3.0121114
SYNEXP_02889,Realme Study A,Realme,0.57407504,3.2007926
SYNEXP_03113,Realme Study B,Realme,0.07665889,3.5572164
SYNEXP_03211,Samsung Study A,Samsung,0.7987109,2.6227822
GENV2_00003,Pixel 9a,Google,0.22371982,4.0584693
GENV2_01785,Razr 60 Ultra,Motorola,0.13136236,4.0006475
GENV2_02225,Realme GT 7,Realme,0.24443182,3.834336
GENV2_02643,Xiaomi 15,Xiaomi,0.14378646,4.582515
GENV2_02721,Realme 14 Pro+,Realme,0.160215,4.074726
GENV2_03112,Pixel 9a,Google,0.4348162,3.724497
GENV2_03612,OnePlus 13R,OnePlus,0.14298804,4.2950606
SYNEXP_00226,OnePlus 13,OnePlus,0.23643117,2.972549
SYNEXP_00740,Moto G Power 2025,Motorola,0.28014347,2.9273052
SYNEXP_01054,Apple Study A,Apple,0.2917282,3.0501952
SYNEXP_01061,Apple Study A,Apple,0.1693874,3.8134367
SYNEXP_02121,Nothing Study B,Nothing,0.041546915,3.5962331
SYNEXP_02437,OPPO Study B,OPPO,0.69743276,2.665943
GENV2_01004,Galaxy Z Flip7,Samsung,0.54319507,3.4489055
GENV2_01043,Pixel 9a,Google,0.6924273,3.2864072
GENV2_01302,Xiaomi 15,Xiaomi,0.35743952,3.8343265
GENV2_02552,Galaxy S25 Ultra,Samsung,0.019559698,4.7170067
GENV2_02890,Find X8 Pro,OPPO,0.034560632,4.63067
SYNEXP_00247,iPhone 17 Pro,Apple,0.04950551,3.311201
SYNEXP_00632,OnePlus 13T,OnePlus,0.02154075,4.86129
SYNEXP_00878,Motorola Edge 60 Pro,Motorola,0.09043626,3.6334543
SYNEXP_01713,Motorola Study A,Motorola,0.049009614,4.371936
SYNEXP_02131,Nothing Study B,Nothing,0.18536489,3.7601879
SYNEXP_02216,OPPO Study A,OPPO,0.1338154,4.032936
SYNEXP_02458,OPPO Study B,OPPO,0.035161473,4.0862994
GENV2_00756,Realme GT 7,Realme,0.48422018,3.6716478
GENV2_00816,Pixel 9a,Google,0.90833694,2.5551307
GENV2_01001,Moto G Power 2025,Motorola,0.51793975,2.9548728
GENV2_01589,OnePlus 13,OnePlus,0.5119753,3.586213
GENV2_02407,iPhone 16e,Apple,0.29980028,3.6850793
GENV2_03141,iPhone 17 Pro,Apple,0.117660314,4.5869975
GENV2_03993,iPhone 17 Pro Max,Apple,0.15336196,4.3370886
SYNEXP_01065,Apple Study A,Apple,0.29851186,3.5073361
SYNEXP_01628,Motorola Study A,Motorola,0.03984243,4.5992756
SYNEXP_01634,Motorola Study A,Motorola,0.22452274,3.6400523
SYNEXP_01751,Motorola Study B,Motorola,0.7825895,2.9286942
SYNEXP_02115,Nothing Study B,Nothing,0.016020523,3.7083845
SYNEXP_02472,OPPO Study B,OPPO,0.5614589,3.030881
SYNEXP_03582,Xiaomi Study A,Xiaomi,0.5177916,2.933938
GENV2_01048,Find N5,OPPO,0.6768169,3.6797302
GENV2_01095,Galaxy Z Flip7,Samsung,0.6572973,3.3334432
GENV2_01419,Moto G Power 2025,Motorola,0.36478198,3.232471
GENV2_02862,OnePlus 13R,OnePlus,0.24423708,3.9354355
SYNEXP_00594,Pixel 10 Pro,Google,0.83955824,2.682838
SYNEXP_00726,Moto G Power 2025,Motorola,0.18763854,4.121203
SYNEXP_01644,Motorola Study A,Motorola,0.6411242,2.6623755
SYNEXP_01881,Nothing Study A,Nothing,0.09958801,3.67604
SYNEXP_03560,Xiaomi Study A,Xiaomi,0.03934956,4.5684624
SYNEXP_00001,Galaxy S25 Ultra,Samsung,0.07972416,4.1061053
SYNEXP_00798,Xiaomi 15 Ultra,Xiaomi,0.32191783,3.3363984
SYNEXP_01637,Motorola Study A,Motorola,0.20541929,3.7514591
SYNEXP_01675,Motorola Study A,Motorola,0.18170138,3.621918
SYNEXP_02081,Nothing Study B,Nothing,0.15665816,3.6097066
SYNEXP_02703,OnePlus Study B,OnePlus,0.062648565,4.1563716
SYNEXP_03328,Samsung Study B,Samsung,0.15450211,3.8066463
SYNEXP_03432,Samsung Study B,Samsung,0.07875205,3.7480428
SYNEXP_00669,Razr 60 Ultra,Motorola,0.119851336,3.888521
SYNEXP_00694,Phone 2a Plus,Nothing,0.6996197,2.6483495
SYNEXP_00862,Motorola Edge 60 Pro,Motorola,0.2222771,3.4835937
SYNEXP_02744,OnePlus Study B,OnePlus,0.42911142,3.0211403
SYNEXP_02844,Realme Study A,Realme,0.6030806,2.2875595
SYNEXP_00681,Phone 2a Plus,Nothing,0.035930596,4.361622
SYNEXP_00900,Find N5,OPPO,0.10253673,3.191401
SYNEXP_01925,Nothing Study A,Nothing,0.107324034,3.5433714
SYNEXP_02418,OPPO Study B,OPPO,0.03777313,4.2429132
SYNEXP_02854,Realme Study A,Realme,0.16878594,4.093595
SYNEXP_00555,Pixel 9a,Google,0.6934083,2.8145864
SYNEXP_02310,OPPO Study A,OPPO,0.84411734,2.528529
SYNEXP_03596,Xiaomi Study A,Xiaomi,0.21592563,3.4163406
SYNEXP_03655,Xiaomi Study B,Xiaomi,0.13135386,3.085229
SYNEXP_03764,Xiaomi Study B,Xiaomi,0.06475001,3.8087204
SYNEXP_00412,Galaxy Z Flip7,Samsung,0.70317394,2.6452324
SYNEXP_00667,Razr 60 Ultra,Motorola,0.07598735,4.1828337
SYNEXP_01710,Motorola Study A,Motorola,0.27378175,3.3418481
SYNEXP_01781,Motorola Study B,Motorola,0.8646823,1.7774564
SYNEXP_02224,OPPO Study A,OPPO,0.91162395,2.1282575
SYNEXP_03458,Xiaomi Study A,Xiaomi,0.04804908,3.4940722
SYNEXP_03750,Xiaomi Study B,Xiaomi,0.35049742,3.2783604
SYNEXP_00166,Reno 13 Pro,OPPO,0.22025463,3.435174
SYNEXP_01053,Apple Study A,Apple,0.63210195,3.0282466
SYNEXP_01272,Google Study A,Google,0.10810005,3.3855946
SYNEXP_01298,Google Study A,Google,0.7673875,2.8643744
SYNEXP_01405,Google Study A,Google,0.5699079,3.0673728
SYNEXP_00163,Reno 13 Pro,OPPO,0.7015316,2.9511805
SYNEXP_00351,OnePlus 13R,OnePlus,0.43334,3.1847978
SYNEXP_00949,Apple Study A,Apple,0.0120891845,4.498604
SYNEXP_01020,Apple Study A,Apple,0.7421219,2.8304322
SYNEXP_01071,Apple Study A,Apple,0.034021568,4.3176346
SYNEXP_01944,Nothing Study A,Nothing,0.2353837,3.5688994
SYNEXP_02101,Nothing Study B,Nothing,0.28139687,3.2446764
SYNEXP_02380,OPPO Study B,OPPO,0.45022875,2.6729054
SYNEXP_02775,OnePlus Study B,OnePlus,0.017805424,4.816629
SYNEXP_03509,Xiaomi Study A,Xiaomi,0.039153814,4.298558
SYNEXP_03636,Xiaomi Study B,Xiaomi,0.1007936,4.6035914
SYNEXP_02883,Realme Study A,Realme,0.08524982,3.8972697
SYNEXP_02994,Realme Study B,Realme,0.17736265,3.222537
SYNEXP_03250,Samsung Study A,Samsung,0.1421081,3.5756958
SYNEXP_00093,iPhone 16e,Apple,0.058544453,4.1420836
SYNEXP_00523,Nothing Phone 3,Nothing,0.004437054,4.8493247
SYNEXP_00534,Nothing Phone 3,Nothing,0.38504916,3.183059
SYNEXP_00902,Find N5,OPPO,0.101014376,3.6822293
SYNEXP_01251,Google Study A,Google,0.8844761,1.8314389
SYNEXP_01426,Google Study B,Google,0.7956296,2.5340066
SYNEXP_01434,Google Study B,Google,0.8354371,2.0889118
SYNEXP_02867,Realme Study A,Realme,0.09342229,3.5397274
SYNEXP_02936,Realme Study A,Realme,0.6991274,3.1249735
SYNEXP_00557,Pixel 9a,Google,0.12833603,3.5787892
SYNEXP_00712,Phone 2a Plus,Nothing,0.42607373,2.8797448
SYNEXP_01128,Apple Study B,Apple,0.1126235,4.1085854
SYNEXP_01542,Google Study B,Google,0.1160981,3.4864514
SYNEXP_01880,Nothing Study A,Nothing,0.23406498,3.2102969
SYNEXP_02152,Nothing Study B,Nothing,0.21433887,3.1910248
SYNEXP_03291,Samsung Study A,Samsung,0.26199314,3.2227232
SYNEXP_00952,Apple Study A,Apple,0.6848042,2.6600175
SYNEXP_01159,Apple Study B,Apple,0.82527155,1.5225878
SYNEXP_01512,Google Study B,Google,0.42516994,3.087573
SYNEXP_02456,OPPO Study B,OPPO,0.33350584,2.8860822
SYNEXP_01223,Apple Study B,Apple,0.0103834625,4.50845
SYNEXP_01664,Motorola Study A,Motorola,0.32343668,3.2839036
SYNEXP_02698,OnePlus Study B,OnePlus,0.33632416,3.2996187
SYNEXP_02992,Realme Study A,Realme,0.5799472,2.7502
SYNEXP_00330,Xiaomi 15,Xiaomi,0.11824798,4.3671083
SYNEXP_00593,Pixel 10 Pro,Google,0.6706188,2.480142
SYNEXP_00605,OnePlus 13T,OnePlus,0.82738286,2.041541
SYNEXP_01614,Motorola Study A,Motorola,0.6943062,2.3131402
SYNEXP_02155,Nothing Study B,Nothing,0.14593151,3.5391643
SYNEXP_02297,OPPO Study A,OPPO,0.22771339,3.282108
SYNEXP_02473,OPPO Study B,OPPO,0.20721138,3.653019
SYNEXP_02932,Realme Study A,Realme,0.03794082,3.7513123
SYNEXP_03059,Realme Study B,Realme,0.23900747,3.413362
SYNEXP_01899,Nothing Study A,Nothing,0.7965916,2.253949
SYNEXP_02137,Nothing Study B,Nothing,0.60862327,2.7094486
SYNEXP_02548,OnePlus Study A,OnePlus,0.13653417,3.7468994
SYNEXP_02851,Realme Study A,Realme,0.02363031,4.1684165
SYNEXP_00254,iPhone 17 Pro,Apple,0.706158,2.844563
SYNEXP_00395,Pixel 10 Pro XL,Google,0.16558892,3.7276585
SYNEXP_00428,Galaxy Z Flip7,Samsung,0.10816273,3.5516284
SYNEXP_00964,Apple Study A,Apple,0.060200717,3.2280369
SYNEXP_02626,OnePlus Study A,OnePlus,0.060325604,4.303251
SYNEXP_02924,Realme Study A,Realme,0.15396762,3.6430104
SYNEXP_02989,Realme Study A,Realme,0.69180423,2.3320966
SYNEXP_03403,Samsung Study B,Samsung,0.86614996,2.1299903
SYNEXP_00619,OnePlus 13T,OnePlus,0.24485469,3.086855
SYNEXP_02117,Nothing Study B,Nothing,0.4143594,3.0431814
SYNEXP_02578,OnePlus Study A,OnePlus,0.03290335,4.166097
