review_id,aspect,aspect_sentiment,evidence
SYNEXP_00001,battery,Positive,the charge comfortably lasts into the evening
SYNEXP_00001,camera,Positive,the camera captures natural colours
SYNEXP_00001,design,Positive,the design is understated and attractive
SYNEXP_00002,performance,Neutral,multitasking is workable without standing out
SYNEXP_00002,battery,Negative,standby drain is noticeable overnight
SYNEXP_00002,design,Positive,the finish has held up well
SYNEXP_00002,camera,Negative,autofocus misses moving subjects
SYNEXP_00003,design,Neutral,the design is practical rather than memorable
SYNEXP_00003,performance,Neutral,multitasking is workable without standing out
SYNEXP_00003,display,Negative,the panel appears dim outdoors
SYNEXP_00004,battery,Negative,power drops quickly during navigation
SYNEXP_00004,design,Neutral,the design is practical rather than memorable
SYNEXP_00005,performance,Neutral,the speed feels normal for routine use
SYNEXP_00005,display,Negative,touch response occasionally misses a swipe
SYNEXP_00005,camera,Neutral,the camera feels typical for this range
SYNEXP_00005,battery,Positive,charging has fitted well into my routine
SYNEXP_00006,camera,Neutral,image quality is acceptable in good light
SYNEXP_00006,performance,Negative,the device warms up and slows down during games
SYNEXP_00007,design,Positive,the weight feels well balanced
SYNEXP_00007,camera,Neutral,image quality is acceptable in good light
SYNEXP_00007,performance,Negative,gaming sessions bring noticeable stutter
SYNEXP_00008,camera,Positive,night photos have been better than expected
SYNEXP_00008,performance,Negative,performance drops when several apps are open
SYNEXP_00008,battery,Positive,I finish most days with power to spare
SYNEXP_00009,camera,Neutral,image quality is acceptable in good light
SYNEXP_00009,display,Positive,the display makes videos enjoyable
SYNEXP_00010,display,Negative,the screen is hard to read in sunlight
SYNEXP_00010,performance,Neutral,multitasking is workable without standing out
SYNEXP_00010,battery,Negative,the battery struggles on busy days
SYNEXP_00010,camera,Neutral,video quality meets my basic needs
SYNEXP_00011,camera,Positive,night photos have been better than expected
SYNEXP_00011,battery,Positive,it rarely needs a midday top-up
SYNEXP_00011,performance,Neutral,performance is adequate for basic tasks
SYNEXP_00012,performance,Negative,performance drops when several apps are open
SYNEXP_00012,battery,Neutral,charging speed feels fairly ordinary
SYNEXP_00012,camera,Positive,the camera captures natural colours
SYNEXP_00012,design,Positive,the buttons feel thoughtfully placed
SYNEXP_00013,battery,Positive,I finish most days with power to spare
SYNEXP_00013,camera,Neutral,the camera feels typical for this range
SYNEXP_00014,design,Negative,the phone is awkward to hold for long
SYNEXP_00014,performance,Negative,gaming sessions bring noticeable stutter
SYNEXP_00014,display,Negative,display colours look washed out
SYNEXP_00014,battery,Neutral,battery life is adequate for my usual schedule
SYNEXP_00015,camera,Negative,colours in photos sometimes look unnatural
SYNEXP_00015,performance,Negative,gaming sessions bring noticeable stutter
SYNEXP_00016,performance,Positive,the phone stays responsive under a busy workload
SYNEXP_00016,camera,Neutral,image quality is acceptable in good light
SYNEXP_00016,battery,Positive,the charge comfortably lasts into the evening
SYNEXP_00016,display,Positive,the display stays readable outdoors
SYNEXP_00017,battery,Positive,battery endurance has been dependable
SYNEXP_00017,camera,Positive,the camera captures natural colours
SYNEXP_00017,design,Neutral,its weight is manageable
SYNEXP_00017,display,Positive,screen colours look balanced
SYNEXP_00018,performance,Negative,apps pause when I switch between them
SYNEXP_00018,design,Negative,the design feels bulky in a pocket
SYNEXP_00018,camera,Negative,portraits often blur the edges
SYNEXP_00019,performance,Positive,performance has remained steady after weeks of use
SYNEXP_00019,battery,Positive,the battery holds up during long commutes
SYNEXP_00019,design,Neutral,the design is practical rather than memorable
SYNEXP_00019,display,Neutral,the display is usable in most places
SYNEXP_00020,battery,Positive,it rarely needs a midday top-up
SYNEXP_00020,display,Neutral,colours look fairly standard
SYNEXP_00021,performance,Negative,menus sometimes lag behind my taps
SYNEXP_00021,battery,Negative,power drops quickly during navigation
SYNEXP_00021,display,Neutral,screen brightness is adequate indoors
SYNEXP_00022,performance,Negative,gaming sessions bring noticeable stutter
SYNEXP_00022,camera,Negative,video looks shaky when I move
SYNEXP_00022,battery,Positive,I finish most days with power to spare
SYNEXP_00022,design,Positive,the buttons feel thoughtfully placed
SYNEXP_00023,battery,Negative,power drops quickly during navigation
SYNEXP_00023,design,Positive,the buttons feel thoughtfully placed
SYNEXP_00023,display,Positive,screen colours look balanced
SYNEXP_00024,battery,Positive,battery endurance has been dependable
SYNEXP_00024,display,Positive,text appears crisp on the panel
SYNEXP_00025,performance,Negative,the phone feels sluggish after a few minutes
SYNEXP_00025,design,Neutral,the physical layout takes little time to learn
SYNEXP_00025,camera,Negative,colours in photos sometimes look unnatural
SYNEXP_00026,camera,Positive,night photos have been better than expected
SYNEXP_00026,design,Positive,the weight feels well balanced
SYNEXP_00026,battery,Neutral,the battery gets me through an average day
SYNEXP_00027,camera,Negative,the camera loses detail indoors
SYNEXP_00027,performance,Neutral,apps run at a reasonable pace
SYNEXP_00027,design,Neutral,the build feels ordinary for its price
SYNEXP_00027,battery,Positive,it rarely needs a midday top-up
SYNEXP_00028,battery,Negative,the battery struggles on busy days
SYNEXP_00028,camera,Neutral,video quality meets my basic needs
SYNEXP_00029,performance,Negative,performance drops when several apps are open
SYNEXP_00029,battery,Negative,charging feels slow when I am in a hurry
SYNEXP_00030,display,Neutral,screen brightness is adequate indoors
SYNEXP_00030,performance,Negative,the device warms up and slows down during games
SYNEXP_00030,design,Neutral,the design is practical rather than memorable
SYNEXP_00031,battery,Negative,power drops quickly during navigation
SYNEXP_00031,performance,Neutral,performance is adequate for basic tasks
SYNEXP_00031,camera,Negative,the camera loses detail indoors
SYNEXP_00031,design,Neutral,the physical layout takes little time to learn
SYNEXP_00032,design,Negative,the phone is awkward to hold for long
SYNEXP_00032,battery,Negative,charging feels slow when I am in a hurry
SYNEXP_00033,display,Neutral,the panel does its job without surprises
SYNEXP_00033,design,Negative,the finish picks up marks easily
SYNEXP_00033,battery,Positive,the charge comfortably lasts into the evening
SYNEXP_00033,camera,Positive,portraits look sharp without much effort
SYNEXP_00034,battery,Negative,standby drain is noticeable overnight
SYNEXP_00034,display,Neutral,colours look fairly standard
SYNEXP_00034,performance,Positive,performance has remained steady after weeks of use
SYNEXP_00034,design,Positive,the buttons feel thoughtfully placed
SYNEXP_00035,display,Negative,touch response occasionally misses a swipe
SYNEXP_00035,camera,Negative,portraits often blur the edges
SYNEXP_00036,performance,Positive,apps open quickly during everyday use
SYNEXP_00036,display,Positive,the display makes videos enjoyable
SYNEXP_00036,battery,Neutral,charging speed feels fairly ordinary
SYNEXP_00036,design,Positive,the build feels solid in my hand
SYNEXP_00037,design,Negative,the phone is awkward to hold for long
SYNEXP_00037,display,Neutral,the display is usable in most places
SYNEXP_00038,performance,Negative,performance drops when several apps are open
SYNEXP_00038,battery,Neutral,charging speed feels fairly ordinary
SYNEXP_00038,design,Neutral,its weight is manageable
SYNEXP_00039,battery,Neutral,battery life is adequate for my usual schedule
SYNEXP_00039,camera,Positive,night photos have been better than expected
SYNEXP_00039,display,Positive,the display stays readable outdoors
SYNEXP_00040,performance,Negative,performance drops when several apps are open
SYNEXP_00040,camera,Positive,the camera captures natural colours
SYNEXP_00041,battery,Negative,power drops quickly during navigation
SYNEXP_00041,design,Positive,its shape is comfortable to hold
SYNEXP_00041,performance,Negative,menus sometimes lag behind my taps
SYNEXP_00042,battery,Negative,the battery drains faster than I expected
SYNEXP_00042,camera,Neutral,video quality meets my basic needs
SYNEXP_00042,display,Negative,the panel appears dim outdoors
SYNEXP_00043,battery,Positive,it rarely needs a midday top-up
SYNEXP_00043,display,Neutral,screen brightness is adequate indoors
SYNEXP_00043,camera,Neutral,image quality is acceptable in good light
SYNEXP_00043,design,Negative,the design feels bulky in a pocket
SYNEXP_00044,battery,Positive,charging has fitted well into my routine
SYNEXP_00044,performance,Positive,apps open quickly during everyday use
SYNEXP_00045,battery,Negative,I often need to recharge before dinner
SYNEXP_00045,design,Positive,the build feels solid in my hand
SYNEXP_00045,display,Negative,touch response occasionally misses a swipe
SYNEXP_00046,camera,Positive,video remains steady when I walk
SYNEXP_00046,design,Neutral,the physical layout takes little time to learn
SYNEXP_00047,design,Positive,the design is understated and attractive
SYNEXP_00047,battery,Neutral,battery life is adequate for my usual schedule
SYNEXP_00048,display,Negative,touch response occasionally misses a swipe
SYNEXP_00048,performance,Positive,switching between tasks feels smooth
SYNEXP_00048,design,Positive,the build feels solid in my hand
SYNEXP_00048,battery,Negative,charging feels slow when I am in a hurry
SYNEXP_00049,display,Positive,screen colours look balanced
SYNEXP_00049,performance,Positive,performance has remained steady after weeks of use
SYNEXP_00050,design,Neutral,the design is practical rather than memorable
SYNEXP_00050,performance,Negative,gaming sessions bring noticeable stutter
SYNEXP_00051,battery,Negative,I often need to recharge before dinner
SYNEXP_00051,design,Positive,its shape is comfortable to hold
SYNEXP_00052,battery,Negative,standby drain is noticeable overnight
SYNEXP_00052,camera,Negative,the camera loses detail indoors
SYNEXP_00053,performance,Positive,the phone stays responsive under a busy workload
SYNEXP_00053,battery,Neutral,battery life is adequate for my usual schedule
SYNEXP_00053,display,Positive,the display stays readable outdoors
SYNEXP_00053,design,Positive,the weight feels well balanced
SYNEXP_00054,battery,Negative,the battery drains faster than I expected
SYNEXP_00054,design,Positive,the weight feels well balanced
SYNEXP_00054,display,Neutral,the panel does its job without surprises
SYNEXP_00054,performance,Negative,menus sometimes lag behind my taps
SYNEXP_00055,battery,Negative,charging feels slow when I am in a hurry
SYNEXP_00055,display,Positive,the display makes videos enjoyable
SYNEXP_00055,performance,Positive,games run consistently in my sessions
SYNEXP_00056,design,Negative,the phone is awkward to hold for long
SYNEXP_00056,display,Negative,fine text looks less sharp than I hoped
SYNEXP_00057,camera,Positive,photos retain pleasing detail in daylight
SYNEXP_00057,display,Neutral,screen brightness is adequate indoors
SYNEXP_00057,battery,Positive,the battery holds up during long commutes
SYNEXP_00057,design,Negative,the phone is awkward to hold for long
SYNEXP_00058,camera,Neutral,image quality is acceptable in good light
SYNEXP_00058,performance,Positive,animations feel fluid
SYNEXP_00058,display,Negative,display colours look washed out
SYNEXP_00059,camera,Neutral,image quality is acceptable in good light
SYNEXP_00059,display,Negative,fine text looks less sharp than I hoped
SYNEXP_00059,design,Negative,the weight becomes tiring after a while
SYNEXP_00059,battery,Positive,the charge comfortably lasts into the evening
SYNEXP_00060,display,Positive,brightness adjusts well in changing light
SYNEXP_00060,design,Negative,the finish picks up marks easily
SYNEXP_00060,battery,Neutral,battery life is adequate for my usual schedule
SYNEXP_00060,camera,Negative,colours in photos sometimes look unnatural
SYNEXP_00061,battery,Negative,I often need to recharge before dinner
SYNEXP_00061,design,Positive,the weight feels well balanced
SYNEXP_00061,performance,Neutral,performance is adequate for basic tasks
SYNEXP_00062,camera,Negative,autofocus misses moving subjects
SYNEXP_00062,battery,Positive,battery endurance has been dependable
SYNEXP_00062,performance,Positive,animations feel fluid
SYNEXP_00062,display,Positive,brightness adjusts well in changing light
SYNEXP_00063,camera,Positive,night photos have been better than expected
SYNEXP_00063,battery,Neutral,the battery gets me through an average day
SYNEXP_00064,performance,Neutral,apps run at a reasonable pace
SYNEXP_00064,camera,Neutral,image quality is acceptable in good light
SYNEXP_00065,performance,Neutral,the speed feels normal for routine use
SYNEXP_00065,design,Positive,its shape is comfortable to hold
SYNEXP_00065,battery,Negative,standby drain is noticeable overnight
SYNEXP_00065,display,Negative,display colours look washed out
SYNEXP_00066,display,Positive,the display makes videos enjoyable
SYNEXP_00066,performance,Neutral,apps run at a reasonable pace
SYNEXP_00067,display,Positive,text appears crisp on the panel
SYNEXP_00067,performance,Neutral,the speed feels normal for routine use
SYNEXP_00068,camera,Neutral,the camera is fine for casual photos
SYNEXP_00068,design,Positive,the finish has held up well
SYNEXP_00068,performance,Negative,apps pause when I switch between them
SYNEXP_00069,battery,Positive,it rarely needs a midday top-up
SYNEXP_00069,display,Negative,display colours look washed out
SYNEXP_00069,performance,Positive,the phone stays responsive under a busy workload
SYNEXP_00069,design,Neutral,the build feels ordinary for its price
SYNEXP_00070,design,Positive,the finish has held up well
SYNEXP_00070,performance,Negative,gaming sessions bring noticeable stutter
SYNEXP_00071,design,Negative,the buttons are difficult to reach
SYNEXP_00071,performance,Negative,apps pause when I switch between them
SYNEXP_00071,camera,Neutral,video quality meets my basic needs
SYNEXP_00071,battery,Negative,charging feels slow when I am in a hurry
SYNEXP_00072,camera,Negative,night photos come out soft
SYNEXP_00072,design,Negative,the design feels bulky in a pocket
SYNEXP_00072,battery,Neutral,the battery gets me through an average day
SYNEXP_00072,display,Neutral,the display is usable in most places
SYNEXP_00073,battery,Neutral,power use has been neither remarkable nor troublesome
SYNEXP_00073,camera,Neutral,image quality is acceptable in good light
SYNEXP_00073,performance,Positive,animations feel fluid
SYNEXP_00074,camera,Neutral,image quality is acceptable in good light
SYNEXP_00074,design,Neutral,its weight is manageable
SYNEXP_00074,battery,Positive,the charge comfortably lasts into the evening
SYNEXP_00074,display,Positive,screen colours look balanced
SYNEXP_00075,design,Negative,the design feels bulky in a pocket
SYNEXP_00075,display,Neutral,the panel does its job without surprises
SYNEXP_00075,performance,Positive,games run consistently in my sessions
SYNEXP_00075,camera,Negative,colours in photos sometimes look unnatural
SYNEXP_00076,design,Positive,the design is understated and attractive
SYNEXP_00076,battery,Neutral,power use has been neither remarkable nor troublesome
SYNEXP_00076,camera,Negative,autofocus misses moving subjects
SYNEXP_00076,display,Negative,touch response occasionally misses a swipe
SYNEXP_00077,display,Positive,text appears crisp on the panel
SYNEXP_00077,camera,Negative,night photos come out soft
SYNEXP_00077,battery,Positive,charging has fitted well into my routine
SYNEXP_00078,performance,Negative,gaming sessions bring noticeable stutter
SYNEXP_00078,camera,Negative,autofocus misses moving subjects
SYNEXP_00078,display,Negative,touch response occasionally misses a swipe
SYNEXP_00078,battery,Positive,it rarely needs a midday top-up
SYNEXP_00079,performance,Negative,the device warms up and slows down during games
SYNEXP_00079,display,Negative,the panel appears dim outdoors
SYNEXP_00080,design,Positive,its shape is comfortable to hold
SYNEXP_00080,battery,Negative,power drops quickly during navigation
SYNEXP_00080,camera,Negative,night photos come out soft
SYNEXP_00080,display,Neutral,colours look fairly standard
SYNEXP_00081,design,Negative,the weight becomes tiring after a while
SYNEXP_00081,battery,Positive,the charge comfortably lasts into the evening
SYNEXP_00082,design,Positive,the design is understated and attractive
SYNEXP_00082,performance,Neutral,the speed feels normal for routine use
SYNEXP_00083,battery,Positive,charging has fitted well into my routine
SYNEXP_00083,design,Positive,the design is understated and attractive
SYNEXP_00083,camera,Positive,the camera captures natural colours
SYNEXP_00083,performance,Positive,performance has remained steady after weeks of use
SYNEXP_00084,performance,Negative,the phone feels sluggish after a few minutes
SYNEXP_00084,display,Positive,brightness adjusts well in changing light
SYNEXP_00085,camera,Positive,focus locks on reliably for quick shots
SYNEXP_00085,battery,Neutral,the battery gets me through an average day
SYNEXP_00085,display,Neutral,the display is usable in most places
SYNEXP_00085,design,Negative,the phone is awkward to hold for long
SYNEXP_00086,battery,Neutral,charging speed feels fairly ordinary
SYNEXP_00086,design,Negative,the phone is awkward to hold for long
SYNEXP_00087,design,Neutral,the design is practical rather than memorable
SYNEXP_00087,display,Positive,the display stays readable outdoors
SYNEXP_00088,battery,Negative,I often need to recharge before dinner
SYNEXP_00088,display,Neutral,screen brightness is adequate indoors
SYNEXP_00089,performance,Positive,performance has remained steady after weeks of use
SYNEXP_00089,camera,Positive,portraits look sharp without much effort
SYNEXP_00089,design,Positive,the weight feels well balanced
SYNEXP_00089,battery,Positive,battery endurance has been dependable
SYNEXP_00090,performance,Positive,games run consistently in my sessions
SYNEXP_00090,design,Neutral,the design is practical rather than memorable
SYNEXP_00091,design,Positive,the design is understated and attractive
SYNEXP_00091,camera,Positive,night photos have been better than expected
SYNEXP_00091,performance,Neutral,the speed feels normal for routine use
SYNEXP_00091,display,Positive,the display stays readable outdoors
SYNEXP_00092,camera,Positive,the camera captures natural colours
SYNEXP_00092,performance,Negative,the phone feels sluggish after a few minutes
SYNEXP_00092,battery,Positive,charging has fitted well into my routine
SYNEXP_00093,performance,Positive,animations feel fluid
SYNEXP_00093,battery,Negative,charging feels slow when I am in a hurry
SYNEXP_00093,design,Positive,the buttons feel thoughtfully placed
SYNEXP_00093,display,Positive,scrolling looks smooth
SYNEXP_00094,performance,Positive,switching between tasks feels smooth
SYNEXP_00094,battery,Negative,standby drain is noticeable overnight
SYNEXP_00094,camera,Negative,night photos come out soft
SYNEXP_00095,design,Positive,its shape is comfortable to hold
SYNEXP_00095,camera,Positive,night photos have been better than expected
SYNEXP_00095,display,Positive,text appears crisp on the panel
SYNEXP_00096,display,Positive,the display makes videos enjoyable
SYNEXP_00096,camera,Negative,colours in photos sometimes look unnatural
SYNEXP_00096,design,Neutral,the build feels ordinary for its price
SYNEXP_00096,performance,Neutral,multitasking is workable without standing out
SYNEXP_00097,battery,Neutral,the battery gets me through an average day
SYNEXP_00097,design,Neutral,its weight is manageable
SYNEXP_00098,camera,Negative,autofocus misses moving subjects
SYNEXP_00098,design,Positive,the buttons feel thoughtfully placed
SYNEXP_00098,display,Positive,scrolling looks smooth
SYNEXP_00098,performance,Negative,menus sometimes lag behind my taps
SYNEXP_00099,camera,Neutral,image quality is acceptable in good light
SYNEXP_00099,battery,Positive,charging has fitted well into my routine
SYNEXP_00099,display,Negative,the screen is hard to read in sunlight
SYNEXP_00099,performance,Neutral,apps run at a reasonable pace
SYNEXP_00100,camera,Negative,autofocus misses moving subjects
SYNEXP_00100,display,Negative,touch response occasionally misses a swipe
SYNEXP_00100,performance,Positive,performance has remained steady after weeks of use
SYNEXP_00100,design,Positive,its shape is comfortable to hold
SYNEXP_00101,performance,Negative,menus sometimes lag behind my taps
SYNEXP_00101,display,Positive,text appears crisp on the panel
SYNEXP_00101,design,Neutral,its weight is manageable
SYNEXP_00101,camera,Positive,photos retain pleasing detail in daylight
SYNEXP_00102,camera,Positive,photos retain pleasing detail in daylight
SYNEXP_00102,display,Neutral,screen brightness is adequate indoors
SYNEXP_00102,design,Positive,the build feels solid in my hand
SYNEXP_00102,battery,Negative,the battery struggles on busy days
SYNEXP_00103,battery,Negative,power drops quickly during navigation
SYNEXP_00103,design,Negative,the weight becomes tiring after a while
SYNEXP_00104,battery,Negative,charging feels slow when I am in a hurry
SYNEXP_00104,camera,Neutral,video quality meets my basic needs
SYNEXP_00104,display,Positive,the display stays readable outdoors
SYNEXP_00105,battery,Positive,it rarely needs a midday top-up
SYNEXP_00105,performance,Negative,gaming sessions bring noticeable stutter
SYNEXP_00105,camera,Positive,night photos have been better than expected
SYNEXP_00105,design,Negative,the finish picks up marks easily
SYNEXP_00106,design,Negative,the weight becomes tiring after a while
SYNEXP_00106,camera,Negative,portraits often blur the edges
SYNEXP_00106,performance,Negative,menus sometimes lag behind my taps
SYNEXP_00107,display,Positive,scrolling looks smooth
SYNEXP_00107,performance,Negative,performance drops when several apps are open
SYNEXP_00107,camera,Neutral,video quality meets my basic needs
SYNEXP_00107,battery,Neutral,charging speed feels fairly ordinary
SYNEXP_00108,camera,Positive,focus locks on reliably for quick shots
SYNEXP_00108,performance,Negative,the device warms up and slows down during games
SYNEXP_00108,battery,Neutral,battery life is adequate for my usual schedule
SYNEXP_00109,performance,Neutral,performance is adequate for basic tasks
SYNEXP_00109,battery,Neutral,the battery gets me through an average day
SYNEXP_00110,camera,Neutral,the camera is fine for casual photos
SYNEXP_00110,display,Neutral,screen brightness is adequate indoors
SYNEXP_00110,battery,Neutral,charging speed feels fairly ordinary
SYNEXP_00110,performance,Positive,performance has remained steady after weeks of use
SYNEXP_00111,display,Positive,screen colours look balanced
SYNEXP_00111,camera,Neutral,the camera feels typical for this range
SYNEXP_00111,battery,Negative,I often need to recharge before dinner
SYNEXP_00112,performance,Negative,gaming sessions bring noticeable stutter
SYNEXP_00112,display,Neutral,colours look fairly standard
SYNEXP_00112,battery,Neutral,power use has been neither remarkable nor troublesome
SYNEXP_00113,design,Positive,the finish has held up well
SYNEXP_00113,performance,Neutral,performance is adequate for basic tasks
SYNEXP_00113,camera,Neutral,image quality is acceptable in good light
SYNEXP_00114,performance,Positive,apps open quickly during everyday use
SYNEXP_00114,battery,Negative,power drops quickly during navigation
SYNEXP_00114,design,Neutral,the design is practical rather than memorable
SYNEXP_00115,performance,Positive,apps open quickly during everyday use
SYNEXP_00115,design,Negative,the buttons are difficult to reach
SYNEXP_00116,design,Positive,its shape is comfortable to hold
SYNEXP_00116,battery,Negative,I often need to recharge before dinner
SYNEXP_00116,performance,Positive,switching between tasks feels smooth
SYNEXP_00116,display,Negative,display colours look washed out
SYNEXP_00117,camera,Positive,portraits look sharp without much effort
SYNEXP_00117,design,Neutral,its weight is manageable
SYNEXP_00117,display,Negative,the screen is hard to read in sunlight
SYNEXP_00117,performance,Neutral,the speed feels normal for routine use
SYNEXP_00118,design,Neutral,the build feels ordinary for its price
SYNEXP_00118,camera,Positive,night photos have been better than expected
SYNEXP_00118,display,Positive,the display makes videos enjoyable
SYNEXP_00119,design,Positive,the build feels solid in my hand
SYNEXP_00119,camera,Neutral,the camera is fine for casual photos
SYNEXP_00120,battery,Positive,charging has fitted well into my routine
SYNEXP_00120,camera,Positive,photos retain pleasing detail in daylight
SYNEXP_00121,display,Neutral,the panel does its job without surprises
SYNEXP_00121,battery,Negative,charging feels slow when I am in a hurry
SYNEXP_00121,camera,Positive,video remains steady when I walk
SYNEXP_00121,performance,Positive,games run consistently in my sessions
SYNEXP_00122,battery,Neutral,charging speed feels fairly ordinary
SYNEXP_00122,display,Positive,screen colours look balanced
SYNEXP_00123,design,Negative,the buttons are difficult to reach
SYNEXP_00123,battery,Positive,the charge comfortably lasts into the evening
SYNEXP_00124,performance,Negative,apps pause when I switch between them
SYNEXP_00124,battery,Neutral,the battery gets me through an average day
SYNEXP_00125,display,Negative,the screen is hard to read in sunlight
SYNEXP_00125,battery,Neutral,the battery gets me through an average day
SYNEXP_00126,display,Negative,fine text looks less sharp than I hoped
SYNEXP_00126,battery,Negative,power drops quickly during navigation
SYNEXP_00126,design,Negative,the finish picks up marks easily
SYNEXP_00127,battery,Positive,charging has fitted well into my routine
SYNEXP_00127,performance,Positive,the phone stays responsive under a busy workload
SYNEXP_00128,display,Neutral,screen brightness is adequate indoors
SYNEXP_00128,performance,Positive,animations feel fluid
SYNEXP_00128,camera,Negative,portraits often blur the edges
SYNEXP_00128,battery,Positive,I finish most days with power to spare
SYNEXP_00129,display,Neutral,screen brightness is adequate indoors
SYNEXP_00129,camera,Neutral,image quality is acceptable in good light
SYNEXP_00129,performance,Negative,the device warms up and slows down during games
SYNEXP_00129,battery,Negative,the battery drains faster than I expected
SYNEXP_00130,performance,Positive,the phone stays responsive under a busy workload
SYNEXP_00130,battery,Neutral,charging speed feels fairly ordinary
SYNEXP_00130,display,Negative,the screen is hard to read in sunlight
SYNEXP_00131,display,Positive,screen colours look balanced
SYNEXP_00131,performance,Positive,animations feel fluid
SYNEXP_00131,camera,Positive,video remains steady when I walk
SYNEXP_00131,design,Neutral,the physical layout takes little time to learn
SYNEXP_00132,battery,Positive,I finish most days with power to spare
SYNEXP_00132,design,Positive,the buttons feel thoughtfully placed
SYNEXP_00132,camera,Positive,photos retain pleasing detail in daylight
SYNEXP_00132,performance,Negative,apps pause when I switch between them
SYNEXP_00133,design,Positive,the buttons feel thoughtfully placed
SYNEXP_00133,battery,Positive,charging has fitted well into my routine
SYNEXP_00133,display,Negative,the panel appears dim outdoors
SYNEXP_00133,camera,Positive,the camera captures natural colours
SYNEXP_00134,display,Positive,the display stays readable outdoors
SYNEXP_00134,performance,Negative,the phone feels sluggish after a few minutes
SYNEXP_00134,camera,Neutral,image quality is acceptable in good light
SYNEXP_00134,battery,Neutral,the battery gets me through an average day
SYNEXP_00135,performance,Negative,apps pause when I switch between them
SYNEXP_00135,battery,Positive,battery endurance has been dependable
SYNEXP_00135,camera,Positive,portraits look sharp without much effort
SYNEXP_00135,display,Neutral,colours look fairly standard
SYNEXP_00136,battery,Positive,I finish most days with power to spare
SYNEXP_00136,camera,Positive,photos retain pleasing detail in daylight
SYNEXP_00137,performance,Negative,apps pause when I switch between them
SYNEXP_00137,battery,Negative,the battery struggles on busy days
SYNEXP_00137,design,Negative,the weight becomes tiring after a while
SYNEXP_00138,battery,Neutral,charging speed feels fairly ordinary
SYNEXP_00138,camera,Negative,the camera loses detail indoors
SYNEXP_00139,design,Neutral,the physical layout takes little time to learn
SYNEXP_00139,display,Neutral,colours look fairly standard
SYNEXP_00140,display,Negative,fine text looks less sharp than I hoped
SYNEXP_00140,design,Negative,the buttons are difficult to reach
SYNEXP_00141,performance,Positive,games run consistently in my sessions
SYNEXP_00141,design,Negative,the phone is awkward to hold for long
SYNEXP_00142,camera,Negative,portraits often blur the edges
SYNEXP_00142,battery,Positive,the charge comfortably lasts into the evening
SYNEXP_00142,design,Negative,the design feels bulky in a pocket
SYNEXP_00142,performance,Negative,gaming sessions bring noticeable stutter
SYNEXP_00143,display,Neutral,the panel does its job without surprises
SYNEXP_00143,performance,Negative,apps pause when I switch between them
SYNEXP_00144,performance,Neutral,multitasking is workable without standing out
SYNEXP_00144,display,Positive,scrolling looks smooth
SYNEXP_00145,design,Positive,the build feels solid in my hand
SYNEXP_00145,battery,Positive,battery endurance has been dependable
SYNEXP_00145,performance,Positive,switching between tasks feels smooth
SYNEXP_00146,battery,Negative,the battery drains faster than I expected
SYNEXP_00146,design,Negative,the buttons are difficult to reach
SYNEXP_00147,camera,Negative,colours in photos sometimes look unnatural
SYNEXP_00147,performance,Positive,performance has remained steady after weeks of use
SYNEXP_00147,design,Positive,the finish has held up well
SYNEXP_00147,battery,Positive,I finish most days with power to spare
SYNEXP_00148,display,Negative,display colours look washed out
SYNEXP_00148,camera,Negative,colours in photos sometimes look unnatural
SYNEXP_00149,design,Positive,the weight feels well balanced
SYNEXP_00149,battery,Positive,it rarely needs a midday top-up
SYNEXP_00149,camera,Neutral,image quality is acceptable in good light
SYNEXP_00150,performance,Neutral,performance is adequate for basic tasks
SYNEXP_00150,display,Negative,fine text looks less sharp than I hoped
SYNEXP_00151,performance,Neutral,apps run at a reasonable pace
SYNEXP_00151,camera,Positive,portraits look sharp without much effort
SYNEXP_00151,design,Neutral,its weight is manageable
SYNEXP_00152,battery,Neutral,battery life is adequate for my usual schedule
SYNEXP_00152,performance,Negative,gaming sessions bring noticeable stutter
SYNEXP_00153,camera,Negative,colours in photos sometimes look unnatural
SYNEXP_00153,display,Positive,screen colours look balanced
SYNEXP_00153,performance,Neutral,performance is adequate for basic tasks
SYNEXP_00154,camera,Negative,autofocus misses moving subjects
SYNEXP_00154,performance,Neutral,the speed feels normal for routine use
SYNEXP_00154,design,Positive,the weight feels well balanced
SYNEXP_00155,display,Positive,screen colours look balanced
SYNEXP_00155,performance,Positive,the phone stays responsive under a busy workload
SYNEXP_00155,battery,Positive,charging has fitted well into my routine
SYNEXP_00155,design,Negative,the phone is awkward to hold for long
SYNEXP_00156,camera,Negative,colours in photos sometimes look unnatural
SYNEXP_00156,display,Negative,fine text looks less sharp than I hoped
SYNEXP_00157,design,Positive,the build feels solid in my hand
SYNEXP_00157,display,Negative,fine text looks less sharp than I hoped
SYNEXP_00157,camera,Positive,night photos have been better than expected
SYNEXP_00158,battery,Positive,battery endurance has been dependable
SYNEXP_00158,performance,Negative,apps pause when I switch between them
SYNEXP_00158,design,Neutral,the build feels ordinary for its price
SYNEXP_00158,display,Negative,display colours look washed out
SYNEXP_00159,battery,Positive,the charge comfortably lasts into the evening
SYNEXP_00159,performance,Positive,apps open quickly during everyday use
SYNEXP_00159,display,Neutral,the display is usable in most places
SYNEXP_00159,camera,Positive,portraits look sharp without much effort
SYNEXP_00160,performance,Neutral,performance is adequate for basic tasks
SYNEXP_00160,display,Positive,scrolling looks smooth
SYNEXP_00160,camera,Positive,the camera captures natural colours
SYNEXP_00160,design,Positive,its shape is comfortable to hold
SYNEXP_00161,performance,Neutral,the speed feels normal for routine use
SYNEXP_00161,display,Negative,scrolling does not feel as smooth as expected
SYNEXP_00161,camera,Positive,focus locks on reliably for quick shots
SYNEXP_00162,performance,Neutral,apps run at a reasonable pace
SYNEXP_00162,design,Neutral,its weight is manageable
SYNEXP_00162,battery,Positive,the charge comfortably lasts into the evening
SYNEXP_00162,display,Positive,the display stays readable outdoors
SYNEXP_00163,battery,Positive,the battery holds up during long commutes
SYNEXP_00163,camera,Negative,video looks shaky when I move
SYNEXP_00163,display,Positive,brightness adjusts well in changing light
SYNEXP_00163,design,Negative,the frame feels less sturdy than expected
SYNEXP_00164,design,Neutral,the design is practical rather than memorable
SYNEXP_00164,display,Positive,brightness adjusts well in changing light
SYNEXP_00164,battery,Negative,standby drain is noticeable overnight
SYNEXP_00164,camera,Positive,portraits look sharp without much effort
SYNEXP_00165,design,Negative,the finish picks up marks easily
SYNEXP_00165,camera,Negative,autofocus misses moving subjects
SYNEXP_00166,performance,Neutral,apps run at a reasonable pace
SYNEXP_00166,design,Negative,the phone is awkward to hold for long
SYNEXP_00166,battery,Positive,it rarely needs a midday top-up
SYNEXP_00167,display,Positive,brightness adjusts well in changing light
SYNEXP_00167,battery,Positive,it rarely needs a midday top-up
SYNEXP_00167,performance,Negative,the phone feels sluggish after a few minutes
SYNEXP_00167,camera,Positive,night photos have been better than expected
SYNEXP_00168,battery,Negative,standby drain is noticeable overnight
SYNEXP_00168,camera,Neutral,image quality is acceptable in good light
SYNEXP_00169,design,Negative,the frame feels less sturdy than expected
SYNEXP_00169,display,Negative,touch response occasionally misses a swipe
SYNEXP_00169,camera,Positive,photos retain pleasing detail in daylight
SYNEXP_00170,display,Positive,the display makes videos enjoyable
SYNEXP_00170,camera,Neutral,image quality is acceptable in good light
SYNEXP_00171,battery,Positive,the charge comfortably lasts into the evening
SYNEXP_00171,display,Negative,touch response occasionally misses a swipe
SYNEXP_00171,performance,Neutral,apps run at a reasonable pace
SYNEXP_00172,display,Negative,the panel appears dim outdoors
SYNEXP_00172,battery,Positive,the charge comfortably lasts into the evening
SYNEXP_00172,performance,Neutral,apps run at a reasonable pace
SYNEXP_00173,battery,Positive,charging has fitted well into my routine
SYNEXP_00173,camera,Neutral,image quality is acceptable in good light
SYNEXP_00173,display,Positive,brightness adjusts well in changing light
SYNEXP_00173,design,Neutral,the build feels ordinary for its price
SYNEXP_00174,display,Negative,scrolling does not feel as smooth as expected
SYNEXP_00174,performance,Negative,gaming sessions bring noticeable stutter
SYNEXP_00174,battery,Negative,the battery struggles on busy days
SYNEXP_00175,display,Positive,the display makes videos enjoyable
SYNEXP_00175,battery,Positive,charging has fitted well into my routine
SYNEXP_00175,design,Negative,the frame feels less sturdy than expected
SYNEXP_00175,performance,Positive,animations feel fluid
SYNEXP_00176,battery,Neutral,battery life is adequate for my usual schedule
SYNEXP_00176,display,Negative,touch response occasionally misses a swipe
SYNEXP_00176,camera,Negative,colours in photos sometimes look unnatural
SYNEXP_00177,performance,Positive,games run consistently in my sessions
SYNEXP_00177,camera,Neutral,image quality is acceptable in good light
SYNEXP_00178,design,Negative,the weight becomes tiring after a while
SYNEXP_00178,battery,Negative,standby drain is noticeable overnight
SYNEXP_00178,camera,Positive,photos retain pleasing detail in daylight
SYNEXP_00179,camera,Positive,photos retain pleasing detail in daylight
SYNEXP_00179,battery,Positive,the charge comfortably lasts into the evening
SYNEXP_00179,performance,Neutral,apps run at a reasonable pace
SYNEXP_00180,performance,Negative,performance drops when several apps are open
SYNEXP_00180,camera,Positive,focus locks on reliably for quick shots
SYNEXP_00180,display,Neutral,colours look fairly standard
SYNEXP_00180,battery,Positive,I finish most days with power to spare
SYNEXP_00181,design,Neutral,its weight is manageable
SYNEXP_00181,display,Negative,scrolling does not feel as smooth as expected
SYNEXP_00181,battery,Neutral,the battery gets me through an average day
SYNEXP_00182,performance,Positive,performance has remained steady after weeks of use
SYNEXP_00182,display,Neutral,the display is usable in most places
SYNEXP_00183,performance,Positive,animations feel fluid
SYNEXP_00183,design,Positive,the build feels solid in my hand
SYNEXP_00183,display,Neutral,the display is usable in most places
SYNEXP_00184,performance,Negative,gaming sessions bring noticeable stutter
SYNEXP_00184,battery,Positive,battery endurance has been dependable
SYNEXP_00185,performance,Positive,games run consistently in my sessions
SYNEXP_00185,camera,Neutral,the camera is fine for casual photos
SYNEXP_00185,battery,Negative,standby drain is noticeable overnight
SYNEXP_00186,battery,Positive,the charge comfortably lasts into the evening
SYNEXP_00186,camera,Positive,video remains steady when I walk
SYNEXP_00187,performance,Negative,gaming sessions bring noticeable stutter
SYNEXP_00187,display,Neutral,screen brightness is adequate indoors
SYNEXP_00187,camera,Positive,the camera captures natural colours
SYNEXP_00187,design,Positive,the finish has held up well
SYNEXP_00188,battery,Positive,battery endurance has been dependable
SYNEXP_00188,camera,Positive,video remains steady when I walk
SYNEXP_00189,performance,Negative,apps pause when I switch between them
SYNEXP_00189,battery,Neutral,power use has been neither remarkable nor troublesome
SYNEXP_00189,camera,Positive,the camera captures natural colours
SYNEXP_00189,design,Positive,the weight feels well balanced
SYNEXP_00190,design,Neutral,its weight is manageable
SYNEXP_00190,camera,Positive,the camera captures natural colours
SYNEXP_00190,battery,Positive,the battery holds up during long commutes
SYNEXP_00190,display,Neutral,screen brightness is adequate indoors
SYNEXP_00191,battery,Positive,I finish most days with power to spare
SYNEXP_00191,performance,Positive,games run consistently in my sessions
SYNEXP_00191,display,Positive,scrolling looks smooth
SYNEXP_00192,battery,Negative,standby drain is noticeable overnight
SYNEXP_00192,performance,Positive,apps open quickly during everyday use
SYNEXP_00192,camera,Negative,night photos come out soft
SYNEXP_00192,display,Neutral,colours look fairly standard
SYNEXP_00193,design,Positive,the buttons feel thoughtfully placed
SYNEXP_00193,performance,Neutral,performance is adequate for basic tasks
SYNEXP_00193,camera,Positive,night photos have been better than expected
SYNEXP_00193,display,Positive,the display makes videos enjoyable
SYNEXP_00194,camera,Neutral,the camera feels typical for this range
SYNEXP_00194,performance,Neutral,apps run at a reasonable pace
SYNEXP_00194,display,Negative,the panel appears dim outdoors
SYNEXP_00195,design,Neutral,the physical layout takes little time to learn
SYNEXP_00195,camera,Positive,the camera captures natural colours
SYNEXP_00195,display,Negative,display colours look washed out
SYNEXP_00196,display,Positive,text appears crisp on the panel
SYNEXP_00196,camera,Positive,focus locks on reliably for quick shots
SYNEXP_00196,performance,Positive,animations feel fluid
SYNEXP_00197,design,Positive,the finish has held up well
SYNEXP_00197,performance,Neutral,apps run at a reasonable pace
SYNEXP_00197,battery,Positive,the battery holds up during long commutes
SYNEXP_00197,display,Neutral,screen brightness is adequate indoors
SYNEXP_00198,performance,Negative,the phone feels sluggish after a few minutes
SYNEXP_00198,camera,Positive,photos retain pleasing detail in daylight
SYNEXP_00198,design,Negative,the design feels bulky in a pocket
SYNEXP_00198,display,Positive,the display stays readable outdoors
SYNEXP_00199,design,Negative,the finish picks up marks easily
SYNEXP_00199,performance,Neutral,apps run at a reasonable pace
SYNEXP_00199,battery,Positive,charging has fitted well into my routine
SYNEXP_00200,display,Negative,the screen is hard to read in sunlight
SYNEXP_00200,camera,Negative,night photos come out soft
SYNEXP_00200,design,Positive,the design is understated and attractive
SYNEXP_00201,battery,Positive,charging has fitted well into my routine
SYNEXP_00201,performance,Neutral,the speed feels normal for routine use
SYNEXP_00202,performance,Neutral,apps run at a reasonable pace
SYNEXP_00202,camera,Positive,portraits look sharp without much effort
SYNEXP_00202,design,Negative,the weight becomes tiring after a while
SYNEXP_00203,display,Positive,the display makes videos enjoyable
SYNEXP_00203,design,Positive,the finish has held up well
SYNEXP_00204,camera,Negative,autofocus misses moving subjects
SYNEXP_00204,battery,Negative,power drops quickly during navigation
SYNEXP_00205,performance,Neutral,multitasking is workable without standing out
SYNEXP_00205,battery,Positive,the charge comfortably lasts into the evening
SYNEXP_00206,performance,Neutral,multitasking is workable without standing out
SYNEXP_00206,design,Negative,the frame feels less sturdy than expected
SYNEXP_00206,battery,Negative,standby drain is noticeable overnight
SYNEXP_00206,camera,Positive,the camera captures natural colours
SYNEXP_00207,design,Neutral,its weight is manageable
SYNEXP_00207,display,Neutral,colours look fairly standard
SYNEXP_00208,camera,Positive,photos retain pleasing detail in daylight
SYNEXP_00208,performance,Negative,menus sometimes lag behind my taps
SYNEXP_00208,display,Negative,display colours look washed out
SYNEXP_00208,design,Positive,the weight feels well balanced
SYNEXP_00209,performance,Positive,animations feel fluid
SYNEXP_00209,camera,Positive,portraits look sharp without much effort
SYNEXP_00209,display,Neutral,colours look fairly standard
SYNEXP_00210,design,Positive,the design is understated and attractive
SYNEXP_00210,performance,Positive,switching between tasks feels smooth
SYNEXP_00210,display,Negative,display colours look washed out
SYNEXP_00210,camera,Positive,photos retain pleasing detail in daylight
SYNEXP_00211,performance,Negative,menus sometimes lag behind my taps
SYNEXP_00211,camera,Positive,night photos have been better than expected
SYNEXP_00211,display,Positive,brightness adjusts well in changing light
SYNEXP_00211,battery,Positive,the battery holds up during long commutes
SYNEXP_00212,battery,Neutral,charging speed feels fairly ordinary
SYNEXP_00212,performance,Positive,the phone stays responsive under a busy workload
SYNEXP_00213,performance,Positive,the phone stays responsive under a busy workload
SYNEXP_00213,battery,Negative,charging feels slow when I am in a hurry
SYNEXP_00214,battery,Positive,battery endurance has been dependable
SYNEXP_00214,performance,Positive,switching between tasks feels smooth
SYNEXP_00214,display,Negative,scrolling does not feel as smooth as expected
SYNEXP_00214,design,Neutral,the design is practical rather than memorable
SYNEXP_00215,display,Positive,scrolling looks smooth
SYNEXP_00215,battery,Positive,battery endurance has been dependable
SYNEXP_00216,camera,Negative,night photos come out soft
SYNEXP_00216,battery,Neutral,charging speed feels fairly ordinary
SYNEXP_00216,design,Neutral,the build feels ordinary for its price
SYNEXP_00216,display,Negative,touch response occasionally misses a swipe
SYNEXP_00217,camera,Positive,the camera captures natural colours
SYNEXP_00217,display,Positive,screen colours look balanced
SYNEXP_00217,performance,Positive,games run consistently in my sessions
SYNEXP_00218,battery,Negative,the battery drains faster than I expected
SYNEXP_00218,performance,Neutral,multitasking is workable without standing out
SYNEXP_00218,display,Negative,fine text looks less sharp than I hoped
SYNEXP_00219,display,Positive,brightness adjusts well in changing light
SYNEXP_00219,performance,Neutral,the speed feels normal for routine use
SYNEXP_00220,display,Neutral,the display is usable in most places
SYNEXP_00220,camera,Positive,the camera captures natural colours
SYNEXP_00220,design,Negative,the finish picks up marks easily
SYNEXP_00220,battery,Positive,the battery holds up during long commutes
SYNEXP_00221,design,Negative,the phone is awkward to hold for long
SYNEXP_00221,display,Positive,brightness adjusts well in changing light
SYNEXP_00221,battery,Negative,I often need to recharge before dinner
SYNEXP_00221,performance,Positive,switching between tasks feels smooth
SYNEXP_00222,design,Neutral,the design is practical rather than memorable
SYNEXP_00222,display,Positive,screen colours look balanced
SYNEXP_00222,camera,Negative,autofocus misses moving subjects
SYNEXP_00222,performance,Negative,gaming sessions bring noticeable stutter
SYNEXP_00223,design,Positive,the weight feels well balanced
SYNEXP_00223,display,Positive,brightness adjusts well in changing light
SYNEXP_00223,performance,Positive,the phone stays responsive under a busy workload
SYNEXP_00224,performance,Negative,menus sometimes lag behind my taps
SYNEXP_00224,battery,Neutral,charging speed feels fairly ordinary
SYNEXP_00224,camera,Positive,night photos have been better than expected
SYNEXP_00224,design,Negative,the weight becomes tiring after a while
SYNEXP_00225,design,Negative,the buttons are difficult to reach
SYNEXP_00225,camera,Positive,night photos have been better than expected
SYNEXP_00225,performance,Negative,the device warms up and slows down during games
SYNEXP_00226,design,Negative,the buttons are difficult to reach
SYNEXP_00226,battery,Positive,I finish most days with power to spare
SYNEXP_00227,display,Positive,screen colours look balanced
SYNEXP_00227,design,Positive,the design is understated and attractive
SYNEXP_00227,performance,Negative,gaming sessions bring noticeable stutter
SYNEXP_00228,display,Positive,the display stays readable outdoors
SYNEXP_00228,design,Positive,the build feels solid in my hand
SYNEXP_00229,display,Positive,screen colours look balanced
SYNEXP_00229,performance,Neutral,apps run at a reasonable pace
SYNEXP_00229,battery,Positive,charging has fitted well into my routine
SYNEXP_00229,design,Neutral,its weight is manageable
SYNEXP_00230,performance,Positive,performance has remained steady after weeks of use
SYNEXP_00230,battery,Neutral,battery life is adequate for my usual schedule
SYNEXP_00230,display,Neutral,the panel does its job without surprises
SYNEXP_00230,camera,Positive,video remains steady when I walk
SYNEXP_00231,display,Negative,touch response occasionally misses a swipe
SYNEXP_00231,battery,Neutral,the battery gets me through an average day
SYNEXP_00231,performance,Negative,apps pause when I switch between them
SYNEXP_00232,performance,Negative,the phone feels sluggish after a few minutes
SYNEXP_00232,camera,Neutral,video quality meets my basic needs
SYNEXP_00233,display,Neutral,the panel does its job without surprises
SYNEXP_00233,performance,Positive,games run consistently in my sessions
SYNEXP_00234,display,Neutral,the panel does its job without surprises
SYNEXP_00234,design,Negative,the buttons are difficult to reach
SYNEXP_00235,design,Negative,the phone is awkward to hold for long
SYNEXP_00235,display,Negative,scrolling does not feel as smooth as expected
SYNEXP_00235,battery,Negative,I often need to recharge before dinner
SYNEXP_00235,performance,Positive,apps open quickly during everyday use
SYNEXP_00236,display,Negative,display colours look washed out
SYNEXP_00236,battery,Positive,it rarely needs a midday top-up
SYNEXP_00236,design,Negative,the design feels bulky in a pocket
SYNEXP_00236,performance,Negative,the device warms up and slows down during games
SYNEXP_00237,camera,Negative,night photos come out soft
SYNEXP_00237,battery,Negative,charging feels slow when I am in a hurry
SYNEXP_00237,performance,Positive,the phone stays responsive under a busy workload
SYNEXP_00238,display,Negative,the screen is hard to read in sunlight
SYNEXP_00238,camera,Neutral,the camera feels typical for this range
SYNEXP_00238,performance,Negative,apps pause when I switch between them
SYNEXP_00239,battery,Negative,power drops quickly during navigation
SYNEXP_00239,display,Positive,brightness adjusts well in changing light
SYNEXP_00239,performance,Positive,switching between tasks feels smooth
SYNEXP_00239,camera,Positive,video remains steady when I walk
SYNEXP_00240,battery,Negative,standby drain is noticeable overnight
SYNEXP_00240,display,Neutral,the panel does its job without surprises
SYNEXP_00241,design,Negative,the weight becomes tiring after a while
SYNEXP_00241,display,Neutral,colours look fairly standard
SYNEXP_00241,performance,Neutral,performance is adequate for basic tasks
SYNEXP_00242,design,Negative,the buttons are difficult to reach
SYNEXP_00242,performance,Negative,gaming sessions bring noticeable stutter
SYNEXP_00242,display,Neutral,the display is usable in most places
SYNEXP_00242,camera,Neutral,the camera feels typical for this range
SYNEXP_00243,display,Neutral,the display is usable in most places
SYNEXP_00243,camera,Negative,portraits often blur the edges
SYNEXP_00243,battery,Positive,it rarely needs a midday top-up
SYNEXP_00244,battery,Neutral,power use has been neither remarkable nor troublesome
SYNEXP_00244,display,Negative,fine text looks less sharp than I hoped
SYNEXP_00245,battery,Neutral,charging speed feels fairly ordinary
SYNEXP_00245,design,Positive,the build feels solid in my hand
SYNEXP_00246,performance,Negative,gaming sessions bring noticeable stutter
SYNEXP_00246,design,Positive,the design is understated and attractive
SYNEXP_00246,display,Negative,the screen is hard to read in sunlight
SYNEXP_00246,camera,Neutral,video quality meets my basic needs
SYNEXP_00247,camera,Negative,video looks shaky when I move
SYNEXP_00247,display,Negative,touch response occasionally misses a swipe
SYNEXP_00247,performance,Positive,performance has remained steady after weeks of use
SYNEXP_00247,design,Positive,the weight feels well balanced
SYNEXP_00248,performance,Positive,games run consistently in my sessions
SYNEXP_00248,camera,Neutral,the camera feels typical for this range
SYNEXP_00248,design,Neutral,the physical layout takes little time to learn
SYNEXP_00248,display,Neutral,the display is usable in most places
SYNEXP_00249,performance,Positive,apps open quickly during everyday use
SYNEXP_00249,design,Negative,the design feels bulky in a pocket
SYNEXP_00250,camera,Neutral,video quality meets my basic needs
SYNEXP_00250,performance,Neutral,performance is adequate for basic tasks
SYNEXP_00251,design,Positive,its shape is comfortable to hold
SYNEXP_00251,performance,Positive,performance has remained steady after weeks of use
SYNEXP_00252,performance,Negative,the phone feels sluggish after a few minutes
SYNEXP_00252,camera,Positive,portraits look sharp without much effort
SYNEXP_00252,design,Negative,the design feels bulky in a pocket
SYNEXP_00252,display,Negative,scrolling does not feel as smooth as expected
SYNEXP_00253,battery,Positive,the charge comfortably lasts into the evening
SYNEXP_00253,camera,Neutral,video quality meets my basic needs
SYNEXP_00253,performance,Neutral,apps run at a reasonable pace
SYNEXP_00253,display,Positive,the display stays readable outdoors
SYNEXP_00254,display,Negative,display colours look washed out
SYNEXP_00254,camera,Negative,autofocus misses moving subjects
SYNEXP_00254,performance,Neutral,the speed feels normal for routine use
SYNEXP_00254,design,Positive,the buttons feel thoughtfully placed
SYNEXP_00255,design,Neutral,the design is practical rather than memorable
SYNEXP_00255,camera,Positive,portraits look sharp without much effort
SYNEXP_00256,performance,Negative,gaming sessions bring noticeable stutter
SYNEXP_00256,camera,Neutral,the camera is fine for casual photos
SYNEXP_00256,display,Neutral,colours look fairly standard
SYNEXP_00257,battery,Negative,standby drain is noticeable overnight
SYNEXP_00257,performance,Positive,the phone stays responsive under a busy workload
SYNEXP_00257,camera,Positive,video remains steady when I walk
SYNEXP_00258,camera,Positive,video remains steady when I walk
SYNEXP_00258,battery,Negative,I often need to recharge before dinner
SYNEXP_00258,design,Negative,the design feels bulky in a pocket
SYNEXP_00258,display,Negative,fine text looks less sharp than I hoped
SYNEXP_00259,battery,Neutral,battery life is adequate for my usual schedule
SYNEXP_00259,camera,Positive,the camera captures natural colours
SYNEXP_00259,performance,Positive,performance has remained steady after weeks of use
SYNEXP_00259,display,Negative,the panel appears dim outdoors
SYNEXP_00260,battery,Positive,it rarely needs a midday top-up
SYNEXP_00260,display,Positive,text appears crisp on the panel
SYNEXP_00260,design,Neutral,the build feels ordinary for its price
SYNEXP_00260,performance,Negative,gaming sessions bring noticeable stutter
SYNEXP_00261,design,Negative,the design feels bulky in a pocket
SYNEXP_00261,battery,Neutral,charging speed feels fairly ordinary
SYNEXP_00261,camera,Negative,video looks shaky when I move
SYNEXP_00261,display,Positive,the display makes videos enjoyable
SYNEXP_00262,design,Negative,the frame feels less sturdy than expected
SYNEXP_00262,battery,Neutral,charging speed feels fairly ordinary
SYNEXP_00263,display,Negative,scrolling does not feel as smooth as expected
SYNEXP_00263,camera,Positive,the camera captures natural colours
SYNEXP_00263,design,Positive,the finish has held up well
SYNEXP_00263,battery,Neutral,charging speed feels fairly ordinary
SYNEXP_00264,camera,Positive,photos retain pleasing detail in daylight
SYNEXP_00264,performance,Neutral,apps run at a reasonable pace
SYNEXP_00265,display,Positive,screen colours look balanced
SYNEXP_00265,performance,Negative,the phone feels sluggish after a few minutes
SYNEXP_00265,battery,Neutral,power use has been neither remarkable nor troublesome
SYNEXP_00265,camera,Positive,focus locks on reliably for quick shots
SYNEXP_00266,performance,Negative,gaming sessions bring noticeable stutter
SYNEXP_00266,battery,Positive,it rarely needs a midday top-up
SYNEXP_00267,display,Neutral,the display is usable in most places
SYNEXP_00267,battery,Neutral,charging speed feels fairly ordinary
SYNEXP_00267,design,Negative,the design feels bulky in a pocket
SYNEXP_00267,camera,Neutral,image quality is acceptable in good light
SYNEXP_00268,design,Positive,the design is understated and attractive
SYNEXP_00268,performance,Positive,performance has remained steady after weeks of use
SYNEXP_00268,camera,Positive,focus locks on reliably for quick shots
SYNEXP_00268,battery,Neutral,power use has been neither remarkable nor troublesome
SYNEXP_00269,camera,Neutral,image quality is acceptable in good light
SYNEXP_00269,battery,Neutral,battery life is adequate for my usual schedule
SYNEXP_00269,performance,Positive,the phone stays responsive under a busy workload
SYNEXP_00269,design,Positive,the weight feels well balanced
SYNEXP_00270,performance,Negative,gaming sessions bring noticeable stutter
SYNEXP_00270,display,Negative,fine text looks less sharp than I hoped
SYNEXP_00271,battery,Neutral,power use has been neither remarkable nor troublesome
SYNEXP_00271,design,Negative,the buttons are difficult to reach
SYNEXP_00271,performance,Neutral,multitasking is workable without standing out
SYNEXP_00272,camera,Negative,autofocus misses moving subjects
SYNEXP_00272,performance,Negative,apps pause when I switch between them
SYNEXP_00273,performance,Neutral,performance is adequate for basic tasks
SYNEXP_00273,display,Positive,brightness adjusts well in changing light
SYNEXP_00274,design,Neutral,the physical layout takes little time to learn
SYNEXP_00274,display,Negative,the screen is hard to read in sunlight
SYNEXP_00275,camera,Negative,video looks shaky when I move
SYNEXP_00275,performance,Positive,games run consistently in my sessions
SYNEXP_00275,battery,Negative,I often need to recharge before dinner
SYNEXP_00276,camera,Negative,colours in photos sometimes look unnatural
SYNEXP_00276,display,Positive,the display stays readable outdoors
SYNEXP_00276,design,Neutral,the physical layout takes little time to learn
SYNEXP_00277,battery,Positive,I finish most days with power to spare
SYNEXP_00277,camera,Negative,colours in photos sometimes look unnatural
SYNEXP_00278,battery,Negative,power drops quickly during navigation
SYNEXP_00278,display,Negative,the panel appears dim outdoors
SYNEXP_00279,camera,Negative,the camera loses detail indoors
SYNEXP_00279,display,Neutral,colours look fairly standard
SYNEXP_00279,design,Negative,the frame feels less sturdy than expected
SYNEXP_00279,battery,Positive,charging has fitted well into my routine
SYNEXP_00280,design,Positive,its shape is comfortable to hold
SYNEXP_00280,performance,Positive,performance has remained steady after weeks of use
SYNEXP_00280,display,Positive,scrolling looks smooth
SYNEXP_00280,camera,Positive,focus locks on reliably for quick shots
SYNEXP_00281,camera,Positive,video remains steady when I walk
SYNEXP_00281,performance,Positive,switching between tasks feels smooth
SYNEXP_00282,display,Negative,the panel appears dim outdoors
SYNEXP_00282,design,Neutral,the physical layout takes little time to learn
SYNEXP_00283,design,Negative,the finish picks up marks easily
SYNEXP_00283,performance,Positive,switching between tasks feels smooth
SYNEXP_00283,display,Negative,touch response occasionally misses a swipe
SYNEXP_00283,battery,Positive,it rarely needs a midday top-up
SYNEXP_00284,performance,Neutral,performance is adequate for basic tasks
SYNEXP_00284,camera,Positive,photos retain pleasing detail in daylight
SYNEXP_00285,display,Neutral,the display is usable in most places
SYNEXP_00285,camera,Positive,the camera captures natural colours
SYNEXP_00285,battery,Negative,charging feels slow when I am in a hurry
SYNEXP_00285,design,Positive,the buttons feel thoughtfully placed
SYNEXP_00286,battery,Positive,charging has fitted well into my routine
SYNEXP_00286,performance,Positive,performance has remained steady after weeks of use
SYNEXP_00286,camera,Positive,the camera captures natural colours
SYNEXP_00287,performance,Positive,performance has remained steady after weeks of use
SYNEXP_00287,battery,Neutral,charging speed feels fairly ordinary
SYNEXP_00287,display,Positive,screen colours look balanced
SYNEXP_00288,design,Positive,its shape is comfortable to hold
SYNEXP_00288,display,Negative,fine text looks less sharp than I hoped
SYNEXP_00288,performance,Positive,the phone stays responsive under a busy workload
SYNEXP_00288,battery,Negative,I often need to recharge before dinner
SYNEXP_00289,camera,Neutral,the camera is fine for casual photos
SYNEXP_00289,performance,Neutral,the speed feels normal for routine use
SYNEXP_00289,battery,Positive,charging has fitted well into my routine
SYNEXP_00289,display,Positive,the display stays readable outdoors
SYNEXP_00290,performance,Positive,apps open quickly during everyday use
SYNEXP_00290,display,Positive,the display stays readable outdoors
SYNEXP_00290,battery,Negative,standby drain is noticeable overnight
SYNEXP_00291,display,Neutral,the panel does its job without surprises
SYNEXP_00291,design,Positive,the finish has held up well
SYNEXP_00292,battery,Negative,I often need to recharge before dinner
SYNEXP_00292,camera,Negative,night photos come out soft
SYNEXP_00292,design,Positive,its shape is comfortable to hold
SYNEXP_00292,display,Negative,scrolling does not feel as smooth as expected
SYNEXP_00293,performance,Neutral,apps run at a reasonable pace
SYNEXP_00293,display,Positive,brightness adjusts well in changing light
SYNEXP_00293,battery,Negative,I often need to recharge before dinner
SYNEXP_00293,design,Positive,the build feels solid in my hand
SYNEXP_00294,design,Neutral,the physical layout takes little time to learn
SYNEXP_00294,camera,Positive,the camera captures natural colours
SYNEXP_00294,battery,Neutral,the battery gets me through an average day
SYNEXP_00294,display,Negative,fine text looks less sharp than I hoped
SYNEXP_00295,performance,Positive,the phone stays responsive under a busy workload
SYNEXP_00295,camera,Positive,video remains steady when I walk
SYNEXP_00296,design,Negative,the design feels bulky in a pocket
SYNEXP_00296,display,Positive,scrolling looks smooth
SYNEXP_00296,performance,Positive,the phone stays responsive under a busy workload
SYNEXP_00296,camera,Negative,colours in photos sometimes look unnatural
SYNEXP_00297,design,Negative,the finish picks up marks easily
SYNEXP_00297,display,Negative,the panel appears dim outdoors
SYNEXP_00298,camera,Positive,the camera captures natural colours
SYNEXP_00298,battery,Positive,I finish most days with power to spare
SYNEXP_00299,performance,Negative,apps pause when I switch between them
SYNEXP_00299,display,Negative,fine text looks less sharp than I hoped
SYNEXP_00300,camera,Negative,night photos come out soft
SYNEXP_00300,performance,Positive,apps open quickly during everyday use
SYNEXP_00300,design,Positive,the finish has held up well
SYNEXP_00301,display,Positive,the display makes videos enjoyable
SYNEXP_00301,design,Positive,the buttons feel thoughtfully placed
SYNEXP_00302,performance,Negative,gaming sessions bring noticeable stutter
SYNEXP_00302,display,Negative,fine text looks less sharp than I hoped
SYNEXP_00303,design,Neutral,the physical layout takes little time to learn
SYNEXP_00303,battery,Neutral,battery life is adequate for my usual schedule
SYNEXP_00304,design,Negative,the frame feels less sturdy than expected
SYNEXP_00304,performance,Negative,apps pause when I switch between them
SYNEXP_00304,camera,Neutral,video quality meets my basic needs
SYNEXP_00304,display,Negative,the panel appears dim outdoors
SYNEXP_00305,battery,Positive,charging has fitted well into my routine
SYNEXP_00305,display,Neutral,colours look fairly standard
SYNEXP_00305,design,Neutral,the physical layout takes little time to learn
SYNEXP_00306,design,Negative,the buttons are difficult to reach
SYNEXP_00306,battery,Positive,the battery holds up during long commutes
SYNEXP_00306,performance,Negative,apps pause when I switch between them
SYNEXP_00306,camera,Negative,autofocus misses moving subjects
SYNEXP_00307,camera,Positive,photos retain pleasing detail in daylight
SYNEXP_00307,design,Positive,the buttons feel thoughtfully placed
SYNEXP_00308,battery,Neutral,power use has been neither remarkable nor troublesome
SYNEXP_00308,camera,Positive,the camera captures natural colours
SYNEXP_00309,display,Positive,the display stays readable outdoors
SYNEXP_00309,design,Negative,the frame feels less sturdy than expected
SYNEXP_00309,performance,Neutral,performance is adequate for basic tasks
SYNEXP_00309,battery,Negative,power drops quickly during navigation
SYNEXP_00310,battery,Negative,the battery struggles on busy days
SYNEXP_00310,design,Positive,the design is understated and attractive
SYNEXP_00311,performance,Positive,games run consistently in my sessions
SYNEXP_00311,design,Positive,the weight feels well balanced
SYNEXP_00311,display,Neutral,colours look fairly standard
SYNEXP_00312,camera,Positive,photos retain pleasing detail in daylight
SYNEXP_00312,design,Positive,the weight feels well balanced
SYNEXP_00313,performance,Negative,the device warms up and slows down during games
SYNEXP_00313,camera,Neutral,video quality meets my basic needs
SYNEXP_00314,camera,Positive,photos retain pleasing detail in daylight
SYNEXP_00314,display,Positive,the display makes videos enjoyable
SYNEXP_00314,battery,Neutral,charging speed feels fairly ordinary
SYNEXP_00315,camera,Negative,colours in photos sometimes look unnatural
SYNEXP_00315,display,Neutral,colours look fairly standard
SYNEXP_00315,design,Positive,the weight feels well balanced
SYNEXP_00316,battery,Positive,the charge comfortably lasts into the evening
SYNEXP_00316,design,Neutral,the build feels ordinary for its price
SYNEXP_00317,battery,Negative,power drops quickly during navigation
SYNEXP_00317,performance,Negative,performance drops when several apps are open
SYNEXP_00317,design,Positive,the design is understated and attractive
SYNEXP_00317,display,Neutral,the panel does its job without surprises
SYNEXP_00318,camera,Neutral,the camera feels typical for this range
SYNEXP_00318,performance,Negative,the phone feels sluggish after a few minutes
SYNEXP_00318,display,Negative,the panel appears dim outdoors
SYNEXP_00319,design,Positive,the design is understated and attractive
SYNEXP_00319,display,Neutral,the panel does its job without surprises
SYNEXP_00320,performance,Positive,apps open quickly during everyday use
SYNEXP_00320,display,Positive,text appears crisp on the panel
SYNEXP_00321,design,Positive,the build feels solid in my hand
SYNEXP_00321,camera,Negative,night photos come out soft
SYNEXP_00321,performance,Negative,the device warms up and slows down during games
SYNEXP_00322,camera,Negative,portraits often blur the edges
SYNEXP_00322,display,Neutral,the display is usable in most places
SYNEXP_00322,performance,Positive,apps open quickly during everyday use
SYNEXP_00322,design,Neutral,the physical layout takes little time to learn
SYNEXP_00323,display,Positive,screen colours look balanced
SYNEXP_00323,battery,Positive,the charge comfortably lasts into the evening
SYNEXP_00323,design,Neutral,the build feels ordinary for its price
SYNEXP_00324,display,Neutral,the panel does its job without surprises
SYNEXP_00324,performance,Negative,gaming sessions bring noticeable stutter
SYNEXP_00324,battery,Neutral,the battery gets me through an average day
SYNEXP_00325,display,Neutral,the panel does its job without surprises
SYNEXP_00325,camera,Positive,photos retain pleasing detail in daylight
SYNEXP_00326,camera,Neutral,the camera feels typical for this range
SYNEXP_00326,display,Positive,the display stays readable outdoors
SYNEXP_00327,camera,Negative,autofocus misses moving subjects
SYNEXP_00327,battery,Positive,the battery holds up during long commutes
SYNEXP_00327,display,Positive,text appears crisp on the panel
SYNEXP_00328,battery,Negative,standby drain is noticeable overnight
SYNEXP_00328,design,Neutral,the physical layout takes little time to learn
SYNEXP_00328,display,Neutral,the panel does its job without surprises
SYNEXP_00329,performance,Neutral,the speed feels normal for routine use
SYNEXP_00329,design,Positive,the buttons feel thoughtfully placed
SYNEXP_00329,display,Negative,display colours look washed out
SYNEXP_00330,battery,Positive,battery endurance has been dependable
SYNEXP_00330,design,Positive,its shape is comfortable to hold
SYNEXP_00330,display,Negative,touch response occasionally misses a swipe
SYNEXP_00330,performance,Positive,the phone stays responsive under a busy workload
SYNEXP_00331,camera,Positive,the camera captures natural colours
SYNEXP_00331,display,Neutral,the panel does its job without surprises
SYNEXP_00331,battery,Negative,power drops quickly during navigation
SYNEXP_00331,performance,Positive,switching between tasks feels smooth
SYNEXP_00332,performance,Negative,gaming sessions bring noticeable stutter
SYNEXP_00332,design,Neutral,the physical layout takes little time to learn
SYNEXP_00333,battery,Positive,I finish most days with power to spare
SYNEXP_00333,design,Negative,the frame feels less sturdy than expected
SYNEXP_00333,display,Negative,the screen is hard to read in sunlight
SYNEXP_00333,performance,Positive,the phone stays responsive under a busy workload
SYNEXP_00334,performance,Neutral,the speed feels normal for routine use
SYNEXP_00334,battery,Positive,it rarely needs a midday top-up
SYNEXP_00334,camera,Neutral,video quality meets my basic needs
SYNEXP_00334,design,Positive,its shape is comfortable to hold
SYNEXP_00335,performance,Negative,the phone feels sluggish after a few minutes
SYNEXP_00335,display,Positive,brightness adjusts well in changing light
SYNEXP_00335,camera,Neutral,the camera feels typical for this range
SYNEXP_00335,battery,Positive,the charge comfortably lasts into the evening
SYNEXP_00336,camera,Neutral,the camera feels typical for this range
SYNEXP_00336,display,Neutral,the panel does its job without surprises
SYNEXP_00336,battery,Positive,battery endurance has been dependable
SYNEXP_00337,design,Neutral,the design is practical rather than memorable
SYNEXP_00337,display,Negative,touch response occasionally misses a swipe
SYNEXP_00338,battery,Positive,charging has fitted well into my routine
SYNEXP_00338,design,Negative,the finish picks up marks easily
SYNEXP_00338,camera,Neutral,the camera is fine for casual photos
SYNEXP_00338,display,Negative,scrolling does not feel as smooth as expected
SYNEXP_00339,performance,Negative,the phone feels sluggish after a few minutes
SYNEXP_00339,design,Neutral,the design is practical rather than memorable
SYNEXP_00340,battery,Positive,it rarely needs a midday top-up
SYNEXP_00340,performance,Positive,switching between tasks feels smooth
SYNEXP_00340,design,Negative,the buttons are difficult to reach
SYNEXP_00341,design,Positive,its shape is comfortable to hold
SYNEXP_00341,camera,Positive,the camera captures natural colours
SYNEXP_00341,performance,Positive,switching between tasks feels smooth
SYNEXP_00342,battery,Positive,the battery holds up during long commutes
SYNEXP_00342,design,Positive,the buttons feel thoughtfully placed
SYNEXP_00342,display,Neutral,the display is usable in most places
SYNEXP_00343,camera,Positive,portraits look sharp without much effort
SYNEXP_00343,performance,Neutral,the speed feels normal for routine use
SYNEXP_00343,display,Negative,the screen is hard to read in sunlight
SYNEXP_00344,display,Positive,text appears crisp on the panel
SYNEXP_00344,design,Negative,the buttons are difficult to reach
SYNEXP_00344,battery,Positive,I finish most days with power to spare
SYNEXP_00345,camera,Positive,portraits look sharp without much effort
SYNEXP_00345,battery,Neutral,the battery gets me through an average day
SYNEXP_00346,design,Positive,the build feels solid in my hand
SYNEXP_00346,performance,Neutral,apps run at a reasonable pace
SYNEXP_00346,display,Negative,touch response occasionally misses a swipe
SYNEXP_00346,battery,Positive,charging has fitted well into my routine
SYNEXP_00347,design,Positive,the build feels solid in my hand
SYNEXP_00347,performance,Positive,performance has remained steady after weeks of use
SYNEXP_00347,display,Positive,screen colours look balanced
SYNEXP_00348,performance,Positive,apps open quickly during everyday use
SYNEXP_00348,display,Neutral,the display is usable in most places
SYNEXP_00348,design,Negative,the design feels bulky in a pocket
SYNEXP_00348,battery,Negative,I often need to recharge before dinner
SYNEXP_00349,display,Negative,display colours look washed out
SYNEXP_00349,battery,Neutral,power use has been neither remarkable nor troublesome
SYNEXP_00349,performance,Negative,menus sometimes lag behind my taps
SYNEXP_00349,design,Neutral,the build feels ordinary for its price
SYNEXP_00350,camera,Positive,photos retain pleasing detail in daylight
SYNEXP_00350,display,Positive,brightness adjusts well in changing light
SYNEXP_00351,camera,Negative,night photos come out soft
SYNEXP_00351,performance,Positive,apps open quickly during everyday use
SYNEXP_00352,battery,Positive,the charge comfortably lasts into the evening
SYNEXP_00352,design,Positive,its shape is comfortable to hold
SYNEXP_00352,display,Negative,fine text looks less sharp than I hoped
SYNEXP_00353,performance,Neutral,the speed feels normal for routine use
SYNEXP_00353,design,Negative,the frame feels less sturdy than expected
SYNEXP_00353,battery,Neutral,power use has been neither remarkable nor troublesome
SYNEXP_00353,display,Positive,the display makes videos enjoyable
SYNEXP_00354,camera,Positive,focus locks on reliably for quick shots
SYNEXP_00354,display,Neutral,screen brightness is adequate indoors
SYNEXP_00354,battery,Negative,power drops quickly during navigation
SYNEXP_00354,performance,Positive,apps open quickly during everyday use
SYNEXP_00355,performance,Negative,apps pause when I switch between them
SYNEXP_00355,battery,Neutral,charging speed feels fairly ordinary
SYNEXP_00355,design,Negative,the weight becomes tiring after a while
SYNEXP_00355,camera,Negative,night photos come out soft
SYNEXP_00356,battery,Negative,the battery drains faster than I expected
SYNEXP_00356,performance,Neutral,apps run at a reasonable pace
SYNEXP_00357,camera,Negative,autofocus misses moving subjects
SYNEXP_00357,display,Positive,brightness adjusts well in changing light
SYNEXP_00357,performance,Positive,performance has remained steady after weeks of use
SYNEXP_00358,camera,Negative,the camera loses detail indoors
SYNEXP_00358,display,Negative,scrolling does not feel as smooth as expected
SYNEXP_00358,performance,Positive,animations feel fluid
SYNEXP_00358,design,Neutral,the build feels ordinary for its price
SYNEXP_00359,battery,Neutral,battery life is adequate for my usual schedule
SYNEXP_00359,design,Negative,the finish picks up marks easily
SYNEXP_00359,performance,Positive,performance has remained steady after weeks of use
SYNEXP_00360,design,Positive,the finish has held up well
SYNEXP_00360,camera,Neutral,the camera feels typical for this range
SYNEXP_00361,performance,Neutral,multitasking is workable without standing out
SYNEXP_00361,design,Positive,the buttons feel thoughtfully placed
SYNEXP_00361,battery,Positive,battery endurance has been dependable
SYNEXP_00362,camera,Positive,photos retain pleasing detail in daylight
SYNEXP_00362,design,Neutral,the physical layout takes little time to learn
SYNEXP_00362,performance,Positive,apps open quickly during everyday use
SYNEXP_00362,display,Positive,the display makes videos enjoyable
SYNEXP_00363,display,Positive,screen colours look balanced
SYNEXP_00363,camera,Negative,night photos come out soft
SYNEXP_00364,performance,Negative,gaming sessions bring noticeable stutter
SYNEXP_00364,camera,Neutral,image quality is acceptable in good light
SYNEXP_00364,battery,Negative,standby drain is noticeable overnight
SYNEXP_00365,battery,Negative,I often need to recharge before dinner
SYNEXP_00365,performance,Positive,switching between tasks feels smooth
SYNEXP_00365,display,Negative,the panel appears dim outdoors
SYNEXP_00365,camera,Neutral,the camera feels typical for this range
SYNEXP_00366,display,Negative,the screen is hard to read in sunlight
SYNEXP_00366,design,Positive,the buttons feel thoughtfully placed
SYNEXP_00366,battery,Neutral,the battery gets me through an average day
SYNEXP_00366,performance,Positive,switching between tasks feels smooth
SYNEXP_00367,battery,Negative,the battery drains faster than I expected
SYNEXP_00367,camera,Positive,video remains steady when I walk
SYNEXP_00367,design,Positive,its shape is comfortable to hold
SYNEXP_00368,display,Negative,fine text looks less sharp than I hoped
SYNEXP_00368,camera,Positive,the camera captures natural colours
SYNEXP_00368,performance,Positive,performance has remained steady after weeks of use
SYNEXP_00368,design,Neutral,its weight is manageable
SYNEXP_00369,display,Negative,display colours look washed out
SYNEXP_00369,performance,Negative,the phone feels sluggish after a few minutes
SYNEXP_00370,display,Neutral,the panel does its job without surprises
SYNEXP_00370,performance,Positive,performance has remained steady after weeks of use
SYNEXP_00370,battery,Negative,charging feels slow when I am in a hurry
SYNEXP_00371,display,Positive,screen colours look balanced
SYNEXP_00371,battery,Negative,power drops quickly during navigation
SYNEXP_00371,camera,Positive,the camera captures natural colours
SYNEXP_00372,camera,Neutral,image quality is acceptable in good light
SYNEXP_00372,performance,Negative,menus sometimes lag behind my taps
SYNEXP_00372,battery,Negative,the battery drains faster than I expected
SYNEXP_00373,display,Negative,the panel appears dim outdoors
SYNEXP_00373,battery,Positive,the charge comfortably lasts into the evening
SYNEXP_00373,camera,Neutral,video quality meets my basic needs
SYNEXP_00374,camera,Positive,night photos have been better than expected
SYNEXP_00374,display,Negative,fine text looks less sharp than I hoped
SYNEXP_00374,performance,Positive,games run consistently in my sessions
SYNEXP_00375,display,Negative,scrolling does not feel as smooth as expected
SYNEXP_00375,design,Positive,the design is understated and attractive
SYNEXP_00375,performance,Negative,gaming sessions bring noticeable stutter
SYNEXP_00375,battery,Negative,charging feels slow when I am in a hurry
SYNEXP_00376,battery,Negative,the battery drains faster than I expected
SYNEXP_00376,camera,Positive,focus locks on reliably for quick shots
SYNEXP_00376,design,Negative,the phone is awkward to hold for long
SYNEXP_00376,performance,Negative,gaming sessions bring noticeable stutter
SYNEXP_00377,camera,Positive,photos retain pleasing detail in daylight
SYNEXP_00377,performance,Neutral,the speed feels normal for routine use
SYNEXP_00377,battery,Negative,charging feels slow when I am in a hurry
SYNEXP_00377,design,Positive,the build feels solid in my hand
SYNEXP_00378,design,Negative,the frame feels less sturdy than expected
SYNEXP_00378,performance,Positive,apps open quickly during everyday use
SYNEXP_00378,display,Negative,scrolling does not feel as smooth as expected
SYNEXP_00378,battery,Positive,it rarely needs a midday top-up
SYNEXP_00379,battery,Neutral,charging speed feels fairly ordinary
SYNEXP_00379,design,Neutral,the design is practical rather than memorable
SYNEXP_00379,display,Positive,screen colours look balanced
SYNEXP_00380,design,Positive,the build feels solid in my hand
SYNEXP_00380,battery,Negative,the battery drains faster than I expected
SYNEXP_00380,display,Positive,text appears crisp on the panel
SYNEXP_00380,performance,Positive,the phone stays responsive under a busy workload
SYNEXP_00381,battery,Positive,the battery holds up during long commutes
SYNEXP_00381,display,Neutral,the display is usable in most places
SYNEXP_00382,design,Positive,its shape is comfortable to hold
SYNEXP_00382,display,Negative,the panel appears dim outdoors
SYNEXP_00382,camera,Negative,video looks shaky when I move
SYNEXP_00382,battery,Negative,power drops quickly during navigation
SYNEXP_00383,design,Neutral,the build feels ordinary for its price
SYNEXP_00383,performance,Positive,animations feel fluid
SYNEXP_00384,battery,Negative,the battery struggles on busy days
SYNEXP_00384,display,Positive,the display stays readable outdoors
SYNEXP_00384,performance,Positive,performance has remained steady after weeks of use
SYNEXP_00385,battery,Negative,I often need to recharge before dinner
SYNEXP_00385,camera,Neutral,video quality meets my basic needs
SYNEXP_00385,design,Positive,its shape is comfortable to hold
SYNEXP_00386,battery,Negative,the battery struggles on busy days
SYNEXP_00386,performance,Positive,apps open quickly during everyday use
SYNEXP_00386,design,Negative,the finish picks up marks easily
SYNEXP_00386,camera,Neutral,image quality is acceptable in good light
SYNEXP_00387,display,Neutral,the panel does its job without surprises
SYNEXP_00387,performance,Neutral,performance is adequate for basic tasks
SYNEXP_00388,battery,Positive,the battery holds up during long commutes
SYNEXP_00388,design,Positive,the design is understated and attractive
SYNEXP_00388,display,Positive,scrolling looks smooth
SYNEXP_00388,performance,Positive,the phone stays responsive under a busy workload
SYNEXP_00389,battery,Negative,power drops quickly during navigation
SYNEXP_00389,performance,Positive,games run consistently in my sessions
SYNEXP_00389,camera,Neutral,the camera feels typical for this range
SYNEXP_00389,display,Negative,the panel appears dim outdoors
SYNEXP_00390,battery,Negative,the battery struggles on busy days
SYNEXP_00390,camera,Negative,video looks shaky when I move
SYNEXP_00390,performance,Negative,the phone feels sluggish after a few minutes
SYNEXP_00391,battery,Positive,it rarely needs a midday top-up
SYNEXP_00391,display,Positive,brightness adjusts well in changing light
SYNEXP_00392,battery,Positive,the charge comfortably lasts into the evening
SYNEXP_00392,design,Negative,the frame feels less sturdy than expected
SYNEXP_00393,design,Positive,its shape is comfortable to hold
SYNEXP_00393,performance,Positive,apps open quickly during everyday use
SYNEXP_00393,battery,Negative,the battery struggles on busy days
SYNEXP_00394,performance,Negative,apps pause when I switch between them
SYNEXP_00394,camera,Neutral,video quality meets my basic needs
SYNEXP_00394,display,Neutral,colours look fairly standard
SYNEXP_00395,battery,Negative,I often need to recharge before dinner
SYNEXP_00395,design,Positive,the finish has held up well
SYNEXP_00396,camera,Negative,portraits often blur the edges
SYNEXP_00396,battery,Negative,I often need to recharge before dinner
SYNEXP_00397,battery,Negative,I often need to recharge before dinner
SYNEXP_00397,camera,Negative,night photos come out soft
SYNEXP_00398,battery,Negative,power drops quickly during navigation
SYNEXP_00398,display,Negative,touch response occasionally misses a swipe
SYNEXP_00399,camera,Positive,photos retain pleasing detail in daylight
SYNEXP_00399,display,Positive,scrolling looks smooth
SYNEXP_00400,design,Positive,the build feels solid in my hand
SYNEXP_00400,performance,Positive,switching between tasks feels smooth
SYNEXP_00401,battery,Negative,power drops quickly during navigation
SYNEXP_00401,design,Positive,its shape is comfortable to hold
SYNEXP_00401,performance,Neutral,the speed feels normal for routine use
SYNEXP_00402,camera,Positive,night photos have been better than expected
SYNEXP_00402,battery,Negative,the battery drains faster than I expected
SYNEXP_00402,design,Neutral,the design is practical rather than memorable
SYNEXP_00403,battery,Negative,the battery struggles on busy days
SYNEXP_00403,design,Positive,the design is understated and attractive
SYNEXP_00403,camera,Negative,autofocus misses moving subjects
SYNEXP_00403,display,Positive,scrolling looks smooth
SYNEXP_00404,camera,Neutral,image quality is acceptable in good light
SYNEXP_00404,design,Positive,the buttons feel thoughtfully placed
SYNEXP_00405,camera,Negative,night photos come out soft
SYNEXP_00405,design,Negative,the buttons are difficult to reach
SYNEXP_00406,battery,Positive,charging has fitted well into my routine
SYNEXP_00406,camera,Neutral,video quality meets my basic needs
SYNEXP_00407,camera,Negative,night photos come out soft
SYNEXP_00407,performance,Positive,performance has remained steady after weeks of use
SYNEXP_00408,display,Positive,the display stays readable outdoors
SYNEXP_00408,design,Positive,the build feels solid in my hand
SYNEXP_00409,design,Negative,the frame feels less sturdy than expected
SYNEXP_00409,battery,Negative,the battery drains faster than I expected
SYNEXP_00410,display,Positive,brightness adjusts well in changing light
SYNEXP_00410,performance,Neutral,apps run at a reasonable pace
SYNEXP_00411,battery,Positive,I finish most days with power to spare
SYNEXP_00411,display,Positive,brightness adjusts well in changing light
SYNEXP_00412,camera,Neutral,image quality is acceptable in good light
SYNEXP_00412,display,Positive,scrolling looks smooth
SYNEXP_00412,design,Negative,the buttons are difficult to reach
SYNEXP_00412,performance,Negative,apps pause when I switch between them
SYNEXP_00413,design,Positive,the build feels solid in my hand
SYNEXP_00413,battery,Positive,the charge comfortably lasts into the evening
SYNEXP_00413,display,Positive,brightness adjusts well in changing light
SYNEXP_00413,camera,Positive,portraits look sharp without much effort
SYNEXP_00414,display,Positive,brightness adjusts well in changing light
SYNEXP_00414,performance,Neutral,performance is adequate for basic tasks
SYNEXP_00414,design,Positive,the finish has held up well
SYNEXP_00415,display,Neutral,the display is usable in most places
SYNEXP_00415,performance,Neutral,multitasking is workable without standing out
SYNEXP_00415,design,Neutral,the physical layout takes little time to learn
SYNEXP_00415,camera,Positive,night photos have been better than expected
SYNEXP_00416,camera,Positive,portraits look sharp without much effort
SYNEXP_00416,design,Positive,its shape is comfortable to hold
SYNEXP_00416,battery,Positive,I finish most days with power to spare
SYNEXP_00416,performance,Positive,the phone stays responsive under a busy workload
SYNEXP_00417,performance,Positive,animations feel fluid
SYNEXP_00417,camera,Negative,portraits often blur the edges
SYNEXP_00417,design,Positive,its shape is comfortable to hold
SYNEXP_00417,battery,Neutral,charging speed feels fairly ordinary
SYNEXP_00418,display,Neutral,the panel does its job without surprises
SYNEXP_00418,performance,Positive,apps open quickly during everyday use
SYNEXP_00418,design,Neutral,the design is practical rather than memorable
SYNEXP_00419,battery,Positive,battery endurance has been dependable
SYNEXP_00419,design,Negative,the design feels bulky in a pocket
SYNEXP_00419,camera,Positive,video remains steady when I walk
SYNEXP_00419,display,Neutral,screen brightness is adequate indoors
SYNEXP_00420,battery,Positive,it rarely needs a midday top-up
SYNEXP_00420,camera,Neutral,the camera feels typical for this range
SYNEXP_00421,performance,Positive,games run consistently in my sessions
SYNEXP_00421,battery,Neutral,power use has been neither remarkable nor troublesome
SYNEXP_00422,camera,Positive,video remains steady when I walk
SYNEXP_00422,performance,Neutral,performance is adequate for basic tasks
SYNEXP_00422,display,Neutral,the display is usable in most places
SYNEXP_00422,design,Negative,the design feels bulky in a pocket
SYNEXP_00423,battery,Positive,the charge comfortably lasts into the evening
SYNEXP_00423,display,Neutral,screen brightness is adequate indoors
SYNEXP_00423,camera,Positive,focus locks on reliably for quick shots
SYNEXP_00423,performance,Negative,apps pause when I switch between them
SYNEXP_00424,performance,Neutral,multitasking is workable without standing out
SYNEXP_00424,design,Positive,the build feels solid in my hand
SYNEXP_00424,display,Negative,the screen is hard to read in sunlight
SYNEXP_00424,battery,Neutral,charging speed feels fairly ordinary
SYNEXP_00425,performance,Neutral,multitasking is workable without standing out
SYNEXP_00425,battery,Positive,the battery holds up during long commutes
SYNEXP_00425,display,Negative,fine text looks less sharp than I hoped
SYNEXP_00425,camera,Positive,the camera captures natural colours
SYNEXP_00426,design,Positive,its shape is comfortable to hold
SYNEXP_00426,performance,Negative,apps pause when I switch between them
SYNEXP_00426,display,Positive,the display stays readable outdoors
SYNEXP_00426,camera,Positive,photos retain pleasing detail in daylight
SYNEXP_00427,display,Positive,scrolling looks smooth
SYNEXP_00427,design,Neutral,the physical layout takes little time to learn
SYNEXP_00427,battery,Negative,power drops quickly during navigation
SYNEXP_00428,design,Positive,its shape is comfortable to hold
SYNEXP_00428,display,Negative,the panel appears dim outdoors
SYNEXP_00429,performance,Neutral,the speed feels normal for routine use
SYNEXP_00429,camera,Neutral,video quality meets my basic needs
SYNEXP_00429,design,Negative,the weight becomes tiring after a while
SYNEXP_00430,display,Positive,the display makes videos enjoyable
SYNEXP_00430,performance,Negative,apps pause when I switch between them
SYNEXP_00431,display,Negative,the screen is hard to read in sunlight
SYNEXP_00431,battery,Positive,battery endurance has been dependable
SYNEXP_00431,performance,Positive,the phone stays responsive under a busy workload
SYNEXP_00432,display,Positive,text appears crisp on the panel
SYNEXP_00432,battery,Positive,battery endurance has been dependable
SYNEXP_00432,performance,Negative,performance drops when several apps are open
SYNEXP_00433,design,Positive,its shape is comfortable to hold
SYNEXP_00433,display,Neutral,colours look fairly standard
SYNEXP_00434,performance,Positive,games run consistently in my sessions
SYNEXP_00434,camera,Neutral,video quality meets my basic needs
SYNEXP_00434,battery,Positive,the charge comfortably lasts into the evening
SYNEXP_00435,performance,Positive,games run consistently in my sessions
SYNEXP_00435,camera,Negative,portraits often blur the edges
SYNEXP_00435,display,Positive,text appears crisp on the panel
SYNEXP_00435,battery,Negative,charging feels slow when I am in a hurry
SYNEXP_00436,performance,Neutral,performance is adequate for basic tasks
SYNEXP_00436,battery,Negative,the battery struggles on busy days
SYNEXP_00436,camera,Neutral,the camera is fine for casual photos
SYNEXP_00437,display,Neutral,screen brightness is adequate indoors
SYNEXP_00437,camera,Negative,colours in photos sometimes look unnatural
SYNEXP_00438,design,Neutral,its weight is manageable
SYNEXP_00438,display,Neutral,colours look fairly standard
SYNEXP_00438,performance,Neutral,apps run at a reasonable pace
SYNEXP_00438,battery,Positive,charging has fitted well into my routine
SYNEXP_00439,display,Neutral,colours look fairly standard
SYNEXP_00439,camera,Neutral,the camera feels typical for this range
SYNEXP_00439,performance,Negative,the device warms up and slows down during games
SYNEXP_00440,battery,Negative,charging feels slow when I am in a hurry
SYNEXP_00440,performance,Positive,performance has remained steady after weeks of use
SYNEXP_00440,camera,Neutral,the camera is fine for casual photos
SYNEXP_00440,design,Negative,the frame feels less sturdy than expected
SYNEXP_00441,display,Positive,brightness adjusts well in changing light
SYNEXP_00441,battery,Positive,the battery holds up during long commutes
SYNEXP_00441,performance,Negative,the phone feels sluggish after a few minutes
SYNEXP_00441,camera,Positive,the camera captures natural colours
SYNEXP_00442,camera,Negative,night photos come out soft
SYNEXP_00442,battery,Negative,power drops quickly during navigation
SYNEXP_00443,design,Negative,the design feels bulky in a pocket
SYNEXP_00443,display,Positive,brightness adjusts well in changing light
SYNEXP_00443,camera,Negative,video looks shaky when I move
SYNEXP_00443,battery,Neutral,charging speed feels fairly ordinary
SYNEXP_00444,design,Positive,the build feels solid in my hand
SYNEXP_00444,performance,Positive,games run consistently in my sessions
SYNEXP_00444,display,Negative,display colours look washed out
SYNEXP_00444,camera,Neutral,the camera feels typical for this range
SYNEXP_00445,display,Positive,the display stays readable outdoors
SYNEXP_00445,battery,Negative,charging feels slow when I am in a hurry
SYNEXP_00445,performance,Negative,performance drops when several apps are open
SYNEXP_00445,design,Negative,the finish picks up marks easily
SYNEXP_00446,display,Neutral,screen brightness is adequate indoors
SYNEXP_00446,camera,Neutral,the camera feels typical for this range
SYNEXP_00446,design,Positive,the build feels solid in my hand
SYNEXP_00447,design,Neutral,the design is practical rather than memorable
SYNEXP_00447,performance,Positive,animations feel fluid
SYNEXP_00447,battery,Positive,battery endurance has been dependable
SYNEXP_00447,camera,Positive,focus locks on reliably for quick shots
SYNEXP_00448,camera,Positive,photos retain pleasing detail in daylight
SYNEXP_00448,performance,Positive,the phone stays responsive under a busy workload
SYNEXP_00448,display,Positive,the display stays readable outdoors
SYNEXP_00449,display,Positive,brightness adjusts well in changing light
SYNEXP_00449,performance,Positive,performance has remained steady after weeks of use
SYNEXP_00449,camera,Neutral,video quality meets my basic needs
SYNEXP_00450,camera,Neutral,the camera feels typical for this range
SYNEXP_00450,display,Positive,the display makes videos enjoyable
SYNEXP_00450,battery,Positive,it rarely needs a midday top-up
SYNEXP_00450,performance,Positive,animations feel fluid
SYNEXP_00451,display,Neutral,the panel does its job without surprises
SYNEXP_00451,design,Negative,the buttons are difficult to reach
SYNEXP_00451,performance,Neutral,the speed feels normal for routine use
SYNEXP_00452,display,Positive,the display stays readable outdoors
SYNEXP_00452,camera,Positive,night photos have been better than expected
SYNEXP_00452,design,Positive,the weight feels well balanced
SYNEXP_00453,design,Positive,the weight feels well balanced
SYNEXP_00453,camera,Positive,the camera captures natural colours
SYNEXP_00453,battery,Negative,I often need to recharge before dinner
SYNEXP_00453,performance,Negative,the phone feels sluggish after a few minutes
SYNEXP_00454,performance,Positive,animations feel fluid
SYNEXP_00454,battery,Positive,I finish most days with power to spare
SYNEXP_00455,display,Neutral,colours look fairly standard
SYNEXP_00455,camera,Neutral,the camera is fine for casual photos
SYNEXP_00456,performance,Negative,gaming sessions bring noticeable stutter
SYNEXP_00456,display,Positive,screen colours look balanced
SYNEXP_00456,battery,Negative,the battery drains faster than I expected
SYNEXP_00456,design,Negative,the frame feels less sturdy than expected
SYNEXP_00457,performance,Positive,animations feel fluid
SYNEXP_00457,battery,Negative,standby drain is noticeable overnight
SYNEXP_00457,design,Neutral,the build feels ordinary for its price
SYNEXP_00457,camera,Neutral,the camera is fine for casual photos
SYNEXP_00458,display,Positive,screen colours look balanced
SYNEXP_00458,camera,Neutral,video quality meets my basic needs
SYNEXP_00458,performance,Negative,apps pause when I switch between them
SYNEXP_00458,design,Neutral,the physical layout takes little time to learn
SYNEXP_00459,camera,Neutral,the camera is fine for casual photos
SYNEXP_00459,design,Positive,the build feels solid in my hand
SYNEXP_00459,battery,Neutral,battery life is adequate for my usual schedule
SYNEXP_00459,performance,Positive,the phone stays responsive under a busy workload
SYNEXP_00460,performance,Neutral,the speed feels normal for routine use
SYNEXP_00460,display,Positive,scrolling looks smooth
SYNEXP_00460,camera,Neutral,image quality is acceptable in good light
SYNEXP_00461,battery,Negative,the battery struggles on busy days
SYNEXP_00461,display,Positive,the display stays readable outdoors
SYNEXP_00461,camera,Negative,video looks shaky when I move
SYNEXP_00461,design,Positive,its shape is comfortable to hold
SYNEXP_00462,camera,Negative,the camera loses detail indoors
SYNEXP_00462,design,Positive,the weight feels well balanced
SYNEXP_00462,performance,Negative,performance drops when several apps are open
SYNEXP_00462,display,Positive,text appears crisp on the panel
SYNEXP_00463,design,Negative,the weight becomes tiring after a while
SYNEXP_00463,performance,Positive,the phone stays responsive under a busy workload
SYNEXP_00463,battery,Negative,standby drain is noticeable overnight
SYNEXP_00463,camera,Positive,focus locks on reliably for quick shots
SYNEXP_00464,battery,Neutral,power use has been neither remarkable nor troublesome
SYNEXP_00464,camera,Negative,autofocus misses moving subjects
SYNEXP_00464,design,Positive,the finish has held up well
SYNEXP_00465,performance,Positive,the phone stays responsive under a busy workload
SYNEXP_00465,design,Negative,the buttons are difficult to reach
SYNEXP_00466,design,Negative,the finish picks up marks easily
SYNEXP_00466,camera,Negative,autofocus misses moving subjects
SYNEXP_00466,display,Positive,the display stays readable outdoors
SYNEXP_00467,display,Positive,scrolling looks smooth
SYNEXP_00467,performance,Negative,gaming sessions bring noticeable stutter
SYNEXP_00467,design,Positive,the finish has held up well
SYNEXP_00467,battery,Negative,charging feels slow when I am in a hurry
SYNEXP_00468,display,Negative,scrolling does not feel as smooth as expected
SYNEXP_00468,battery,Negative,power drops quickly during navigation
SYNEXP_00468,camera,Neutral,image quality is acceptable in good light
SYNEXP_00469,display,Negative,the panel appears dim outdoors
SYNEXP_00469,design,Neutral,the build feels ordinary for its price
SYNEXP_00469,battery,Negative,I often need to recharge before dinner
SYNEXP_00469,camera,Positive,focus locks on reliably for quick shots
SYNEXP_00470,camera,Positive,night photos have been better than expected
SYNEXP_00470,battery,Negative,charging feels slow when I am in a hurry
SYNEXP_00470,display,Positive,the display stays readable outdoors
SYNEXP_00470,performance,Negative,gaming sessions bring noticeable stutter
SYNEXP_00471,performance,Neutral,multitasking is workable without standing out
SYNEXP_00471,battery,Neutral,power use has been neither remarkable nor troublesome
SYNEXP_00471,camera,Positive,night photos have been better than expected
SYNEXP_00472,design,Negative,the buttons are difficult to reach
SYNEXP_00472,display,Negative,touch response occasionally misses a swipe
SYNEXP_00472,performance,Neutral,multitasking is workable without standing out
SYNEXP_00472,battery,Negative,I often need to recharge before dinner
SYNEXP_00473,performance,Positive,games run consistently in my sessions
SYNEXP_00473,design,Negative,the phone is awkward to hold for long
SYNEXP_00474,design,Neutral,the physical layout takes little time to learn
SYNEXP_00474,display,Positive,the display makes videos enjoyable
SYNEXP_00474,battery,Negative,charging feels slow when I am in a hurry
SYNEXP_00475,design,Negative,the finish picks up marks easily
SYNEXP_00475,battery,Neutral,charging speed feels fairly ordinary
SYNEXP_00476,design,Positive,the build feels solid in my hand
SYNEXP_00476,camera,Neutral,image quality is acceptable in good light
SYNEXP_00476,performance,Positive,games run consistently in my sessions
SYNEXP_00476,battery,Negative,I often need to recharge before dinner
SYNEXP_00477,performance,Positive,animations feel fluid
SYNEXP_00477,design,Negative,the design feels bulky in a pocket
SYNEXP_00477,camera,Neutral,the camera is fine for casual photos
SYNEXP_00477,display,Negative,fine text looks less sharp than I hoped
SYNEXP_00478,design,Positive,its shape is comfortable to hold
SYNEXP_00478,performance,Negative,menus sometimes lag behind my taps
SYNEXP_00478,battery,Positive,the battery holds up during long commutes
SYNEXP_00478,display,Neutral,colours look fairly standard
SYNEXP_00479,camera,Neutral,the camera feels typical for this range
SYNEXP_00479,battery,Positive,the charge comfortably lasts into the evening
SYNEXP_00480,camera,Positive,the camera captures natural colours
SYNEXP_00480,display,Negative,the screen is hard to read in sunlight
SYNEXP_00481,performance,Neutral,apps run at a reasonable pace
SYNEXP_00481,battery,Positive,battery endurance has been dependable
SYNEXP_00481,display,Neutral,the panel does its job without surprises
SYNEXP_00482,battery,Neutral,charging speed feels fairly ordinary
SYNEXP_00482,camera,Positive,photos retain pleasing detail in daylight
SYNEXP_00483,camera,Neutral,the camera feels typical for this range
SYNEXP_00483,battery,Neutral,the battery gets me through an average day
SYNEXP_00483,design,Neutral,the design is practical rather than memorable
SYNEXP_00484,performance,Neutral,multitasking is workable without standing out
SYNEXP_00484,design,Positive,its shape is comfortable to hold
SYNEXP_00484,battery,Positive,it rarely needs a midday top-up
SYNEXP_00485,design,Negative,the design feels bulky in a pocket
SYNEXP_00485,battery,Negative,power drops quickly during navigation
SYNEXP_00486,display,Positive,text appears crisp on the panel
SYNEXP_00486,design,Negative,the phone is awkward to hold for long
SYNEXP_00486,camera,Negative,video looks shaky when I move
SYNEXP_00486,performance,Positive,performance has remained steady after weeks of use
SYNEXP_00487,camera,Negative,colours in photos sometimes look unnatural
SYNEXP_00487,design,Negative,the buttons are difficult to reach
SYNEXP_00487,battery,Neutral,power use has been neither remarkable nor troublesome
SYNEXP_00488,battery,Positive,battery endurance has been dependable
SYNEXP_00488,camera,Negative,video looks shaky when I move
SYNEXP_00488,display,Negative,fine text looks less sharp than I hoped
SYNEXP_00489,battery,Positive,I finish most days with power to spare
SYNEXP_00489,display,Neutral,the panel does its job without surprises
SYNEXP_00489,design,Positive,the weight feels well balanced
SYNEXP_00489,performance,Neutral,the speed feels normal for routine use
SYNEXP_00490,performance,Negative,the phone feels sluggish after a few minutes
SYNEXP_00490,camera,Positive,portraits look sharp without much effort
SYNEXP_00490,design,Neutral,the design is practical rather than memorable
SYNEXP_00491,battery,Neutral,power use has been neither remarkable nor troublesome
SYNEXP_00491,design,Neutral,the design is practical rather than memorable
SYNEXP_00491,camera,Negative,colours in photos sometimes look unnatural
SYNEXP_00492,performance,Positive,the phone stays responsive under a busy workload
SYNEXP_00492,battery,Positive,charging has fitted well into my routine
SYNEXP_00492,camera,Positive,photos retain pleasing detail in daylight
SYNEXP_00492,design,Negative,the finish picks up marks easily
SYNEXP_00493,camera,Positive,photos retain pleasing detail in daylight
SYNEXP_00493,display,Positive,text appears crisp on the panel
SYNEXP_00494,performance,Neutral,multitasking is workable without standing out
SYNEXP_00494,display,Negative,scrolling does not feel as smooth as expected
SYNEXP_00494,camera,Neutral,the camera feels typical for this range
SYNEXP_00494,battery,Neutral,charging speed feels fairly ordinary
SYNEXP_00495,design,Positive,the buttons feel thoughtfully placed
SYNEXP_00495,display,Positive,screen colours look balanced
SYNEXP_00496,performance,Neutral,the speed feels normal for routine use
SYNEXP_00496,design,Negative,the weight becomes tiring after a while
SYNEXP_00497,display,Positive,the display makes videos enjoyable
SYNEXP_00497,battery,Positive,it rarely needs a midday top-up
SYNEXP_00498,display,Negative,touch response occasionally misses a swipe
SYNEXP_00498,battery,Neutral,battery life is adequate for my usual schedule
SYNEXP_00498,design,Negative,the weight becomes tiring after a while
SYNEXP_00498,performance,Negative,performance drops when several apps are open
SYNEXP_00499,camera,Positive,photos retain pleasing detail in daylight
SYNEXP_00499,battery,Neutral,charging speed feels fairly ordinary
SYNEXP_00500,display,Neutral,the panel does its job without surprises
SYNEXP_00500,design,Negative,the finish picks up marks easily
SYNEXP_00500,performance,Negative,the phone feels sluggish after a few minutes
SYNEXP_00501,performance,Positive,games run consistently in my sessions
SYNEXP_00501,battery,Positive,charging has fitted well into my routine
SYNEXP_00501,design,Positive,the buttons feel thoughtfully placed
SYNEXP_00502,camera,Positive,photos retain pleasing detail in daylight
SYNEXP_00502,display,Negative,fine text looks less sharp than I hoped
SYNEXP_00502,performance,Positive,the phone stays responsive under a busy workload
SYNEXP_00503,display,Negative,scrolling does not feel as smooth as expected
SYNEXP_00503,battery,Neutral,battery life is adequate for my usual schedule
SYNEXP_00503,camera,Neutral,video quality meets my basic needs
SYNEXP_00503,design,Positive,the design is understated and attractive
SYNEXP_00504,design,Negative,the frame feels less sturdy than expected
SYNEXP_00504,performance,Positive,games run consistently in my sessions
SYNEXP_00504,battery,Neutral,power use has been neither remarkable nor troublesome
SYNEXP_00505,display,Neutral,screen brightness is adequate indoors
SYNEXP_00505,design,Negative,the frame feels less sturdy than expected
SYNEXP_00506,performance,Positive,switching between tasks feels smooth
SYNEXP_00506,camera,Neutral,image quality is acceptable in good light
SYNEXP_00507,battery,Positive,charging has fitted well into my routine
SYNEXP_00507,display,Negative,touch response occasionally misses a swipe
SYNEXP_00507,performance,Positive,the phone stays responsive under a busy workload
SYNEXP_00507,camera,Neutral,video quality meets my basic needs
SYNEXP_00508,camera,Negative,colours in photos sometimes look unnatural
SYNEXP_00508,battery,Positive,charging has fitted well into my routine
SYNEXP_00509,camera,Positive,the camera captures natural colours
SYNEXP_00509,display,Negative,touch response occasionally misses a swipe
SYNEXP_00510,display,Positive,brightness adjusts well in changing light
SYNEXP_00510,design,Positive,the weight feels well balanced
SYNEXP_00510,performance,Positive,animations feel fluid
SYNEXP_00511,camera,Negative,night photos come out soft
SYNEXP_00511,design,Negative,the design feels bulky in a pocket
SYNEXP_00511,performance,Positive,switching between tasks feels smooth
SYNEXP_00512,display,Negative,the panel appears dim outdoors
SYNEXP_00512,camera,Neutral,image quality is acceptable in good light
SYNEXP_00512,battery,Neutral,the battery gets me through an average day
SYNEXP_00512,design,Positive,the build feels solid in my hand
SYNEXP_00513,battery,Positive,the battery holds up during long commutes
SYNEXP_00513,camera,Positive,portraits look sharp without much effort
SYNEXP_00514,camera,Negative,portraits often blur the edges
SYNEXP_00514,battery,Neutral,the battery gets me through an average day
SYNEXP_00514,display,Positive,the display stays readable outdoors
SYNEXP_00515,camera,Positive,night photos have been better than expected
SYNEXP_00515,display,Neutral,the display is usable in most places
SYNEXP_00515,performance,Positive,apps open quickly during everyday use
SYNEXP_00515,battery,Positive,it rarely needs a midday top-up
SYNEXP_00516,battery,Negative,the battery drains faster than I expected
SYNEXP_00516,design,Positive,its shape is comfortable to hold
SYNEXP_00517,design,Positive,its shape is comfortable to hold
SYNEXP_00517,performance,Neutral,multitasking is workable without standing out
SYNEXP_00517,camera,Negative,video looks shaky when I move
SYNEXP_00517,display,Neutral,the display is usable in most places
SYNEXP_00518,camera,Positive,the camera captures natural colours
SYNEXP_00518,design,Negative,the finish picks up marks easily
SYNEXP_00518,performance,Negative,apps pause when I switch between them
SYNEXP_00519,performance,Negative,apps pause when I switch between them
SYNEXP_00519,battery,Neutral,the battery gets me through an average day
SYNEXP_00520,camera,Negative,video looks shaky when I move
SYNEXP_00520,battery,Positive,the battery holds up during long commutes
SYNEXP_00520,performance,Negative,the device warms up and slows down during games
SYNEXP_00521,display,Neutral,colours look fairly standard
SYNEXP_00521,performance,Positive,switching between tasks feels smooth
SYNEXP_00522,battery,Negative,the battery drains faster than I expected
SYNEXP_00522,display,Negative,display colours look washed out
SYNEXP_00523,design,Positive,the design is understated and attractive
SYNEXP_00523,battery,Positive,charging has fitted well into my routine
SYNEXP_00523,camera,Positive,video remains steady when I walk
SYNEXP_00523,display,Positive,text appears crisp on the panel
SYNEXP_00524,camera,Neutral,the camera is fine for casual photos
SYNEXP_00524,design,Positive,the weight feels well balanced
SYNEXP_00524,performance,Negative,the device warms up and slows down during games
SYNEXP_00524,battery,Positive,battery endurance has been dependable
SYNEXP_00525,battery,Neutral,charging speed feels fairly ordinary
SYNEXP_00525,performance,Positive,apps open quickly during everyday use
SYNEXP_00525,camera,Neutral,the camera is fine for casual photos
SYNEXP_00526,camera,Positive,focus locks on reliably for quick shots
SYNEXP_00526,design,Positive,the build feels solid in my hand
SYNEXP_00527,display,Negative,the screen is hard to read in sunlight
SYNEXP_00527,design,Positive,the design is understated and attractive
SYNEXP_00528,performance,Positive,animations feel fluid
SYNEXP_00528,design,Neutral,its weight is manageable
SYNEXP_00528,battery,Positive,the battery holds up during long commutes
SYNEXP_00529,performance,Negative,menus sometimes lag behind my taps
SYNEXP_00529,battery,Positive,I finish most days with power to spare
SYNEXP_00529,camera,Negative,colours in photos sometimes look unnatural
SYNEXP_00530,design,Positive,the build feels solid in my hand
SYNEXP_00530,performance,Positive,animations feel fluid
SYNEXP_00530,camera,Positive,photos retain pleasing detail in daylight
SYNEXP_00531,battery,Positive,the battery holds up during long commutes
SYNEXP_00531,display,Neutral,the display is usable in most places
SYNEXP_00531,design,Positive,the design is understated and attractive
SYNEXP_00531,camera,Neutral,image quality is acceptable in good light
SYNEXP_00532,display,Positive,the display makes videos enjoyable
SYNEXP_00532,camera,Negative,autofocus misses moving subjects
SYNEXP_00532,design,Positive,the buttons feel thoughtfully placed
SYNEXP_00533,camera,Neutral,video quality meets my basic needs
SYNEXP_00533,design,Neutral,the build feels ordinary for its price
SYNEXP_00534,display,Neutral,screen brightness is adequate indoors
SYNEXP_00534,design,Neutral,the design is practical rather than memorable
SYNEXP_00535,performance,Neutral,the speed feels normal for routine use
SYNEXP_00535,battery,Positive,charging has fitted well into my routine
SYNEXP_00536,battery,Positive,the battery holds up during long commutes
SYNEXP_00536,display,Negative,the screen is hard to read in sunlight
SYNEXP_00536,design,Positive,the design is understated and attractive
SYNEXP_00537,battery,Negative,standby drain is noticeable overnight
SYNEXP_00537,display,Neutral,colours look fairly standard
SYNEXP_00537,camera,Positive,photos retain pleasing detail in daylight
SYNEXP_00538,display,Positive,screen colours look balanced
SYNEXP_00538,battery,Negative,I often need to recharge before dinner
SYNEXP_00538,design,Neutral,the build feels ordinary for its price
SYNEXP_00539,display,Positive,the display stays readable outdoors
SYNEXP_00539,camera,Neutral,the camera feels typical for this range
SYNEXP_00540,camera,Positive,portraits look sharp without much effort
SYNEXP_00540,performance,Neutral,the speed feels normal for routine use
SYNEXP_00540,battery,Negative,the battery drains faster than I expected
SYNEXP_00541,battery,Negative,I often need to recharge before dinner
SYNEXP_00541,display,Positive,the display makes videos enjoyable
SYNEXP_00541,camera,Neutral,image quality is acceptable in good light
SYNEXP_00541,design,Positive,the design is understated and attractive
SYNEXP_00542,display,Positive,scrolling looks smooth
SYNEXP_00542,performance,Negative,the device warms up and slows down during games
SYNEXP_00543,performance,Negative,gaming sessions bring noticeable stutter
SYNEXP_00543,design,Neutral,the design is practical rather than memorable
SYNEXP_00543,display,Neutral,the panel does its job without surprises
SYNEXP_00543,camera,Positive,focus locks on reliably for quick shots
SYNEXP_00544,display,Neutral,screen brightness is adequate indoors
SYNEXP_00544,camera,Neutral,the camera feels typical for this range
SYNEXP_00545,display,Positive,brightness adjusts well in changing light
SYNEXP_00545,performance,Positive,switching between tasks feels smooth
SYNEXP_00545,design,Negative,the design feels bulky in a pocket
SYNEXP_00546,display,Positive,text appears crisp on the panel
SYNEXP_00546,battery,Neutral,battery life is adequate for my usual schedule
SYNEXP_00546,design,Negative,the buttons are difficult to reach
SYNEXP_00546,camera,Positive,the camera captures natural colours
SYNEXP_00547,battery,Negative,the battery struggles on busy days
SYNEXP_00547,performance,Negative,gaming sessions bring noticeable stutter
SYNEXP_00547,design,Positive,the build feels solid in my hand
SYNEXP_00548,display,Negative,touch response occasionally misses a swipe
SYNEXP_00548,performance,Positive,apps open quickly during everyday use
SYNEXP_00548,design,Neutral,the build feels ordinary for its price
SYNEXP_00548,battery,Positive,the battery holds up during long commutes
SYNEXP_00549,battery,Negative,standby drain is noticeable overnight
SYNEXP_00549,performance,Negative,menus sometimes lag behind my taps
SYNEXP_00550,battery,Negative,I often need to recharge before dinner
SYNEXP_00550,performance,Neutral,apps run at a reasonable pace
SYNEXP_00551,camera,Positive,focus locks on reliably for quick shots
SYNEXP_00551,display,Positive,the display stays readable outdoors
SYNEXP_00551,design,Neutral,the physical layout takes little time to learn
SYNEXP_00551,battery,Negative,the battery drains faster than I expected
SYNEXP_00552,display,Negative,display colours look washed out
SYNEXP_00552,battery,Negative,I often need to recharge before dinner
SYNEXP_00553,performance,Positive,animations feel fluid
SYNEXP_00553,battery,Neutral,power use has been neither remarkable nor troublesome
SYNEXP_00554,design,Neutral,its weight is manageable
SYNEXP_00554,battery,Negative,the battery struggles on busy days
SYNEXP_00554,display,Positive,the display stays readable outdoors
SYNEXP_00554,camera,Positive,portraits look sharp without much effort
SYNEXP_00555,battery,Negative,the battery drains faster than I expected
SYNEXP_00555,design,Negative,the phone is awkward to hold for long
SYNEXP_00555,camera,Neutral,image quality is acceptable in good light
SYNEXP_00556,performance,Neutral,multitasking is workable without standing out
SYNEXP_00556,camera,Neutral,the camera feels typical for this range
SYNEXP_00557,battery,Negative,the battery drains faster than I expected
SYNEXP_00557,design,Positive,its shape is comfortable to hold
SYNEXP_00557,display,Positive,scrolling looks smooth
SYNEXP_00557,camera,Neutral,the camera is fine for casual photos
SYNEXP_00558,performance,Negative,the device warms up and slows down during games
SYNEXP_00558,design,Positive,the buttons feel thoughtfully placed
SYNEXP_00558,camera,Neutral,video quality meets my basic needs
SYNEXP_00559,camera,Negative,colours in photos sometimes look unnatural
SYNEXP_00559,battery,Positive,it rarely needs a midday top-up
SYNEXP_00560,battery,Positive,I finish most days with power to spare
SYNEXP_00560,camera,Positive,photos retain pleasing detail in daylight
SYNEXP_00560,display,Positive,screen colours look balanced
SYNEXP_00561,camera,Neutral,video quality meets my basic needs
SYNEXP_00561,display,Positive,screen colours look balanced
SYNEXP_00561,battery,Positive,it rarely needs a midday top-up
SYNEXP_00562,camera,Positive,the camera captures natural colours
SYNEXP_00562,performance,Negative,apps pause when I switch between them
SYNEXP_00562,battery,Negative,the battery drains faster than I expected
SYNEXP_00563,design,Positive,the build feels solid in my hand
SYNEXP_00563,battery,Negative,standby drain is noticeable overnight
SYNEXP_00564,performance,Negative,menus sometimes lag behind my taps
SYNEXP_00564,camera,Positive,focus locks on reliably for quick shots
SYNEXP_00565,design,Positive,its shape is comfortable to hold
SYNEXP_00565,battery,Neutral,the battery gets me through an average day
SYNEXP_00566,camera,Negative,video looks shaky when I move
SYNEXP_00566,display,Negative,fine text looks less sharp than I hoped
SYNEXP_00566,performance,Positive,the phone stays responsive under a busy workload
SYNEXP_00567,camera,Positive,photos retain pleasing detail in daylight
SYNEXP_00567,design,Neutral,the physical layout takes little time to learn
SYNEXP_00567,performance,Neutral,the speed feels normal for routine use
SYNEXP_00567,battery,Negative,the battery drains faster than I expected
SYNEXP_00568,battery,Negative,I often need to recharge before dinner
SYNEXP_00568,display,Neutral,colours look fairly standard
SYNEXP_00569,battery,Positive,I finish most days with power to spare
SYNEXP_00569,display,Negative,display colours look washed out
SYNEXP_00570,performance,Neutral,the speed feels normal for routine use
SYNEXP_00570,design,Positive,the design is understated and attractive
SYNEXP_00570,battery,Positive,I finish most days with power to spare
SYNEXP_00570,display,Positive,the display stays readable outdoors
SYNEXP_00571,display,Neutral,screen brightness is adequate indoors
SYNEXP_00571,battery,Neutral,charging speed feels fairly ordinary
SYNEXP_00572,battery,Positive,battery endurance has been dependable
SYNEXP_00572,performance,Neutral,performance is adequate for basic tasks
SYNEXP_00572,camera,Positive,focus locks on reliably for quick shots
SYNEXP_00572,design,Positive,the finish has held up well
SYNEXP_00573,battery,Negative,the battery struggles on busy days
SYNEXP_00573,display,Negative,display colours look washed out
SYNEXP_00573,performance,Negative,menus sometimes lag behind my taps
SYNEXP_00574,display,Neutral,the panel does its job without surprises
SYNEXP_00574,battery,Negative,the battery struggles on busy days
SYNEXP_00575,battery,Neutral,charging speed feels fairly ordinary
SYNEXP_00575,performance,Positive,performance has remained steady after weeks of use
SYNEXP_00575,camera,Neutral,the camera is fine for casual photos
SYNEXP_00576,performance,Negative,the device warms up and slows down during games
SYNEXP_00576,camera,Negative,autofocus misses moving subjects
SYNEXP_00576,design,Negative,the phone is awkward to hold for long
SYNEXP_00577,display,Neutral,screen brightness is adequate indoors
SYNEXP_00577,camera,Positive,photos retain pleasing detail in daylight
SYNEXP_00577,battery,Negative,power drops quickly during navigation
SYNEXP_00577,design,Positive,the finish has held up well
SYNEXP_00578,design,Neutral,the build feels ordinary for its price
SYNEXP_00578,performance,Positive,animations feel fluid
SYNEXP_00578,battery,Negative,the battery struggles on busy days
SYNEXP_00579,battery,Negative,I often need to recharge before dinner
SYNEXP_00579,display,Positive,scrolling looks smooth
SYNEXP_00580,design,Negative,the finish picks up marks easily
SYNEXP_00580,display,Negative,touch response occasionally misses a swipe
SYNEXP_00580,camera,Negative,portraits often blur the edges
SYNEXP_00580,performance,Neutral,the speed feels normal for routine use
SYNEXP_00581,design,Negative,the weight becomes tiring after a while
SYNEXP_00581,display,Positive,the display makes videos enjoyable
SYNEXP_00581,battery,Negative,charging feels slow when I am in a hurry
SYNEXP_00582,battery,Negative,standby drain is noticeable overnight
SYNEXP_00582,design,Neutral,the design is practical rather than memorable
SYNEXP_00582,performance,Negative,gaming sessions bring noticeable stutter
SYNEXP_00583,display,Negative,touch response occasionally misses a swipe
SYNEXP_00583,design,Positive,the buttons feel thoughtfully placed
SYNEXP_00583,performance,Negative,the phone feels sluggish after a few minutes
SYNEXP_00583,battery,Neutral,charging speed feels fairly ordinary
SYNEXP_00584,battery,Negative,standby drain is noticeable overnight
SYNEXP_00584,design,Positive,the finish has held up well
SYNEXP_00584,performance,Negative,the phone feels sluggish after a few minutes
SYNEXP_00585,design,Negative,the buttons are difficult to reach
SYNEXP_00585,performance,Positive,performance has remained steady after weeks of use
SYNEXP_00585,display,Positive,screen colours look balanced
SYNEXP_00585,camera,Neutral,the camera feels typical for this range
SYNEXP_00586,design,Neutral,its weight is manageable
SYNEXP_00586,performance,Negative,the device warms up and slows down during games
SYNEXP_00586,display,Positive,the display makes videos enjoyable
SYNEXP_00587,battery,Negative,charging feels slow when I am in a hurry
SYNEXP_00587,camera,Negative,the camera loses detail indoors
SYNEXP_00587,design,Negative,the weight becomes tiring after a while
SYNEXP_00588,battery,Negative,the battery struggles on busy days
SYNEXP_00588,design,Negative,the finish picks up marks easily
SYNEXP_00588,performance,Neutral,the speed feels normal for routine use
SYNEXP_00589,display,Positive,screen colours look balanced
SYNEXP_00589,camera,Positive,portraits look sharp without much effort
SYNEXP_00589,design,Positive,the design is understated and attractive
SYNEXP_00590,display,Negative,fine text looks less sharp than I hoped
SYNEXP_00590,design,Negative,the finish picks up marks easily
SYNEXP_00591,battery,Positive,charging has fitted well into my routine
SYNEXP_00591,camera,Positive,portraits look sharp without much effort
SYNEXP_00592,battery,Positive,I finish most days with power to spare
SYNEXP_00592,design,Negative,the finish picks up marks easily
SYNEXP_00593,battery,Negative,power drops quickly during navigation
SYNEXP_00593,performance,Neutral,apps run at a reasonable pace
SYNEXP_00593,design,Negative,the design feels bulky in a pocket
SYNEXP_00593,camera,Negative,the camera loses detail indoors
SYNEXP_00594,battery,Negative,standby drain is noticeable overnight
SYNEXP_00594,display,Neutral,screen brightness is adequate indoors
SYNEXP_00594,camera,Negative,night photos come out soft
SYNEXP_00594,design,Positive,the weight feels well balanced
SYNEXP_00595,battery,Negative,standby drain is noticeable overnight
SYNEXP_00595,camera,Negative,video looks shaky when I move
SYNEXP_00596,design,Positive,its shape is comfortable to hold
SYNEXP_00596,camera,Positive,focus locks on reliably for quick shots
SYNEXP_00596,performance,Negative,performance drops when several apps are open
SYNEXP_00597,battery,Negative,power drops quickly during navigation
SYNEXP_00597,design,Positive,the buttons feel thoughtfully placed
SYNEXP_00597,display,Positive,the display stays readable outdoors
SYNEXP_00597,performance,Neutral,the speed feels normal for routine use
SYNEXP_00598,battery,Negative,the battery struggles on busy days
SYNEXP_00598,camera,Positive,portraits look sharp without much effort
SYNEXP_00598,performance,Negative,the phone feels sluggish after a few minutes
SYNEXP_00599,design,Neutral,the build feels ordinary for its price
SYNEXP_00599,battery,Positive,the battery holds up during long commutes
SYNEXP_00599,display,Negative,scrolling does not feel as smooth as expected
SYNEXP_00600,display,Negative,fine text looks less sharp than I hoped
SYNEXP_00600,performance,Positive,switching between tasks feels smooth
SYNEXP_00600,camera,Negative,autofocus misses moving subjects
SYNEXP_00601,camera,Positive,focus locks on reliably for quick shots
SYNEXP_00601,display,Positive,brightness adjusts well in changing light
SYNEXP_00601,performance,Negative,apps pause when I switch between them
SYNEXP_00601,battery,Negative,I often need to recharge before dinner
SYNEXP_00602,display,Negative,the panel appears dim outdoors
SYNEXP_00602,camera,Neutral,video quality meets my basic needs
SYNEXP_00602,design,Neutral,the build feels ordinary for its price
SYNEXP_00603,display,Neutral,colours look fairly standard
SYNEXP_00603,design,Negative,the weight becomes tiring after a while
SYNEXP_00603,camera,Neutral,the camera is fine for casual photos
SYNEXP_00604,display,Neutral,screen brightness is adequate indoors
SYNEXP_00604,design,Positive,the buttons feel thoughtfully placed
SYNEXP_00604,battery,Positive,I finish most days with power to spare
SYNEXP_00605,camera,Negative,autofocus misses moving subjects
SYNEXP_00605,battery,Negative,the battery struggles on busy days
SYNEXP_00606,battery,Positive,battery endurance has been dependable
SYNEXP_00606,design,Positive,the weight feels well balanced
SYNEXP_00607,design,Negative,the finish picks up marks easily
SYNEXP_00607,camera,Positive,the camera captures natural colours
SYNEXP_00607,performance,Positive,games run consistently in my sessions
SYNEXP_00608,camera,Negative,colours in photos sometimes look unnatural
SYNEXP_00608,battery,Neutral,charging speed feels fairly ordinary
SYNEXP_00608,display,Neutral,the display is usable in most places
SYNEXP_00608,performance,Positive,the phone stays responsive under a busy workload
SYNEXP_00609,battery,Negative,power drops quickly during navigation
SYNEXP_00609,camera,Positive,focus locks on reliably for quick shots
SYNEXP_00610,design,Neutral,the physical layout takes little time to learn
SYNEXP_00610,display,Positive,text appears crisp on the panel
SYNEXP_00610,performance,Positive,apps open quickly during everyday use
SYNEXP_00610,camera,Positive,night photos have been better than expected
SYNEXP_00611,camera,Negative,video looks shaky when I move
SYNEXP_00611,performance,Negative,apps pause when I switch between them
SYNEXP_00611,design,Negative,the finish picks up marks easily
SYNEXP_00611,battery,Neutral,the battery gets me through an average day
SYNEXP_00612,camera,Positive,video remains steady when I walk
SYNEXP_00612,display,Positive,screen colours look balanced
SYNEXP_00613,display,Neutral,the display is usable in most places
SYNEXP_00613,camera,Positive,night photos have been better than expected
SYNEXP_00614,battery,Neutral,charging speed feels fairly ordinary
SYNEXP_00614,design,Positive,the weight feels well balanced
SYNEXP_00614,display,Negative,the panel appears dim outdoors
SYNEXP_00614,camera,Neutral,video quality meets my basic needs
SYNEXP_00615,battery,Neutral,battery life is adequate for my usual schedule
SYNEXP_00615,camera,Negative,colours in photos sometimes look unnatural
SYNEXP_00615,performance,Positive,switching between tasks feels smooth
SYNEXP_00615,design,Positive,the weight feels well balanced
SYNEXP_00616,design,Positive,the finish has held up well
SYNEXP_00616,camera,Neutral,video quality meets my basic needs
SYNEXP_00617,design,Positive,the weight feels well balanced
SYNEXP_00617,battery,Positive,battery endurance has been dependable
SYNEXP_00618,battery,Negative,standby drain is noticeable overnight
SYNEXP_00618,camera,Positive,night photos have been better than expected
SYNEXP_00619,battery,Positive,it rarely needs a midday top-up
SYNEXP_00619,camera,Negative,autofocus misses moving subjects
SYNEXP_00620,camera,Neutral,the camera feels typical for this range
SYNEXP_00620,display,Neutral,the panel does its job without surprises
SYNEXP_00621,performance,Positive,switching between tasks feels smooth
SYNEXP_00621,camera,Negative,portraits often blur the edges
SYNEXP_00621,design,Positive,the design is understated and attractive
SYNEXP_00621,display,Neutral,the display is usable in most places
SYNEXP_00622,display,Neutral,colours look fairly standard
SYNEXP_00622,design,Neutral,its weight is manageable
SYNEXP_00623,display,Negative,the screen is hard to read in sunlight
SYNEXP_00623,battery,Negative,power drops quickly during navigation
SYNEXP_00623,performance,Positive,the phone stays responsive under a busy workload
SYNEXP_00623,camera,Positive,video remains steady when I walk
SYNEXP_00624,camera,Neutral,video quality meets my basic needs
SYNEXP_00624,design,Negative,the buttons are difficult to reach
SYNEXP_00624,display,Negative,scrolling does not feel as smooth as expected
SYNEXP_00625,display,Positive,brightness adjusts well in changing light
SYNEXP_00625,design,Neutral,the physical layout takes little time to learn
SYNEXP_00626,camera,Negative,colours in photos sometimes look unnatural
SYNEXP_00626,performance,Positive,games run consistently in my sessions
SYNEXP_00626,design,Neutral,the design is practical rather than memorable
SYNEXP_00627,battery,Negative,power drops quickly during navigation
SYNEXP_00627,camera,Positive,video remains steady when I walk
SYNEXP_00628,battery,Negative,I often need to recharge before dinner
SYNEXP_00628,performance,Positive,apps open quickly during everyday use
SYNEXP_00628,camera,Neutral,the camera is fine for casual photos
SYNEXP_00629,performance,Negative,the phone feels sluggish after a few minutes
SYNEXP_00629,display,Negative,fine text looks less sharp than I hoped
SYNEXP_00629,battery,Positive,I finish most days with power to spare
SYNEXP_00629,design,Positive,the build feels solid in my hand
SYNEXP_00630,performance,Negative,the phone feels sluggish after a few minutes
SYNEXP_00630,display,Positive,the display stays readable outdoors
SYNEXP_00631,performance,Neutral,the speed feels normal for routine use
SYNEXP_00631,battery,Positive,battery endurance has been dependable
SYNEXP_00631,camera,Positive,the camera captures natural colours
SYNEXP_00632,camera,Positive,photos retain pleasing detail in daylight
SYNEXP_00632,performance,Positive,games run consistently in my sessions
SYNEXP_00632,design,Negative,the design feels bulky in a pocket
SYNEXP_00632,battery,Positive,battery endurance has been dependable
SYNEXP_00633,battery,Neutral,charging speed feels fairly ordinary
SYNEXP_00633,design,Negative,the design feels bulky in a pocket
SYNEXP_00634,display,Neutral,the display is usable in most places
SYNEXP_00634,camera,Negative,night photos come out soft
SYNEXP_00634,performance,Negative,apps pause when I switch between them
SYNEXP_00634,design,Neutral,its weight is manageable
SYNEXP_00635,display,Positive,scrolling looks smooth
SYNEXP_00635,design,Neutral,the build feels ordinary for its price
SYNEXP_00635,camera,Negative,the camera loses detail indoors
SYNEXP_00636,design,Positive,the weight feels well balanced
SYNEXP_00636,display,Negative,fine text looks less sharp than I hoped
SYNEXP_00636,battery,Negative,power drops quickly during navigation
SYNEXP_00637,design,Positive,the buttons feel thoughtfully placed
SYNEXP_00637,battery,Neutral,the battery gets me through an average day
SYNEXP_00637,camera,Neutral,image quality is acceptable in good light
SYNEXP_00638,display,Positive,the display stays readable outdoors
SYNEXP_00638,performance,Positive,the phone stays responsive under a busy workload
SYNEXP_00638,design,Neutral,the physical layout takes little time to learn
SYNEXP_00639,battery,Neutral,battery life is adequate for my usual schedule
SYNEXP_00639,camera,Neutral,image quality is acceptable in good light
SYNEXP_00639,performance,Positive,performance has remained steady after weeks of use
SYNEXP_00640,design,Positive,the design is understated and attractive
SYNEXP_00640,battery,Negative,the battery struggles on busy days
SYNEXP_00640,camera,Positive,video remains steady when I walk
SYNEXP_00640,performance,Negative,the phone feels sluggish after a few minutes
SYNEXP_00641,performance,Negative,the device warms up and slows down during games
SYNEXP_00641,design,Positive,the design is understated and attractive
SYNEXP_00641,camera,Negative,video looks shaky when I move
SYNEXP_00642,camera,Neutral,image quality is acceptable in good light
SYNEXP_00642,battery,Negative,charging feels slow when I am in a hurry
SYNEXP_00643,design,Positive,the design is understated and attractive
SYNEXP_00643,battery,Neutral,power use has been neither remarkable nor troublesome
SYNEXP_00644,design,Negative,the design feels bulky in a pocket
SYNEXP_00644,performance,Positive,animations feel fluid
SYNEXP_00645,design,Neutral,the design is practical rather than memorable
SYNEXP_00645,performance,Positive,apps open quickly during everyday use
SYNEXP_00645,camera,Neutral,the camera feels typical for this range
SYNEXP_00645,battery,Negative,charging feels slow when I am in a hurry
SYNEXP_00646,battery,Neutral,charging speed feels fairly ordinary
SYNEXP_00646,camera,Neutral,the camera is fine for casual photos
SYNEXP_00646,display,Negative,the screen is hard to read in sunlight
SYNEXP_00646,design,Positive,the weight feels well balanced
SYNEXP_00647,design,Negative,the frame feels less sturdy than expected
SYNEXP_00647,camera,Neutral,the camera feels typical for this range
SYNEXP_00648,design,Positive,its shape is comfortable to hold
SYNEXP_00648,performance,Positive,games run consistently in my sessions
SYNEXP_00649,performance,Positive,games run consistently in my sessions
SYNEXP_00649,battery,Negative,charging feels slow when I am in a hurry
SYNEXP_00649,design,Negative,the buttons are difficult to reach
SYNEXP_00649,display,Negative,fine text looks less sharp than I hoped
SYNEXP_00650,display,Positive,the display makes videos enjoyable
SYNEXP_00650,design,Positive,its shape is comfortable to hold
SYNEXP_00650,camera,Positive,video remains steady when I walk
SYNEXP_00650,battery,Neutral,charging speed feels fairly ordinary
SYNEXP_00651,display,Positive,the display stays readable outdoors
SYNEXP_00651,performance,Neutral,apps run at a reasonable pace
SYNEXP_00651,battery,Neutral,power use has been neither remarkable nor troublesome
SYNEXP_00652,display,Neutral,the panel does its job without surprises
SYNEXP_00652,battery,Negative,the battery drains faster than I expected
SYNEXP_00652,camera,Positive,portraits look sharp without much effort
SYNEXP_00653,performance,Neutral,performance is adequate for basic tasks
SYNEXP_00653,design,Positive,the finish has held up well
SYNEXP_00654,battery,Positive,I finish most days with power to spare
SYNEXP_00654,camera,Negative,video looks shaky when I move
SYNEXP_00654,design,Positive,the design is understated and attractive
SYNEXP_00654,display,Positive,the display stays readable outdoors
SYNEXP_00655,battery,Neutral,the battery gets me through an average day
SYNEXP_00655,display,Negative,the screen is hard to read in sunlight
SYNEXP_00655,camera,Neutral,video quality meets my basic needs
SYNEXP_00656,performance,Neutral,multitasking is workable without standing out
SYNEXP_00656,battery,Negative,the battery struggles on busy days
SYNEXP_00657,performance,Positive,the phone stays responsive under a busy workload
SYNEXP_00657,design,Neutral,the design is practical rather than memorable
SYNEXP_00657,display,Negative,scrolling does not feel as smooth as expected
SYNEXP_00658,display,Negative,fine text looks less sharp than I hoped
SYNEXP_00658,battery,Neutral,the battery gets me through an average day
SYNEXP_00659,performance,Neutral,multitasking is workable without standing out
SYNEXP_00659,design,Negative,the frame feels less sturdy than expected
SYNEXP_00659,camera,Neutral,video quality meets my basic needs
SYNEXP_00660,display,Negative,the panel appears dim outdoors
SYNEXP_00660,performance,Positive,games run consistently in my sessions
SYNEXP_00661,design,Negative,the phone is awkward to hold for long
SYNEXP_00661,battery,Neutral,the battery gets me through an average day
SYNEXP_00661,display,Negative,the screen is hard to read in sunlight
SYNEXP_00662,design,Positive,the design is understated and attractive
SYNEXP_00662,battery,Neutral,battery life is adequate for my usual schedule
SYNEXP_00662,display,Neutral,the panel does its job without surprises
SYNEXP_00662,camera,Positive,photos retain pleasing detail in daylight
SYNEXP_00663,performance,Neutral,performance is adequate for basic tasks
SYNEXP_00663,battery,Negative,the battery struggles on busy days
SYNEXP_00663,display,Positive,brightness adjusts well in changing light
SYNEXP_00663,design,Negative,the frame feels less sturdy than expected
SYNEXP_00664,camera,Positive,video remains steady when I walk
SYNEXP_00664,display,Negative,fine text looks less sharp than I hoped
SYNEXP_00664,performance,Positive,apps open quickly during everyday use
SYNEXP_00664,design,Neutral,the build feels ordinary for its price
SYNEXP_00665,battery,Positive,the battery holds up during long commutes
SYNEXP_00665,design,Neutral,the design is practical rather than memorable
SYNEXP_00665,camera,Positive,photos retain pleasing detail in daylight
SYNEXP_00666,battery,Negative,charging feels slow when I am in a hurry
SYNEXP_00666,performance,Positive,games run consistently in my sessions
SYNEXP_00666,display,Positive,screen colours look balanced
SYNEXP_00667,performance,Neutral,performance is adequate for basic tasks
SYNEXP_00667,design,Positive,the buttons feel thoughtfully placed
SYNEXP_00667,battery,Positive,I finish most days with power to spare
SYNEXP_00667,display,Positive,brightness adjusts well in changing light
SYNEXP_00668,camera,Neutral,the camera is fine for casual photos
SYNEXP_00668,performance,Negative,menus sometimes lag behind my taps
SYNEXP_00669,camera,Positive,focus locks on reliably for quick shots
SYNEXP_00669,design,Positive,the design is understated and attractive
SYNEXP_00669,display,Positive,the display makes videos enjoyable
SYNEXP_00670,performance,Negative,menus sometimes lag behind my taps
SYNEXP_00670,display,Positive,screen colours look balanced
SYNEXP_00670,camera,Neutral,image quality is acceptable in good light
SYNEXP_00671,performance,Positive,games run consistently in my sessions
SYNEXP_00671,design,Negative,the design feels bulky in a pocket
SYNEXP_00671,battery,Neutral,the battery gets me through an average day
SYNEXP_00672,battery,Negative,the battery struggles on busy days
SYNEXP_00672,design,Positive,the design is understated and attractive
SYNEXP_00673,display,Neutral,screen brightness is adequate indoors
SYNEXP_00673,camera,Positive,photos retain pleasing detail in daylight
SYNEXP_00674,battery,Negative,I often need to recharge before dinner
SYNEXP_00674,performance,Positive,animations feel fluid
SYNEXP_00675,display,Positive,text appears crisp on the panel
SYNEXP_00675,camera,Positive,video remains steady when I walk
SYNEXP_00675,design,Positive,the weight feels well balanced
SYNEXP_00675,performance,Positive,games run consistently in my sessions
SYNEXP_00676,battery,Neutral,battery life is adequate for my usual schedule
SYNEXP_00676,performance,Neutral,apps run at a reasonable pace
SYNEXP_00676,display,Negative,display colours look washed out
SYNEXP_00677,performance,Negative,apps pause when I switch between them
SYNEXP_00677,design,Positive,its shape is comfortable to hold
SYNEXP_00677,camera,Neutral,image quality is acceptable in good light
SYNEXP_00678,performance,Neutral,multitasking is workable without standing out
SYNEXP_00678,display,Negative,scrolling does not feel as smooth as expected
SYNEXP_00678,battery,Neutral,charging speed feels fairly ordinary
SYNEXP_00679,camera,Positive,video remains steady when I walk
SYNEXP_00679,battery,Negative,I often need to recharge before dinner
SYNEXP_00679,design,Positive,the design is understated and attractive
SYNEXP_00679,display,Neutral,screen brightness is adequate indoors
SYNEXP_00680,design,Positive,the weight feels well balanced
SYNEXP_00680,camera,Positive,focus locks on reliably for quick shots
SYNEXP_00681,performance,Positive,animations feel fluid
SYNEXP_00681,display,Positive,screen colours look balanced
SYNEXP_00682,camera,Negative,colours in photos sometimes look unnatural
SYNEXP_00682,battery,Negative,I often need to recharge before dinner
SYNEXP_00683,camera,Neutral,the camera is fine for casual photos
SYNEXP_00683,display,Negative,the screen is hard to read in sunlight
SYNEXP_00684,design,Positive,the weight feels well balanced
SYNEXP_00684,camera,Negative,autofocus misses moving subjects
SYNEXP_00684,display,Neutral,colours look fairly standard
SYNEXP_00685,design,Positive,the finish has held up well
SYNEXP_00685,display,Positive,the display stays readable outdoors
SYNEXP_00686,display,Neutral,colours look fairly standard
SYNEXP_00686,performance,Negative,performance drops when several apps are open
SYNEXP_00686,battery,Negative,the battery struggles on busy days
SYNEXP_00687,performance,Negative,performance drops when several apps are open
SYNEXP_00687,battery,Positive,the battery holds up during long commutes
SYNEXP_00687,display,Positive,the display stays readable outdoors
SYNEXP_00688,display,Positive,screen colours look balanced
SYNEXP_00688,design,Positive,the build feels solid in my hand
SYNEXP_00689,battery,Negative,charging feels slow when I am in a hurry
SYNEXP_00689,display,Neutral,screen brightness is adequate indoors
SYNEXP_00689,design,Negative,the frame feels less sturdy than expected
SYNEXP_00690,performance,Neutral,multitasking is workable without standing out
SYNEXP_00690,battery,Negative,the battery drains faster than I expected
SYNEXP_00690,display,Neutral,the display is usable in most places
SYNEXP_00691,camera,Positive,video remains steady when I walk
SYNEXP_00691,display,Positive,the display stays readable outdoors
SYNEXP_00691,performance,Neutral,the speed feels normal for routine use
SYNEXP_00691,battery,Positive,the battery holds up during long commutes
SYNEXP_00692,battery,Neutral,battery life is adequate for my usual schedule
SYNEXP_00692,design,Negative,the finish picks up marks easily
SYNEXP_00693,design,Positive,its shape is comfortable to hold
SYNEXP_00693,performance,Positive,the phone stays responsive under a busy workload
SYNEXP_00693,display,Positive,text appears crisp on the panel
SYNEXP_00694,design,Negative,the design feels bulky in a pocket
SYNEXP_00694,display,Negative,the screen is hard to read in sunlight
SYNEXP_00694,camera,Neutral,image quality is acceptable in good light
SYNEXP_00695,camera,Positive,focus locks on reliably for quick shots
SYNEXP_00695,display,Positive,text appears crisp on the panel
SYNEXP_00696,battery,Negative,I often need to recharge before dinner
SYNEXP_00696,design,Positive,the finish has held up well
SYNEXP_00696,camera,Positive,focus locks on reliably for quick shots
SYNEXP_00696,performance,Neutral,apps run at a reasonable pace
SYNEXP_00697,battery,Neutral,the battery gets me through an average day
SYNEXP_00697,display,Negative,scrolling does not feel as smooth as expected
SYNEXP_00698,design,Positive,the finish has held up well
SYNEXP_00698,display,Neutral,the display is usable in most places
SYNEXP_00698,performance,Negative,performance drops when several apps are open
SYNEXP_00699,camera,Positive,the camera captures natural colours
SYNEXP_00699,design,Neutral,its weight is manageable
SYNEXP_00699,display,Positive,the display stays readable outdoors
SYNEXP_00699,performance,Negative,the phone feels sluggish after a few minutes
SYNEXP_00700,design,Positive,the buttons feel thoughtfully placed
SYNEXP_00700,camera,Neutral,image quality is acceptable in good light
SYNEXP_00701,performance,Neutral,performance is adequate for basic tasks
SYNEXP_00701,battery,Neutral,power use has been neither remarkable nor troublesome
SYNEXP_00702,design,Neutral,the physical layout takes little time to learn
SYNEXP_00702,performance,Negative,apps pause when I switch between them
SYNEXP_00702,camera,Neutral,image quality is acceptable in good light
SYNEXP_00702,display,Positive,the display stays readable outdoors
SYNEXP_00703,display,Negative,the panel appears dim outdoors
SYNEXP_00703,battery,Neutral,power use has been neither remarkable nor troublesome
SYNEXP_00703,design,Neutral,its weight is manageable
SYNEXP_00703,performance,Positive,switching between tasks feels smooth
SYNEXP_00704,design,Positive,the design is understated and attractive
SYNEXP_00704,camera,Negative,video looks shaky when I move
SYNEXP_00704,performance,Neutral,multitasking is workable without standing out
SYNEXP_00704,battery,Negative,the battery drains faster than I expected
SYNEXP_00705,battery,Negative,the battery drains faster than I expected
SYNEXP_00705,camera,Negative,night photos come out soft
SYNEXP_00706,design,Neutral,the build feels ordinary for its price
SYNEXP_00706,camera,Positive,the camera captures natural colours
SYNEXP_00707,design,Positive,the weight feels well balanced
SYNEXP_00707,battery,Negative,standby drain is noticeable overnight
SYNEXP_00708,camera,Negative,night photos come out soft
SYNEXP_00708,design,Neutral,the build feels ordinary for its price
SYNEXP_00708,performance,Positive,switching between tasks feels smooth
SYNEXP_00709,camera,Negative,night photos come out soft
SYNEXP_00709,performance,Negative,the phone feels sluggish after a few minutes
SYNEXP_00709,display,Negative,fine text looks less sharp than I hoped
SYNEXP_00709,battery,Neutral,charging speed feels fairly ordinary
SYNEXP_00710,display,Negative,touch response occasionally misses a swipe
SYNEXP_00710,camera,Negative,night photos come out soft
SYNEXP_00711,battery,Negative,standby drain is noticeable overnight
SYNEXP_00711,camera,Neutral,image quality is acceptable in good light
SYNEXP_00711,design,Negative,the phone is awkward to hold for long
SYNEXP_00711,display,Neutral,the panel does its job without surprises
SYNEXP_00712,design,Positive,the design is understated and attractive
SYNEXP_00712,battery,Negative,the battery drains faster than I expected
SYNEXP_00713,design,Negative,the weight becomes tiring after a while
SYNEXP_00713,performance,Neutral,the speed feels normal for routine use
SYNEXP_00714,performance,Neutral,the speed feels normal for routine use
SYNEXP_00714,camera,Neutral,video quality meets my basic needs
SYNEXP_00715,performance,Neutral,apps run at a reasonable pace
SYNEXP_00715,display,Negative,touch response occasionally misses a swipe
SYNEXP_00716,performance,Positive,animations feel fluid
SYNEXP_00716,camera,Positive,night photos have been better than expected
SYNEXP_00716,display,Positive,screen colours look balanced
SYNEXP_00716,design,Positive,its shape is comfortable to hold
SYNEXP_00717,design,Positive,its shape is comfortable to hold
SYNEXP_00717,battery,Negative,the battery struggles on busy days
SYNEXP_00717,performance,Negative,performance drops when several apps are open
SYNEXP_00718,performance,Neutral,multitasking is workable without standing out
SYNEXP_00718,display,Positive,screen colours look balanced
SYNEXP_00718,battery,Neutral,the battery gets me through an average day
SYNEXP_00719,battery,Neutral,battery life is adequate for my usual schedule
SYNEXP_00719,design,Positive,its shape is comfortable to hold
SYNEXP_00719,camera,Neutral,video quality meets my basic needs
SYNEXP_00720,design,Neutral,the build feels ordinary for its price
SYNEXP_00720,camera,Neutral,the camera feels typical for this range
SYNEXP_00721,performance,Negative,menus sometimes lag behind my taps
SYNEXP_00721,battery,Positive,the battery holds up during long commutes
SYNEXP_00722,camera,Negative,portraits often blur the edges
SYNEXP_00722,battery,Negative,the battery struggles on busy days
SYNEXP_00723,design,Neutral,the physical layout takes little time to learn
SYNEXP_00723,battery,Positive,I finish most days with power to spare
SYNEXP_00723,camera,Positive,the camera captures natural colours
SYNEXP_00724,performance,Positive,switching between tasks feels smooth
SYNEXP_00724,camera,Positive,video remains steady when I walk
SYNEXP_00724,design,Negative,the frame feels less sturdy than expected
SYNEXP_00725,performance,Negative,gaming sessions bring noticeable stutter
SYNEXP_00725,design,Positive,the buttons feel thoughtfully placed
SYNEXP_00725,battery,Neutral,battery life is adequate for my usual schedule
SYNEXP_00725,camera,Negative,the camera loses detail indoors
SYNEXP_00726,battery,Positive,it rarely needs a midday top-up
SYNEXP_00726,design,Positive,the build feels solid in my hand
SYNEXP_00726,performance,Positive,the phone stays responsive under a busy workload
SYNEXP_00727,battery,Neutral,charging speed feels fairly ordinary
SYNEXP_00727,display,Neutral,the display is usable in most places
SYNEXP_00727,camera,Negative,autofocus misses moving subjects
SYNEXP_00727,design,Neutral,the design is practical rather than memorable
SYNEXP_00728,camera,Neutral,video quality meets my basic needs
SYNEXP_00728,battery,Negative,the battery struggles on busy days
SYNEXP_00728,display,Positive,the display makes videos enjoyable
SYNEXP_00729,camera,Positive,night photos have been better than expected
SYNEXP_00729,battery,Positive,it rarely needs a midday top-up
SYNEXP_00729,display,Negative,scrolling does not feel as smooth as expected
SYNEXP_00729,performance,Negative,menus sometimes lag behind my taps
SYNEXP_00730,performance,Negative,the phone feels sluggish after a few minutes
SYNEXP_00730,design,Negative,the design feels bulky in a pocket
SYNEXP_00731,battery,Negative,I often need to recharge before dinner
SYNEXP_00731,performance,Positive,games run consistently in my sessions
SYNEXP_00732,battery,Negative,the battery drains faster than I expected
SYNEXP_00732,performance,Positive,performance has remained steady after weeks of use
SYNEXP_00732,camera,Negative,autofocus misses moving subjects
SYNEXP_00733,design,Negative,the design feels bulky in a pocket
SYNEXP_00733,performance,Positive,apps open quickly during everyday use
SYNEXP_00733,camera,Positive,focus locks on reliably for quick shots
SYNEXP_00734,display,Positive,brightness adjusts well in changing light
SYNEXP_00734,performance,Positive,the phone stays responsive under a busy workload
SYNEXP_00734,camera,Positive,focus locks on reliably for quick shots
SYNEXP_00734,design,Positive,the design is understated and attractive
SYNEXP_00735,battery,Negative,charging feels slow when I am in a hurry
SYNEXP_00735,performance,Positive,the phone stays responsive under a busy workload
SYNEXP_00736,camera,Positive,portraits look sharp without much effort
SYNEXP_00736,design,Positive,the finish has held up well
SYNEXP_00736,performance,Negative,the device warms up and slows down during games
SYNEXP_00737,design,Positive,the buttons feel thoughtfully placed
SYNEXP_00737,camera,Neutral,video quality meets my basic needs
SYNEXP_00738,battery,Positive,the charge comfortably lasts into the evening
SYNEXP_00738,camera,Neutral,the camera is fine for casual photos
SYNEXP_00738,design,Positive,the design is understated and attractive
SYNEXP_00739,performance,Neutral,performance is adequate for basic tasks
SYNEXP_00739,design,Negative,the finish picks up marks easily
SYNEXP_00739,display,Neutral,the panel does its job without surprises
SYNEXP_00739,battery,Neutral,battery life is adequate for my usual schedule
SYNEXP_00740,performance,Negative,performance drops when several apps are open
SYNEXP_00740,battery,Positive,it rarely needs a midday top-up
SYNEXP_00741,design,Negative,the buttons are difficult to reach
SYNEXP_00741,performance,Neutral,apps run at a reasonable pace
SYNEXP_00742,design,Positive,the build feels solid in my hand
SYNEXP_00742,display,Negative,fine text looks less sharp than I hoped
SYNEXP_00743,battery,Negative,the battery struggles on busy days
SYNEXP_00743,display,Negative,scrolling does not feel as smooth as expected
SYNEXP_00743,performance,Negative,the device warms up and slows down during games
SYNEXP_00744,design,Positive,the buttons feel thoughtfully placed
SYNEXP_00744,display,Negative,scrolling does not feel as smooth as expected
SYNEXP_00744,performance,Negative,the device warms up and slows down during games
SYNEXP_00744,camera,Positive,the camera captures natural colours
SYNEXP_00745,performance,Positive,performance has remained steady after weeks of use
SYNEXP_00745,design,Neutral,the build feels ordinary for its price
SYNEXP_00745,camera,Neutral,image quality is acceptable in good light
SYNEXP_00745,battery,Negative,I often need to recharge before dinner
SYNEXP_00746,display,Negative,the panel appears dim outdoors
SYNEXP_00746,camera,Negative,autofocus misses moving subjects
SYNEXP_00746,design,Positive,the weight feels well balanced
SYNEXP_00746,battery,Positive,the battery holds up during long commutes
SYNEXP_00747,performance,Positive,animations feel fluid
SYNEXP_00747,camera,Negative,colours in photos sometimes look unnatural
SYNEXP_00748,design,Negative,the weight becomes tiring after a while
SYNEXP_00748,display,Negative,fine text looks less sharp than I hoped
SYNEXP_00748,performance,Negative,apps pause when I switch between them
SYNEXP_00748,camera,Positive,video remains steady when I walk
SYNEXP_00749,camera,Positive,photos retain pleasing detail in daylight
SYNEXP_00749,battery,Neutral,battery life is adequate for my usual schedule
SYNEXP_00750,performance,Neutral,multitasking is workable without standing out
SYNEXP_00750,camera,Negative,portraits often blur the edges
SYNEXP_00751,display,Positive,scrolling looks smooth
SYNEXP_00751,battery,Positive,it rarely needs a midday top-up
SYNEXP_00751,camera,Positive,focus locks on reliably for quick shots
SYNEXP_00752,battery,Neutral,power use has been neither remarkable nor troublesome
SYNEXP_00752,design,Negative,the frame feels less sturdy than expected
SYNEXP_00752,display,Neutral,colours look fairly standard
SYNEXP_00752,performance,Negative,the device warms up and slows down during games
SYNEXP_00753,battery,Neutral,the battery gets me through an average day
SYNEXP_00753,performance,Negative,the phone feels sluggish after a few minutes
SYNEXP_00754,display,Positive,brightness adjusts well in changing light
SYNEXP_00754,battery,Negative,the battery struggles on busy days
SYNEXP_00754,camera,Neutral,the camera is fine for casual photos
SYNEXP_00754,design,Negative,the buttons are difficult to reach
SYNEXP_00755,design,Positive,the build feels solid in my hand
SYNEXP_00755,display,Neutral,the panel does its job without surprises
SYNEXP_00755,camera,Positive,video remains steady when I walk
SYNEXP_00756,performance,Neutral,multitasking is workable without standing out
SYNEXP_00756,design,Neutral,the build feels ordinary for its price
SYNEXP_00756,camera,Positive,photos retain pleasing detail in daylight
SYNEXP_00756,display,Positive,the display stays readable outdoors
SYNEXP_00757,performance,Neutral,multitasking is workable without standing out
SYNEXP_00757,battery,Positive,I finish most days with power to spare
SYNEXP_00757,camera,Neutral,the camera feels typical for this range
SYNEXP_00758,performance,Neutral,apps run at a reasonable pace
SYNEXP_00758,camera,Negative,portraits often blur the edges
SYNEXP_00758,battery,Positive,battery endurance has been dependable
SYNEXP_00759,design,Negative,the weight becomes tiring after a while
SYNEXP_00759,battery,Positive,it rarely needs a midday top-up
SYNEXP_00760,display,Negative,touch response occasionally misses a swipe
SYNEXP_00760,design,Neutral,its weight is manageable
SYNEXP_00760,performance,Negative,performance drops when several apps are open
SYNEXP_00760,battery,Negative,standby drain is noticeable overnight
SYNEXP_00761,camera,Positive,the camera captures natural colours
SYNEXP_00761,battery,Neutral,power use has been neither remarkable nor troublesome
SYNEXP_00761,design,Neutral,the design is practical rather than memorable
SYNEXP_00761,performance,Positive,the phone stays responsive under a busy workload
SYNEXP_00762,display,Neutral,colours look fairly standard
SYNEXP_00762,design,Negative,the design feels bulky in a pocket
SYNEXP_00763,display,Positive,scrolling looks smooth
SYNEXP_00763,battery,Neutral,charging speed feels fairly ordinary
SYNEXP_00763,design,Negative,the finish picks up marks easily
SYNEXP_00763,performance,Positive,performance has remained steady after weeks of use
SYNEXP_00764,performance,Neutral,apps run at a reasonable pace
SYNEXP_00764,battery,Positive,charging has fitted well into my routine
SYNEXP_00764,camera,Positive,night photos have been better than expected
SYNEXP_00764,display,Positive,brightness adjusts well in changing light
SYNEXP_00765,camera,Positive,focus locks on reliably for quick shots
SYNEXP_00765,performance,Positive,switching between tasks feels smooth
SYNEXP_00765,design,Positive,the design is understated and attractive
SYNEXP_00766,performance,Negative,gaming sessions bring noticeable stutter
SYNEXP_00766,camera,Positive,focus locks on reliably for quick shots
SYNEXP_00767,design,Negative,the buttons are difficult to reach
SYNEXP_00767,display,Neutral,the panel does its job without surprises
SYNEXP_00768,design,Negative,the finish picks up marks easily
SYNEXP_00768,battery,Positive,I finish most days with power to spare
SYNEXP_00768,performance,Neutral,apps run at a reasonable pace
SYNEXP_00768,display,Negative,fine text looks less sharp than I hoped
SYNEXP_00769,display,Negative,fine text looks less sharp than I hoped
SYNEXP_00769,design,Positive,the weight feels well balanced
SYNEXP_00769,battery,Neutral,the battery gets me through an average day
SYNEXP_00769,camera,Neutral,video quality meets my basic needs
SYNEXP_00770,display,Neutral,screen brightness is adequate indoors
SYNEXP_00770,performance,Negative,apps pause when I switch between them
SYNEXP_00771,battery,Positive,I finish most days with power to spare
SYNEXP_00771,performance,Positive,animations feel fluid
SYNEXP_00771,display,Positive,screen colours look balanced
SYNEXP_00771,camera,Positive,focus locks on reliably for quick shots
SYNEXP_00772,design,Positive,the finish has held up well
SYNEXP_00772,display,Positive,the display stays readable outdoors
SYNEXP_00772,battery,Negative,I often need to recharge before dinner
SYNEXP_00773,display,Negative,the panel appears dim outdoors
SYNEXP_00773,battery,Positive,I finish most days with power to spare
SYNEXP_00774,display,Negative,fine text looks less sharp than I hoped
SYNEXP_00774,performance,Negative,the phone feels sluggish after a few minutes
SYNEXP_00774,camera,Neutral,the camera feels typical for this range
SYNEXP_00774,design,Negative,the phone is awkward to hold for long
SYNEXP_00775,display,Positive,the display makes videos enjoyable
SYNEXP_00775,performance,Positive,the phone stays responsive under a busy workload
SYNEXP_00775,battery,Positive,battery endurance has been dependable
SYNEXP_00775,camera,Negative,video looks shaky when I move
SYNEXP_00776,display,Positive,screen colours look balanced
SYNEXP_00776,performance,Negative,the device warms up and slows down during games
SYNEXP_00776,battery,Negative,the battery drains faster than I expected
SYNEXP_00776,design,Neutral,its weight is manageable
SYNEXP_00777,performance,Negative,menus sometimes lag behind my taps
SYNEXP_00777,camera,Neutral,video quality meets my basic needs
SYNEXP_00778,camera,Negative,the camera loses detail indoors
SYNEXP_00778,performance,Positive,games run consistently in my sessions
SYNEXP_00778,display,Positive,text appears crisp on the panel
SYNEXP_00778,design,Positive,the buttons feel thoughtfully placed
SYNEXP_00779,performance,Neutral,performance is adequate for basic tasks
SYNEXP_00779,battery,Positive,charging has fitted well into my routine
SYNEXP_00779,design,Neutral,the build feels ordinary for its price
SYNEXP_00780,camera,Positive,the camera captures natural colours
SYNEXP_00780,design,Neutral,its weight is manageable
SYNEXP_00781,camera,Negative,the camera loses detail indoors
SYNEXP_00781,display,Neutral,the panel does its job without surprises
SYNEXP_00781,design,Positive,the buttons feel thoughtfully placed
SYNEXP_00781,battery,Negative,charging feels slow when I am in a hurry
SYNEXP_00782,camera,Negative,autofocus misses moving subjects
SYNEXP_00782,battery,Positive,I finish most days with power to spare
SYNEXP_00783,design,Neutral,the design is practical rather than memorable
SYNEXP_00783,display,Neutral,screen brightness is adequate indoors
SYNEXP_00783,performance,Positive,the phone stays responsive under a busy workload
SYNEXP_00783,camera,Neutral,video quality meets my basic needs
SYNEXP_00784,design,Positive,the finish has held up well
SYNEXP_00784,camera,Negative,video looks shaky when I move
SYNEXP_00784,performance,Negative,gaming sessions bring noticeable stutter
SYNEXP_00784,battery,Negative,I often need to recharge before dinner
SYNEXP_00785,battery,Negative,charging feels slow when I am in a hurry
SYNEXP_00785,design,Positive,the design is understated and attractive
SYNEXP_00786,battery,Neutral,charging speed feels fairly ordinary
SYNEXP_00786,display,Neutral,screen brightness is adequate indoors
SYNEXP_00787,performance,Negative,performance drops when several apps are open
SYNEXP_00787,battery,Negative,the battery drains faster than I expected
SYNEXP_00787,design,Negative,the frame feels less sturdy than expected
SYNEXP_00787,display,Positive,brightness adjusts well in changing light
SYNEXP_00788,performance,Positive,the phone stays responsive under a busy workload
SYNEXP_00788,design,Positive,the finish has held up well
SYNEXP_00788,camera,Negative,video looks shaky when I move
SYNEXP_00789,camera,Negative,autofocus misses moving subjects
SYNEXP_00789,battery,Negative,standby drain is noticeable overnight
SYNEXP_00789,display,Positive,scrolling looks smooth
SYNEXP_00789,design,Positive,the buttons feel thoughtfully placed
SYNEXP_00790,battery,Positive,the charge comfortably lasts into the evening
SYNEXP_00790,design,Neutral,the design is practical rather than memorable
SYNEXP_00790,display,Neutral,the panel does its job without surprises
SYNEXP_00791,camera,Positive,night photos have been better than expected
SYNEXP_00791,battery,Neutral,charging speed feels fairly ordinary
SYNEXP_00791,performance,Positive,animations feel fluid
SYNEXP_00791,design,Neutral,the build feels ordinary for its price
SYNEXP_00792,performance,Neutral,multitasking is workable without standing out
SYNEXP_00792,design,Positive,the weight feels well balanced
SYNEXP_00793,battery,Neutral,the battery gets me through an average day
SYNEXP_00793,display,Positive,the display makes videos enjoyable
SYNEXP_00793,performance,Negative,the device warms up and slows down during games
SYNEXP_00793,camera,Negative,colours in photos sometimes look unnatural
SYNEXP_00794,camera,Negative,the camera loses detail indoors
SYNEXP_00794,performance,Positive,the phone stays responsive under a busy workload
SYNEXP_00795,battery,Neutral,battery life is adequate for my usual schedule
SYNEXP_00795,display,Positive,scrolling looks smooth
SYNEXP_00796,design,Neutral,the physical layout takes little time to learn
SYNEXP_00796,camera,Negative,the camera loses detail indoors
SYNEXP_00797,camera,Positive,night photos have been better than expected
SYNEXP_00797,display,Neutral,screen brightness is adequate indoors
SYNEXP_00798,battery,Positive,it rarely needs a midday top-up
SYNEXP_00798,camera,Positive,the camera captures natural colours
SYNEXP_00798,design,Positive,the design is understated and attractive
SYNEXP_00798,performance,Negative,menus sometimes lag behind my taps
SYNEXP_00799,camera,Positive,the camera captures natural colours
SYNEXP_00799,performance,Negative,performance drops when several apps are open
SYNEXP_00800,display,Positive,brightness adjusts well in changing light
SYNEXP_00800,camera,Negative,colours in photos sometimes look unnatural
SYNEXP_00801,battery,Positive,battery endurance has been dependable
SYNEXP_00801,design,Negative,the weight becomes tiring after a while
SYNEXP_00801,performance,Neutral,performance is adequate for basic tasks
SYNEXP_00802,design,Neutral,its weight is manageable
SYNEXP_00802,display,Negative,touch response occasionally misses a swipe
SYNEXP_00802,performance,Positive,switching between tasks feels smooth
SYNEXP_00803,design,Positive,the finish has held up well
SYNEXP_00803,camera,Positive,night photos have been better than expected
SYNEXP_00803,battery,Positive,it rarely needs a midday top-up
SYNEXP_00803,display,Positive,scrolling looks smooth
SYNEXP_00804,battery,Positive,battery endurance has been dependable
SYNEXP_00804,design,Negative,the buttons are difficult to reach
SYNEXP_00804,display,Positive,scrolling looks smooth
SYNEXP_00805,display,Negative,scrolling does not feel as smooth as expected
SYNEXP_00805,performance,Neutral,performance is adequate for basic tasks
SYNEXP_00806,performance,Positive,apps open quickly during everyday use
SYNEXP_00806,display,Neutral,the panel does its job without surprises
SYNEXP_00807,camera,Neutral,video quality meets my basic needs
SYNEXP_00807,display,Negative,scrolling does not feel as smooth as expected
SYNEXP_00807,performance,Positive,the phone stays responsive under a busy workload
SYNEXP_00808,display,Negative,the screen is hard to read in sunlight
SYNEXP_00808,camera,Positive,photos retain pleasing detail in daylight
SYNEXP_00809,performance,Neutral,the speed feels normal for routine use
SYNEXP_00809,display,Negative,fine text looks less sharp than I hoped
SYNEXP_00809,camera,Neutral,image quality is acceptable in good light
SYNEXP_00809,battery,Positive,the charge comfortably lasts into the evening
SYNEXP_00810,performance,Negative,apps pause when I switch between them
SYNEXP_00810,display,Positive,brightness adjusts well in changing light
SYNEXP_00810,design,Negative,the frame feels less sturdy than expected
SYNEXP_00811,camera,Positive,video remains steady when I walk
SYNEXP_00811,display,Neutral,colours look fairly standard
SYNEXP_00812,camera,Positive,focus locks on reliably for quick shots
SYNEXP_00812,design,Positive,its shape is comfortable to hold
SYNEXP_00812,performance,Negative,gaming sessions bring noticeable stutter
SYNEXP_00812,display,Positive,the display makes videos enjoyable
SYNEXP_00813,performance,Positive,switching between tasks feels smooth
SYNEXP_00813,design,Positive,the weight feels well balanced
SYNEXP_00813,battery,Positive,the battery holds up during long commutes
SYNEXP_00814,display,Positive,scrolling looks smooth
SYNEXP_00814,performance,Positive,performance has remained steady after weeks of use
SYNEXP_00814,camera,Positive,portraits look sharp without much effort
SYNEXP_00815,camera,Positive,night photos have been better than expected
SYNEXP_00815,battery,Neutral,power use has been neither remarkable nor troublesome
SYNEXP_00816,display,Negative,the screen is hard to read in sunlight
SYNEXP_00816,design,Negative,the phone is awkward to hold for long
SYNEXP_00817,battery,Negative,the battery drains faster than I expected
SYNEXP_00817,display,Negative,the panel appears dim outdoors
SYNEXP_00817,camera,Neutral,image quality is acceptable in good light
SYNEXP_00818,display,Negative,touch response occasionally misses a swipe
SYNEXP_00818,performance,Neutral,the speed feels normal for routine use
SYNEXP_00818,camera,Neutral,image quality is acceptable in good light
SYNEXP_00819,design,Positive,the build feels solid in my hand
SYNEXP_00819,performance,Negative,the phone feels sluggish after a few minutes
SYNEXP_00819,display,Negative,fine text looks less sharp than I hoped
SYNEXP_00820,performance,Neutral,performance is adequate for basic tasks
SYNEXP_00820,camera,Positive,portraits look sharp without much effort
SYNEXP_00820,design,Neutral,the design is practical rather than memorable
SYNEXP_00820,battery,Positive,battery endurance has been dependable
SYNEXP_00821,performance,Negative,apps pause when I switch between them
SYNEXP_00821,display,Neutral,colours look fairly standard
SYNEXP_00821,design,Positive,the build feels solid in my hand
SYNEXP_00821,battery,Neutral,power use has been neither remarkable nor troublesome
SYNEXP_00822,battery,Neutral,the battery gets me through an average day
SYNEXP_00822,performance,Positive,performance has remained steady after weeks of use
SYNEXP_00822,design,Positive,the buttons feel thoughtfully placed
SYNEXP_00822,camera,Negative,portraits often blur the edges
SYNEXP_00823,camera,Positive,portraits look sharp without much effort
SYNEXP_00823,design,Positive,the weight feels well balanced
SYNEXP_00824,camera,Negative,colours in photos sometimes look unnatural
SYNEXP_00824,battery,Neutral,power use has been neither remarkable nor troublesome
SYNEXP_00825,design,Positive,the finish has held up well
SYNEXP_00825,performance,Negative,the device warms up and slows down during games
SYNEXP_00825,display,Negative,touch response occasionally misses a swipe
SYNEXP_00825,battery,Positive,I finish most days with power to spare
SYNEXP_00826,display,Neutral,screen brightness is adequate indoors
SYNEXP_00826,performance,Positive,animations feel fluid
SYNEXP_00826,design,Negative,the finish picks up marks easily
SYNEXP_00826,camera,Neutral,video quality meets my basic needs
SYNEXP_00827,design,Negative,the finish picks up marks easily
SYNEXP_00827,display,Positive,screen colours look balanced
SYNEXP_00827,performance,Negative,performance drops when several apps are open
SYNEXP_00828,camera,Positive,the camera captures natural colours
SYNEXP_00828,display,Positive,scrolling looks smooth
SYNEXP_00828,performance,Neutral,performance is adequate for basic tasks
SYNEXP_00829,camera,Positive,video remains steady when I walk
SYNEXP_00829,display,Positive,brightness adjusts well in changing light
SYNEXP_00829,battery,Negative,power drops quickly during navigation
SYNEXP_00830,battery,Neutral,power use has been neither remarkable nor troublesome
SYNEXP_00830,camera,Negative,video looks shaky when I move
SYNEXP_00830,performance,Positive,performance has remained steady after weeks of use
SYNEXP_00831,display,Positive,brightness adjusts well in changing light
SYNEXP_00831,performance,Negative,the phone feels sluggish after a few minutes
SYNEXP_00831,design,Negative,the finish picks up marks easily
SYNEXP_00831,camera,Negative,night photos come out soft
SYNEXP_00832,performance,Negative,gaming sessions bring noticeable stutter
SYNEXP_00832,display,Negative,fine text looks less sharp than I hoped
SYNEXP_00832,battery,Negative,power drops quickly during navigation
SYNEXP_00833,performance,Positive,performance has remained steady after weeks of use
SYNEXP_00833,camera,Negative,the camera loses detail indoors
SYNEXP_00834,battery,Neutral,charging speed feels fairly ordinary
SYNEXP_00834,camera,Negative,autofocus misses moving subjects
SYNEXP_00835,battery,Negative,the battery drains faster than I expected
SYNEXP_00835,camera,Negative,the camera loses detail indoors
SYNEXP_00835,performance,Positive,switching between tasks feels smooth
SYNEXP_00836,display,Negative,display colours look washed out
SYNEXP_00836,design,Positive,the weight feels well balanced
SYNEXP_00837,performance,Positive,performance has remained steady after weeks of use
SYNEXP_00837,camera,Neutral,the camera feels typical for this range
SYNEXP_00837,design,Negative,the weight becomes tiring after a while
SYNEXP_00838,battery,Negative,standby drain is noticeable overnight
SYNEXP_00838,display,Negative,the panel appears dim outdoors
SYNEXP_00838,performance,Neutral,apps run at a reasonable pace
SYNEXP_00839,battery,Negative,standby drain is noticeable overnight
SYNEXP_00839,display,Positive,the display makes videos enjoyable
SYNEXP_00839,design,Neutral,the build feels ordinary for its price
SYNEXP_00839,performance,Positive,switching between tasks feels smooth
SYNEXP_00840,performance,Positive,apps open quickly during everyday use
SYNEXP_00840,camera,Negative,autofocus misses moving subjects
SYNEXP_00840,display,Negative,fine text looks less sharp than I hoped
SYNEXP_00840,battery,Positive,the charge comfortably lasts into the evening
SYNEXP_00841,camera,Negative,the camera loses detail indoors
SYNEXP_00841,display,Positive,text appears crisp on the panel
SYNEXP_00841,battery,Positive,charging has fitted well into my routine
SYNEXP_00841,design,Positive,the design is understated and attractive
SYNEXP_00842,display,Positive,the display makes videos enjoyable
SYNEXP_00842,performance,Positive,apps open quickly during everyday use
SYNEXP_00843,battery,Negative,the battery struggles on busy days
SYNEXP_00843,display,Positive,text appears crisp on the panel
SYNEXP_00844,display,Negative,touch response occasionally misses a swipe
SYNEXP_00844,performance,Negative,performance drops when several apps are open
SYNEXP_00844,battery,Positive,it rarely needs a midday top-up
SYNEXP_00845,battery,Neutral,battery life is adequate for my usual schedule
SYNEXP_00845,design,Negative,the design feels bulky in a pocket
SYNEXP_00845,camera,Positive,focus locks on reliably for quick shots
SYNEXP_00846,design,Neutral,the design is practical rather than memorable
SYNEXP_00846,display,Negative,fine text looks less sharp than I hoped
SYNEXP_00846,camera,Positive,night photos have been better than expected
SYNEXP_00846,performance,Neutral,apps run at a reasonable pace
SYNEXP_00847,performance,Neutral,performance is adequate for basic tasks
SYNEXP_00847,design,Positive,the design is understated and attractive
SYNEXP_00847,battery,Neutral,power use has been neither remarkable nor troublesome
SYNEXP_00848,design,Positive,the build feels solid in my hand
SYNEXP_00848,battery,Positive,the charge comfortably lasts into the evening
SYNEXP_00848,performance,Negative,menus sometimes lag behind my taps
SYNEXP_00848,display,Positive,screen colours look balanced
SYNEXP_00849,battery,Positive,charging has fitted well into my routine
SYNEXP_00849,camera,Neutral,the camera feels typical for this range
SYNEXP_00849,design,Neutral,the physical layout takes little time to learn
SYNEXP_00849,performance,Positive,games run consistently in my sessions
SYNEXP_00850,design,Positive,the weight feels well balanced
SYNEXP_00850,performance,Positive,performance has remained steady after weeks of use
SYNEXP_00850,camera,Negative,autofocus misses moving subjects
SYNEXP_00850,display,Positive,scrolling looks smooth
SYNEXP_00851,design,Positive,the weight feels well balanced
SYNEXP_00851,camera,Negative,video looks shaky when I move
SYNEXP_00851,battery,Positive,I finish most days with power to spare
SYNEXP_00851,performance,Negative,menus sometimes lag behind my taps
SYNEXP_00852,performance,Negative,the device warms up and slows down during games
SYNEXP_00852,design,Neutral,the build feels ordinary for its price
SYNEXP_00852,battery,Negative,power drops quickly during navigation
SYNEXP_00853,display,Positive,the display stays readable outdoors
SYNEXP_00853,camera,Positive,focus locks on reliably for quick shots
SYNEXP_00854,performance,Negative,the device warms up and slows down during games
SYNEXP_00854,battery,Negative,I often need to recharge before dinner
SYNEXP_00855,performance,Positive,apps open quickly during everyday use
SYNEXP_00855,camera,Negative,autofocus misses moving subjects
SYNEXP_00856,camera,Positive,the camera captures natural colours
SYNEXP_00856,display,Negative,the panel appears dim outdoors
SYNEXP_00857,design,Positive,the weight feels well balanced
SYNEXP_00857,camera,Negative,video looks shaky when I move
SYNEXP_00857,display,Positive,brightness adjusts well in changing light
SYNEXP_00858,battery,Positive,the charge comfortably lasts into the evening
SYNEXP_00858,design,Negative,the phone is awkward to hold for long
SYNEXP_00859,camera,Negative,colours in photos sometimes look unnatural
SYNEXP_00859,design,Neutral,its weight is manageable
SYNEXP_00860,camera,Negative,portraits often blur the edges
SYNEXP_00860,design,Positive,the buttons feel thoughtfully placed
SYNEXP_00860,performance,Negative,menus sometimes lag behind my taps
SYNEXP_00861,battery,Neutral,battery life is adequate for my usual schedule
SYNEXP_00861,design,Negative,the design feels bulky in a pocket
SYNEXP_00862,design,Positive,its shape is comfortable to hold
SYNEXP_00862,display,Positive,the display stays readable outdoors
SYNEXP_00862,camera,Negative,portraits often blur the edges
SYNEXP_00862,performance,Negative,performance drops when several apps are open
SYNEXP_00863,camera,Negative,autofocus misses moving subjects
SYNEXP_00863,performance,Negative,gaming sessions bring noticeable stutter
SYNEXP_00863,design,Negative,the frame feels less sturdy than expected
SYNEXP_00863,display,Neutral,the panel does its job without surprises
SYNEXP_00864,performance,Negative,performance drops when several apps are open
SYNEXP_00864,display,Neutral,screen brightness is adequate indoors
SYNEXP_00865,display,Positive,screen colours look balanced
SYNEXP_00865,battery,Positive,it rarely needs a midday top-up
SYNEXP_00865,camera,Positive,portraits look sharp without much effort
SYNEXP_00865,design,Positive,the buttons feel thoughtfully placed
SYNEXP_00866,design,Neutral,the build feels ordinary for its price
SYNEXP_00866,display,Negative,display colours look washed out
SYNEXP_00866,performance,Positive,the phone stays responsive under a busy workload
SYNEXP_00866,battery,Neutral,power use has been neither remarkable nor troublesome
SYNEXP_00867,battery,Neutral,the battery gets me through an average day
SYNEXP_00867,design,Negative,the phone is awkward to hold for long
SYNEXP_00867,performance,Positive,games run consistently in my sessions
SYNEXP_00867,camera,Positive,video remains steady when I walk
SYNEXP_00868,battery,Negative,power drops quickly during navigation
SYNEXP_00868,performance,Neutral,performance is adequate for basic tasks
SYNEXP_00868,display,Neutral,screen brightness is adequate indoors
SYNEXP_00869,display,Neutral,the display is usable in most places
SYNEXP_00869,design,Positive,the buttons feel thoughtfully placed
SYNEXP_00870,performance,Negative,the phone feels sluggish after a few minutes
SYNEXP_00870,battery,Neutral,power use has been neither remarkable nor troublesome
SYNEXP_00870,design,Positive,the design is understated and attractive
SYNEXP_00871,design,Negative,the phone is awkward to hold for long
SYNEXP_00871,performance,Negative,apps pause when I switch between them
SYNEXP_00871,display,Positive,brightness adjusts well in changing light
SYNEXP_00872,performance,Positive,performance has remained steady after weeks of use
SYNEXP_00872,design,Neutral,the physical layout takes little time to learn
SYNEXP_00872,camera,Positive,night photos have been better than expected
SYNEXP_00873,battery,Positive,it rarely needs a midday top-up
SYNEXP_00873,performance,Negative,the phone feels sluggish after a few minutes
SYNEXP_00873,camera,Positive,portraits look sharp without much effort
SYNEXP_00874,design,Neutral,the physical layout takes little time to learn
SYNEXP_00874,battery,Positive,charging has fitted well into my routine
SYNEXP_00874,display,Neutral,screen brightness is adequate indoors
SYNEXP_00874,camera,Negative,the camera loses detail indoors
SYNEXP_00875,design,Positive,the build feels solid in my hand
SYNEXP_00875,camera,Negative,portraits often blur the edges
SYNEXP_00875,performance,Negative,gaming sessions bring noticeable stutter
SYNEXP_00875,display,Neutral,colours look fairly standard
SYNEXP_00876,battery,Positive,I finish most days with power to spare
SYNEXP_00876,display,Negative,the panel appears dim outdoors
SYNEXP_00876,performance,Positive,games run consistently in my sessions
SYNEXP_00877,camera,Negative,video looks shaky when I move
SYNEXP_00877,battery,Positive,I finish most days with power to spare
SYNEXP_00878,performance,Positive,apps open quickly during everyday use
SYNEXP_00878,camera,Neutral,image quality is acceptable in good light
SYNEXP_00878,battery,Negative,standby drain is noticeable overnight
SYNEXP_00878,design,Positive,its shape is comfortable to hold
SYNEXP_00879,design,Negative,the finish picks up marks easily
SYNEXP_00879,battery,Neutral,the battery gets me through an average day
SYNEXP_00880,battery,Neutral,the battery gets me through an average day
SYNEXP_00880,performance,Neutral,performance is adequate for basic tasks
SYNEXP_00880,display,Negative,the screen is hard to read in sunlight
SYNEXP_00881,design,Negative,the frame feels less sturdy than expected
SYNEXP_00881,camera,Neutral,video quality meets my basic needs
SYNEXP_00881,performance,Positive,performance has remained steady after weeks of use
SYNEXP_00882,display,Positive,scrolling looks smooth
SYNEXP_00882,battery,Neutral,the battery gets me through an average day
SYNEXP_00882,camera,Positive,portraits look sharp without much effort
SYNEXP_00883,battery,Positive,battery endurance has been dependable
SYNEXP_00883,performance,Negative,apps pause when I switch between them
SYNEXP_00883,design,Neutral,the build feels ordinary for its price
SYNEXP_00884,camera,Positive,photos retain pleasing detail in daylight
SYNEXP_00884,display,Positive,screen colours look balanced
SYNEXP_00884,design,Negative,the design feels bulky in a pocket
SYNEXP_00884,performance,Positive,animations feel fluid
SYNEXP_00885,camera,Neutral,the camera feels typical for this range
SYNEXP_00885,display,Negative,the panel appears dim outdoors
SYNEXP_00885,battery,Neutral,the battery gets me through an average day
SYNEXP_00885,design,Neutral,the physical layout takes little time to learn
SYNEXP_00886,design,Positive,its shape is comfortable to hold
SYNEXP_00886,camera,Positive,night photos have been better than expected
SYNEXP_00886,performance,Negative,apps pause when I switch between them
SYNEXP_00886,battery,Negative,power drops quickly during navigation
SYNEXP_00887,performance,Negative,gaming sessions bring noticeable stutter
SYNEXP_00887,display,Neutral,screen brightness is adequate indoors
SYNEXP_00887,camera,Neutral,the camera feels typical for this range
SYNEXP_00888,performance,Negative,menus sometimes lag behind my taps
SYNEXP_00888,battery,Negative,charging feels slow when I am in a hurry
SYNEXP_00888,camera,Positive,photos retain pleasing detail in daylight
SYNEXP_00888,display,Positive,screen colours look balanced
SYNEXP_00889,design,Neutral,the physical layout takes little time to learn
SYNEXP_00889,display,Neutral,colours look fairly standard
SYNEXP_00889,performance,Positive,animations feel fluid
SYNEXP_00890,battery,Neutral,the battery gets me through an average day
SYNEXP_00890,display,Neutral,the panel does its job without surprises
SYNEXP_00891,performance,Positive,the phone stays responsive under a busy workload
SYNEXP_00891,camera,Positive,portraits look sharp without much effort
SYNEXP_00892,display,Neutral,the panel does its job without surprises
SYNEXP_00892,design,Negative,the finish picks up marks easily
SYNEXP_00893,performance,Positive,switching between tasks feels smooth
SYNEXP_00893,camera,Positive,focus locks on reliably for quick shots
SYNEXP_00893,design,Positive,the finish has held up well
SYNEXP_00893,display,Negative,the screen is hard to read in sunlight
SYNEXP_00894,camera,Neutral,video quality meets my basic needs
SYNEXP_00894,performance,Neutral,multitasking is workable without standing out
SYNEXP_00894,display,Neutral,colours look fairly standard
SYNEXP_00895,battery,Positive,the charge comfortably lasts into the evening
SYNEXP_00895,display,Neutral,colours look fairly standard
SYNEXP_00895,camera,Neutral,image quality is acceptable in good light
SYNEXP_00895,performance,Positive,animations feel fluid
SYNEXP_00896,performance,Neutral,apps run at a reasonable pace
SYNEXP_00896,design,Negative,the phone is awkward to hold for long
SYNEXP_00897,camera,Positive,night photos have been better than expected
SYNEXP_00897,battery,Negative,I often need to recharge before dinner
SYNEXP_00897,performance,Positive,apps open quickly during everyday use
SYNEXP_00898,camera,Positive,video remains steady when I walk
SYNEXP_00898,design,Negative,the phone is awkward to hold for long
SYNEXP_00899,design,Positive,the design is understated and attractive
SYNEXP_00899,performance,Neutral,apps run at a reasonable pace
SYNEXP_00900,camera,Positive,video remains steady when I walk
SYNEXP_00900,battery,Negative,I often need to recharge before dinner
SYNEXP_00900,display,Positive,the display makes videos enjoyable
SYNEXP_00900,design,Negative,the phone is awkward to hold for long
SYNEXP_00901,camera,Neutral,video quality meets my basic needs
SYNEXP_00901,performance,Positive,the phone stays responsive under a busy workload
SYNEXP_00902,camera,Neutral,video quality meets my basic needs
SYNEXP_00902,battery,Positive,the charge comfortably lasts into the evening
SYNEXP_00903,performance,Positive,performance has remained steady after weeks of use
SYNEXP_00903,display,Positive,the display stays readable outdoors
SYNEXP_00903,design,Positive,the buttons feel thoughtfully placed
SYNEXP_00903,battery,Positive,the charge comfortably lasts into the evening
SYNEXP_00904,design,Negative,the design feels bulky in a pocket
SYNEXP_00904,battery,Positive,the battery holds up during long commutes
SYNEXP_00904,camera,Neutral,image quality is acceptable in good light
SYNEXP_00905,design,Neutral,its weight is manageable
SYNEXP_00905,battery,Negative,power drops quickly during navigation
SYNEXP_00906,display,Negative,scrolling does not feel as smooth as expected
SYNEXP_00906,battery,Neutral,battery life is adequate for my usual schedule
SYNEXP_00906,design,Positive,the build feels solid in my hand
SYNEXP_00907,design,Positive,the buttons feel thoughtfully placed
SYNEXP_00907,display,Positive,the display stays readable outdoors
SYNEXP_00908,display,Neutral,the panel does its job without surprises
SYNEXP_00908,design,Neutral,the design is practical rather than memorable
SYNEXP_00908,battery,Neutral,charging speed feels fairly ordinary
SYNEXP_00908,performance,Positive,games run consistently in my sessions
SYNEXP_00909,performance,Neutral,multitasking is workable without standing out
SYNEXP_00909,design,Positive,the weight feels well balanced
SYNEXP_00910,design,Neutral,its weight is manageable
SYNEXP_00910,battery,Neutral,power use has been neither remarkable nor troublesome
SYNEXP_00910,camera,Negative,video looks shaky when I move
SYNEXP_00910,performance,Negative,apps pause when I switch between them
SYNEXP_00911,camera,Positive,the camera captures natural colours
SYNEXP_00911,battery,Positive,it rarely needs a midday top-up
SYNEXP_00911,performance,Negative,gaming sessions bring noticeable stutter
SYNEXP_00911,display,Neutral,the panel does its job without surprises
SYNEXP_00912,display,Neutral,the panel does its job without surprises
SYNEXP_00912,camera,Positive,portraits look sharp without much effort
SYNEXP_00912,performance,Negative,the device warms up and slows down during games
SYNEXP_00913,display,Positive,brightness adjusts well in changing light
SYNEXP_00913,design,Negative,the design feels bulky in a pocket
SYNEXP_00914,camera,Neutral,the camera is fine for casual photos
SYNEXP_00914,battery,Positive,it rarely needs a midday top-up
SYNEXP_00915,performance,Neutral,the speed feels normal for routine use
SYNEXP_00915,camera,Neutral,the camera feels typical for this range
SYNEXP_00915,display,Negative,the panel appears dim outdoors
SYNEXP_00915,design,Negative,the frame feels less sturdy than expected
SYNEXP_00916,camera,Negative,colours in photos sometimes look unnatural
SYNEXP_00916,design,Negative,the frame feels less sturdy than expected
SYNEXP_00917,performance,Negative,performance drops when several apps are open
SYNEXP_00917,design,Negative,the design feels bulky in a pocket
SYNEXP_00918,camera,Positive,photos retain pleasing detail in daylight
SYNEXP_00918,performance,Negative,performance drops when several apps are open
SYNEXP_00918,display,Neutral,the panel does its job without surprises
SYNEXP_00918,battery,Neutral,power use has been neither remarkable nor troublesome
SYNEXP_00919,battery,Neutral,the battery gets me through an average day
SYNEXP_00919,design,Neutral,its weight is manageable
SYNEXP_00919,performance,Neutral,the speed feels normal for routine use
SYNEXP_00920,performance,Neutral,apps run at a reasonable pace
SYNEXP_00920,display,Neutral,the display is usable in most places
SYNEXP_00920,design,Negative,the frame feels less sturdy than expected
SYNEXP_00921,design,Positive,the buttons feel thoughtfully placed
SYNEXP_00921,camera,Positive,focus locks on reliably for quick shots
SYNEXP_00921,performance,Positive,performance has remained steady after weeks of use
SYNEXP_00921,battery,Negative,standby drain is noticeable overnight
SYNEXP_00922,design,Negative,the phone is awkward to hold for long
SYNEXP_00922,performance,Negative,the phone feels sluggish after a few minutes
SYNEXP_00922,battery,Negative,standby drain is noticeable overnight
SYNEXP_00923,battery,Neutral,power use has been neither remarkable nor troublesome
SYNEXP_00923,display,Neutral,screen brightness is adequate indoors
SYNEXP_00923,camera,Neutral,video quality meets my basic needs
SYNEXP_00924,battery,Negative,the battery struggles on busy days
SYNEXP_00924,display,Negative,fine text looks less sharp than I hoped
SYNEXP_00925,display,Positive,scrolling looks smooth
SYNEXP_00925,design,Negative,the buttons are difficult to reach
SYNEXP_00925,battery,Neutral,power use has been neither remarkable nor troublesome
SYNEXP_00926,design,Neutral,the physical layout takes little time to learn
SYNEXP_00926,performance,Positive,the phone stays responsive under a busy workload
SYNEXP_00926,camera,Negative,video looks shaky when I move
SYNEXP_00927,camera,Negative,portraits often blur the edges
SYNEXP_00927,display,Neutral,the panel does its job without surprises
SYNEXP_00928,display,Positive,scrolling looks smooth
SYNEXP_00928,camera,Negative,video looks shaky when I move
SYNEXP_00928,design,Negative,the phone is awkward to hold for long
SYNEXP_00928,battery,Negative,charging feels slow when I am in a hurry
SYNEXP_00929,design,Positive,the finish has held up well
SYNEXP_00929,camera,Neutral,the camera feels typical for this range
SYNEXP_00930,performance,Negative,performance drops when several apps are open
SYNEXP_00930,battery,Positive,charging has fitted well into my routine
SYNEXP_00930,display,Negative,touch response occasionally misses a swipe
SYNEXP_00931,battery,Neutral,the battery gets me through an average day
SYNEXP_00931,design,Positive,its shape is comfortable to hold
SYNEXP_00931,display,Positive,screen colours look balanced
SYNEXP_00931,performance,Negative,the phone feels sluggish after a few minutes
SYNEXP_00932,performance,Negative,the phone feels sluggish after a few minutes
SYNEXP_00932,battery,Neutral,battery life is adequate for my usual schedule
SYNEXP_00933,display,Positive,scrolling looks smooth
SYNEXP_00933,performance,Neutral,apps run at a reasonable pace
SYNEXP_00934,design,Negative,the phone is awkward to hold for long
SYNEXP_00934,performance,Positive,switching between tasks feels smooth
SYNEXP_00935,design,Negative,the finish picks up marks easily
SYNEXP_00935,camera,Negative,colours in photos sometimes look unnatural
SYNEXP_00936,camera,Positive,portraits look sharp without much effort
SYNEXP_00936,battery,Neutral,battery life is adequate for my usual schedule
SYNEXP_00936,performance,Negative,apps pause when I switch between them
SYNEXP_00936,design,Negative,the finish picks up marks easily
SYNEXP_00937,camera,Negative,night photos come out soft
SYNEXP_00937,performance,Positive,switching between tasks feels smooth
SYNEXP_00937,display,Negative,the panel appears dim outdoors
SYNEXP_00937,battery,Neutral,charging speed feels fairly ordinary
SYNEXP_00938,display,Positive,brightness adjusts well in changing light
SYNEXP_00938,camera,Positive,night photos have been better than expected
SYNEXP_00939,performance,Neutral,multitasking is workable without standing out
SYNEXP_00939,design,Negative,the weight becomes tiring after a while
SYNEXP_00940,display,Positive,the display makes videos enjoyable
SYNEXP_00940,camera,Neutral,video quality meets my basic needs
SYNEXP_00941,display,Positive,the display makes videos enjoyable
SYNEXP_00941,design,Negative,the phone is awkward to hold for long
SYNEXP_00941,performance,Negative,gaming sessions bring noticeable stutter
SYNEXP_00942,design,Positive,the weight feels well balanced
SYNEXP_00942,battery,Positive,I finish most days with power to spare
SYNEXP_00942,display,Positive,the display stays readable outdoors
SYNEXP_00942,performance,Neutral,performance is adequate for basic tasks
SYNEXP_00943,camera,Positive,video remains steady when I walk
SYNEXP_00943,battery,Neutral,the battery gets me through an average day
SYNEXP_00943,design,Positive,the weight feels well balanced
SYNEXP_00944,display,Positive,brightness adjusts well in changing light
SYNEXP_00944,performance,Positive,performance has remained steady after weeks of use
SYNEXP_00945,battery,Neutral,charging speed feels fairly ordinary
SYNEXP_00945,performance,Positive,apps open quickly during everyday use
SYNEXP_00945,camera,Negative,colours in photos sometimes look unnatural
SYNEXP_00945,design,Negative,the buttons are difficult to reach
SYNEXP_00946,design,Neutral,the design is practical rather than memorable
SYNEXP_00946,display,Negative,the screen is hard to read in sunlight
SYNEXP_00946,battery,Positive,the battery holds up during long commutes
SYNEXP_00947,display,Positive,scrolling looks smooth
SYNEXP_00947,design,Positive,the weight feels well balanced
SYNEXP_00947,battery,Neutral,the battery gets me through an average day
SYNEXP_00947,camera,Positive,focus locks on reliably for quick shots
SYNEXP_00948,display,Negative,fine text looks less sharp than I hoped
SYNEXP_00948,battery,Negative,charging feels slow when I am in a hurry
SYNEXP_00948,performance,Negative,apps pause when I switch between them
SYNEXP_00949,battery,Positive,charging has fitted well into my routine
SYNEXP_00949,camera,Positive,focus locks on reliably for quick shots
SYNEXP_00950,design,Positive,the design is understated and attractive
SYNEXP_00950,display,Negative,display colours look washed out
SYNEXP_00950,battery,Negative,the battery drains faster than I expected
SYNEXP_00951,performance,Positive,games run consistently in my sessions
SYNEXP_00951,display,Positive,brightness adjusts well in changing light
SYNEXP_00951,camera,Neutral,the camera is fine for casual photos
SYNEXP_00951,battery,Positive,the battery holds up during long commutes
SYNEXP_00952,performance,Negative,performance drops when several apps are open
SYNEXP_00952,battery,Negative,power drops quickly during navigation
SYNEXP_00952,camera,Negative,portraits often blur the edges
SYNEXP_00952,display,Positive,the display stays readable outdoors
SYNEXP_00953,battery,Negative,standby drain is noticeable overnight
SYNEXP_00953,camera,Neutral,the camera feels typical for this range
SYNEXP_00953,design,Positive,the weight feels well balanced
SYNEXP_00954,battery,Neutral,charging speed feels fairly ordinary
SYNEXP_00954,camera,Negative,night photos come out soft
SYNEXP_00954,design,Negative,the finish picks up marks easily
SYNEXP_00955,display,Positive,the display makes videos enjoyable
SYNEXP_00955,performance,Neutral,performance is adequate for basic tasks
SYNEXP_00956,performance,Neutral,apps run at a reasonable pace
SYNEXP_00956,battery,Positive,I finish most days with power to spare
SYNEXP_00957,camera,Negative,video looks shaky when I move
SYNEXP_00957,display,Positive,scrolling looks smooth
SYNEXP_00957,design,Positive,the buttons feel thoughtfully placed
SYNEXP_00958,design,Neutral,the physical layout takes little time to learn
SYNEXP_00958,battery,Positive,the charge comfortably lasts into the evening
SYNEXP_00958,display,Neutral,the display is usable in most places
SYNEXP_00959,battery,Negative,the battery struggles on busy days
SYNEXP_00959,display,Neutral,the panel does its job without surprises
SYNEXP_00959,performance,Neutral,multitasking is workable without standing out
SYNEXP_00959,camera,Negative,autofocus misses moving subjects
SYNEXP_00960,battery,Negative,power drops quickly during navigation
SYNEXP_00960,design,Negative,the weight becomes tiring after a while
SYNEXP_00961,performance,Positive,the phone stays responsive under a busy workload
SYNEXP_00961,display,Negative,display colours look washed out
SYNEXP_00962,performance,Negative,the phone feels sluggish after a few minutes
SYNEXP_00962,battery,Positive,the charge comfortably lasts into the evening
SYNEXP_00962,display,Negative,touch response occasionally misses a swipe
SYNEXP_00962,design,Neutral,the physical layout takes little time to learn
SYNEXP_00963,camera,Negative,autofocus misses moving subjects
SYNEXP_00963,battery,Neutral,charging speed feels fairly ordinary
SYNEXP_00964,performance,Negative,menus sometimes lag behind my taps
SYNEXP_00964,display,Positive,the display stays readable outdoors
SYNEXP_00964,design,Neutral,the build feels ordinary for its price
SYNEXP_00965,display,Neutral,the panel does its job without surprises
SYNEXP_00965,camera,Positive,video remains steady when I walk
SYNEXP_00965,performance,Positive,switching between tasks feels smooth
SYNEXP_00965,battery,Negative,the battery struggles on busy days
SYNEXP_00966,camera,Neutral,image quality is acceptable in good light
SYNEXP_00966,display,Positive,the display stays readable outdoors
SYNEXP_00966,design,Neutral,its weight is manageable
SYNEXP_00967,design,Positive,its shape is comfortable to hold
SYNEXP_00967,battery,Positive,the battery holds up during long commutes
SYNEXP_00968,camera,Positive,video remains steady when I walk
SYNEXP_00968,display,Neutral,colours look fairly standard
SYNEXP_00968,performance,Neutral,apps run at a reasonable pace
SYNEXP_00968,battery,Positive,battery endurance has been dependable
SYNEXP_00969,performance,Negative,gaming sessions bring noticeable stutter
SYNEXP_00969,display,Neutral,the panel does its job without surprises
SYNEXP_00969,design,Positive,the finish has held up well
SYNEXP_00970,battery,Positive,I finish most days with power to spare
SYNEXP_00970,performance,Neutral,performance is adequate for basic tasks
SYNEXP_00970,camera,Negative,video looks shaky when I move
SYNEXP_00971,battery,Positive,I finish most days with power to spare
SYNEXP_00971,performance,Neutral,the speed feels normal for routine use
SYNEXP_00972,battery,Positive,charging has fitted well into my routine
SYNEXP_00972,design,Positive,the build feels solid in my hand
SYNEXP_00973,display,Positive,text appears crisp on the panel
SYNEXP_00973,performance,Positive,the phone stays responsive under a busy workload
SYNEXP_00974,camera,Negative,autofocus misses moving subjects
SYNEXP_00974,display,Positive,screen colours look balanced
SYNEXP_00975,camera,Negative,autofocus misses moving subjects
SYNEXP_00975,performance,Negative,menus sometimes lag behind my taps
SYNEXP_00976,battery,Negative,power drops quickly during navigation
SYNEXP_00976,performance,Neutral,the speed feels normal for routine use
SYNEXP_00976,design,Positive,the design is understated and attractive
SYNEXP_00977,battery,Positive,the battery holds up during long commutes
SYNEXP_00977,camera,Negative,autofocus misses moving subjects
SYNEXP_00977,design,Positive,the build feels solid in my hand
SYNEXP_00977,performance,Neutral,apps run at a reasonable pace
SYNEXP_00978,performance,Positive,the phone stays responsive under a busy workload
SYNEXP_00978,display,Positive,text appears crisp on the panel
SYNEXP_00978,design,Positive,its shape is comfortable to hold
SYNEXP_00979,camera,Neutral,the camera is fine for casual photos
SYNEXP_00979,battery,Neutral,power use has been neither remarkable nor troublesome
SYNEXP_00979,design,Positive,the weight feels well balanced
SYNEXP_00980,design,Negative,the phone is awkward to hold for long
SYNEXP_00980,camera,Negative,the camera loses detail indoors
SYNEXP_00980,performance,Neutral,multitasking is workable without standing out
SYNEXP_00980,display,Negative,scrolling does not feel as smooth as expected
SYNEXP_00981,display,Negative,fine text looks less sharp than I hoped
SYNEXP_00981,performance,Negative,gaming sessions bring noticeable stutter
SYNEXP_00982,battery,Neutral,charging speed feels fairly ordinary
SYNEXP_00982,display,Negative,scrolling does not feel as smooth as expected
SYNEXP_00982,performance,Positive,animations feel fluid
SYNEXP_00982,design,Negative,the frame feels less sturdy than expected
SYNEXP_00983,performance,Negative,the device warms up and slows down during games
SYNEXP_00983,camera,Positive,portraits look sharp without much effort
SYNEXP_00984,design,Negative,the phone is awkward to hold for long
SYNEXP_00984,performance,Positive,apps open quickly during everyday use
SYNEXP_00984,camera,Negative,night photos come out soft
SYNEXP_00984,battery,Positive,it rarely needs a midday top-up
SYNEXP_00985,battery,Neutral,power use has been neither remarkable nor troublesome
SYNEXP_00985,performance,Negative,apps pause when I switch between them
SYNEXP_00986,performance,Negative,gaming sessions bring noticeable stutter
SYNEXP_00986,battery,Positive,it rarely needs a midday top-up
SYNEXP_00986,design,Positive,its shape is comfortable to hold
SYNEXP_00986,display,Negative,display colours look washed out
SYNEXP_00987,design,Neutral,the build feels ordinary for its price
SYNEXP_00987,camera,Positive,photos retain pleasing detail in daylight
SYNEXP_00987,display,Negative,display colours look washed out
SYNEXP_00988,camera,Negative,video looks shaky when I move
SYNEXP_00988,battery,Negative,standby drain is noticeable overnight
SYNEXP_00989,design,Neutral,the design is practical rather than memorable
SYNEXP_00989,camera,Neutral,the camera feels typical for this range
SYNEXP_00989,performance,Positive,apps open quickly during everyday use
SYNEXP_00989,battery,Positive,I finish most days with power to spare
SYNEXP_00990,battery,Neutral,battery life is adequate for my usual schedule
SYNEXP_00990,display,Negative,the panel appears dim outdoors
SYNEXP_00991,performance,Negative,performance drops when several apps are open
SYNEXP_00991,display,Negative,scrolling does not feel as smooth as expected
SYNEXP_00991,camera,Positive,portraits look sharp without much effort
SYNEXP_00991,battery,Neutral,the battery gets me through an average day
SYNEXP_00992,display,Neutral,the display is usable in most places
SYNEXP_00992,performance,Positive,performance has remained steady after weeks of use
SYNEXP_00992,design,Positive,the design is understated and attractive
SYNEXP_00992,battery,Negative,charging feels slow when I am in a hurry
SYNEXP_00993,battery,Positive,the battery holds up during long commutes
SYNEXP_00993,performance,Positive,the phone stays responsive under a busy workload
SYNEXP_00993,camera,Negative,the camera loses detail indoors
SYNEXP_00993,design,Negative,the finish picks up marks easily
SYNEXP_00994,design,Positive,the design is understated and attractive
SYNEXP_00994,performance,Positive,animations feel fluid
SYNEXP_00994,camera,Negative,the camera loses detail indoors
SYNEXP_00995,display,Positive,text appears crisp on the panel
SYNEXP_00995,camera,Positive,night photos have been better than expected
SYNEXP_00995,battery,Neutral,the battery gets me through an average day
SYNEXP_00996,performance,Negative,gaming sessions bring noticeable stutter
SYNEXP_00996,battery,Positive,the charge comfortably lasts into the evening
SYNEXP_00996,camera,Negative,the camera loses detail indoors
SYNEXP_00996,design,Negative,the frame feels less sturdy than expected
SYNEXP_00997,battery,Positive,battery endurance has been dependable
SYNEXP_00997,performance,Positive,the phone stays responsive under a busy workload
SYNEXP_00997,display,Neutral,the panel does its job without surprises
SYNEXP_00997,design,Negative,the buttons are difficult to reach
SYNEXP_00998,display,Neutral,the panel does its job without surprises
SYNEXP_00998,battery,Positive,it rarely needs a midday top-up
SYNEXP_00998,design,Positive,the weight feels well balanced
SYNEXP_00999,performance,Neutral,apps run at a reasonable pace
SYNEXP_00999,display,Positive,the display stays readable outdoors
SYNEXP_00999,design,Positive,its shape is comfortable to hold
SYNEXP_00999,battery,Positive,battery endurance has been dependable
SYNEXP_01000,performance,Positive,switching between tasks feels smooth
SYNEXP_01000,camera,Positive,night photos have been better than expected
SYNEXP_01001,battery,Positive,charging has fitted well into my routine
SYNEXP_01001,design,Neutral,its weight is manageable
SYNEXP_01001,camera,Positive,focus locks on reliably for quick shots
SYNEXP_01002,display,Positive,brightness adjusts well in changing light
SYNEXP_01002,battery,Positive,the charge comfortably lasts into the evening
SYNEXP_01002,performance,Positive,animations feel fluid
SYNEXP_01003,display,Negative,the panel appears dim outdoors
SYNEXP_01003,design,Neutral,the build feels ordinary for its price
SYNEXP_01003,camera,Neutral,the camera is fine for casual photos
SYNEXP_01003,battery,Negative,power drops quickly during navigation
SYNEXP_01004,camera,Positive,night photos have been better than expected
SYNEXP_01004,design,Negative,the weight becomes tiring after a while
SYNEXP_01004,battery,Negative,charging feels slow when I am in a hurry
SYNEXP_01005,display,Negative,fine text looks less sharp than I hoped
SYNEXP_01005,performance,Positive,the phone stays responsive under a busy workload
SYNEXP_01006,battery,Negative,I often need to recharge before dinner
SYNEXP_01006,design,Positive,the buttons feel thoughtfully placed
SYNEXP_01007,design,Negative,the finish picks up marks easily
SYNEXP_01007,performance,Negative,performance drops when several apps are open
SYNEXP_01008,performance,Positive,switching between tasks feels smooth
SYNEXP_01008,display,Neutral,colours look fairly standard
SYNEXP_01008,design,Positive,the build feels solid in my hand
SYNEXP_01009,battery,Positive,the battery holds up during long commutes
SYNEXP_01009,camera,Neutral,the camera feels typical for this range
SYNEXP_01009,performance,Neutral,multitasking is workable without standing out
SYNEXP_01010,performance,Positive,switching between tasks feels smooth
SYNEXP_01010,camera,Neutral,video quality meets my basic needs
SYNEXP_01011,performance,Neutral,apps run at a reasonable pace
SYNEXP_01011,battery,Negative,standby drain is noticeable overnight
SYNEXP_01011,design,Positive,the finish has held up well
SYNEXP_01011,camera,Positive,focus locks on reliably for quick shots
SYNEXP_01012,display,Positive,brightness adjusts well in changing light
SYNEXP_01012,battery,Negative,the battery struggles on busy days
SYNEXP_01013,battery,Positive,I finish most days with power to spare
SYNEXP_01013,display,Neutral,the display is usable in most places
SYNEXP_01013,camera,Positive,video remains steady when I walk
SYNEXP_01013,performance,Positive,apps open quickly during everyday use
SYNEXP_01014,battery,Neutral,power use has been neither remarkable nor troublesome
SYNEXP_01014,display,Negative,the panel appears dim outdoors
SYNEXP_01014,design,Neutral,the physical layout takes little time to learn
SYNEXP_01014,performance,Positive,animations feel fluid
SYNEXP_01015,design,Negative,the finish picks up marks easily
SYNEXP_01015,battery,Negative,I often need to recharge before dinner
SYNEXP_01016,display,Positive,brightness adjusts well in changing light
SYNEXP_01016,battery,Positive,charging has fitted well into my routine
SYNEXP_01016,design,Negative,the frame feels less sturdy than expected
SYNEXP_01017,display,Negative,the panel appears dim outdoors
SYNEXP_01017,design,Negative,the design feels bulky in a pocket
SYNEXP_01018,design,Positive,the buttons feel thoughtfully placed
SYNEXP_01018,battery,Positive,charging has fitted well into my routine
SYNEXP_01019,performance,Negative,the phone feels sluggish after a few minutes
SYNEXP_01019,camera,Neutral,the camera feels typical for this range
SYNEXP_01020,design,Negative,the phone is awkward to hold for long
SYNEXP_01020,battery,Positive,battery endurance has been dependable
SYNEXP_01020,display,Negative,touch response occasionally misses a swipe
SYNEXP_01021,battery,Negative,the battery drains faster than I expected
SYNEXP_01021,design,Positive,the design is understated and attractive
SYNEXP_01021,performance,Positive,apps open quickly during everyday use
SYNEXP_01021,display,Neutral,colours look fairly standard
SYNEXP_01022,battery,Positive,it rarely needs a midday top-up
SYNEXP_01022,camera,Negative,colours in photos sometimes look unnatural
SYNEXP_01022,design,Negative,the finish picks up marks easily
SYNEXP_01023,design,Negative,the weight becomes tiring after a while
SYNEXP_01023,camera,Positive,night photos have been better than expected
SYNEXP_01023,performance,Negative,gaming sessions bring noticeable stutter
SYNEXP_01023,battery,Positive,charging has fitted well into my routine
SYNEXP_01024,display,Positive,brightness adjusts well in changing light
SYNEXP_01024,battery,Positive,I finish most days with power to spare
SYNEXP_01024,performance,Positive,apps open quickly during everyday use
SYNEXP_01024,design,Negative,the phone is awkward to hold for long
SYNEXP_01025,battery,Positive,I finish most days with power to spare
SYNEXP_01025,performance,Neutral,the speed feels normal for routine use
SYNEXP_01026,camera,Positive,night photos have been better than expected
SYNEXP_01026,battery,Negative,I often need to recharge before dinner
SYNEXP_01026,performance,Negative,performance drops when several apps are open
SYNEXP_01027,performance,Positive,performance has remained steady after weeks of use
SYNEXP_01027,battery,Positive,battery endurance has been dependable
SYNEXP_01027,camera,Positive,focus locks on reliably for quick shots
SYNEXP_01027,display,Positive,text appears crisp on the panel
SYNEXP_01028,display,Positive,text appears crisp on the panel
SYNEXP_01028,camera,Negative,colours in photos sometimes look unnatural
SYNEXP_01028,battery,Positive,it rarely needs a midday top-up
SYNEXP_01028,performance,Positive,performance has remained steady after weeks of use
SYNEXP_01029,battery,Negative,the battery struggles on busy days
SYNEXP_01029,camera,Neutral,the camera feels typical for this range
SYNEXP_01030,camera,Negative,video looks shaky when I move
SYNEXP_01030,battery,Negative,the battery struggles on busy days
SYNEXP_01031,display,Positive,the display stays readable outdoors
SYNEXP_01031,battery,Negative,I often need to recharge before dinner
SYNEXP_01031,design,Positive,its shape is comfortable to hold
SYNEXP_01031,camera,Negative,colours in photos sometimes look unnatural
SYNEXP_01032,design,Positive,the buttons feel thoughtfully placed
SYNEXP_01032,display,Neutral,the display is usable in most places
SYNEXP_01032,battery,Negative,the battery drains faster than I expected
SYNEXP_01032,camera,Neutral,the camera feels typical for this range
SYNEXP_01033,design,Negative,the weight becomes tiring after a while
SYNEXP_01033,performance,Negative,apps pause when I switch between them
SYNEXP_01033,battery,Neutral,the battery gets me through an average day
SYNEXP_01034,display,Neutral,the panel does its job without surprises
SYNEXP_01034,battery,Neutral,power use has been neither remarkable nor troublesome
SYNEXP_01035,battery,Neutral,battery life is adequate for my usual schedule
SYNEXP_01035,display,Negative,fine text looks less sharp than I hoped
SYNEXP_01035,design,Negative,the design feels bulky in a pocket
SYNEXP_01036,battery,Neutral,battery life is adequate for my usual schedule
SYNEXP_01036,display,Negative,the screen is hard to read in sunlight
SYNEXP_01036,camera,Neutral,video quality meets my basic needs
SYNEXP_01036,design,Neutral,the design is practical rather than memorable
SYNEXP_01037,battery,Negative,charging feels slow when I am in a hurry
SYNEXP_01037,design,Neutral,the physical layout takes little time to learn
SYNEXP_01037,display,Neutral,the display is usable in most places
SYNEXP_01037,performance,Negative,apps pause when I switch between them
SYNEXP_01038,design,Negative,the design feels bulky in a pocket
SYNEXP_01038,battery,Negative,standby drain is noticeable overnight
SYNEXP_01039,design,Neutral,the design is practical rather than memorable
SYNEXP_01039,camera,Positive,portraits look sharp without much effort
SYNEXP_01039,battery,Positive,the charge comfortably lasts into the evening
SYNEXP_01039,performance,Positive,performance has remained steady after weeks of use
SYNEXP_01040,display,Neutral,screen brightness is adequate indoors
SYNEXP_01040,camera,Positive,night photos have been better than expected
SYNEXP_01040,battery,Negative,the battery struggles on busy days
SYNEXP_01040,design,Positive,its shape is comfortable to hold
SYNEXP_01041,battery,Negative,power drops quickly during navigation
SYNEXP_01041,display,Neutral,the panel does its job without surprises
SYNEXP_01041,performance,Neutral,the speed feels normal for routine use
SYNEXP_01042,design,Positive,the weight feels well balanced
SYNEXP_01042,battery,Positive,battery endurance has been dependable
SYNEXP_01042,display,Negative,fine text looks less sharp than I hoped
SYNEXP_01043,battery,Neutral,battery life is adequate for my usual schedule
SYNEXP_01043,display,Positive,brightness adjusts well in changing light
SYNEXP_01043,design,Negative,the finish picks up marks easily
SYNEXP_01044,performance,Neutral,the speed feels normal for routine use
SYNEXP_01044,camera,Neutral,the camera is fine for casual photos
SYNEXP_01044,battery,Neutral,power use has been neither remarkable nor troublesome
SYNEXP_01045,performance,Neutral,multitasking is workable without standing out
SYNEXP_01045,display,Neutral,the panel does its job without surprises
SYNEXP_01046,battery,Positive,it rarely needs a midday top-up
SYNEXP_01046,performance,Positive,the phone stays responsive under a busy workload
SYNEXP_01047,camera,Positive,portraits look sharp without much effort
SYNEXP_01047,performance,Positive,the phone stays responsive under a busy workload
SYNEXP_01048,battery,Positive,battery endurance has been dependable
SYNEXP_01048,design,Negative,the weight becomes tiring after a while
SYNEXP_01048,camera,Positive,the camera captures natural colours
SYNEXP_01049,camera,Negative,colours in photos sometimes look unnatural
SYNEXP_01049,performance,Negative,apps pause when I switch between them
SYNEXP_01049,display,Neutral,colours look fairly standard
SYNEXP_01049,design,Neutral,the design is practical rather than memorable
SYNEXP_01050,performance,Negative,apps pause when I switch between them
SYNEXP_01050,battery,Neutral,battery life is adequate for my usual schedule
SYNEXP_01051,display,Negative,the panel appears dim outdoors
SYNEXP_01051,battery,Neutral,the battery gets me through an average day
SYNEXP_01051,camera,Positive,focus locks on reliably for quick shots
SYNEXP_01051,performance,Neutral,apps run at a reasonable pace
SYNEXP_01052,camera,Positive,focus locks on reliably for quick shots
SYNEXP_01052,design,Neutral,its weight is manageable
SYNEXP_01052,performance,Negative,the phone feels sluggish after a few minutes
SYNEXP_01052,display,Negative,the screen is hard to read in sunlight
SYNEXP_01053,design,Neutral,its weight is manageable
SYNEXP_01053,battery,Negative,power drops quickly during navigation
SYNEXP_01053,performance,Negative,performance drops when several apps are open
SYNEXP_01053,camera,Positive,portraits look sharp without much effort
SYNEXP_01054,battery,Negative,I often need to recharge before dinner
SYNEXP_01054,display,Neutral,the panel does its job without surprises
SYNEXP_01054,camera,Positive,the camera captures natural colours
SYNEXP_01055,performance,Positive,switching between tasks feels smooth
SYNEXP_01055,design,Negative,the buttons are difficult to reach
SYNEXP_01055,display,Positive,text appears crisp on the panel
SYNEXP_01055,battery,Negative,I often need to recharge before dinner
SYNEXP_01056,design,Negative,the buttons are difficult to reach
SYNEXP_01056,battery,Positive,the charge comfortably lasts into the evening
SYNEXP_01056,performance,Negative,apps pause when I switch between them
SYNEXP_01056,display,Negative,touch response occasionally misses a swipe
SYNEXP_01057,camera,Negative,colours in photos sometimes look unnatural
SYNEXP_01057,battery,Positive,it rarely needs a midday top-up
SYNEXP_01057,display,Negative,the panel appears dim outdoors
SYNEXP_01057,performance,Neutral,performance is adequate for basic tasks
SYNEXP_01058,camera,Negative,colours in photos sometimes look unnatural
SYNEXP_01058,display,Negative,the panel appears dim outdoors
SYNEXP_01059,display,Neutral,colours look fairly standard
SYNEXP_01059,performance,Neutral,apps run at a reasonable pace
SYNEXP_01059,camera,Neutral,the camera feels typical for this range
SYNEXP_01059,battery,Neutral,charging speed feels fairly ordinary
SYNEXP_01060,camera,Negative,the camera loses detail indoors
SYNEXP_01060,performance,Negative,menus sometimes lag behind my taps
SYNEXP_01060,design,Positive,the finish has held up well
SYNEXP_01061,display,Positive,scrolling looks smooth
SYNEXP_01061,camera,Neutral,video quality meets my basic needs
SYNEXP_01062,display,Positive,screen colours look balanced
SYNEXP_01062,camera,Positive,portraits look sharp without much effort
SYNEXP_01063,performance,Positive,games run consistently in my sessions
SYNEXP_01063,camera,Positive,focus locks on reliably for quick shots
SYNEXP_01064,display,Negative,scrolling does not feel as smooth as expected
SYNEXP_01064,camera,Positive,night photos have been better than expected
SYNEXP_01064,design,Negative,the weight becomes tiring after a while
SYNEXP_01065,camera,Positive,portraits look sharp without much effort
SYNEXP_01065,battery,Negative,power drops quickly during navigation
SYNEXP_01065,design,Positive,the design is understated and attractive
SYNEXP_01065,display,Negative,the panel appears dim outdoors
SYNEXP_01066,camera,Positive,portraits look sharp without much effort
SYNEXP_01066,battery,Negative,the battery struggles on busy days
SYNEXP_01066,performance,Neutral,apps run at a reasonable pace
SYNEXP_01067,design,Neutral,the physical layout takes little time to learn
SYNEXP_01067,battery,Positive,I finish most days with power to spare
SYNEXP_01067,display,Positive,scrolling looks smooth
SYNEXP_01068,design,Negative,the design feels bulky in a pocket
SYNEXP_01068,performance,Neutral,the speed feels normal for routine use
SYNEXP_01069,camera,Negative,night photos come out soft
SYNEXP_01069,design,Negative,the phone is awkward to hold for long
SYNEXP_01069,battery,Negative,standby drain is noticeable overnight
SYNEXP_01070,battery,Positive,battery endurance has been dependable
SYNEXP_01070,camera,Positive,photos retain pleasing detail in daylight
SYNEXP_01070,design,Positive,the weight feels well balanced
SYNEXP_01070,performance,Negative,the phone feels sluggish after a few minutes
SYNEXP_01071,battery,Positive,the charge comfortably lasts into the evening
SYNEXP_01071,design,Positive,the finish has held up well
SYNEXP_01072,performance,Positive,games run consistently in my sessions
SYNEXP_01072,battery,Negative,the battery struggles on busy days
SYNEXP_01072,design,Positive,the finish has held up well
SYNEXP_01073,performance,Positive,apps open quickly during everyday use
SYNEXP_01073,camera,Positive,the camera captures natural colours
SYNEXP_01074,performance,Positive,switching between tasks feels smooth
SYNEXP_01074,display,Positive,the display makes videos enjoyable
SYNEXP_01075,design,Neutral,the design is practical rather than memorable
SYNEXP_01075,display,Positive,brightness adjusts well in changing light
SYNEXP_01075,battery,Neutral,battery life is adequate for my usual schedule
SYNEXP_01075,performance,Negative,the device warms up and slows down during games
SYNEXP_01076,battery,Positive,battery endurance has been dependable
SYNEXP_01076,performance,Neutral,performance is adequate for basic tasks
SYNEXP_01077,camera,Positive,night photos have been better than expected
SYNEXP_01077,design,Negative,the weight becomes tiring after a while
SYNEXP_01077,performance,Neutral,performance is adequate for basic tasks
SYNEXP_01078,battery,Negative,the battery struggles on busy days
SYNEXP_01078,design,Neutral,the design is practical rather than memorable
SYNEXP_01078,display,Neutral,the display is usable in most places
SYNEXP_01079,performance,Positive,switching between tasks feels smooth
SYNEXP_01079,design,Neutral,its weight is manageable
SYNEXP_01079,display,Neutral,screen brightness is adequate indoors
SYNEXP_01079,camera,Negative,autofocus misses moving subjects
SYNEXP_01080,design,Negative,the design feels bulky in a pocket
SYNEXP_01080,camera,Neutral,image quality is acceptable in good light
SYNEXP_01080,performance,Positive,performance has remained steady after weeks of use
SYNEXP_01081,display,Negative,display colours look washed out
SYNEXP_01081,performance,Neutral,multitasking is workable without standing out
SYNEXP_01082,battery,Negative,charging feels slow when I am in a hurry
SYNEXP_01082,design,Positive,the design is understated and attractive
SYNEXP_01082,display,Negative,touch response occasionally misses a swipe
SYNEXP_01082,camera,Positive,night photos have been better than expected
SYNEXP_01083,display,Positive,the display stays readable outdoors
SYNEXP_01083,battery,Positive,it rarely needs a midday top-up
SYNEXP_01084,camera,Positive,the camera captures natural colours
SYNEXP_01084,design,Positive,the buttons feel thoughtfully placed
SYNEXP_01085,display,Neutral,screen brightness is adequate indoors
SYNEXP_01085,performance,Positive,games run consistently in my sessions
SYNEXP_01086,display,Neutral,the display is usable in most places
SYNEXP_01086,camera,Positive,night photos have been better than expected
SYNEXP_01086,performance,Neutral,multitasking is workable without standing out
SYNEXP_01086,design,Negative,the phone is awkward to hold for long
SYNEXP_01087,camera,Negative,video looks shaky when I move
SYNEXP_01087,display,Positive,brightness adjusts well in changing light
SYNEXP_01087,design,Neutral,the design is practical rather than memorable
SYNEXP_01087,performance,Neutral,apps run at a reasonable pace
SYNEXP_01088,camera,Neutral,the camera is fine for casual photos
SYNEXP_01088,display,Neutral,the display is usable in most places
SYNEXP_01089,performance,Negative,apps pause when I switch between them
SYNEXP_01089,camera,Positive,portraits look sharp without much effort
SYNEXP_01089,battery,Positive,charging has fitted well into my routine
SYNEXP_01089,design,Neutral,the physical layout takes little time to learn
SYNEXP_01090,display,Negative,the screen is hard to read in sunlight
SYNEXP_01090,performance,Negative,apps pause when I switch between them
SYNEXP_01090,design,Neutral,the build feels ordinary for its price
SYNEXP_01091,performance,Neutral,performance is adequate for basic tasks
SYNEXP_01091,display,Positive,screen colours look balanced
SYNEXP_01091,battery,Positive,the battery holds up during long commutes
SYNEXP_01092,battery,Negative,charging feels slow when I am in a hurry
SYNEXP_01092,display,Negative,the screen is hard to read in sunlight
SYNEXP_01092,performance,Neutral,multitasking is workable without standing out
SYNEXP_01093,display,Positive,screen colours look balanced
SYNEXP_01093,design,Negative,the weight becomes tiring after a while
SYNEXP_01093,performance,Positive,switching between tasks feels smooth
SYNEXP_01093,battery,Negative,the battery struggles on busy days
SYNEXP_01094,performance,Negative,performance drops when several apps are open
SYNEXP_01094,battery,Positive,the battery holds up during long commutes
SYNEXP_01094,display,Negative,touch response occasionally misses a swipe
SYNEXP_01095,display,Negative,touch response occasionally misses a swipe
SYNEXP_01095,performance,Negative,menus sometimes lag behind my taps
SYNEXP_01096,performance,Positive,switching between tasks feels smooth
SYNEXP_01096,design,Positive,the finish has held up well
SYNEXP_01096,camera,Neutral,video quality meets my basic needs
SYNEXP_01096,battery,Positive,the battery holds up during long commutes
SYNEXP_01097,performance,Neutral,multitasking is workable without standing out
SYNEXP_01097,design,Positive,its shape is comfortable to hold
SYNEXP_01098,battery,Positive,charging has fitted well into my routine
SYNEXP_01098,performance,Negative,the device warms up and slows down during games
SYNEXP_01098,camera,Positive,night photos have been better than expected
SYNEXP_01098,display,Neutral,the display is usable in most places
SYNEXP_01099,design,Negative,the finish picks up marks easily
SYNEXP_01099,display,Negative,the screen is hard to read in sunlight
SYNEXP_01099,battery,Neutral,battery life is adequate for my usual schedule
SYNEXP_01099,performance,Positive,games run consistently in my sessions
SYNEXP_01100,battery,Neutral,power use has been neither remarkable nor troublesome
SYNEXP_01100,design,Positive,the buttons feel thoughtfully placed
SYNEXP_01101,design,Negative,the phone is awkward to hold for long
SYNEXP_01101,camera,Negative,colours in photos sometimes look unnatural
SYNEXP_01102,design,Positive,its shape is comfortable to hold
SYNEXP_01102,performance,Positive,the phone stays responsive under a busy workload
SYNEXP_01102,camera,Negative,portraits often blur the edges
SYNEXP_01103,display,Neutral,the panel does its job without surprises
SYNEXP_01103,battery,Positive,it rarely needs a midday top-up
SYNEXP_01104,performance,Positive,games run consistently in my sessions
SYNEXP_01104,battery,Positive,charging has fitted well into my routine
SYNEXP_01105,display,Neutral,the display is usable in most places
SYNEXP_01105,performance,Neutral,performance is adequate for basic tasks
SYNEXP_01105,design,Negative,the buttons are difficult to reach
SYNEXP_01105,battery,Neutral,battery life is adequate for my usual schedule
SYNEXP_01106,design,Positive,the finish has held up well
SYNEXP_01106,performance,Negative,gaming sessions bring noticeable stutter
SYNEXP_01106,camera,Positive,video remains steady when I walk
SYNEXP_01107,design,Positive,the buttons feel thoughtfully placed
SYNEXP_01107,display,Positive,scrolling looks smooth
SYNEXP_01107,camera,Positive,the camera captures natural colours
SYNEXP_01107,performance,Positive,games run consistently in my sessions
SYNEXP_01108,camera,Positive,photos retain pleasing detail in daylight
SYNEXP_01108,display,Positive,scrolling looks smooth
SYNEXP_01109,display,Negative,the screen is hard to read in sunlight
SYNEXP_01109,battery,Negative,the battery drains faster than I expected
SYNEXP_01109,camera,Positive,focus locks on reliably for quick shots
SYNEXP_01110,camera,Negative,portraits often blur the edges
SYNEXP_01110,design,Positive,the buttons feel thoughtfully placed
SYNEXP_01111,display,Positive,text appears crisp on the panel
SYNEXP_01111,camera,Negative,portraits often blur the edges
SYNEXP_01111,design,Neutral,the build feels ordinary for its price
SYNEXP_01112,performance,Neutral,performance is adequate for basic tasks
SYNEXP_01112,design,Neutral,the physical layout takes little time to learn
SYNEXP_01112,camera,Negative,autofocus misses moving subjects
SYNEXP_01112,battery,Neutral,power use has been neither remarkable nor troublesome
SYNEXP_01113,camera,Neutral,video quality meets my basic needs
SYNEXP_01113,battery,Neutral,charging speed feels fairly ordinary
SYNEXP_01113,design,Positive,the design is understated and attractive
SYNEXP_01113,performance,Negative,the device warms up and slows down during games
SYNEXP_01114,camera,Positive,the camera captures natural colours
SYNEXP_01114,design,Neutral,the physical layout takes little time to learn
SYNEXP_01114,battery,Negative,standby drain is noticeable overnight
SYNEXP_01114,performance,Neutral,performance is adequate for basic tasks
SYNEXP_01115,battery,Neutral,charging speed feels fairly ordinary
SYNEXP_01115,display,Positive,brightness adjusts well in changing light
SYNEXP_01116,display,Positive,text appears crisp on the panel
SYNEXP_01116,battery,Negative,I often need to recharge before dinner
SYNEXP_01116,camera,Positive,night photos have been better than expected
SYNEXP_01116,performance,Positive,switching between tasks feels smooth
SYNEXP_01117,design,Negative,the finish picks up marks easily
SYNEXP_01117,display,Positive,brightness adjusts well in changing light
SYNEXP_01117,performance,Positive,switching between tasks feels smooth
SYNEXP_01117,camera,Negative,the camera loses detail indoors
SYNEXP_01118,performance,Negative,apps pause when I switch between them
SYNEXP_01118,camera,Positive,portraits look sharp without much effort
SYNEXP_01118,display,Positive,the display makes videos enjoyable
SYNEXP_01118,battery,Neutral,power use has been neither remarkable nor troublesome
SYNEXP_01119,battery,Positive,it rarely needs a midday top-up
SYNEXP_01119,performance,Neutral,multitasking is workable without standing out
SYNEXP_01120,design,Negative,the finish picks up marks easily
SYNEXP_01120,camera,Positive,video remains steady when I walk
SYNEXP_01121,design,Negative,the finish picks up marks easily
SYNEXP_01121,camera,Negative,night photos come out soft
SYNEXP_01121,performance,Negative,gaming sessions bring noticeable stutter
SYNEXP_01121,battery,Positive,battery endurance has been dependable
SYNEXP_01122,camera,Neutral,the camera feels typical for this range
SYNEXP_01122,display,Positive,text appears crisp on the panel
SYNEXP_01123,display,Positive,brightness adjusts well in changing light
SYNEXP_01123,battery,Negative,power drops quickly during navigation
SYNEXP_01124,camera,Neutral,video quality meets my basic needs
SYNEXP_01124,performance,Positive,animations feel fluid
SYNEXP_01124,display,Positive,the display makes videos enjoyable
SYNEXP_01124,battery,Positive,the battery holds up during long commutes
SYNEXP_01125,camera,Negative,night photos come out soft
SYNEXP_01125,design,Negative,the weight becomes tiring after a while
SYNEXP_01125,performance,Neutral,apps run at a reasonable pace
SYNEXP_01125,display,Positive,the display makes videos enjoyable
SYNEXP_01126,display,Negative,touch response occasionally misses a swipe
SYNEXP_01126,battery,Positive,battery endurance has been dependable
SYNEXP_01126,design,Neutral,the physical layout takes little time to learn
SYNEXP_01127,battery,Negative,charging feels slow when I am in a hurry
SYNEXP_01127,performance,Negative,performance drops when several apps are open
SYNEXP_01128,design,Positive,the design is understated and attractive
SYNEXP_01128,performance,Positive,animations feel fluid
SYNEXP_01129,display,Negative,fine text looks less sharp than I hoped
SYNEXP_01129,battery,Neutral,battery life is adequate for my usual schedule
SYNEXP_01130,performance,Neutral,multitasking is workable without standing out
SYNEXP_01130,design,Negative,the phone is awkward to hold for long
SYNEXP_01130,camera,Positive,photos retain pleasing detail in daylight
SYNEXP_01130,battery,Positive,the charge comfortably lasts into the evening
SYNEXP_01131,battery,Neutral,power use has been neither remarkable nor troublesome
SYNEXP_01131,camera,Positive,night photos have been better than expected
SYNEXP_01131,design,Negative,the buttons are difficult to reach
SYNEXP_01131,display,Negative,scrolling does not feel as smooth as expected
SYNEXP_01132,performance,Positive,switching between tasks feels smooth
SYNEXP_01132,design,Positive,the finish has held up well
SYNEXP_01133,performance,Positive,performance has remained steady after weeks of use
SYNEXP_01133,camera,Positive,the camera captures natural colours
SYNEXP_01134,battery,Neutral,charging speed feels fairly ordinary
SYNEXP_01134,camera,Positive,focus locks on reliably for quick shots
SYNEXP_01134,performance,Negative,performance drops when several apps are open
SYNEXP_01134,display,Negative,the screen is hard to read in sunlight
SYNEXP_01135,display,Positive,screen colours look balanced
SYNEXP_01135,design,Neutral,the physical layout takes little time to learn
SYNEXP_01136,design,Positive,the finish has held up well
SYNEXP_01136,performance,Positive,performance has remained steady after weeks of use
SYNEXP_01136,battery,Positive,I finish most days with power to spare
SYNEXP_01137,display,Positive,text appears crisp on the panel
SYNEXP_01137,performance,Negative,gaming sessions bring noticeable stutter
SYNEXP_01137,battery,Negative,power drops quickly during navigation
SYNEXP_01138,display,Positive,the display stays readable outdoors
SYNEXP_01138,performance,Negative,performance drops when several apps are open
SYNEXP_01138,battery,Positive,I finish most days with power to spare
SYNEXP_01139,display,Negative,the screen is hard to read in sunlight
SYNEXP_01139,battery,Negative,charging feels slow when I am in a hurry
SYNEXP_01139,design,Positive,the finish has held up well
SYNEXP_01139,performance,Positive,performance has remained steady after weeks of use
SYNEXP_01140,performance,Positive,the phone stays responsive under a busy workload
SYNEXP_01140,design,Positive,its shape is comfortable to hold
SYNEXP_01141,battery,Negative,power drops quickly during navigation
SYNEXP_01141,display,Positive,scrolling looks smooth
SYNEXP_01142,camera,Negative,portraits often blur the edges
SYNEXP_01142,display,Positive,text appears crisp on the panel
SYNEXP_01143,battery,Positive,battery endurance has been dependable
SYNEXP_01143,camera,Negative,night photos come out soft
SYNEXP_01143,design,Positive,the buttons feel thoughtfully placed
SYNEXP_01143,performance,Positive,performance has remained steady after weeks of use
SYNEXP_01144,performance,Positive,switching between tasks feels smooth
SYNEXP_01144,design,Negative,the buttons are difficult to reach
SYNEXP_01144,camera,Positive,portraits look sharp without much effort
SYNEXP_01145,battery,Positive,I finish most days with power to spare
SYNEXP_01145,design,Positive,the build feels solid in my hand
SYNEXP_01145,display,Positive,screen colours look balanced
SYNEXP_01146,camera,Positive,focus locks on reliably for quick shots
SYNEXP_01146,display,Negative,fine text looks less sharp than I hoped
SYNEXP_01146,battery,Positive,the charge comfortably lasts into the evening
SYNEXP_01147,display,Positive,scrolling looks smooth
SYNEXP_01147,design,Negative,the weight becomes tiring after a while
SYNEXP_01148,battery,Positive,the charge comfortably lasts into the evening
SYNEXP_01148,design,Neutral,its weight is manageable
SYNEXP_01149,battery,Neutral,the battery gets me through an average day
SYNEXP_01149,camera,Positive,night photos have been better than expected
SYNEXP_01149,design,Positive,its shape is comfortable to hold
SYNEXP_01149,performance,Positive,animations feel fluid
SYNEXP_01150,performance,Positive,games run consistently in my sessions
SYNEXP_01150,camera,Negative,video looks shaky when I move
SYNEXP_01150,battery,Positive,it rarely needs a midday top-up
SYNEXP_01150,design,Positive,the weight feels well balanced
SYNEXP_01151,camera,Positive,the camera captures natural colours
SYNEXP_01151,display,Negative,fine text looks less sharp than I hoped
SYNEXP_01151,performance,Negative,gaming sessions bring noticeable stutter
SYNEXP_01152,camera,Neutral,image quality is acceptable in good light
SYNEXP_01152,performance,Neutral,apps run at a reasonable pace
SYNEXP_01152,design,Negative,the design feels bulky in a pocket
SYNEXP_01153,camera,Neutral,the camera feels typical for this range
SYNEXP_01153,display,Positive,text appears crisp on the panel
SYNEXP_01154,performance,Positive,games run consistently in my sessions
SYNEXP_01154,display,Neutral,screen brightness is adequate indoors
SYNEXP_01154,camera,Positive,focus locks on reliably for quick shots
SYNEXP_01154,battery,Neutral,power use has been neither remarkable nor troublesome
SYNEXP_01155,battery,Negative,power drops quickly during navigation
SYNEXP_01155,design,Positive,the finish has held up well
SYNEXP_01155,camera,Negative,portraits often blur the edges
SYNEXP_01155,display,Positive,scrolling looks smooth
SYNEXP_01156,battery,Neutral,battery life is adequate for my usual schedule
SYNEXP_01156,camera,Positive,portraits look sharp without much effort
SYNEXP_01157,camera,Positive,the camera captures natural colours
SYNEXP_01157,battery,Negative,I often need to recharge before dinner
SYNEXP_01157,design,Negative,the finish picks up marks easily
SYNEXP_01157,display,Positive,the display makes videos enjoyable
SYNEXP_01158,performance,Negative,the device warms up and slows down during games
SYNEXP_01158,display,Neutral,the display is usable in most places
SYNEXP_01159,design,Negative,the frame feels less sturdy than expected
SYNEXP_01159,camera,Negative,colours in photos sometimes look unnatural
SYNEXP_01159,performance,Negative,the device warms up and slows down during games
SYNEXP_01159,battery,Neutral,the battery gets me through an average day
SYNEXP_01160,battery,Negative,I often need to recharge before dinner
SYNEXP_01160,performance,Positive,switching between tasks feels smooth
SYNEXP_01160,display,Neutral,colours look fairly standard
SYNEXP_01160,camera,Positive,portraits look sharp without much effort
SYNEXP_01161,design,Neutral,the design is practical rather than memorable
SYNEXP_01161,camera,Negative,autofocus misses moving subjects
SYNEXP_01161,performance,Positive,apps open quickly during everyday use
SYNEXP_01161,display,Negative,touch response occasionally misses a swipe
SYNEXP_01162,camera,Negative,video looks shaky when I move
SYNEXP_01162,display,Positive,the display stays readable outdoors
SYNEXP_01163,battery,Negative,I often need to recharge before dinner
SYNEXP_01163,camera,Positive,portraits look sharp without much effort
SYNEXP_01163,display,Positive,the display stays readable outdoors
SYNEXP_01163,design,Positive,its shape is comfortable to hold
SYNEXP_01164,performance,Negative,the phone feels sluggish after a few minutes
SYNEXP_01164,camera,Negative,colours in photos sometimes look unnatural
SYNEXP_01165,design,Negative,the design feels bulky in a pocket
SYNEXP_01165,display,Positive,scrolling looks smooth
SYNEXP_01165,battery,Positive,the charge comfortably lasts into the evening
SYNEXP_01166,design,Positive,the build feels solid in my hand
SYNEXP_01166,camera,Positive,video remains steady when I walk
SYNEXP_01166,battery,Neutral,the battery gets me through an average day
SYNEXP_01166,display,Negative,the screen is hard to read in sunlight
SYNEXP_01167,design,Neutral,its weight is manageable
SYNEXP_01167,display,Positive,scrolling looks smooth
SYNEXP_01168,design,Neutral,its weight is manageable
SYNEXP_01168,camera,Positive,focus locks on reliably for quick shots
SYNEXP_01168,battery,Neutral,power use has been neither remarkable nor troublesome
SYNEXP_01168,performance,Negative,apps pause when I switch between them
SYNEXP_01169,performance,Positive,animations feel fluid
SYNEXP_01169,battery,Positive,charging has fitted well into my routine
SYNEXP_01170,display,Negative,the screen is hard to read in sunlight
SYNEXP_01170,camera,Positive,video remains steady when I walk
SYNEXP_01171,battery,Neutral,the battery gets me through an average day
SYNEXP_01171,performance,Negative,the phone feels sluggish after a few minutes
SYNEXP_01172,design,Neutral,the physical layout takes little time to learn
SYNEXP_01172,camera,Positive,video remains steady when I walk
SYNEXP_01172,performance,Neutral,apps run at a reasonable pace
SYNEXP_01172,battery,Positive,the charge comfortably lasts into the evening
SYNEXP_01173,camera,Negative,portraits often blur the edges
SYNEXP_01173,battery,Positive,the charge comfortably lasts into the evening
SYNEXP_01173,design,Positive,the build feels solid in my hand
SYNEXP_01173,display,Neutral,colours look fairly standard
SYNEXP_01174,performance,Negative,menus sometimes lag behind my taps
SYNEXP_01174,design,Negative,the finish picks up marks easily
SYNEXP_01174,display,Positive,brightness adjusts well in changing light
SYNEXP_01174,battery,Positive,the charge comfortably lasts into the evening
SYNEXP_01175,performance,Positive,animations feel fluid
SYNEXP_01175,battery,Positive,I finish most days with power to spare
SYNEXP_01175,display,Negative,display colours look washed out
SYNEXP_01176,camera,Positive,night photos have been better than expected
SYNEXP_01176,performance,Negative,gaming sessions bring noticeable stutter
SYNEXP_01177,design,Negative,the design feels bulky in a pocket
SYNEXP_01177,battery,Neutral,the battery gets me through an average day
SYNEXP_01178,camera,Positive,night photos have been better than expected
SYNEXP_01178,battery,Negative,I often need to recharge before dinner
SYNEXP_01178,performance,Neutral,apps run at a reasonable pace
SYNEXP_01178,design,Negative,the design feels bulky in a pocket
SYNEXP_01179,performance,Negative,gaming sessions bring noticeable stutter
SYNEXP_01179,camera,Neutral,video quality meets my basic needs
SYNEXP_01179,display,Neutral,the display is usable in most places
SYNEXP_01180,design,Negative,the phone is awkward to hold for long
SYNEXP_01180,camera,Positive,the camera captures natural colours
SYNEXP_01180,display,Positive,the display stays readable outdoors
SYNEXP_01180,battery,Negative,standby drain is noticeable overnight
SYNEXP_01181,camera,Negative,colours in photos sometimes look unnatural
SYNEXP_01181,display,Positive,the display stays readable outdoors
SYNEXP_01181,battery,Negative,power drops quickly during navigation
SYNEXP_01181,design,Negative,the design feels bulky in a pocket
SYNEXP_01182,display,Positive,brightness adjusts well in changing light
SYNEXP_01182,battery,Positive,charging has fitted well into my routine
SYNEXP_01183,display,Positive,the display stays readable outdoors
SYNEXP_01183,performance,Negative,performance drops when several apps are open
SYNEXP_01183,design,Positive,the finish has held up well
SYNEXP_01183,camera,Neutral,video quality meets my basic needs
SYNEXP_01184,performance,Positive,the phone stays responsive under a busy workload
SYNEXP_01184,display,Positive,the display stays readable outdoors
SYNEXP_01184,battery,Positive,it rarely needs a midday top-up
SYNEXP_01185,design,Positive,the buttons feel thoughtfully placed
SYNEXP_01185,battery,Neutral,power use has been neither remarkable nor troublesome
SYNEXP_01186,battery,Positive,the battery holds up during long commutes
SYNEXP_01186,display,Positive,scrolling looks smooth
SYNEXP_01186,design,Neutral,the design is practical rather than memorable
SYNEXP_01186,camera,Positive,night photos have been better than expected
SYNEXP_01187,design,Neutral,the design is practical rather than memorable
SYNEXP_01187,performance,Positive,games run consistently in my sessions
SYNEXP_01187,camera,Positive,photos retain pleasing detail in daylight
SYNEXP_01187,battery,Positive,the battery holds up during long commutes
SYNEXP_01188,camera,Negative,night photos come out soft
SYNEXP_01188,battery,Positive,battery endurance has been dependable
SYNEXP_01188,performance,Positive,animations feel fluid
SYNEXP_01188,display,Positive,brightness adjusts well in changing light
SYNEXP_01189,camera,Positive,photos retain pleasing detail in daylight
SYNEXP_01189,display,Negative,scrolling does not feel as smooth as expected
SYNEXP_01189,design,Neutral,its weight is manageable
SYNEXP_01190,display,Negative,scrolling does not feel as smooth as expected
SYNEXP_01190,performance,Negative,apps pause when I switch between them
SYNEXP_01191,performance,Negative,menus sometimes lag behind my taps
SYNEXP_01191,camera,Positive,portraits look sharp without much effort
SYNEXP_01191,battery,Negative,power drops quickly during navigation
SYNEXP_01191,design,Negative,the design feels bulky in a pocket
SYNEXP_01192,performance,Neutral,multitasking is workable without standing out
SYNEXP_01192,camera,Negative,the camera loses detail indoors
SYNEXP_01193,battery,Neutral,charging speed feels fairly ordinary
SYNEXP_01193,performance,Negative,apps pause when I switch between them
SYNEXP_01193,camera,Negative,night photos come out soft
SYNEXP_01193,design,Negative,the buttons are difficult to reach
SYNEXP_01194,performance,Positive,performance has remained steady after weeks of use
SYNEXP_01194,display,Positive,scrolling looks smooth
SYNEXP_01194,battery,Positive,I finish most days with power to spare
SYNEXP_01195,design,Neutral,the design is practical rather than memorable
SYNEXP_01195,display,Positive,brightness adjusts well in changing light
SYNEXP_01196,camera,Neutral,the camera feels typical for this range
SYNEXP_01196,design,Positive,the build feels solid in my hand
SYNEXP_01196,performance,Negative,menus sometimes lag behind my taps
SYNEXP_01196,battery,Neutral,the battery gets me through an average day
SYNEXP_01197,display,Positive,text appears crisp on the panel
SYNEXP_01197,design,Neutral,the build feels ordinary for its price
SYNEXP_01198,camera,Positive,portraits look sharp without much effort
SYNEXP_01198,battery,Neutral,the battery gets me through an average day
SYNEXP_01198,display,Neutral,the display is usable in most places
SYNEXP_01198,performance,Neutral,performance is adequate for basic tasks
SYNEXP_01199,design,Neutral,the design is practical rather than memorable
SYNEXP_01199,battery,Negative,power drops quickly during navigation
SYNEXP_01200,display,Neutral,colours look fairly standard
SYNEXP_01200,performance,Neutral,apps run at a reasonable pace
SYNEXP_01200,camera,Neutral,image quality is acceptable in good light
SYNEXP_01201,performance,Negative,apps pause when I switch between them
SYNEXP_01201,camera,Positive,photos retain pleasing detail in daylight
SYNEXP_01201,design,Neutral,the build feels ordinary for its price
SYNEXP_01201,display,Negative,the panel appears dim outdoors
SYNEXP_01202,battery,Positive,I finish most days with power to spare
SYNEXP_01202,camera,Negative,video looks shaky when I move
SYNEXP_01203,design,Positive,the design is understated and attractive
SYNEXP_01203,camera,Neutral,the camera feels typical for this range
SYNEXP_01203,display,Negative,display colours look washed out
SYNEXP_01204,battery,Positive,the battery holds up during long commutes
SYNEXP_01204,performance,Neutral,performance is adequate for basic tasks
SYNEXP_01204,camera,Positive,focus locks on reliably for quick shots
SYNEXP_01204,design,Negative,the frame feels less sturdy than expected
SYNEXP_01205,display,Negative,the screen is hard to read in sunlight
SYNEXP_01205,battery,Neutral,battery life is adequate for my usual schedule
SYNEXP_01206,design,Negative,the buttons are difficult to reach
SYNEXP_01206,performance,Positive,switching between tasks feels smooth
SYNEXP_01206,display,Positive,brightness adjusts well in changing light
SYNEXP_01207,battery,Positive,it rarely needs a midday top-up
SYNEXP_01207,design,Negative,the weight becomes tiring after a while
SYNEXP_01207,display,Neutral,the panel does its job without surprises
SYNEXP_01208,battery,Neutral,power use has been neither remarkable nor troublesome
SYNEXP_01208,design,Positive,the weight feels well balanced
SYNEXP_01209,camera,Positive,portraits look sharp without much effort
SYNEXP_01209,display,Positive,brightness adjusts well in changing light
SYNEXP_01209,battery,Neutral,power use has been neither remarkable nor troublesome
SYNEXP_01210,design,Positive,the design is understated and attractive
SYNEXP_01210,performance,Positive,apps open quickly during everyday use
SYNEXP_01211,battery,Positive,battery endurance has been dependable
SYNEXP_01211,performance,Negative,performance drops when several apps are open
SYNEXP_01212,display,Neutral,the panel does its job without surprises
SYNEXP_01212,performance,Positive,animations feel fluid
SYNEXP_01212,design,Positive,the finish has held up well
SYNEXP_01212,battery,Negative,power drops quickly during navigation
SYNEXP_01213,design,Neutral,the build feels ordinary for its price
SYNEXP_01213,battery,Negative,standby drain is noticeable overnight
SYNEXP_01214,camera,Neutral,the camera feels typical for this range
SYNEXP_01214,performance,Positive,games run consistently in my sessions
SYNEXP_01215,design,Negative,the frame feels less sturdy than expected
SYNEXP_01215,performance,Negative,gaming sessions bring noticeable stutter
SYNEXP_01216,camera,Negative,colours in photos sometimes look unnatural
SYNEXP_01216,display,Positive,the display stays readable outdoors
SYNEXP_01216,design,Positive,the build feels solid in my hand
SYNEXP_01217,performance,Positive,the phone stays responsive under a busy workload
SYNEXP_01217,design,Negative,the finish picks up marks easily
SYNEXP_01218,performance,Negative,gaming sessions bring noticeable stutter
SYNEXP_01218,camera,Neutral,the camera feels typical for this range
SYNEXP_01218,battery,Positive,I finish most days with power to spare
SYNEXP_01219,design,Positive,the buttons feel thoughtfully placed
SYNEXP_01219,performance,Neutral,performance is adequate for basic tasks
SYNEXP_01220,battery,Positive,the battery holds up during long commutes
SYNEXP_01220,performance,Neutral,multitasking is workable without standing out
SYNEXP_01220,design,Positive,the weight feels well balanced
SYNEXP_01220,camera,Neutral,the camera feels typical for this range
SYNEXP_01221,camera,Negative,night photos come out soft
SYNEXP_01221,battery,Positive,it rarely needs a midday top-up
SYNEXP_01222,display,Positive,the display makes videos enjoyable
SYNEXP_01222,design,Neutral,the physical layout takes little time to learn
SYNEXP_01223,design,Positive,the weight feels well balanced
SYNEXP_01223,battery,Positive,the charge comfortably lasts into the evening
SYNEXP_01224,performance,Positive,switching between tasks feels smooth
SYNEXP_01224,camera,Negative,night photos come out soft
SYNEXP_01224,battery,Negative,standby drain is noticeable overnight
SYNEXP_01225,camera,Negative,portraits often blur the edges
SYNEXP_01225,design,Neutral,the design is practical rather than memorable
SYNEXP_01226,design,Negative,the frame feels less sturdy than expected
SYNEXP_01226,camera,Negative,the camera loses detail indoors
SYNEXP_01226,battery,Neutral,power use has been neither remarkable nor troublesome
SYNEXP_01227,performance,Neutral,apps run at a reasonable pace
SYNEXP_01227,display,Negative,display colours look washed out
SYNEXP_01227,camera,Positive,video remains steady when I walk
SYNEXP_01227,design,Positive,the finish has held up well
SYNEXP_01228,camera,Positive,night photos have been better than expected
SYNEXP_01228,design,Neutral,the physical layout takes little time to learn
SYNEXP_01228,performance,Positive,apps open quickly during everyday use
SYNEXP_01228,display,Positive,screen colours look balanced
SYNEXP_01229,performance,Positive,animations feel fluid
SYNEXP_01229,design,Positive,the finish has held up well
SYNEXP_01229,battery,Positive,charging has fitted well into my routine
SYNEXP_01229,display,Positive,the display stays readable outdoors
SYNEXP_01230,performance,Positive,switching between tasks feels smooth
SYNEXP_01230,display,Neutral,the display is usable in most places
SYNEXP_01230,design,Positive,the finish has held up well
SYNEXP_01230,camera,Neutral,image quality is acceptable in good light
SYNEXP_01231,battery,Positive,charging has fitted well into my routine
SYNEXP_01231,camera,Negative,night photos come out soft
SYNEXP_01231,display,Positive,brightness adjusts well in changing light
SYNEXP_01232,performance,Negative,performance drops when several apps are open
SYNEXP_01232,battery,Positive,I finish most days with power to spare
SYNEXP_01233,design,Positive,the design is understated and attractive
SYNEXP_01233,camera,Positive,night photos have been better than expected
SYNEXP_01233,battery,Positive,the battery holds up during long commutes
SYNEXP_01233,display,Positive,the display makes videos enjoyable
SYNEXP_01234,battery,Negative,the battery drains faster than I expected
SYNEXP_01234,camera,Neutral,the camera feels typical for this range
SYNEXP_01234,performance,Positive,apps open quickly during everyday use
SYNEXP_01235,performance,Neutral,apps run at a reasonable pace
SYNEXP_01235,display,Neutral,colours look fairly standard
SYNEXP_01235,battery,Positive,I finish most days with power to spare
SYNEXP_01236,design,Positive,the finish has held up well
SYNEXP_01236,performance,Negative,apps pause when I switch between them
SYNEXP_01236,display,Positive,the display stays readable outdoors
SYNEXP_01236,battery,Positive,charging has fitted well into my routine
SYNEXP_01237,design,Positive,the buttons feel thoughtfully placed
SYNEXP_01237,display,Positive,text appears crisp on the panel
SYNEXP_01237,battery,Neutral,charging speed feels fairly ordinary
SYNEXP_01238,battery,Neutral,charging speed feels fairly ordinary
SYNEXP_01238,display,Neutral,colours look fairly standard
SYNEXP_01238,performance,Neutral,apps run at a reasonable pace
SYNEXP_01238,camera,Positive,video remains steady when I walk
SYNEXP_01239,camera,Negative,portraits often blur the edges
SYNEXP_01239,battery,Positive,charging has fitted well into my routine
SYNEXP_01239,display,Positive,screen colours look balanced
SYNEXP_01239,performance,Negative,performance drops when several apps are open
SYNEXP_01240,display,Positive,the display makes videos enjoyable
SYNEXP_01240,battery,Negative,the battery struggles on busy days
SYNEXP_01240,performance,Negative,the phone feels sluggish after a few minutes
SYNEXP_01241,battery,Negative,the battery struggles on busy days
SYNEXP_01241,performance,Neutral,apps run at a reasonable pace
SYNEXP_01241,design,Positive,the build feels solid in my hand
SYNEXP_01241,display,Negative,the screen is hard to read in sunlight
SYNEXP_01242,battery,Negative,charging feels slow when I am in a hurry
SYNEXP_01242,design,Positive,the weight feels well balanced
SYNEXP_01242,camera,Neutral,the camera feels typical for this range
SYNEXP_01243,camera,Neutral,the camera is fine for casual photos
SYNEXP_01243,display,Neutral,colours look fairly standard
SYNEXP_01243,performance,Negative,the phone feels sluggish after a few minutes
SYNEXP_01243,battery,Positive,I finish most days with power to spare
SYNEXP_01244,display,Neutral,colours look fairly standard
SYNEXP_01244,camera,Neutral,the camera feels typical for this range
SYNEXP_01244,design,Positive,the buttons feel thoughtfully placed
SYNEXP_01244,battery,Negative,power drops quickly during navigation
SYNEXP_01245,battery,Negative,the battery drains faster than I expected
SYNEXP_01245,performance,Neutral,multitasking is workable without standing out
SYNEXP_01245,design,Positive,the weight feels well balanced
SYNEXP_01245,display,Negative,touch response occasionally misses a swipe
SYNEXP_01246,performance,Neutral,performance is adequate for basic tasks
SYNEXP_01246,battery,Neutral,power use has been neither remarkable nor troublesome
SYNEXP_01246,design,Positive,its shape is comfortable to hold
SYNEXP_01246,camera,Neutral,video quality meets my basic needs
SYNEXP_01247,display,Neutral,colours look fairly standard
SYNEXP_01247,battery,Neutral,battery life is adequate for my usual schedule
SYNEXP_01247,performance,Negative,gaming sessions bring noticeable stutter
SYNEXP_01248,display,Neutral,the panel does its job without surprises
SYNEXP_01248,performance,Positive,apps open quickly during everyday use
SYNEXP_01248,battery,Neutral,the battery gets me through an average day
SYNEXP_01248,design,Neutral,its weight is manageable
SYNEXP_01249,design,Positive,the design is understated and attractive
SYNEXP_01249,battery,Neutral,battery life is adequate for my usual schedule
SYNEXP_01250,battery,Positive,charging has fitted well into my routine
SYNEXP_01250,display,Positive,brightness adjusts well in changing light
SYNEXP_01251,battery,Negative,power drops quickly during navigation
SYNEXP_01251,display,Negative,fine text looks less sharp than I hoped
SYNEXP_01251,design,Negative,the frame feels less sturdy than expected
SYNEXP_01252,battery,Negative,power drops quickly during navigation
SYNEXP_01252,performance,Positive,switching between tasks feels smooth
SYNEXP_01253,battery,Negative,the battery struggles on busy days
SYNEXP_01253,camera,Positive,portraits look sharp without much effort
SYNEXP_01253,performance,Negative,the phone feels sluggish after a few minutes
SYNEXP_01254,camera,Neutral,video quality meets my basic needs
SYNEXP_01254,design,Negative,the design feels bulky in a pocket
SYNEXP_01254,display,Neutral,the panel does its job without surprises
SYNEXP_01254,performance,Neutral,apps run at a reasonable pace
SYNEXP_01255,display,Positive,the display stays readable outdoors
SYNEXP_01255,design,Negative,the finish picks up marks easily
SYNEXP_01256,battery,Negative,charging feels slow when I am in a hurry
SYNEXP_01256,design,Negative,the buttons are difficult to reach
SYNEXP_01256,display,Positive,the display stays readable outdoors
SYNEXP_01256,camera,Neutral,image quality is acceptable in good light
SYNEXP_01257,camera,Positive,the camera captures natural colours
SYNEXP_01257,design,Negative,the design feels bulky in a pocket
SYNEXP_01257,performance,Negative,menus sometimes lag behind my taps
SYNEXP_01257,battery,Negative,charging feels slow when I am in a hurry
SYNEXP_01258,battery,Neutral,the battery gets me through an average day
SYNEXP_01258,design,Negative,the design feels bulky in a pocket
SYNEXP_01259,design,Positive,the build feels solid in my hand
SYNEXP_01259,display,Positive,text appears crisp on the panel
SYNEXP_01260,battery,Negative,the battery struggles on busy days
SYNEXP_01260,display,Neutral,colours look fairly standard
SYNEXP_01260,camera,Positive,photos retain pleasing detail in daylight
SYNEXP_01260,design,Negative,the frame feels less sturdy than expected
SYNEXP_01261,camera,Positive,focus locks on reliably for quick shots
SYNEXP_01261,battery,Positive,charging has fitted well into my routine
SYNEXP_01261,performance,Positive,switching between tasks feels smooth
SYNEXP_01261,display,Neutral,screen brightness is adequate indoors
SYNEXP_01262,display,Positive,the display makes videos enjoyable
SYNEXP_01262,design,Positive,the build feels solid in my hand
SYNEXP_01262,performance,Positive,switching between tasks feels smooth
SYNEXP_01262,battery,Negative,I often need to recharge before dinner
SYNEXP_01263,battery,Negative,the battery struggles on busy days
SYNEXP_01263,design,Neutral,the design is practical rather than memorable
SYNEXP_01264,display,Neutral,the panel does its job without surprises
SYNEXP_01264,camera,Positive,focus locks on reliably for quick shots
SYNEXP_01264,performance,Positive,animations feel fluid
SYNEXP_01264,design,Positive,the buttons feel thoughtfully placed
SYNEXP_01265,display,Neutral,colours look fairly standard
SYNEXP_01265,design,Negative,the phone is awkward to hold for long
SYNEXP_01266,display,Negative,the screen is hard to read in sunlight
SYNEXP_01266,camera,Positive,the camera captures natural colours
SYNEXP_01267,battery,Negative,standby drain is noticeable overnight
SYNEXP_01267,display,Negative,the panel appears dim outdoors
SYNEXP_01268,camera,Neutral,video quality meets my basic needs
SYNEXP_01268,performance,Positive,switching between tasks feels smooth
SYNEXP_01269,battery,Neutral,battery life is adequate for my usual schedule
SYNEXP_01269,camera,Neutral,the camera is fine for casual photos
SYNEXP_01270,display,Negative,the panel appears dim outdoors
SYNEXP_01270,design,Neutral,the design is practical rather than memorable
SYNEXP_01270,performance,Neutral,performance is adequate for basic tasks
SYNEXP_01270,camera,Negative,the camera loses detail indoors
SYNEXP_01271,design,Negative,the design feels bulky in a pocket
SYNEXP_01271,display,Negative,touch response occasionally misses a swipe
SYNEXP_01272,battery,Negative,the battery struggles on busy days
SYNEXP_01272,design,Positive,the build feels solid in my hand
SYNEXP_01273,display,Neutral,colours look fairly standard
SYNEXP_01273,camera,Neutral,video quality meets my basic needs
SYNEXP_01273,battery,Positive,the charge comfortably lasts into the evening
SYNEXP_01274,battery,Negative,the battery drains faster than I expected
SYNEXP_01274,performance,Positive,apps open quickly during everyday use
SYNEXP_01275,design,Neutral,the design is practical rather than memorable
SYNEXP_01275,display,Positive,text appears crisp on the panel
SYNEXP_01276,camera,Neutral,image quality is acceptable in good light
SYNEXP_01276,battery,Negative,the battery drains faster than I expected
SYNEXP_01276,display,Neutral,the display is usable in most places
SYNEXP_01277,performance,Neutral,multitasking is workable without standing out
SYNEXP_01277,camera,Negative,night photos come out soft
SYNEXP_01278,design,Positive,the build feels solid in my hand
SYNEXP_01278,battery,Negative,standby drain is noticeable overnight
SYNEXP_01278,camera,Negative,portraits often blur the edges
SYNEXP_01279,design,Neutral,its weight is manageable
SYNEXP_01279,performance,Negative,the phone feels sluggish after a few minutes
SYNEXP_01279,camera,Neutral,image quality is acceptable in good light
SYNEXP_01280,design,Negative,the finish picks up marks easily
SYNEXP_01280,display,Neutral,the panel does its job without surprises
SYNEXP_01281,display,Positive,screen colours look balanced
SYNEXP_01281,camera,Neutral,the camera is fine for casual photos
SYNEXP_01281,battery,Negative,charging feels slow when I am in a hurry
SYNEXP_01281,performance,Neutral,performance is adequate for basic tasks
SYNEXP_01282,battery,Neutral,the battery gets me through an average day
SYNEXP_01282,design,Neutral,the build feels ordinary for its price
SYNEXP_01283,performance,Neutral,multitasking is workable without standing out
SYNEXP_01283,camera,Negative,video looks shaky when I move
SYNEXP_01283,design,Positive,the design is understated and attractive
SYNEXP_01283,battery,Positive,the charge comfortably lasts into the evening
SYNEXP_01284,design,Positive,the weight feels well balanced
SYNEXP_01284,battery,Neutral,charging speed feels fairly ordinary
SYNEXP_01285,battery,Neutral,charging speed feels fairly ordinary
SYNEXP_01285,design,Neutral,the physical layout takes little time to learn
SYNEXP_01286,performance,Positive,the phone stays responsive under a busy workload
SYNEXP_01286,battery,Negative,power drops quickly during navigation
SYNEXP_01287,performance,Negative,apps pause when I switch between them
SYNEXP_01287,camera,Negative,portraits often blur the edges
SYNEXP_01287,display,Positive,screen colours look balanced
SYNEXP_01288,camera,Positive,focus locks on reliably for quick shots
SYNEXP_01288,design,Positive,the design is understated and attractive
SYNEXP_01288,performance,Positive,apps open quickly during everyday use
SYNEXP_01288,battery,Positive,it rarely needs a midday top-up
SYNEXP_01289,design,Positive,the build feels solid in my hand
SYNEXP_01289,camera,Negative,video looks shaky when I move
SYNEXP_01289,display,Positive,scrolling looks smooth
SYNEXP_01289,battery,Negative,standby drain is noticeable overnight
SYNEXP_01290,design,Neutral,the physical layout takes little time to learn
SYNEXP_01290,battery,Neutral,the battery gets me through an average day
SYNEXP_01291,design,Neutral,the build feels ordinary for its price
SYNEXP_01291,battery,Negative,the battery struggles on busy days
SYNEXP_01291,display,Positive,scrolling looks smooth
SYNEXP_01292,camera,Neutral,video quality meets my basic needs
SYNEXP_01292,battery,Neutral,battery life is adequate for my usual schedule
SYNEXP_01292,performance,Neutral,multitasking is workable without standing out
SYNEXP_01292,design,Negative,the buttons are difficult to reach
SYNEXP_01293,display,Neutral,screen brightness is adequate indoors
SYNEXP_01293,battery,Negative,power drops quickly during navigation
SYNEXP_01293,performance,Positive,switching between tasks feels smooth
SYNEXP_01293,camera,Negative,autofocus misses moving subjects
SYNEXP_01294,display,Positive,scrolling looks smooth
SYNEXP_01294,battery,Positive,it rarely needs a midday top-up
SYNEXP_01294,design,Positive,the design is understated and attractive
SYNEXP_01294,camera,Positive,focus locks on reliably for quick shots
SYNEXP_01295,performance,Negative,the device warms up and slows down during games
SYNEXP_01295,battery,Positive,battery endurance has been dependable
SYNEXP_01295,camera,Positive,the camera captures natural colours
SYNEXP_01296,battery,Negative,I often need to recharge before dinner
SYNEXP_01296,design,Positive,the design is understated and attractive
SYNEXP_01297,battery,Negative,charging feels slow when I am in a hurry
SYNEXP_01297,design,Neutral,its weight is manageable
SYNEXP_01298,battery,Negative,I often need to recharge before dinner
SYNEXP_01298,design,Neutral,its weight is manageable
SYNEXP_01299,performance,Positive,animations feel fluid
SYNEXP_01299,battery,Positive,battery endurance has been dependable
SYNEXP_01299,camera,Negative,portraits often blur the edges
SYNEXP_01300,camera,Neutral,video quality meets my basic needs
SYNEXP_01300,design,Negative,the weight becomes tiring after a while
SYNEXP_01301,camera,Positive,video remains steady when I walk
SYNEXP_01301,battery,Neutral,battery life is adequate for my usual schedule
SYNEXP_01301,performance,Positive,performance has remained steady after weeks of use
SYNEXP_01302,display,Neutral,the display is usable in most places
SYNEXP_01302,camera,Negative,autofocus misses moving subjects
SYNEXP_01303,design,Neutral,its weight is manageable
SYNEXP_01303,performance,Neutral,apps run at a reasonable pace
SYNEXP_01303,battery,Negative,the battery drains faster than I expected
SYNEXP_01303,camera,Positive,portraits look sharp without much effort
SYNEXP_01304,design,Positive,the weight feels well balanced
SYNEXP_01304,battery,Negative,power drops quickly during navigation
SYNEXP_01304,camera,Positive,the camera captures natural colours
SYNEXP_01305,performance,Neutral,apps run at a reasonable pace
SYNEXP_01305,design,Positive,the build feels solid in my hand
SYNEXP_01306,display,Negative,scrolling does not feel as smooth as expected
SYNEXP_01306,design,Negative,the buttons are difficult to reach
SYNEXP_01306,camera,Neutral,image quality is acceptable in good light
SYNEXP_01307,design,Positive,the design is understated and attractive
SYNEXP_01307,display,Neutral,the panel does its job without surprises
SYNEXP_01308,design,Negative,the finish picks up marks easily
SYNEXP_01308,display,Negative,the panel appears dim outdoors
SYNEXP_01308,camera,Negative,night photos come out soft
SYNEXP_01309,battery,Positive,the battery holds up during long commutes
SYNEXP_01309,camera,Negative,colours in photos sometimes look unnatural
SYNEXP_01310,design,Negative,the weight becomes tiring after a while
SYNEXP_01310,camera,Negative,video looks shaky when I move
SYNEXP_01311,performance,Negative,gaming sessions bring noticeable stutter
SYNEXP_01311,camera,Neutral,the camera is fine for casual photos
SYNEXP_01311,display,Neutral,the display is usable in most places
SYNEXP_01311,battery,Positive,charging has fitted well into my routine
SYNEXP_01312,camera,Positive,the camera captures natural colours
SYNEXP_01312,display,Negative,fine text looks less sharp than I hoped
SYNEXP_01312,performance,Negative,the device warms up and slows down during games
SYNEXP_01313,design,Negative,the design feels bulky in a pocket
SYNEXP_01313,performance,Negative,the device warms up and slows down during games
SYNEXP_01313,battery,Neutral,battery life is adequate for my usual schedule
SYNEXP_01314,design,Positive,its shape is comfortable to hold
SYNEXP_01314,camera,Positive,photos retain pleasing detail in daylight
SYNEXP_01315,battery,Negative,charging feels slow when I am in a hurry
SYNEXP_01315,display,Neutral,screen brightness is adequate indoors
SYNEXP_01316,performance,Negative,gaming sessions bring noticeable stutter
SYNEXP_01316,display,Positive,the display stays readable outdoors
SYNEXP_01316,design,Positive,its shape is comfortable to hold
SYNEXP_01316,battery,Neutral,the battery gets me through an average day
SYNEXP_01317,battery,Negative,I often need to recharge before dinner
SYNEXP_01317,design,Positive,the buttons feel thoughtfully placed
SYNEXP_01318,battery,Positive,I finish most days with power to spare
SYNEXP_01318,performance,Neutral,multitasking is workable without standing out
SYNEXP_01318,display,Positive,the display stays readable outdoors
SYNEXP_01318,design,Positive,its shape is comfortable to hold
SYNEXP_01319,display,Neutral,the panel does its job without surprises
SYNEXP_01319,performance,Negative,performance drops when several apps are open
SYNEXP_01319,battery,Negative,power drops quickly during navigation
SYNEXP_01319,camera,Neutral,video quality meets my basic needs
SYNEXP_01320,performance,Positive,apps open quickly during everyday use
SYNEXP_01320,battery,Negative,the battery drains faster than I expected
SYNEXP_01320,display,Negative,touch response occasionally misses a swipe
SYNEXP_01320,design,Negative,the weight becomes tiring after a while
SYNEXP_01321,performance,Negative,gaming sessions bring noticeable stutter
SYNEXP_01321,design,Negative,the phone is awkward to hold for long
SYNEXP_01321,camera,Negative,colours in photos sometimes look unnatural
SYNEXP_01321,battery,Positive,the charge comfortably lasts into the evening
SYNEXP_01322,battery,Positive,I finish most days with power to spare
SYNEXP_01322,performance,Positive,performance has remained steady after weeks of use
SYNEXP_01322,camera,Positive,night photos have been better than expected
SYNEXP_01323,performance,Positive,the phone stays responsive under a busy workload
SYNEXP_01323,battery,Positive,it rarely needs a midday top-up
SYNEXP_01323,display,Positive,brightness adjusts well in changing light
SYNEXP_01323,design,Positive,the weight feels well balanced
SYNEXP_01324,design,Positive,its shape is comfortable to hold
SYNEXP_01324,display,Neutral,the display is usable in most places
SYNEXP_01325,display,Neutral,the display is usable in most places
SYNEXP_01325,camera,Positive,night photos have been better than expected
SYNEXP_01326,battery,Negative,charging feels slow when I am in a hurry
SYNEXP_01326,camera,Negative,colours in photos sometimes look unnatural
SYNEXP_01327,camera,Positive,the camera captures natural colours
SYNEXP_01327,performance,Neutral,performance is adequate for basic tasks
SYNEXP_01327,display,Neutral,the panel does its job without surprises
SYNEXP_01327,battery,Negative,the battery drains faster than I expected
SYNEXP_01328,camera,Negative,video looks shaky when I move
SYNEXP_01328,battery,Positive,battery endurance has been dependable
SYNEXP_01328,display,Neutral,colours look fairly standard
SYNEXP_01329,design,Negative,the weight becomes tiring after a while
SYNEXP_01329,performance,Neutral,apps run at a reasonable pace
SYNEXP_01329,battery,Positive,charging has fitted well into my routine
SYNEXP_01330,design,Positive,the weight feels well balanced
SYNEXP_01330,camera,Neutral,image quality is acceptable in good light
SYNEXP_01331,display,Positive,screen colours look balanced
SYNEXP_01331,camera,Neutral,video quality meets my basic needs
SYNEXP_01331,performance,Negative,the phone feels sluggish after a few minutes
SYNEXP_01331,battery,Negative,standby drain is noticeable overnight
SYNEXP_01332,performance,Positive,apps open quickly during everyday use
SYNEXP_01332,battery,Negative,I often need to recharge before dinner
SYNEXP_01332,design,Neutral,the design is practical rather than memorable
SYNEXP_01333,performance,Neutral,performance is adequate for basic tasks
SYNEXP_01333,camera,Negative,night photos come out soft
SYNEXP_01334,display,Positive,scrolling looks smooth
SYNEXP_01334,camera,Positive,the camera captures natural colours
SYNEXP_01334,performance,Positive,apps open quickly during everyday use
SYNEXP_01335,battery,Negative,the battery struggles on busy days
SYNEXP_01335,design,Positive,the design is understated and attractive
SYNEXP_01336,design,Positive,the weight feels well balanced
SYNEXP_01336,display,Positive,scrolling looks smooth
SYNEXP_01336,camera,Positive,the camera captures natural colours
SYNEXP_01336,performance,Negative,menus sometimes lag behind my taps
SYNEXP_01337,display,Negative,scrolling does not feel as smooth as expected
SYNEXP_01337,design,Positive,the buttons feel thoughtfully placed
SYNEXP_01338,camera,Positive,video remains steady when I walk
SYNEXP_01338,display,Negative,display colours look washed out
SYNEXP_01338,design,Positive,the build feels solid in my hand
SYNEXP_01338,battery,Negative,the battery struggles on busy days
SYNEXP_01339,performance,Positive,animations feel fluid
SYNEXP_01339,battery,Positive,the battery holds up during long commutes
SYNEXP_01339,camera,Positive,video remains steady when I walk
SYNEXP_01339,design,Negative,the weight becomes tiring after a while
SYNEXP_01340,battery,Negative,power drops quickly during navigation
SYNEXP_01340,design,Neutral,the physical layout takes little time to learn
SYNEXP_01340,camera,Positive,the camera captures natural colours
SYNEXP_01341,display,Negative,touch response occasionally misses a swipe
SYNEXP_01341,design,Neutral,its weight is manageable
SYNEXP_01342,display,Positive,scrolling looks smooth
SYNEXP_01342,design,Positive,the weight feels well balanced
SYNEXP_01342,battery,Negative,charging feels slow when I am in a hurry
SYNEXP_01343,design,Negative,the frame feels less sturdy than expected
SYNEXP_01343,display,Positive,the display makes videos enjoyable
SYNEXP_01343,battery,Positive,the charge comfortably lasts into the evening
SYNEXP_01344,camera,Positive,the camera captures natural colours
SYNEXP_01344,display,Neutral,the panel does its job without surprises
SYNEXP_01345,battery,Negative,the battery struggles on busy days
SYNEXP_01345,display,Neutral,the panel does its job without surprises
SYNEXP_01345,design,Positive,the weight feels well balanced
SYNEXP_01346,design,Neutral,the design is practical rather than memorable
SYNEXP_01346,camera,Neutral,the camera is fine for casual photos
SYNEXP_01346,battery,Neutral,battery life is adequate for my usual schedule
SYNEXP_01347,design,Positive,the buttons feel thoughtfully placed
SYNEXP_01347,performance,Negative,the phone feels sluggish after a few minutes
SYNEXP_01348,design,Positive,the design is understated and attractive
SYNEXP_01348,performance,Positive,animations feel fluid
SYNEXP_01348,battery,Negative,the battery drains faster than I expected
SYNEXP_01349,camera,Neutral,the camera is fine for casual photos
SYNEXP_01349,design,Positive,the design is understated and attractive
SYNEXP_01349,display,Positive,scrolling looks smooth
SYNEXP_01350,performance,Neutral,the speed feels normal for routine use
SYNEXP_01350,design,Negative,the finish picks up marks easily
SYNEXP_01351,performance,Negative,the device warms up and slows down during games
SYNEXP_01351,display,Positive,brightness adjusts well in changing light
SYNEXP_01352,design,Positive,the weight feels well balanced
SYNEXP_01352,performance,Positive,apps open quickly during everyday use
SYNEXP_01352,display,Positive,scrolling looks smooth
SYNEXP_01353,performance,Negative,performance drops when several apps are open
SYNEXP_01353,camera,Neutral,image quality is acceptable in good light
SYNEXP_01353,battery,Negative,the battery drains faster than I expected
SYNEXP_01354,battery,Positive,I finish most days with power to spare
SYNEXP_01354,design,Neutral,the design is practical rather than memorable
SYNEXP_01354,display,Neutral,the panel does its job without surprises
SYNEXP_01354,performance,Negative,gaming sessions bring noticeable stutter
SYNEXP_01355,battery,Positive,I finish most days with power to spare
SYNEXP_01355,display,Positive,the display makes videos enjoyable
SYNEXP_01356,battery,Positive,charging has fitted well into my routine
SYNEXP_01356,performance,Positive,switching between tasks feels smooth
SYNEXP_01356,camera,Positive,night photos have been better than expected
SYNEXP_01357,battery,Negative,power drops quickly during navigation
SYNEXP_01357,design,Positive,the buttons feel thoughtfully placed
SYNEXP_01357,camera,Neutral,video quality meets my basic needs
SYNEXP_01358,battery,Negative,standby drain is noticeable overnight
SYNEXP_01358,display,Positive,the display makes videos enjoyable
SYNEXP_01358,camera,Neutral,image quality is acceptable in good light
SYNEXP_01359,battery,Negative,I often need to recharge before dinner
SYNEXP_01359,camera,Positive,video remains steady when I walk
SYNEXP_01360,camera,Negative,night photos come out soft
SYNEXP_01360,battery,Neutral,power use has been neither remarkable nor troublesome
SYNEXP_01360,display,Positive,the display makes videos enjoyable
SYNEXP_01360,design,Negative,the buttons are difficult to reach
SYNEXP_01361,battery,Negative,charging feels slow when I am in a hurry
SYNEXP_01361,camera,Negative,portraits often blur the edges
SYNEXP_01361,display,Positive,the display makes videos enjoyable
SYNEXP_01361,design,Positive,the finish has held up well
SYNEXP_01362,battery,Negative,I often need to recharge before dinner
SYNEXP_01362,camera,Positive,portraits look sharp without much effort
SYNEXP_01362,performance,Neutral,apps run at a reasonable pace
SYNEXP_01362,design,Neutral,the design is practical rather than memorable
SYNEXP_01363,camera,Negative,video looks shaky when I move
SYNEXP_01363,performance,Positive,animations feel fluid
SYNEXP_01363,design,Positive,its shape is comfortable to hold
SYNEXP_01363,display,Positive,scrolling looks smooth
SYNEXP_01364,camera,Negative,video looks shaky when I move
SYNEXP_01364,display,Positive,the display stays readable outdoors
SYNEXP_01364,performance,Negative,the device warms up and slows down during games
SYNEXP_01364,battery,Negative,standby drain is noticeable overnight
SYNEXP_01365,design,Positive,its shape is comfortable to hold
SYNEXP_01365,battery,Neutral,charging speed feels fairly ordinary
SYNEXP_01365,display,Negative,the panel appears dim outdoors
SYNEXP_01365,performance,Neutral,multitasking is workable without standing out
SYNEXP_01366,design,Negative,the weight becomes tiring after a while
SYNEXP_01366,battery,Positive,battery endurance has been dependable
SYNEXP_01366,display,Positive,text appears crisp on the panel
SYNEXP_01367,battery,Negative,charging feels slow when I am in a hurry
SYNEXP_01367,performance,Positive,performance has remained steady after weeks of use
SYNEXP_01367,design,Neutral,the physical layout takes little time to learn
SYNEXP_01368,performance,Positive,switching between tasks feels smooth
SYNEXP_01368,camera,Neutral,the camera feels typical for this range
SYNEXP_01368,display,Positive,the display stays readable outdoors
SYNEXP_01368,design,Positive,the buttons feel thoughtfully placed
SYNEXP_01369,design,Positive,the design is understated and attractive
SYNEXP_01369,battery,Positive,it rarely needs a midday top-up
SYNEXP_01370,design,Negative,the design feels bulky in a pocket
SYNEXP_01370,display,Neutral,screen brightness is adequate indoors
SYNEXP_01370,battery,Negative,charging feels slow when I am in a hurry
SYNEXP_01370,performance,Positive,performance has remained steady after weeks of use
SYNEXP_01371,battery,Neutral,the battery gets me through an average day
SYNEXP_01371,performance,Positive,the phone stays responsive under a busy workload
SYNEXP_01371,camera,Negative,colours in photos sometimes look unnatural
SYNEXP_01372,battery,Positive,I finish most days with power to spare
SYNEXP_01372,performance,Positive,performance has remained steady after weeks of use
SYNEXP_01373,design,Neutral,its weight is manageable
SYNEXP_01373,battery,Negative,I often need to recharge before dinner
SYNEXP_01374,camera,Positive,video remains steady when I walk
SYNEXP_01374,performance,Positive,performance has remained steady after weeks of use
SYNEXP_01374,design,Positive,the weight feels well balanced
SYNEXP_01375,display,Negative,the panel appears dim outdoors
SYNEXP_01375,camera,Negative,night photos come out soft
SYNEXP_01375,design,Negative,the design feels bulky in a pocket
SYNEXP_01376,camera,Negative,autofocus misses moving subjects
SYNEXP_01376,performance,Neutral,multitasking is workable without standing out
SYNEXP_01376,battery,Negative,standby drain is noticeable overnight
SYNEXP_01376,design,Neutral,the design is practical rather than memorable
SYNEXP_01377,design,Negative,the finish picks up marks easily
SYNEXP_01377,camera,Positive,portraits look sharp without much effort
SYNEXP_01378,performance,Positive,the phone stays responsive under a busy workload
SYNEXP_01378,display,Neutral,screen brightness is adequate indoors
SYNEXP_01379,battery,Negative,standby drain is noticeable overnight
SYNEXP_01379,display,Neutral,colours look fairly standard
SYNEXP_01379,design,Negative,the design feels bulky in a pocket
SYNEXP_01380,battery,Neutral,charging speed feels fairly ordinary
SYNEXP_01380,design,Neutral,its weight is manageable
SYNEXP_01380,camera,Positive,photos retain pleasing detail in daylight
SYNEXP_01380,performance,Positive,performance has remained steady after weeks of use
SYNEXP_01381,performance,Positive,animations feel fluid
SYNEXP_01381,battery,Negative,standby drain is noticeable overnight
SYNEXP_01381,camera,Neutral,image quality is acceptable in good light
SYNEXP_01381,display,Neutral,screen brightness is adequate indoors
SYNEXP_01382,battery,Negative,the battery drains faster than I expected
SYNEXP_01382,camera,Positive,night photos have been better than expected
SYNEXP_01382,display,Negative,fine text looks less sharp than I hoped
SYNEXP_01382,performance,Negative,apps pause when I switch between them
SYNEXP_01383,battery,Negative,power drops quickly during navigation
SYNEXP_01383,performance,Positive,performance has remained steady after weeks of use
SYNEXP_01384,display,Positive,the display stays readable outdoors
SYNEXP_01384,battery,Positive,it rarely needs a midday top-up
SYNEXP_01384,performance,Neutral,multitasking is workable without standing out
SYNEXP_01385,camera,Neutral,image quality is acceptable in good light
SYNEXP_01385,battery,Negative,the battery struggles on busy days
SYNEXP_01386,battery,Neutral,power use has been neither remarkable nor troublesome
SYNEXP_01386,performance,Negative,apps pause when I switch between them
SYNEXP_01387,battery,Neutral,the battery gets me through an average day
SYNEXP_01387,performance,Positive,games run consistently in my sessions
SYNEXP_01388,battery,Negative,standby drain is noticeable overnight
SYNEXP_01388,camera,Positive,photos retain pleasing detail in daylight
SYNEXP_01388,performance,Neutral,apps run at a reasonable pace
SYNEXP_01389,performance,Neutral,performance is adequate for basic tasks
SYNEXP_01389,camera,Neutral,video quality meets my basic needs
SYNEXP_01389,display,Negative,scrolling does not feel as smooth as expected
SYNEXP_01390,battery,Negative,standby drain is noticeable overnight
SYNEXP_01390,display,Negative,display colours look washed out
SYNEXP_01391,design,Positive,the buttons feel thoughtfully placed
SYNEXP_01391,performance,Positive,switching between tasks feels smooth
SYNEXP_01391,display,Positive,brightness adjusts well in changing light
SYNEXP_01392,battery,Neutral,the battery gets me through an average day
SYNEXP_01392,camera,Neutral,image quality is acceptable in good light
SYNEXP_01392,performance,Positive,games run consistently in my sessions
SYNEXP_01393,performance,Negative,the device warms up and slows down during games
SYNEXP_01393,camera,Positive,photos retain pleasing detail in daylight
SYNEXP_01393,design,Positive,the buttons feel thoughtfully placed
SYNEXP_01394,camera,Neutral,image quality is acceptable in good light
SYNEXP_01394,battery,Negative,standby drain is noticeable overnight
SYNEXP_01394,display,Negative,fine text looks less sharp than I hoped
SYNEXP_01394,design,Positive,the finish has held up well
SYNEXP_01395,design,Positive,the buttons feel thoughtfully placed
SYNEXP_01395,camera,Positive,focus locks on reliably for quick shots
SYNEXP_01395,display,Negative,fine text looks less sharp than I hoped
SYNEXP_01396,design,Positive,the finish has held up well
SYNEXP_01396,performance,Positive,games run consistently in my sessions
SYNEXP_01397,design,Positive,the build feels solid in my hand
SYNEXP_01397,camera,Negative,the camera loses detail indoors
SYNEXP_01397,battery,Positive,the battery holds up during long commutes
SYNEXP_01398,battery,Negative,power drops quickly during navigation
SYNEXP_01398,design,Neutral,its weight is manageable
SYNEXP_01398,performance,Negative,apps pause when I switch between them
SYNEXP_01399,performance,Negative,the phone feels sluggish after a few minutes
SYNEXP_01399,display,Negative,touch response occasionally misses a swipe
SYNEXP_01400,design,Negative,the finish picks up marks easily
SYNEXP_01400,performance,Neutral,performance is adequate for basic tasks
SYNEXP_01400,camera,Neutral,the camera is fine for casual photos
SYNEXP_01401,battery,Negative,charging feels slow when I am in a hurry
SYNEXP_01401,performance,Positive,apps open quickly during everyday use
SYNEXP_01402,display,Positive,the display stays readable outdoors
SYNEXP_01402,camera,Negative,autofocus misses moving subjects
SYNEXP_01403,battery,Negative,the battery drains faster than I expected
SYNEXP_01403,performance,Positive,apps open quickly during everyday use
SYNEXP_01403,display,Neutral,the display is usable in most places
SYNEXP_01404,performance,Negative,apps pause when I switch between them
SYNEXP_01404,battery,Positive,battery endurance has been dependable
SYNEXP_01404,display,Neutral,colours look fairly standard
SYNEXP_01404,design,Negative,the buttons are difficult to reach
SYNEXP_01405,battery,Negative,the battery drains faster than I expected
SYNEXP_01405,design,Positive,the weight feels well balanced
SYNEXP_01405,camera,Negative,the camera loses detail indoors
SYNEXP_01406,performance,Negative,performance drops when several apps are open
SYNEXP_01406,camera,Positive,focus locks on reliably for quick shots
SYNEXP_01407,battery,Negative,I often need to recharge before dinner
SYNEXP_01407,design,Positive,the finish has held up well
SYNEXP_01408,design,Negative,the buttons are difficult to reach
SYNEXP_01408,display,Neutral,the display is usable in most places
SYNEXP_01408,camera,Negative,night photos come out soft
SYNEXP_01409,design,Positive,the weight feels well balanced
SYNEXP_01409,performance,Negative,the device warms up and slows down during games
SYNEXP_01409,battery,Positive,charging has fitted well into my routine
SYNEXP_01409,camera,Negative,autofocus misses moving subjects
SYNEXP_01410,camera,Negative,video looks shaky when I move
SYNEXP_01410,display,Negative,display colours look washed out
SYNEXP_01410,battery,Negative,I often need to recharge before dinner
SYNEXP_01410,design,Positive,the finish has held up well
SYNEXP_01411,battery,Negative,standby drain is noticeable overnight
SYNEXP_01411,design,Neutral,the build feels ordinary for its price
SYNEXP_01411,performance,Positive,switching between tasks feels smooth
SYNEXP_01412,battery,Negative,I often need to recharge before dinner
SYNEXP_01412,design,Negative,the frame feels less sturdy than expected
SYNEXP_01412,camera,Neutral,video quality meets my basic needs
SYNEXP_01413,display,Negative,the screen is hard to read in sunlight
SYNEXP_01413,performance,Neutral,the speed feels normal for routine use
SYNEXP_01414,display,Negative,the screen is hard to read in sunlight
SYNEXP_01414,performance,Negative,menus sometimes lag behind my taps
SYNEXP_01414,camera,Negative,portraits often blur the edges
SYNEXP_01415,performance,Neutral,multitasking is workable without standing out
SYNEXP_01415,camera,Negative,the camera loses detail indoors
SYNEXP_01416,design,Positive,the design is understated and attractive
SYNEXP_01416,battery,Negative,the battery struggles on busy days
SYNEXP_01416,display,Negative,the panel appears dim outdoors
SYNEXP_01416,camera,Negative,video looks shaky when I move
SYNEXP_01417,battery,Negative,the battery drains faster than I expected
SYNEXP_01417,camera,Positive,the camera captures natural colours
SYNEXP_01417,display,Negative,display colours look washed out
SYNEXP_01417,design,Negative,the weight becomes tiring after a while
SYNEXP_01418,design,Negative,the buttons are difficult to reach
SYNEXP_01418,battery,Negative,I often need to recharge before dinner
SYNEXP_01418,camera,Positive,photos retain pleasing detail in daylight
SYNEXP_01418,performance,Positive,games run consistently in my sessions
SYNEXP_01419,display,Positive,brightness adjusts well in changing light
SYNEXP_01419,performance,Negative,the phone feels sluggish after a few minutes
SYNEXP_01419,design,Neutral,the physical layout takes little time to learn
SYNEXP_01419,battery,Neutral,the battery gets me through an average day
SYNEXP_01420,performance,Positive,apps open quickly during everyday use
SYNEXP_01420,camera,Positive,the camera captures natural colours
SYNEXP_01421,battery,Negative,I often need to recharge before dinner
SYNEXP_01421,performance,Positive,the phone stays responsive under a busy workload
SYNEXP_01422,battery,Negative,power drops quickly during navigation
SYNEXP_01422,performance,Positive,games run consistently in my sessions
SYNEXP_01423,design,Positive,the weight feels well balanced
SYNEXP_01423,performance,Neutral,multitasking is workable without standing out
SYNEXP_01423,camera,Positive,photos retain pleasing detail in daylight
SYNEXP_01423,battery,Positive,the charge comfortably lasts into the evening
SYNEXP_01424,display,Neutral,screen brightness is adequate indoors
SYNEXP_01424,design,Positive,the build feels solid in my hand
SYNEXP_01425,display,Negative,display colours look washed out
SYNEXP_01425,camera,Negative,the camera loses detail indoors
SYNEXP_01425,performance,Positive,animations feel fluid
SYNEXP_01425,design,Neutral,the build feels ordinary for its price
SYNEXP_01426,camera,Negative,colours in photos sometimes look unnatural
SYNEXP_01426,performance,Neutral,apps run at a reasonable pace
SYNEXP_01426,battery,Negative,the battery struggles on busy days
SYNEXP_01427,performance,Negative,gaming sessions bring noticeable stutter
SYNEXP_01427,battery,Negative,standby drain is noticeable overnight
SYNEXP_01427,display,Positive,the display makes videos enjoyable
SYNEXP_01427,design,Positive,the design is understated and attractive
SYNEXP_01428,battery,Positive,the charge comfortably lasts into the evening
SYNEXP_01428,performance,Neutral,apps run at a reasonable pace
SYNEXP_01428,camera,Neutral,the camera feels typical for this range
SYNEXP_01428,design,Negative,the finish picks up marks easily
SYNEXP_01429,design,Negative,the phone is awkward to hold for long
SYNEXP_01429,camera,Positive,video remains steady when I walk
SYNEXP_01429,battery,Negative,the battery struggles on busy days
SYNEXP_01430,battery,Negative,the battery struggles on busy days
SYNEXP_01430,performance,Positive,animations feel fluid
SYNEXP_01431,camera,Negative,video looks shaky when I move
SYNEXP_01431,display,Positive,screen colours look balanced
SYNEXP_01431,battery,Positive,I finish most days with power to spare
SYNEXP_01431,design,Positive,the build feels solid in my hand
SYNEXP_01432,design,Negative,the weight becomes tiring after a while
SYNEXP_01432,display,Neutral,the panel does its job without surprises
SYNEXP_01433,battery,Negative,charging feels slow when I am in a hurry
SYNEXP_01433,design,Positive,the weight feels well balanced
SYNEXP_01434,battery,Negative,the battery struggles on busy days
SYNEXP_01434,performance,Negative,performance drops when several apps are open
SYNEXP_01435,camera,Positive,portraits look sharp without much effort
SYNEXP_01435,display,Positive,the display stays readable outdoors
SYNEXP_01435,design,Positive,the finish has held up well
SYNEXP_01436,battery,Negative,the battery struggles on busy days
SYNEXP_01436,camera,Positive,video remains steady when I walk
SYNEXP_01437,performance,Neutral,apps run at a reasonable pace
SYNEXP_01437,design,Neutral,its weight is manageable
SYNEXP_01437,camera,Positive,portraits look sharp without much effort
SYNEXP_01438,battery,Negative,the battery drains faster than I expected
SYNEXP_01438,design,Neutral,the build feels ordinary for its price
SYNEXP_01439,battery,Neutral,power use has been neither remarkable nor troublesome
SYNEXP_01439,performance,Positive,games run consistently in my sessions
SYNEXP_01439,display,Neutral,the display is usable in most places
SYNEXP_01440,display,Negative,the panel appears dim outdoors
SYNEXP_01440,design,Neutral,the build feels ordinary for its price
SYNEXP_01440,battery,Negative,the battery drains faster than I expected
SYNEXP_01440,camera,Negative,colours in photos sometimes look unnatural
SYNEXP_01441,performance,Negative,the phone feels sluggish after a few minutes
SYNEXP_01441,design,Positive,the buttons feel thoughtfully placed
SYNEXP_01441,camera,Neutral,the camera feels typical for this range
SYNEXP_01441,battery,Positive,battery endurance has been dependable
SYNEXP_01442,battery,Negative,power drops quickly during navigation
SYNEXP_01442,performance,Positive,switching between tasks feels smooth
SYNEXP_01442,camera,Negative,colours in photos sometimes look unnatural
SYNEXP_01442,display,Neutral,colours look fairly standard
SYNEXP_01443,battery,Neutral,battery life is adequate for my usual schedule
SYNEXP_01443,camera,Positive,night photos have been better than expected
SYNEXP_01443,performance,Positive,apps open quickly during everyday use
SYNEXP_01443,design,Negative,the frame feels less sturdy than expected
SYNEXP_01444,battery,Negative,charging feels slow when I am in a hurry
SYNEXP_01444,camera,Negative,colours in photos sometimes look unnatural
SYNEXP_01444,design,Neutral,its weight is manageable
SYNEXP_01444,performance,Positive,switching between tasks feels smooth
SYNEXP_01445,battery,Negative,the battery drains faster than I expected
SYNEXP_01445,camera,Positive,focus locks on reliably for quick shots
SYNEXP_01445,display,Positive,the display stays readable outdoors
SYNEXP_01446,performance,Positive,switching between tasks feels smooth
SYNEXP_01446,camera,Positive,portraits look sharp without much effort
SYNEXP_01447,battery,Negative,I often need to recharge before dinner
SYNEXP_01447,performance,Positive,animations feel fluid
SYNEXP_01448,battery,Negative,I often need to recharge before dinner
SYNEXP_01448,display,Positive,scrolling looks smooth
SYNEXP_01449,battery,Negative,I often need to recharge before dinner
SYNEXP_01449,performance,Negative,apps pause when I switch between them
SYNEXP_01450,design,Positive,the finish has held up well
SYNEXP_01450,performance,Neutral,multitasking is workable without standing out
SYNEXP_01450,camera,Negative,video looks shaky when I move
SYNEXP_01451,battery,Negative,the battery drains faster than I expected
SYNEXP_01451,display,Positive,scrolling looks smooth
SYNEXP_01452,battery,Negative,I often need to recharge before dinner
SYNEXP_01452,performance,Positive,performance has remained steady after weeks of use
SYNEXP_01453,camera,Positive,focus locks on reliably for quick shots
SYNEXP_01453,display,Positive,brightness adjusts well in changing light
SYNEXP_01453,design,Negative,the finish picks up marks easily
SYNEXP_01454,display,Positive,the display makes videos enjoyable
SYNEXP_01454,battery,Negative,I often need to recharge before dinner
SYNEXP_01454,design,Negative,the frame feels less sturdy than expected
SYNEXP_01455,display,Negative,the screen is hard to read in sunlight
SYNEXP_01455,performance,Positive,games run consistently in my sessions
SYNEXP_01455,design,Negative,the finish picks up marks easily
SYNEXP_01456,performance,Neutral,the speed feels normal for routine use
SYNEXP_01456,display,Negative,scrolling does not feel as smooth as expected
SYNEXP_01456,design,Positive,the finish has held up well
SYNEXP_01457,design,Positive,the build feels solid in my hand
SYNEXP_01457,display,Neutral,screen brightness is adequate indoors
SYNEXP_01457,performance,Positive,animations feel fluid
SYNEXP_01457,battery,Neutral,the battery gets me through an average day
SYNEXP_01458,battery,Negative,standby drain is noticeable overnight
SYNEXP_01458,camera,Positive,video remains steady when I walk
SYNEXP_01459,display,Negative,the panel appears dim outdoors
SYNEXP_01459,design,Positive,its shape is comfortable to hold
SYNEXP_01459,battery,Negative,standby drain is noticeable overnight
SYNEXP_01460,battery,Positive,charging has fitted well into my routine
SYNEXP_01460,display,Negative,display colours look washed out
SYNEXP_01460,camera,Negative,the camera loses detail indoors
SYNEXP_01460,design,Positive,the finish has held up well
SYNEXP_01461,design,Neutral,its weight is manageable
SYNEXP_01461,performance,Positive,switching between tasks feels smooth
SYNEXP_01461,camera,Positive,the camera captures natural colours
SYNEXP_01461,battery,Negative,standby drain is noticeable overnight
SYNEXP_01462,battery,Negative,the battery drains faster than I expected
SYNEXP_01462,design,Positive,the buttons feel thoughtfully placed
SYNEXP_01463,battery,Positive,the charge comfortably lasts into the evening
SYNEXP_01463,performance,Neutral,multitasking is workable without standing out
SYNEXP_01463,design,Positive,the finish has held up well
SYNEXP_01464,camera,Positive,the camera captures natural colours
SYNEXP_01464,performance,Positive,performance has remained steady after weeks of use
SYNEXP_01464,design,Neutral,the build feels ordinary for its price
SYNEXP_01464,battery,Neutral,battery life is adequate for my usual schedule
SYNEXP_01465,battery,Positive,charging has fitted well into my routine
SYNEXP_01465,display,Negative,touch response occasionally misses a swipe
SYNEXP_01466,battery,Negative,power drops quickly during navigation
SYNEXP_01466,design,Positive,the finish has held up well
SYNEXP_01466,camera,Negative,video looks shaky when I move
SYNEXP_01466,display,Neutral,the panel does its job without surprises
SYNEXP_01467,display,Positive,screen colours look balanced
SYNEXP_01467,battery,Negative,I often need to recharge before dinner
SYNEXP_01467,camera,Positive,portraits look sharp without much effort
SYNEXP_01468,display,Neutral,the display is usable in most places
SYNEXP_01468,design,Negative,the finish picks up marks easily
SYNEXP_01469,design,Positive,its shape is comfortable to hold
SYNEXP_01469,display,Negative,scrolling does not feel as smooth as expected
SYNEXP_01470,display,Positive,scrolling looks smooth
SYNEXP_01470,battery,Negative,the battery struggles on busy days
SYNEXP_01471,camera,Positive,night photos have been better than expected
SYNEXP_01471,display,Negative,touch response occasionally misses a swipe
SYNEXP_01471,battery,Negative,charging feels slow when I am in a hurry
SYNEXP_01472,camera,Negative,portraits often blur the edges
SYNEXP_01472,performance,Negative,the device warms up and slows down during games
SYNEXP_01472,display,Negative,display colours look washed out
SYNEXP_01472,battery,Neutral,battery life is adequate for my usual schedule
SYNEXP_01473,display,Neutral,the panel does its job without surprises
SYNEXP_01473,performance,Neutral,the speed feels normal for routine use
SYNEXP_01473,design,Positive,the build feels solid in my hand
SYNEXP_01473,camera,Neutral,the camera is fine for casual photos
SYNEXP_01474,display,Negative,the screen is hard to read in sunlight
SYNEXP_01474,battery,Positive,it rarely needs a midday top-up
SYNEXP_01474,design,Neutral,the physical layout takes little time to learn
SYNEXP_01474,performance,Positive,apps open quickly during everyday use
SYNEXP_01475,battery,Negative,standby drain is noticeable overnight
SYNEXP_01475,design,Neutral,its weight is manageable
SYNEXP_01475,camera,Negative,autofocus misses moving subjects
SYNEXP_01476,display,Negative,the screen is hard to read in sunlight
SYNEXP_01476,design,Positive,the design is understated and attractive
SYNEXP_01476,camera,Negative,the camera loses detail indoors
SYNEXP_01477,battery,Negative,the battery drains faster than I expected
SYNEXP_01477,camera,Negative,the camera loses detail indoors
SYNEXP_01478,battery,Negative,the battery drains faster than I expected
SYNEXP_01478,performance,Positive,the phone stays responsive under a busy workload
SYNEXP_01479,display,Negative,scrolling does not feel as smooth as expected
SYNEXP_01479,design,Positive,the buttons feel thoughtfully placed
SYNEXP_01479,battery,Negative,the battery struggles on busy days
SYNEXP_01479,performance,Neutral,multitasking is workable without standing out
SYNEXP_01480,performance,Negative,performance drops when several apps are open
SYNEXP_01480,battery,Negative,charging feels slow when I am in a hurry
SYNEXP_01480,display,Negative,display colours look washed out
SYNEXP_01480,design,Neutral,the design is practical rather than memorable
SYNEXP_01481,battery,Negative,the battery struggles on busy days
SYNEXP_01481,camera,Positive,photos retain pleasing detail in daylight
SYNEXP_01482,battery,Negative,charging feels slow when I am in a hurry
SYNEXP_01482,display,Negative,the screen is hard to read in sunlight
SYNEXP_01482,camera,Neutral,image quality is acceptable in good light
SYNEXP_01483,design,Positive,the finish has held up well
SYNEXP_01483,battery,Neutral,battery life is adequate for my usual schedule
SYNEXP_01483,performance,Negative,the device warms up and slows down during games
SYNEXP_01483,camera,Negative,video looks shaky when I move
SYNEXP_01484,battery,Negative,standby drain is noticeable overnight
SYNEXP_01484,design,Positive,the design is understated and attractive
SYNEXP_01484,camera,Positive,video remains steady when I walk
SYNEXP_01485,battery,Neutral,charging speed feels fairly ordinary
SYNEXP_01485,performance,Positive,games run consistently in my sessions
SYNEXP_01485,display,Negative,the screen is hard to read in sunlight
SYNEXP_01485,camera,Negative,colours in photos sometimes look unnatural
SYNEXP_01486,battery,Positive,charging has fitted well into my routine
SYNEXP_01486,display,Negative,the screen is hard to read in sunlight
SYNEXP_01486,performance,Neutral,apps run at a reasonable pace
SYNEXP_01487,design,Positive,the build feels solid in my hand
SYNEXP_01487,display,Negative,fine text looks less sharp than I hoped
SYNEXP_01487,camera,Negative,video looks shaky when I move
SYNEXP_01488,performance,Positive,games run consistently in my sessions
SYNEXP_01488,camera,Positive,photos retain pleasing detail in daylight
SYNEXP_01488,battery,Positive,the charge comfortably lasts into the evening
SYNEXP_01488,design,Positive,the weight feels well balanced
SYNEXP_01489,battery,Negative,I often need to recharge before dinner
SYNEXP_01489,performance,Negative,gaming sessions bring noticeable stutter
SYNEXP_01489,display,Negative,the screen is hard to read in sunlight
SYNEXP_01490,design,Negative,the buttons are difficult to reach
SYNEXP_01490,battery,Negative,the battery drains faster than I expected
SYNEXP_01490,performance,Negative,menus sometimes lag behind my taps
SYNEXP_01490,display,Negative,touch response occasionally misses a swipe
SYNEXP_01491,battery,Positive,the charge comfortably lasts into the evening
SYNEXP_01491,camera,Negative,colours in photos sometimes look unnatural
SYNEXP_01492,battery,Negative,I often need to recharge before dinner
SYNEXP_01492,camera,Negative,the camera loses detail indoors
SYNEXP_01493,display,Negative,the panel appears dim outdoors
SYNEXP_01493,performance,Neutral,the speed feels normal for routine use
SYNEXP_01493,camera,Negative,video looks shaky when I move
SYNEXP_01494,camera,Neutral,the camera is fine for casual photos
SYNEXP_01494,battery,Negative,charging feels slow when I am in a hurry
SYNEXP_01495,design,Positive,the finish has held up well
SYNEXP_01495,performance,Positive,performance has remained steady after weeks of use
SYNEXP_01495,battery,Negative,power drops quickly during navigation
SYNEXP_01496,performance,Positive,performance has remained steady after weeks of use
SYNEXP_01496,design,Positive,the build feels solid in my hand
SYNEXP_01496,camera,Neutral,image quality is acceptable in good light
SYNEXP_01497,battery,Negative,the battery drains faster than I expected
SYNEXP_01497,design,Neutral,the physical layout takes little time to learn
SYNEXP_01497,performance,Negative,the device warms up and slows down during games
SYNEXP_01498,battery,Positive,it rarely needs a midday top-up
SYNEXP_01498,performance,Positive,games run consistently in my sessions
SYNEXP_01498,camera,Neutral,image quality is acceptable in good light
SYNEXP_01499,design,Positive,the buttons feel thoughtfully placed
SYNEXP_01499,camera,Positive,the camera captures natural colours
SYNEXP_01499,display,Negative,fine text looks less sharp than I hoped
SYNEXP_01500,camera,Positive,photos retain pleasing detail in daylight
SYNEXP_01500,display,Negative,fine text looks less sharp than I hoped
SYNEXP_01500,design,Negative,the phone is awkward to hold for long
SYNEXP_01500,battery,Negative,standby drain is noticeable overnight
SYNEXP_01501,camera,Positive,video remains steady when I walk
SYNEXP_01501,display,Negative,display colours look washed out
SYNEXP_01501,battery,Negative,I often need to recharge before dinner
SYNEXP_01502,camera,Positive,night photos have been better than expected
SYNEXP_01502,battery,Negative,power drops quickly during navigation
SYNEXP_01502,design,Neutral,the build feels ordinary for its price
SYNEXP_01503,battery,Positive,I finish most days with power to spare
SYNEXP_01503,design,Neutral,the build feels ordinary for its price
SYNEXP_01504,battery,Negative,the battery struggles on busy days
SYNEXP_01504,display,Neutral,screen brightness is adequate indoors
SYNEXP_01504,camera,Positive,photos retain pleasing detail in daylight
SYNEXP_01505,camera,Positive,night photos have been better than expected
SYNEXP_01505,performance,Neutral,the speed feels normal for routine use
SYNEXP_01506,battery,Negative,the battery drains faster than I expected
SYNEXP_01506,design,Positive,the buttons feel thoughtfully placed
SYNEXP_01507,battery,Negative,charging feels slow when I am in a hurry
SYNEXP_01507,display,Positive,brightness adjusts well in changing light
SYNEXP_01508,performance,Negative,gaming sessions bring noticeable stutter
SYNEXP_01508,design,Negative,the finish picks up marks easily
SYNEXP_01508,battery,Negative,power drops quickly during navigation
SYNEXP_01509,display,Positive,scrolling looks smooth
SYNEXP_01509,design,Positive,the weight feels well balanced
SYNEXP_01509,battery,Positive,I finish most days with power to spare
SYNEXP_01509,camera,Neutral,the camera is fine for casual photos
SYNEXP_01510,design,Negative,the phone is awkward to hold for long
SYNEXP_01510,performance,Positive,switching between tasks feels smooth
SYNEXP_01511,design,Neutral,the physical layout takes little time to learn
SYNEXP_01511,battery,Positive,the battery holds up during long commutes
SYNEXP_01511,camera,Negative,autofocus misses moving subjects
SYNEXP_01511,performance,Negative,menus sometimes lag behind my taps
SYNEXP_01512,battery,Negative,standby drain is noticeable overnight
SYNEXP_01512,display,Negative,the screen is hard to read in sunlight
SYNEXP_01512,performance,Positive,performance has remained steady after weeks of use
SYNEXP_01512,design,Negative,the weight becomes tiring after a while
SYNEXP_01513,display,Negative,the screen is hard to read in sunlight
SYNEXP_01513,camera,Neutral,video quality meets my basic needs
SYNEXP_01513,performance,Negative,menus sometimes lag behind my taps
SYNEXP_01513,design,Positive,its shape is comfortable to hold
SYNEXP_01514,performance,Neutral,apps run at a reasonable pace
SYNEXP_01514,display,Positive,text appears crisp on the panel
SYNEXP_01515,design,Neutral,the design is practical rather than memorable
SYNEXP_01515,performance,Negative,performance drops when several apps are open
SYNEXP_01515,display,Negative,the screen is hard to read in sunlight
SYNEXP_01516,battery,Negative,standby drain is noticeable overnight
SYNEXP_01516,design,Negative,the finish picks up marks easily
SYNEXP_01517,design,Negative,the frame feels less sturdy than expected
SYNEXP_01517,performance,Neutral,performance is adequate for basic tasks
SYNEXP_01518,camera,Positive,photos retain pleasing detail in daylight
SYNEXP_01518,battery,Positive,the charge comfortably lasts into the evening
SYNEXP_01518,display,Neutral,the display is usable in most places
SYNEXP_01519,display,Positive,the display stays readable outdoors
SYNEXP_01519,camera,Neutral,video quality meets my basic needs
SYNEXP_01519,performance,Negative,performance drops when several apps are open
SYNEXP_01520,camera,Negative,autofocus misses moving subjects
SYNEXP_01520,design,Positive,the finish has held up well
SYNEXP_01520,battery,Negative,I often need to recharge before dinner
SYNEXP_01520,performance,Neutral,performance is adequate for basic tasks
SYNEXP_01521,battery,Negative,standby drain is noticeable overnight
SYNEXP_01521,performance,Positive,switching between tasks feels smooth
SYNEXP_01521,display,Positive,the display makes videos enjoyable
SYNEXP_01522,battery,Positive,the battery holds up during long commutes
SYNEXP_01522,display,Neutral,the panel does its job without surprises
SYNEXP_01522,performance,Neutral,multitasking is workable without standing out
SYNEXP_01523,camera,Neutral,the camera is fine for casual photos
SYNEXP_01523,performance,Negative,apps pause when I switch between them
SYNEXP_01523,battery,Neutral,charging speed feels fairly ordinary
SYNEXP_01523,design,Neutral,the physical layout takes little time to learn
SYNEXP_01524,battery,Positive,battery endurance has been dependable
SYNEXP_01524,design,Neutral,its weight is manageable
SYNEXP_01524,camera,Negative,autofocus misses moving subjects
SYNEXP_01524,performance,Negative,gaming sessions bring noticeable stutter
SYNEXP_01525,design,Negative,the finish picks up marks easily
SYNEXP_01525,display,Negative,touch response occasionally misses a swipe
SYNEXP_01525,camera,Positive,photos retain pleasing detail in daylight
SYNEXP_01525,performance,Negative,the phone feels sluggish after a few minutes
SYNEXP_01526,battery,Positive,the charge comfortably lasts into the evening
SYNEXP_01526,display,Negative,scrolling does not feel as smooth as expected
SYNEXP_01526,performance,Negative,gaming sessions bring noticeable stutter
SYNEXP_01526,design,Negative,the buttons are difficult to reach
SYNEXP_01527,battery,Positive,I finish most days with power to spare
SYNEXP_01527,design,Neutral,the build feels ordinary for its price
SYNEXP_01527,display,Negative,fine text looks less sharp than I hoped
SYNEXP_01528,performance,Neutral,apps run at a reasonable pace
SYNEXP_01528,camera,Negative,night photos come out soft
SYNEXP_01528,battery,Neutral,power use has been neither remarkable nor troublesome
SYNEXP_01528,display,Negative,scrolling does not feel as smooth as expected
SYNEXP_01529,design,Neutral,the design is practical rather than memorable
SYNEXP_01529,performance,Neutral,apps run at a reasonable pace
SYNEXP_01530,battery,Neutral,battery life is adequate for my usual schedule
SYNEXP_01530,design,Negative,the weight becomes tiring after a while
SYNEXP_01530,camera,Positive,photos retain pleasing detail in daylight
SYNEXP_01530,display,Positive,text appears crisp on the panel
SYNEXP_01531,display,Positive,the display stays readable outdoors
SYNEXP_01531,performance,Negative,performance drops when several apps are open
SYNEXP_01532,battery,Negative,charging feels slow when I am in a hurry
SYNEXP_01532,performance,Neutral,multitasking is workable without standing out
SYNEXP_01533,battery,Negative,the battery struggles on busy days
SYNEXP_01533,display,Neutral,colours look fairly standard
SYNEXP_01534,battery,Negative,standby drain is noticeable overnight
SYNEXP_01534,design,Positive,its shape is comfortable to hold
SYNEXP_01535,camera,Negative,night photos come out soft
SYNEXP_01535,display,Negative,the panel appears dim outdoors
SYNEXP_01536,camera,Positive,night photos have been better than expected
SYNEXP_01536,battery,Negative,power drops quickly during navigation
SYNEXP_01537,battery,Negative,the battery drains faster than I expected
SYNEXP_01537,design,Negative,the weight becomes tiring after a while
SYNEXP_01537,performance,Positive,games run consistently in my sessions
SYNEXP_01538,design,Negative,the frame feels less sturdy than expected
SYNEXP_01538,battery,Negative,standby drain is noticeable overnight
SYNEXP_01538,display,Neutral,colours look fairly standard
SYNEXP_01539,display,Positive,screen colours look balanced
SYNEXP_01539,camera,Positive,photos retain pleasing detail in daylight
SYNEXP_01539,design,Positive,the finish has held up well
SYNEXP_01539,battery,Negative,power drops quickly during navigation
SYNEXP_01540,performance,Negative,gaming sessions bring noticeable stutter
SYNEXP_01540,battery,Neutral,the battery gets me through an average day
SYNEXP_01540,camera,Negative,the camera loses detail indoors
SYNEXP_01540,design,Negative,the frame feels less sturdy than expected
SYNEXP_01541,camera,Negative,portraits often blur the edges
SYNEXP_01541,performance,Positive,animations feel fluid
SYNEXP_01541,battery,Positive,it rarely needs a midday top-up
SYNEXP_01542,performance,Neutral,performance is adequate for basic tasks
SYNEXP_01542,camera,Neutral,the camera is fine for casual photos
SYNEXP_01542,design,Positive,the weight feels well balanced
SYNEXP_01542,battery,Negative,I often need to recharge before dinner
SYNEXP_01543,design,Positive,the design is understated and attractive
SYNEXP_01543,display,Negative,display colours look washed out
SYNEXP_01544,battery,Positive,I finish most days with power to spare
SYNEXP_01544,display,Positive,the display makes videos enjoyable
SYNEXP_01544,design,Negative,the phone is awkward to hold for long
SYNEXP_01545,display,Negative,touch response occasionally misses a swipe
SYNEXP_01545,design,Positive,the buttons feel thoughtfully placed
SYNEXP_01545,performance,Positive,switching between tasks feels smooth
SYNEXP_01545,battery,Negative,the battery struggles on busy days
SYNEXP_01546,design,Neutral,the build feels ordinary for its price
SYNEXP_01546,display,Positive,scrolling looks smooth
SYNEXP_01546,battery,Negative,I often need to recharge before dinner
SYNEXP_01547,camera,Negative,portraits often blur the edges
SYNEXP_01547,battery,Negative,standby drain is noticeable overnight
SYNEXP_01547,design,Negative,the finish picks up marks easily
SYNEXP_01547,performance,Positive,animations feel fluid
SYNEXP_01548,battery,Positive,the charge comfortably lasts into the evening
SYNEXP_01548,performance,Positive,games run consistently in my sessions
SYNEXP_01548,design,Positive,its shape is comfortable to hold
SYNEXP_01548,camera,Neutral,the camera is fine for casual photos
SYNEXP_01549,camera,Neutral,video quality meets my basic needs
SYNEXP_01549,performance,Positive,switching between tasks feels smooth
SYNEXP_01549,design,Negative,the design feels bulky in a pocket
SYNEXP_01549,display,Positive,the display stays readable outdoors
SYNEXP_01550,performance,Positive,apps open quickly during everyday use
SYNEXP_01550,display,Positive,the display stays readable outdoors
SYNEXP_01551,battery,Positive,battery endurance has been dependable
SYNEXP_01551,design,Negative,the phone is awkward to hold for long
SYNEXP_01551,camera,Positive,photos retain pleasing detail in daylight
SYNEXP_01551,display,Neutral,the display is usable in most places
SYNEXP_01552,display,Neutral,the panel does its job without surprises
SYNEXP_01552,performance,Positive,apps open quickly during everyday use
SYNEXP_01552,design,Positive,its shape is comfortable to hold
SYNEXP_01552,camera,Negative,video looks shaky when I move
SYNEXP_01553,design,Neutral,the physical layout takes little time to learn
SYNEXP_01553,display,Positive,text appears crisp on the panel
SYNEXP_01553,battery,Negative,I often need to recharge before dinner
SYNEXP_01553,performance,Positive,performance has remained steady after weeks of use
SYNEXP_01554,design,Positive,the finish has held up well
SYNEXP_01554,battery,Negative,standby drain is noticeable overnight
SYNEXP_01554,display,Negative,fine text looks less sharp than I hoped
SYNEXP_01554,camera,Negative,portraits often blur the edges
SYNEXP_01555,performance,Negative,gaming sessions bring noticeable stutter
SYNEXP_01555,display,Negative,the panel appears dim outdoors
SYNEXP_01556,performance,Neutral,performance is adequate for basic tasks
SYNEXP_01556,camera,Neutral,image quality is acceptable in good light
SYNEXP_01556,battery,Positive,the battery holds up during long commutes
SYNEXP_01556,design,Neutral,the build feels ordinary for its price
SYNEXP_01557,battery,Neutral,battery life is adequate for my usual schedule
SYNEXP_01557,performance,Positive,performance has remained steady after weeks of use
SYNEXP_01557,design,Negative,the weight becomes tiring after a while
SYNEXP_01558,camera,Negative,colours in photos sometimes look unnatural
SYNEXP_01558,performance,Negative,the device warms up and slows down during games
SYNEXP_01559,camera,Positive,the camera captures natural colours
SYNEXP_01559,performance,Positive,games run consistently in my sessions
SYNEXP_01559,display,Neutral,the panel does its job without surprises
SYNEXP_01560,design,Positive,the finish has held up well
SYNEXP_01560,display,Negative,the screen is hard to read in sunlight
SYNEXP_01561,design,Positive,the finish has held up well
SYNEXP_01561,camera,Negative,colours in photos sometimes look unnatural
SYNEXP_01562,display,Positive,screen colours look balanced
SYNEXP_01562,battery,Negative,charging feels slow when I am in a hurry
SYNEXP_01562,performance,Negative,menus sometimes lag behind my taps
SYNEXP_01563,design,Positive,its shape is comfortable to hold
SYNEXP_01563,performance,Neutral,the speed feels normal for routine use
SYNEXP_01563,display,Neutral,screen brightness is adequate indoors
SYNEXP_01564,design,Neutral,the design is practical rather than memorable
SYNEXP_01564,performance,Neutral,apps run at a reasonable pace
SYNEXP_01565,battery,Positive,the charge comfortably lasts into the evening
SYNEXP_01565,design,Positive,the design is understated and attractive
SYNEXP_01565,performance,Negative,apps pause when I switch between them
SYNEXP_01566,performance,Negative,performance drops when several apps are open
SYNEXP_01566,design,Neutral,the physical layout takes little time to learn
SYNEXP_01567,design,Neutral,the physical layout takes little time to learn
SYNEXP_01567,battery,Positive,battery endurance has been dependable
SYNEXP_01567,display,Negative,touch response occasionally misses a swipe
SYNEXP_01568,battery,Neutral,battery life is adequate for my usual schedule
SYNEXP_01568,display,Positive,screen colours look balanced
SYNEXP_01568,camera,Negative,the camera loses detail indoors
SYNEXP_01569,display,Negative,display colours look washed out
SYNEXP_01569,battery,Negative,standby drain is noticeable overnight
SYNEXP_01569,camera,Negative,portraits often blur the edges
SYNEXP_01570,performance,Neutral,performance is adequate for basic tasks
SYNEXP_01570,camera,Negative,portraits often blur the edges
SYNEXP_01570,battery,Positive,charging has fitted well into my routine
SYNEXP_01571,camera,Negative,night photos come out soft
SYNEXP_01571,display,Neutral,colours look fairly standard
SYNEXP_01572,display,Negative,fine text looks less sharp than I hoped
SYNEXP_01572,camera,Negative,the camera loses detail indoors
SYNEXP_01573,battery,Negative,standby drain is noticeable overnight
SYNEXP_01573,design,Positive,its shape is comfortable to hold
SYNEXP_01573,display,Positive,the display stays readable outdoors
SYNEXP_01574,performance,Neutral,multitasking is workable without standing out
SYNEXP_01574,display,Positive,brightness adjusts well in changing light
SYNEXP_01574,design,Neutral,its weight is manageable
SYNEXP_01575,design,Positive,the weight feels well balanced
SYNEXP_01575,battery,Positive,the battery holds up during long commutes
SYNEXP_01576,camera,Positive,photos retain pleasing detail in daylight
SYNEXP_01576,performance,Negative,menus sometimes lag behind my taps
SYNEXP_01577,camera,Negative,autofocus misses moving subjects
SYNEXP_01577,display,Positive,the display makes videos enjoyable
SYNEXP_01578,performance,Negative,gaming sessions bring noticeable stutter
SYNEXP_01578,battery,Negative,the battery drains faster than I expected
SYNEXP_01578,camera,Negative,night photos come out soft
SYNEXP_01578,design,Neutral,the design is practical rather than memorable
SYNEXP_01579,design,Positive,the buttons feel thoughtfully placed
SYNEXP_01579,camera,Negative,portraits often blur the edges
SYNEXP_01579,performance,Neutral,multitasking is workable without standing out
SYNEXP_01579,display,Positive,text appears crisp on the panel
SYNEXP_01580,battery,Neutral,the battery gets me through an average day
SYNEXP_01580,camera,Positive,the camera captures natural colours
SYNEXP_01580,performance,Positive,the phone stays responsive under a busy workload
SYNEXP_01581,design,Positive,the weight feels well balanced
SYNEXP_01581,battery,Positive,it rarely needs a midday top-up
SYNEXP_01582,performance,Neutral,the speed feels normal for routine use
SYNEXP_01582,battery,Positive,I finish most days with power to spare
SYNEXP_01582,camera,Negative,colours in photos sometimes look unnatural
SYNEXP_01583,display,Positive,scrolling looks smooth
SYNEXP_01583,performance,Positive,games run consistently in my sessions
SYNEXP_01583,battery,Neutral,charging speed feels fairly ordinary
SYNEXP_01583,design,Positive,its shape is comfortable to hold
SYNEXP_01584,camera,Neutral,image quality is acceptable in good light
SYNEXP_01584,performance,Negative,performance drops when several apps are open
SYNEXP_01584,battery,Positive,the battery holds up during long commutes
SYNEXP_01584,display,Positive,the display stays readable outdoors
SYNEXP_01585,battery,Positive,the charge comfortably lasts into the evening
SYNEXP_01585,display,Neutral,the display is usable in most places
SYNEXP_01585,camera,Neutral,video quality meets my basic needs
SYNEXP_01586,battery,Positive,it rarely needs a midday top-up
SYNEXP_01586,display,Positive,scrolling looks smooth
SYNEXP_01587,battery,Neutral,power use has been neither remarkable nor troublesome
SYNEXP_01587,camera,Positive,focus locks on reliably for quick shots
SYNEXP_01588,battery,Negative,the battery struggles on busy days
SYNEXP_01588,performance,Negative,gaming sessions bring noticeable stutter
SYNEXP_01589,design,Positive,the build feels solid in my hand
SYNEXP_01589,display,Neutral,colours look fairly standard
SYNEXP_01589,battery,Positive,the battery holds up during long commutes
SYNEXP_01589,performance,Negative,the device warms up and slows down during games
SYNEXP_01590,design,Neutral,the design is practical rather than memorable
SYNEXP_01590,battery,Neutral,battery life is adequate for my usual schedule
SYNEXP_01590,performance,Positive,performance has remained steady after weeks of use
SYNEXP_01591,display,Negative,scrolling does not feel as smooth as expected
SYNEXP_01591,battery,Neutral,the battery gets me through an average day
SYNEXP_01592,performance,Neutral,the speed feels normal for routine use
SYNEXP_01592,battery,Positive,charging has fitted well into my routine
SYNEXP_01593,display,Neutral,screen brightness is adequate indoors
SYNEXP_01593,performance,Positive,animations feel fluid
SYNEXP_01593,camera,Negative,the camera loses detail indoors
SYNEXP_01593,battery,Positive,the battery holds up during long commutes
SYNEXP_01594,design,Positive,the build feels solid in my hand
SYNEXP_01594,performance,Positive,games run consistently in my sessions
SYNEXP_01594,camera,Negative,the camera loses detail indoors
SYNEXP_01595,performance,Positive,games run consistently in my sessions
SYNEXP_01595,display,Positive,brightness adjusts well in changing light
SYNEXP_01595,battery,Positive,charging has fitted well into my routine
SYNEXP_01595,design,Neutral,the build feels ordinary for its price
SYNEXP_01596,battery,Negative,I often need to recharge before dinner
SYNEXP_01596,camera,Neutral,video quality meets my basic needs
SYNEXP_01597,display,Neutral,the panel does its job without surprises
SYNEXP_01597,camera,Negative,video looks shaky when I move
SYNEXP_01598,display,Negative,display colours look washed out
SYNEXP_01598,design,Positive,the design is understated and attractive
SYNEXP_01598,performance,Positive,switching between tasks feels smooth
SYNEXP_01598,camera,Positive,night photos have been better than expected
SYNEXP_01599,performance,Negative,performance drops when several apps are open
SYNEXP_01599,battery,Negative,charging feels slow when I am in a hurry
SYNEXP_01600,display,Positive,brightness adjusts well in changing light
SYNEXP_01600,battery,Neutral,battery life is adequate for my usual schedule
SYNEXP_01601,battery,Positive,charging has fitted well into my routine
SYNEXP_01601,display,Neutral,the panel does its job without surprises
SYNEXP_01602,camera,Positive,night photos have been better than expected
SYNEXP_01602,display,Positive,screen colours look balanced
SYNEXP_01602,battery,Positive,battery endurance has been dependable
SYNEXP_01602,performance,Negative,performance drops when several apps are open
SYNEXP_01603,performance,Neutral,multitasking is workable without standing out
SYNEXP_01603,design,Neutral,the design is practical rather than memorable
SYNEXP_01604,battery,Neutral,charging speed feels fairly ordinary
SYNEXP_01604,performance,Positive,games run consistently in my sessions
SYNEXP_01604,design,Positive,the build feels solid in my hand
SYNEXP_01604,camera,Negative,night photos come out soft
SYNEXP_01605,design,Neutral,the build feels ordinary for its price
SYNEXP_01605,camera,Positive,the camera captures natural colours
SYNEXP_01605,performance,Positive,performance has remained steady after weeks of use
SYNEXP_01605,battery,Positive,charging has fitted well into my routine
SYNEXP_01606,camera,Neutral,image quality is acceptable in good light
SYNEXP_01606,display,Neutral,the panel does its job without surprises
SYNEXP_01607,performance,Positive,switching between tasks feels smooth
SYNEXP_01607,battery,Negative,power drops quickly during navigation
SYNEXP_01608,battery,Neutral,power use has been neither remarkable nor troublesome
SYNEXP_01608,display,Neutral,colours look fairly standard
SYNEXP_01608,performance,Positive,performance has remained steady after weeks of use
SYNEXP_01609,display,Negative,fine text looks less sharp than I hoped
SYNEXP_01609,design,Negative,the buttons are difficult to reach
SYNEXP_01609,battery,Positive,it rarely needs a midday top-up
SYNEXP_01610,performance,Positive,the phone stays responsive under a busy workload
SYNEXP_01610,camera,Positive,portraits look sharp without much effort
SYNEXP_01610,display,Negative,the screen is hard to read in sunlight
SYNEXP_01610,design,Negative,the finish picks up marks easily
SYNEXP_01611,battery,Neutral,power use has been neither remarkable nor troublesome
SYNEXP_01611,design,Positive,the finish has held up well
SYNEXP_01611,display,Negative,the screen is hard to read in sunlight
SYNEXP_01612,design,Negative,the frame feels less sturdy than expected
SYNEXP_01612,performance,Positive,the phone stays responsive under a busy workload
SYNEXP_01612,camera,Positive,photos retain pleasing detail in daylight
SYNEXP_01612,display,Positive,brightness adjusts well in changing light
SYNEXP_01613,display,Positive,brightness adjusts well in changing light
SYNEXP_01613,performance,Neutral,the speed feels normal for routine use
SYNEXP_01613,camera,Positive,portraits look sharp without much effort
SYNEXP_01614,performance,Negative,gaming sessions bring noticeable stutter
SYNEXP_01614,display,Negative,the panel appears dim outdoors
SYNEXP_01614,battery,Neutral,charging speed feels fairly ordinary
SYNEXP_01614,camera,Negative,portraits often blur the edges
SYNEXP_01615,design,Negative,the finish picks up marks easily
SYNEXP_01615,performance,Neutral,multitasking is workable without standing out
SYNEXP_01615,battery,Neutral,the battery gets me through an average day
SYNEXP_01616,performance,Neutral,apps run at a reasonable pace
SYNEXP_01616,display,Positive,scrolling looks smooth
SYNEXP_01616,camera,Positive,portraits look sharp without much effort
SYNEXP_01616,design,Neutral,its weight is manageable
SYNEXP_01617,display,Negative,scrolling does not feel as smooth as expected
SYNEXP_01617,performance,Positive,performance has remained steady after weeks of use
SYNEXP_01618,display,Negative,the screen is hard to read in sunlight
SYNEXP_01618,performance,Neutral,performance is adequate for basic tasks
SYNEXP_01618,design,Neutral,the build feels ordinary for its price
SYNEXP_01618,battery,Positive,battery endurance has been dependable
SYNEXP_01619,design,Negative,the buttons are difficult to reach
SYNEXP_01619,camera,Neutral,the camera feels typical for this range
SYNEXP_01620,camera,Positive,photos retain pleasing detail in daylight
SYNEXP_01620,performance,Positive,performance has remained steady after weeks of use
SYNEXP_01621,display,Negative,the screen is hard to read in sunlight
SYNEXP_01621,camera,Positive,video remains steady when I walk
SYNEXP_01621,performance,Positive,animations feel fluid
SYNEXP_01621,design,Positive,the design is understated and attractive
SYNEXP_01622,design,Positive,the weight feels well balanced
SYNEXP_01622,performance,Negative,the device warms up and slows down during games
SYNEXP_01623,display,Negative,display colours look washed out
SYNEXP_01623,camera,Positive,photos retain pleasing detail in daylight
SYNEXP_01623,performance,Positive,animations feel fluid
SYNEXP_01624,display,Positive,screen colours look balanced
SYNEXP_01624,design,Negative,the design feels bulky in a pocket
SYNEXP_01624,battery,Neutral,the battery gets me through an average day
SYNEXP_01625,camera,Positive,photos retain pleasing detail in daylight
SYNEXP_01625,battery,Negative,charging feels slow when I am in a hurry
SYNEXP_01626,camera,Negative,autofocus misses moving subjects
SYNEXP_01626,display,Neutral,colours look fairly standard
SYNEXP_01627,display,Positive,scrolling looks smooth
SYNEXP_01627,battery,Negative,standby drain is noticeable overnight
SYNEXP_01627,design,Positive,the build feels solid in my hand
SYNEXP_01627,camera,Positive,night photos have been better than expected
SYNEXP_01628,performance,Positive,apps open quickly during everyday use
SYNEXP_01628,design,Positive,the build feels solid in my hand
SYNEXP_01628,display,Positive,text appears crisp on the panel
SYNEXP_01629,display,Positive,the display stays readable outdoors
SYNEXP_01629,performance,Neutral,the speed feels normal for routine use
SYNEXP_01629,battery,Neutral,the battery gets me through an average day
SYNEXP_01630,design,Positive,the design is understated and attractive
SYNEXP_01630,battery,Positive,it rarely needs a midday top-up
SYNEXP_01631,battery,Negative,the battery struggles on busy days
SYNEXP_01631,design,Positive,the buttons feel thoughtfully placed
SYNEXP_01631,display,Negative,touch response occasionally misses a swipe
SYNEXP_01632,camera,Neutral,video quality meets my basic needs
SYNEXP_01632,design,Negative,the weight becomes tiring after a while
SYNEXP_01632,battery,Negative,I often need to recharge before dinner
SYNEXP_01632,performance,Negative,the device warms up and slows down during games
SYNEXP_01633,display,Positive,text appears crisp on the panel
SYNEXP_01633,design,Negative,the finish picks up marks easily
SYNEXP_01633,battery,Negative,standby drain is noticeable overnight
SYNEXP_01634,battery,Negative,the battery struggles on busy days
SYNEXP_01634,performance,Positive,the phone stays responsive under a busy workload
SYNEXP_01635,battery,Positive,charging has fitted well into my routine
SYNEXP_01635,camera,Negative,the camera loses detail indoors
SYNEXP_01636,performance,Neutral,apps run at a reasonable pace
SYNEXP_01636,battery,Positive,I finish most days with power to spare
SYNEXP_01636,design,Positive,the finish has held up well
SYNEXP_01637,display,Neutral,screen brightness is adequate indoors
SYNEXP_01637,design,Negative,the weight becomes tiring after a while
SYNEXP_01637,battery,Positive,the charge comfortably lasts into the evening
SYNEXP_01637,camera,Positive,portraits look sharp without much effort
SYNEXP_01638,camera,Negative,colours in photos sometimes look unnatural
SYNEXP_01638,design,Negative,the phone is awkward to hold for long
SYNEXP_01638,display,Positive,scrolling looks smooth
SYNEXP_01638,battery,Neutral,battery life is adequate for my usual schedule
SYNEXP_01639,design,Positive,its shape is comfortable to hold
SYNEXP_01639,performance,Positive,games run consistently in my sessions
SYNEXP_01639,battery,Positive,charging has fitted well into my routine
SYNEXP_01640,performance,Positive,animations feel fluid
SYNEXP_01640,battery,Neutral,power use has been neither remarkable nor troublesome
SYNEXP_01640,display,Negative,the screen is hard to read in sunlight
SYNEXP_01641,battery,Neutral,power use has been neither remarkable nor troublesome
SYNEXP_01641,camera,Positive,the camera captures natural colours
SYNEXP_01641,performance,Negative,the device warms up and slows down during games
SYNEXP_01641,design,Neutral,its weight is manageable
SYNEXP_01642,camera,Positive,night photos have been better than expected
SYNEXP_01642,design,Neutral,its weight is manageable
SYNEXP_01642,battery,Positive,the battery holds up during long commutes
SYNEXP_01642,display,Positive,the display stays readable outdoors
SYNEXP_01643,display,Negative,touch response occasionally misses a swipe
SYNEXP_01643,camera,Neutral,the camera feels typical for this range
SYNEXP_01644,camera,Neutral,video quality meets my basic needs
SYNEXP_01644,design,Negative,the buttons are difficult to reach
SYNEXP_01645,camera,Positive,night photos have been better than expected
SYNEXP_01645,battery,Negative,I often need to recharge before dinner
SYNEXP_01645,display,Positive,the display makes videos enjoyable
SYNEXP_01645,design,Neutral,its weight is manageable
SYNEXP_01646,camera,Neutral,image quality is acceptable in good light
SYNEXP_01646,performance,Neutral,multitasking is workable without standing out
SYNEXP_01646,display,Negative,touch response occasionally misses a swipe
SYNEXP_01647,battery,Positive,it rarely needs a midday top-up
SYNEXP_01647,camera,Neutral,the camera is fine for casual photos
SYNEXP_01647,performance,Negative,the device warms up and slows down during games
SYNEXP_01647,display,Neutral,the display is usable in most places
SYNEXP_01648,design,Negative,the frame feels less sturdy than expected
SYNEXP_01648,performance,Negative,the device warms up and slows down during games
SYNEXP_01648,display,Negative,the panel appears dim outdoors
SYNEXP_01649,camera,Negative,portraits often blur the edges
SYNEXP_01649,design,Positive,the buttons feel thoughtfully placed
SYNEXP_01649,battery,Neutral,power use has been neither remarkable nor troublesome
SYNEXP_01650,camera,Positive,the camera captures natural colours
SYNEXP_01650,display,Neutral,the display is usable in most places
SYNEXP_01650,battery,Negative,charging feels slow when I am in a hurry
SYNEXP_01650,performance,Neutral,apps run at a reasonable pace
SYNEXP_01651,design,Positive,the buttons feel thoughtfully placed
SYNEXP_01651,camera,Negative,autofocus misses moving subjects
SYNEXP_01651,battery,Positive,it rarely needs a midday top-up
SYNEXP_01651,display,Neutral,the display is usable in most places
SYNEXP_01652,battery,Negative,charging feels slow when I am in a hurry
SYNEXP_01652,design,Positive,the build feels solid in my hand
SYNEXP_01652,camera,Neutral,image quality is acceptable in good light
SYNEXP_01652,performance,Positive,apps open quickly during everyday use
SYNEXP_01653,battery,Neutral,the battery gets me through an average day
SYNEXP_01653,camera,Neutral,image quality is acceptable in good light
SYNEXP_01654,performance,Positive,the phone stays responsive under a busy workload
SYNEXP_01654,display,Negative,display colours look washed out
SYNEXP_01655,design,Neutral,the design is practical rather than memorable
SYNEXP_01655,performance,Negative,gaming sessions bring noticeable stutter
SYNEXP_01655,display,Neutral,screen brightness is adequate indoors
SYNEXP_01655,battery,Negative,power drops quickly during navigation
SYNEXP_01656,camera,Positive,focus locks on reliably for quick shots
SYNEXP_01656,design,Neutral,its weight is manageable
SYNEXP_01657,camera,Positive,the camera captures natural colours
SYNEXP_01657,performance,Positive,the phone stays responsive under a busy workload
SYNEXP_01657,design,Positive,the finish has held up well
SYNEXP_01657,battery,Neutral,charging speed feels fairly ordinary
SYNEXP_01658,design,Neutral,the physical layout takes little time to learn
SYNEXP_01658,display,Positive,the display stays readable outdoors
SYNEXP_01658,battery,Positive,the battery holds up during long commutes
SYNEXP_01659,camera,Positive,focus locks on reliably for quick shots
SYNEXP_01659,battery,Neutral,charging speed feels fairly ordinary
SYNEXP_01659,design,Positive,the build feels solid in my hand
SYNEXP_01660,display,Positive,screen colours look balanced
SYNEXP_01660,performance,Positive,switching between tasks feels smooth
SYNEXP_01660,battery,Positive,I finish most days with power to spare
SYNEXP_01660,camera,Neutral,image quality is acceptable in good light
SYNEXP_01661,camera,Positive,video remains steady when I walk
SYNEXP_01661,performance,Neutral,multitasking is workable without standing out
SYNEXP_01661,battery,Neutral,charging speed feels fairly ordinary
SYNEXP_01662,battery,Neutral,power use has been neither remarkable nor troublesome
SYNEXP_01662,design,Neutral,the physical layout takes little time to learn
SYNEXP_01662,performance,Neutral,performance is adequate for basic tasks
SYNEXP_01662,camera,Neutral,the camera is fine for casual photos
SYNEXP_01663,display,Neutral,the panel does its job without surprises
SYNEXP_01663,performance,Negative,the device warms up and slows down during games
SYNEXP_01664,display,Positive,screen colours look balanced
SYNEXP_01664,battery,Negative,power drops quickly during navigation
SYNEXP_01665,battery,Negative,the battery drains faster than I expected
SYNEXP_01665,camera,Negative,portraits often blur the edges
SYNEXP_01665,display,Neutral,colours look fairly standard
SYNEXP_01666,display,Negative,scrolling does not feel as smooth as expected
SYNEXP_01666,battery,Positive,the battery holds up during long commutes
SYNEXP_01667,camera,Neutral,the camera feels typical for this range
SYNEXP_01667,display,Neutral,screen brightness is adequate indoors
SYNEXP_01667,performance,Positive,performance has remained steady after weeks of use
SYNEXP_01667,design,Positive,the build feels solid in my hand
SYNEXP_01668,design,Neutral,the physical layout takes little time to learn
SYNEXP_01668,camera,Positive,the camera captures natural colours
SYNEXP_01668,display,Positive,brightness adjusts well in changing light
SYNEXP_01669,camera,Neutral,video quality meets my basic needs
SYNEXP_01669,battery,Positive,it rarely needs a midday top-up
SYNEXP_01669,performance,Negative,apps pause when I switch between them
SYNEXP_01670,battery,Positive,battery endurance has been dependable
SYNEXP_01670,display,Negative,display colours look washed out
SYNEXP_01671,display,Positive,brightness adjusts well in changing light
SYNEXP_01671,design,Positive,the buttons feel thoughtfully placed
SYNEXP_01671,camera,Negative,the camera loses detail indoors
SYNEXP_01671,battery,Neutral,battery life is adequate for my usual schedule
SYNEXP_01672,camera,Neutral,the camera feels typical for this range
SYNEXP_01672,design,Positive,the design is understated and attractive
SYNEXP_01672,battery,Positive,battery endurance has been dependable
SYNEXP_01673,design,Negative,the buttons are difficult to reach
SYNEXP_01673,camera,Positive,the camera captures natural colours
SYNEXP_01673,performance,Positive,switching between tasks feels smooth
SYNEXP_01674,battery,Negative,the battery struggles on busy days
SYNEXP_01674,camera,Negative,autofocus misses moving subjects
SYNEXP_01674,design,Positive,the design is understated and attractive
SYNEXP_01674,display,Neutral,the display is usable in most places
SYNEXP_01675,design,Negative,the design feels bulky in a pocket
SYNEXP_01675,camera,Positive,photos retain pleasing detail in daylight
SYNEXP_01675,display,Neutral,the display is usable in most places
SYNEXP_01676,battery,Negative,standby drain is noticeable overnight
SYNEXP_01676,design,Positive,the build feels solid in my hand
SYNEXP_01677,design,Positive,the design is understated and attractive
SYNEXP_01677,battery,Negative,charging feels slow when I am in a hurry
SYNEXP_01677,display,Neutral,the panel does its job without surprises
SYNEXP_01678,display,Positive,scrolling looks smooth
SYNEXP_01678,design,Positive,the build feels solid in my hand
SYNEXP_01679,performance,Positive,switching between tasks feels smooth
SYNEXP_01679,design,Positive,the buttons feel thoughtfully placed
SYNEXP_01680,display,Positive,scrolling looks smooth
SYNEXP_01680,camera,Negative,night photos come out soft
SYNEXP_01680,design,Neutral,the build feels ordinary for its price
SYNEXP_01680,battery,Negative,the battery struggles on busy days
SYNEXP_01681,design,Neutral,the design is practical rather than memorable
SYNEXP_01681,battery,Positive,the battery holds up during long commutes
SYNEXP_01682,camera,Neutral,image quality is acceptable in good light
SYNEXP_01682,design,Positive,the design is understated and attractive
SYNEXP_01682,display,Negative,touch response occasionally misses a swipe
SYNEXP_01683,camera,Neutral,the camera feels typical for this range
SYNEXP_01683,performance,Positive,apps open quickly during everyday use
SYNEXP_01683,display,Positive,brightness adjusts well in changing light
SYNEXP_01684,design,Positive,the weight feels well balanced
SYNEXP_01684,display,Positive,brightness adjusts well in changing light
SYNEXP_01685,camera,Positive,focus locks on reliably for quick shots
SYNEXP_01685,performance,Negative,the phone feels sluggish after a few minutes
SYNEXP_01685,design,Neutral,the build feels ordinary for its price
SYNEXP_01686,battery,Positive,the charge comfortably lasts into the evening
SYNEXP_01686,display,Neutral,the display is usable in most places
SYNEXP_01686,performance,Neutral,the speed feels normal for routine use
SYNEXP_01687,performance,Negative,the phone feels sluggish after a few minutes
SYNEXP_01687,design,Positive,the finish has held up well
SYNEXP_01687,battery,Negative,standby drain is noticeable overnight
SYNEXP_01688,design,Positive,the buttons feel thoughtfully placed
SYNEXP_01688,display,Neutral,the display is usable in most places
SYNEXP_01688,camera,Neutral,video quality meets my basic needs
SYNEXP_01689,display,Negative,the panel appears dim outdoors
SYNEXP_01689,design,Neutral,its weight is manageable
SYNEXP_01690,battery,Negative,charging feels slow when I am in a hurry
SYNEXP_01690,design,Positive,the finish has held up well
SYNEXP_01691,camera,Positive,the camera captures natural colours
SYNEXP_01691,design,Positive,the design is understated and attractive
SYNEXP_01691,display,Positive,text appears crisp on the panel
SYNEXP_01691,performance,Neutral,apps run at a reasonable pace
SYNEXP_01692,design,Positive,the finish has held up well
SYNEXP_01692,camera,Positive,night photos have been better than expected
SYNEXP_01692,performance,Positive,games run consistently in my sessions
SYNEXP_01692,display,Negative,scrolling does not feel as smooth as expected
SYNEXP_01693,design,Positive,the finish has held up well
SYNEXP_01693,battery,Positive,the battery holds up during long commutes
SYNEXP_01693,performance,Positive,switching between tasks feels smooth
SYNEXP_01694,battery,Positive,the charge comfortably lasts into the evening
SYNEXP_01694,display,Negative,touch response occasionally misses a swipe
SYNEXP_01694,camera,Negative,colours in photos sometimes look unnatural
SYNEXP_01694,design,Positive,the design is understated and attractive
SYNEXP_01695,performance,Positive,performance has remained steady after weeks of use
SYNEXP_01695,display,Negative,the screen is hard to read in sunlight
SYNEXP_01696,battery,Neutral,charging speed feels fairly ordinary
SYNEXP_01696,display,Neutral,screen brightness is adequate indoors
SYNEXP_01696,camera,Positive,portraits look sharp without much effort
SYNEXP_01697,battery,Positive,I finish most days with power to spare
SYNEXP_01697,performance,Neutral,apps run at a reasonable pace
SYNEXP_01698,battery,Negative,standby drain is noticeable overnight
SYNEXP_01698,performance,Positive,games run consistently in my sessions
SYNEXP_01699,performance,Positive,animations feel fluid
SYNEXP_01699,design,Positive,its shape is comfortable to hold
SYNEXP_01699,display,Positive,text appears crisp on the panel
SYNEXP_01700,performance,Negative,menus sometimes lag behind my taps
SYNEXP_01700,design,Positive,the design is understated and attractive
SYNEXP_01700,camera,Negative,video looks shaky when I move
SYNEXP_01700,battery,Neutral,the battery gets me through an average day
SYNEXP_01701,camera,Neutral,image quality is acceptable in good light
SYNEXP_01701,display,Neutral,the display is usable in most places
SYNEXP_01701,design,Negative,the weight becomes tiring after a while
SYNEXP_01702,design,Positive,its shape is comfortable to hold
SYNEXP_01702,performance,Negative,apps pause when I switch between them
SYNEXP_01703,camera,Positive,focus locks on reliably for quick shots
SYNEXP_01703,design,Negative,the frame feels less sturdy than expected
SYNEXP_01703,display,Positive,scrolling looks smooth
SYNEXP_01703,performance,Positive,animations feel fluid
SYNEXP_01704,display,Positive,scrolling looks smooth
SYNEXP_01704,camera,Negative,night photos come out soft
SYNEXP_01704,performance,Negative,apps pause when I switch between them
SYNEXP_01705,battery,Neutral,the battery gets me through an average day
SYNEXP_01705,design,Positive,the weight feels well balanced
SYNEXP_01705,camera,Positive,photos retain pleasing detail in daylight
SYNEXP_01706,performance,Neutral,apps run at a reasonable pace
SYNEXP_01706,design,Neutral,the build feels ordinary for its price
SYNEXP_01706,camera,Positive,night photos have been better than expected
SYNEXP_01706,battery,Negative,the battery struggles on busy days
SYNEXP_01707,display,Positive,text appears crisp on the panel
SYNEXP_01707,performance,Positive,games run consistently in my sessions
SYNEXP_01707,battery,Neutral,power use has been neither remarkable nor troublesome
SYNEXP_01707,design,Neutral,the physical layout takes little time to learn
SYNEXP_01708,camera,Positive,video remains steady when I walk
SYNEXP_01708,display,Negative,scrolling does not feel as smooth as expected
SYNEXP_01708,design,Negative,the weight becomes tiring after a while
SYNEXP_01709,display,Negative,touch response occasionally misses a swipe
SYNEXP_01709,camera,Positive,portraits look sharp without much effort
SYNEXP_01710,performance,Positive,games run consistently in my sessions
SYNEXP_01710,battery,Neutral,charging speed feels fairly ordinary
SYNEXP_01710,design,Negative,the buttons are difficult to reach
SYNEXP_01711,display,Positive,the display makes videos enjoyable
SYNEXP_01711,performance,Positive,games run consistently in my sessions
SYNEXP_01711,battery,Neutral,the battery gets me through an average day
SYNEXP_01712,performance,Positive,performance has remained steady after weeks of use
SYNEXP_01712,display,Positive,the display stays readable outdoors
SYNEXP_01713,design,Neutral,the design is practical rather than memorable
SYNEXP_01713,battery,Positive,I finish most days with power to spare
SYNEXP_01713,performance,Positive,games run consistently in my sessions
SYNEXP_01714,display,Positive,text appears crisp on the panel
SYNEXP_01714,battery,Neutral,battery life is adequate for my usual schedule
SYNEXP_01715,design,Negative,the phone is awkward to hold for long
SYNEXP_01715,display,Neutral,screen brightness is adequate indoors
SYNEXP_01715,battery,Negative,power drops quickly during navigation
SYNEXP_01716,performance,Positive,the phone stays responsive under a busy workload
SYNEXP_01716,battery,Positive,the battery holds up during long commutes
SYNEXP_01716,camera,Negative,the camera loses detail indoors
SYNEXP_01717,performance,Positive,the phone stays responsive under a busy workload
SYNEXP_01717,design,Negative,the design feels bulky in a pocket
SYNEXP_01718,display,Negative,the screen is hard to read in sunlight
SYNEXP_01718,camera,Negative,autofocus misses moving subjects
SYNEXP_01718,performance,Negative,apps pause when I switch between them
SYNEXP_01719,battery,Neutral,battery life is adequate for my usual schedule
SYNEXP_01719,camera,Neutral,image quality is acceptable in good light
SYNEXP_01719,performance,Positive,apps open quickly during everyday use
SYNEXP_01720,performance,Negative,apps pause when I switch between them
SYNEXP_01720,design,Neutral,its weight is manageable
SYNEXP_01720,battery,Positive,charging has fitted well into my routine
SYNEXP_01720,camera,Positive,photos retain pleasing detail in daylight
SYNEXP_01721,camera,Negative,portraits often blur the edges
SYNEXP_01721,performance,Positive,games run consistently in my sessions
SYNEXP_01722,design,Positive,the design is understated and attractive
SYNEXP_01722,performance,Neutral,performance is adequate for basic tasks
SYNEXP_01723,performance,Neutral,the speed feels normal for routine use
SYNEXP_01723,battery,Positive,battery endurance has been dependable
SYNEXP_01724,display,Neutral,the panel does its job without surprises
SYNEXP_01724,design,Negative,the weight becomes tiring after a while
SYNEXP_01724,battery,Positive,I finish most days with power to spare
SYNEXP_01724,performance,Negative,apps pause when I switch between them
SYNEXP_01725,camera,Negative,the camera loses detail indoors
SYNEXP_01725,performance,Negative,gaming sessions bring noticeable stutter
SYNEXP_01726,battery,Positive,it rarely needs a midday top-up
SYNEXP_01726,design,Neutral,the design is practical rather than memorable
SYNEXP_01726,camera,Neutral,image quality is acceptable in good light
SYNEXP_01727,display,Positive,screen colours look balanced
SYNEXP_01727,camera,Positive,focus locks on reliably for quick shots
SYNEXP_01727,performance,Negative,the phone feels sluggish after a few minutes
SYNEXP_01728,design,Neutral,the build feels ordinary for its price
SYNEXP_01728,battery,Negative,standby drain is noticeable overnight
SYNEXP_01729,display,Positive,brightness adjusts well in changing light
SYNEXP_01729,performance,Negative,apps pause when I switch between them
SYNEXP_01730,display,Neutral,the panel does its job without surprises
SYNEXP_01730,design,Positive,the finish has held up well
SYNEXP_01731,display,Positive,the display stays readable outdoors
SYNEXP_01731,camera,Neutral,the camera is fine for casual photos
SYNEXP_01731,performance,Neutral,the speed feels normal for routine use
SYNEXP_01732,performance,Positive,switching between tasks feels smooth
SYNEXP_01732,design,Negative,the buttons are difficult to reach
SYNEXP_01733,design,Neutral,its weight is manageable
SYNEXP_01733,display,Positive,scrolling looks smooth
SYNEXP_01733,battery,Negative,power drops quickly during navigation
SYNEXP_01734,camera,Positive,night photos have been better than expected
SYNEXP_01734,performance,Negative,apps pause when I switch between them
SYNEXP_01735,camera,Positive,focus locks on reliably for quick shots
SYNEXP_01735,battery,Neutral,charging speed feels fairly ordinary
SYNEXP_01735,display,Positive,screen colours look balanced
SYNEXP_01736,camera,Neutral,video quality meets my basic needs
SYNEXP_01736,battery,Positive,the battery holds up during long commutes
SYNEXP_01736,display,Positive,the display stays readable outdoors
SYNEXP_01736,performance,Neutral,the speed feels normal for routine use
SYNEXP_01737,design,Negative,the weight becomes tiring after a while
SYNEXP_01737,performance,Negative,gaming sessions bring noticeable stutter
SYNEXP_01738,design,Positive,the build feels solid in my hand
SYNEXP_01738,performance,Negative,the phone feels sluggish after a few minutes
SYNEXP_01739,design,Positive,the build feels solid in my hand
SYNEXP_01739,display,Negative,the panel appears dim outdoors
SYNEXP_01739,performance,Positive,apps open quickly during everyday use
SYNEXP_01740,display,Positive,the display makes videos enjoyable
SYNEXP_01740,performance,Negative,gaming sessions bring noticeable stutter
SYNEXP_01741,battery,Positive,charging has fitted well into my routine
SYNEXP_01741,camera,Neutral,image quality is acceptable in good light
SYNEXP_01741,design,Positive,the weight feels well balanced
SYNEXP_01741,display,Negative,the panel appears dim outdoors
SYNEXP_01742,display,Negative,display colours look washed out
SYNEXP_01742,battery,Neutral,the battery gets me through an average day
SYNEXP_01742,design,Positive,the buttons feel thoughtfully placed
SYNEXP_01743,battery,Positive,charging has fitted well into my routine
SYNEXP_01743,design,Positive,the buttons feel thoughtfully placed
SYNEXP_01744,camera,Neutral,image quality is acceptable in good light
SYNEXP_01744,design,Neutral,the design is practical rather than memorable
SYNEXP_01745,design,Neutral,the physical layout takes little time to learn
SYNEXP_01745,performance,Negative,the phone feels sluggish after a few minutes
SYNEXP_01745,battery,Neutral,the battery gets me through an average day
SYNEXP_01746,display,Neutral,the display is usable in most places
SYNEXP_01746,design,Positive,the finish has held up well
SYNEXP_01746,performance,Neutral,multitasking is workable without standing out
SYNEXP_01747,performance,Positive,apps open quickly during everyday use
SYNEXP_01747,display,Neutral,the display is usable in most places
SYNEXP_01747,camera,Positive,video remains steady when I walk
SYNEXP_01747,battery,Positive,I finish most days with power to spare
SYNEXP_01748,battery,Negative,charging feels slow when I am in a hurry
SYNEXP_01748,camera,Positive,photos retain pleasing detail in daylight
SYNEXP_01748,performance,Neutral,performance is adequate for basic tasks
SYNEXP_01748,display,Positive,the display stays readable outdoors
SYNEXP_01749,battery,Positive,battery endurance has been dependable
SYNEXP_01749,display,Neutral,colours look fairly standard
SYNEXP_01750,display,Neutral,the display is usable in most places
SYNEXP_01750,performance,Negative,apps pause when I switch between them
SYNEXP_01751,battery,Negative,charging feels slow when I am in a hurry
SYNEXP_01751,display,Negative,touch response occasionally misses a swipe
SYNEXP_01751,design,Positive,the buttons feel thoughtfully placed
SYNEXP_01752,display,Positive,the display makes videos enjoyable
SYNEXP_01752,battery,Negative,the battery struggles on busy days
SYNEXP_01753,battery,Neutral,power use has been neither remarkable nor troublesome
SYNEXP_01753,performance,Neutral,performance is adequate for basic tasks
SYNEXP_01754,camera,Neutral,the camera is fine for casual photos
SYNEXP_01754,performance,Positive,games run consistently in my sessions
SYNEXP_01754,display,Positive,scrolling looks smooth
SYNEXP_01754,battery,Negative,standby drain is noticeable overnight
SYNEXP_01755,display,Positive,scrolling looks smooth
SYNEXP_01755,camera,Neutral,video quality meets my basic needs
SYNEXP_01755,design,Negative,the frame feels less sturdy than expected
SYNEXP_01755,performance,Negative,the device warms up and slows down during games
SYNEXP_01756,design,Positive,the buttons feel thoughtfully placed
SYNEXP_01756,battery,Neutral,battery life is adequate for my usual schedule
SYNEXP_01756,camera,Neutral,video quality meets my basic needs
SYNEXP_01757,design,Neutral,the design is practical rather than memorable
SYNEXP_01757,battery,Positive,the battery holds up during long commutes
SYNEXP_01758,display,Neutral,the panel does its job without surprises
SYNEXP_01758,design,Negative,the phone is awkward to hold for long
SYNEXP_01759,battery,Neutral,power use has been neither remarkable nor troublesome
SYNEXP_01759,design,Neutral,its weight is manageable
SYNEXP_01760,design,Negative,the phone is awkward to hold for long
SYNEXP_01760,display,Negative,scrolling does not feel as smooth as expected
SYNEXP_01760,performance,Positive,animations feel fluid
SYNEXP_01761,design,Neutral,the physical layout takes little time to learn
SYNEXP_01761,performance,Negative,apps pause when I switch between them
SYNEXP_01761,battery,Positive,charging has fitted well into my routine
SYNEXP_01761,display,Negative,fine text looks less sharp than I hoped
SYNEXP_01762,display,Negative,display colours look washed out
SYNEXP_01762,camera,Neutral,the camera feels typical for this range
SYNEXP_01763,battery,Neutral,the battery gets me through an average day
SYNEXP_01763,performance,Positive,games run consistently in my sessions
SYNEXP_01763,display,Positive,scrolling looks smooth
SYNEXP_01763,camera,Positive,night photos have been better than expected
SYNEXP_01764,performance,Negative,apps pause when I switch between them
SYNEXP_01764,design,Neutral,the physical layout takes little time to learn
SYNEXP_01764,battery,Negative,standby drain is noticeable overnight
SYNEXP_01764,display,Neutral,screen brightness is adequate indoors
SYNEXP_01765,design,Negative,the buttons are difficult to reach
SYNEXP_01765,camera,Negative,portraits often blur the edges
SYNEXP_01765,battery,Neutral,the battery gets me through an average day
SYNEXP_01765,display,Positive,text appears crisp on the panel
SYNEXP_01766,performance,Positive,switching between tasks feels smooth
SYNEXP_01766,display,Neutral,screen brightness is adequate indoors
SYNEXP_01767,camera,Neutral,the camera feels typical for this range
SYNEXP_01767,display,Negative,the screen is hard to read in sunlight
SYNEXP_01767,design,Neutral,the build feels ordinary for its price
SYNEXP_01767,battery,Neutral,power use has been neither remarkable nor troublesome
SYNEXP_01768,display,Negative,scrolling does not feel as smooth as expected
SYNEXP_01768,performance,Neutral,performance is adequate for basic tasks
SYNEXP_01768,design,Negative,the finish picks up marks easily
SYNEXP_01768,battery,Neutral,battery life is adequate for my usual schedule
SYNEXP_01769,display,Positive,text appears crisp on the panel
SYNEXP_01769,camera,Neutral,video quality meets my basic needs
SYNEXP_01769,battery,Negative,power drops quickly during navigation
SYNEXP_01769,design,Positive,the finish has held up well
SYNEXP_01770,display,Negative,the panel appears dim outdoors
SYNEXP_01770,camera,Neutral,the camera is fine for casual photos
SYNEXP_01771,camera,Neutral,video quality meets my basic needs
SYNEXP_01771,battery,Positive,charging has fitted well into my routine
SYNEXP_01772,battery,Positive,it rarely needs a midday top-up
SYNEXP_01772,design,Positive,the buttons feel thoughtfully placed
SYNEXP_01772,display,Positive,scrolling looks smooth
SYNEXP_01772,performance,Negative,the phone feels sluggish after a few minutes
SYNEXP_01773,battery,Negative,the battery struggles on busy days
SYNEXP_01773,display,Positive,screen colours look balanced
SYNEXP_01773,performance,Positive,performance has remained steady after weeks of use
SYNEXP_01774,performance,Neutral,multitasking is workable without standing out
SYNEXP_01774,display,Negative,display colours look washed out
SYNEXP_01774,design,Negative,the phone is awkward to hold for long
SYNEXP_01775,camera,Positive,the camera captures natural colours
SYNEXP_01775,display,Negative,touch response occasionally misses a swipe
SYNEXP_01775,design,Neutral,the design is practical rather than memorable
SYNEXP_01775,performance,Neutral,the speed feels normal for routine use
SYNEXP_01776,performance,Neutral,the speed feels normal for routine use
SYNEXP_01776,design,Positive,the finish has held up well
SYNEXP_01776,display,Negative,the panel appears dim outdoors
SYNEXP_01777,battery,Neutral,power use has been neither remarkable nor troublesome
SYNEXP_01777,performance,Negative,performance drops when several apps are open
SYNEXP_01777,display,Negative,touch response occasionally misses a swipe
SYNEXP_01777,camera,Positive,the camera captures natural colours
SYNEXP_01778,performance,Positive,apps open quickly during everyday use
SYNEXP_01778,camera,Positive,the camera captures natural colours
SYNEXP_01778,battery,Negative,standby drain is noticeable overnight
SYNEXP_01778,display,Positive,scrolling looks smooth
SYNEXP_01779,performance,Negative,gaming sessions bring noticeable stutter
SYNEXP_01779,design,Neutral,the design is practical rather than memorable
SYNEXP_01779,camera,Negative,colours in photos sometimes look unnatural
SYNEXP_01779,battery,Positive,I finish most days with power to spare
SYNEXP_01780,battery,Positive,the battery holds up during long commutes
SYNEXP_01780,display,Negative,the screen is hard to read in sunlight
SYNEXP_01781,camera,Negative,night photos come out soft
SYNEXP_01781,design,Positive,the build feels solid in my hand
SYNEXP_01781,battery,Negative,the battery drains faster than I expected
SYNEXP_01781,performance,Negative,the phone feels sluggish after a few minutes
SYNEXP_01782,display,Positive,text appears crisp on the panel
SYNEXP_01782,design,Neutral,the build feels ordinary for its price
SYNEXP_01782,battery,Neutral,charging speed feels fairly ordinary
SYNEXP_01783,design,Negative,the frame feels less sturdy than expected
SYNEXP_01783,display,Negative,the screen is hard to read in sunlight
SYNEXP_01783,camera,Positive,night photos have been better than expected
SYNEXP_01784,design,Negative,the frame feels less sturdy than expected
SYNEXP_01784,performance,Neutral,apps run at a reasonable pace
SYNEXP_01784,camera,Positive,video remains steady when I walk
SYNEXP_01784,display,Positive,scrolling looks smooth
SYNEXP_01785,display,Neutral,screen brightness is adequate indoors
SYNEXP_01785,camera,Neutral,image quality is acceptable in good light
SYNEXP_01785,performance,Negative,the phone feels sluggish after a few minutes
SYNEXP_01786,performance,Positive,the phone stays responsive under a busy workload
SYNEXP_01786,camera,Positive,photos retain pleasing detail in daylight
SYNEXP_01786,battery,Positive,the battery holds up during long commutes
SYNEXP_01787,camera,Positive,photos retain pleasing detail in daylight
SYNEXP_01787,design,Negative,the finish picks up marks easily
SYNEXP_01787,battery,Neutral,charging speed feels fairly ordinary
SYNEXP_01787,performance,Negative,performance drops when several apps are open
SYNEXP_01788,battery,Positive,it rarely needs a midday top-up
SYNEXP_01788,design,Positive,the build feels solid in my hand
SYNEXP_01788,display,Negative,touch response occasionally misses a swipe
SYNEXP_01788,camera,Neutral,video quality meets my basic needs
SYNEXP_01789,performance,Positive,games run consistently in my sessions
SYNEXP_01789,battery,Negative,charging feels slow when I am in a hurry
SYNEXP_01789,design,Positive,the finish has held up well
SYNEXP_01789,display,Positive,screen colours look balanced
SYNEXP_01790,design,Positive,the finish has held up well
SYNEXP_01790,battery,Neutral,power use has been neither remarkable nor troublesome
SYNEXP_01791,battery,Positive,I finish most days with power to spare
SYNEXP_01791,display,Negative,the panel appears dim outdoors
SYNEXP_01792,camera,Negative,colours in photos sometimes look unnatural
SYNEXP_01792,performance,Positive,apps open quickly during everyday use
SYNEXP_01793,performance,Neutral,multitasking is workable without standing out
SYNEXP_01793,design,Negative,the buttons are difficult to reach
SYNEXP_01793,display,Positive,the display makes videos enjoyable
SYNEXP_01794,battery,Positive,the battery holds up during long commutes
SYNEXP_01794,design,Negative,the weight becomes tiring after a while
SYNEXP_01795,display,Positive,the display makes videos enjoyable
SYNEXP_01795,battery,Neutral,charging speed feels fairly ordinary
SYNEXP_01795,performance,Neutral,performance is adequate for basic tasks
SYNEXP_01795,design,Negative,the design feels bulky in a pocket
SYNEXP_01796,performance,Positive,apps open quickly during everyday use
SYNEXP_01796,design,Neutral,the build feels ordinary for its price
SYNEXP_01797,camera,Positive,photos retain pleasing detail in daylight
SYNEXP_01797,design,Positive,the build feels solid in my hand
SYNEXP_01798,performance,Neutral,multitasking is workable without standing out
SYNEXP_01798,design,Negative,the frame feels less sturdy than expected
SYNEXP_01798,display,Positive,scrolling looks smooth
SYNEXP_01799,design,Positive,the weight feels well balanced
SYNEXP_01799,performance,Negative,menus sometimes lag behind my taps
SYNEXP_01799,battery,Positive,charging has fitted well into my routine
SYNEXP_01799,camera,Negative,video looks shaky when I move
SYNEXP_01800,design,Positive,the build feels solid in my hand
SYNEXP_01800,camera,Positive,the camera captures natural colours
SYNEXP_01801,camera,Positive,focus locks on reliably for quick shots
SYNEXP_01801,design,Neutral,its weight is manageable
SYNEXP_01802,camera,Neutral,video quality meets my basic needs
SYNEXP_01802,performance,Negative,performance drops when several apps are open
SYNEXP_01803,battery,Negative,the battery struggles on busy days
SYNEXP_01803,performance,Negative,apps pause when I switch between them
SYNEXP_01804,camera,Neutral,video quality meets my basic needs
SYNEXP_01804,display,Negative,touch response occasionally misses a swipe
SYNEXP_01804,design,Positive,the build feels solid in my hand
SYNEXP_01805,design,Positive,the build feels solid in my hand
SYNEXP_01805,performance,Negative,the phone feels sluggish after a few minutes
SYNEXP_01805,display,Positive,the display stays readable outdoors
SYNEXP_01805,camera,Neutral,image quality is acceptable in good light
SYNEXP_01806,design,Negative,the design feels bulky in a pocket
SYNEXP_01806,battery,Neutral,battery life is adequate for my usual schedule
SYNEXP_01807,design,Negative,the design feels bulky in a pocket
SYNEXP_01807,camera,Neutral,the camera is fine for casual photos
SYNEXP_01807,display,Positive,the display makes videos enjoyable
SYNEXP_01808,design,Negative,the buttons are difficult to reach
SYNEXP_01808,battery,Positive,I finish most days with power to spare
SYNEXP_01808,performance,Positive,games run consistently in my sessions
SYNEXP_01808,display,Positive,screen colours look balanced
SYNEXP_01809,battery,Positive,battery endurance has been dependable
SYNEXP_01809,performance,Negative,apps pause when I switch between them
SYNEXP_01809,camera,Neutral,video quality meets my basic needs
SYNEXP_01809,display,Positive,brightness adjusts well in changing light
SYNEXP_01810,camera,Positive,focus locks on reliably for quick shots
SYNEXP_01810,display,Negative,the panel appears dim outdoors
SYNEXP_01810,performance,Neutral,performance is adequate for basic tasks
SYNEXP_01811,battery,Positive,the battery holds up during long commutes
SYNEXP_01811,design,Neutral,the design is practical rather than memorable
SYNEXP_01811,camera,Neutral,image quality is acceptable in good light
SYNEXP_01811,display,Negative,display colours look washed out
SYNEXP_01812,display,Negative,display colours look washed out
SYNEXP_01812,performance,Neutral,the speed feels normal for routine use
SYNEXP_01813,design,Neutral,the physical layout takes little time to learn
SYNEXP_01813,performance,Positive,games run consistently in my sessions
SYNEXP_01813,display,Positive,the display makes videos enjoyable
SYNEXP_01813,battery,Negative,power drops quickly during navigation
SYNEXP_01814,camera,Positive,focus locks on reliably for quick shots
SYNEXP_01814,display,Negative,the panel appears dim outdoors
SYNEXP_01815,design,Negative,the frame feels less sturdy than expected
SYNEXP_01815,battery,Neutral,charging speed feels fairly ordinary
SYNEXP_01816,battery,Positive,I finish most days with power to spare
SYNEXP_01816,design,Negative,the frame feels less sturdy than expected
SYNEXP_01816,display,Neutral,the panel does its job without surprises
SYNEXP_01817,battery,Negative,the battery struggles on busy days
SYNEXP_01817,performance,Negative,apps pause when I switch between them
SYNEXP_01817,display,Positive,the display stays readable outdoors
SYNEXP_01817,camera,Positive,night photos have been better than expected
SYNEXP_01818,design,Neutral,its weight is manageable
SYNEXP_01818,camera,Positive,night photos have been better than expected
SYNEXP_01819,design,Negative,the weight becomes tiring after a while
SYNEXP_01819,battery,Negative,power drops quickly during navigation
SYNEXP_01820,performance,Neutral,performance is adequate for basic tasks
SYNEXP_01820,battery,Negative,the battery struggles on busy days
SYNEXP_01820,camera,Neutral,the camera feels typical for this range
SYNEXP_01820,design,Neutral,the physical layout takes little time to learn
SYNEXP_01821,battery,Neutral,the battery gets me through an average day
SYNEXP_01821,camera,Positive,focus locks on reliably for quick shots
SYNEXP_01821,performance,Positive,animations feel fluid
SYNEXP_01821,design,Positive,the design is understated and attractive
SYNEXP_01822,performance,Negative,performance drops when several apps are open
SYNEXP_01822,design,Negative,the buttons are difficult to reach
SYNEXP_01823,design,Positive,the build feels solid in my hand
SYNEXP_01823,battery,Negative,power drops quickly during navigation
SYNEXP_01823,performance,Negative,menus sometimes lag behind my taps
SYNEXP_01824,camera,Negative,portraits often blur the edges
SYNEXP_01824,display,Positive,the display makes videos enjoyable
SYNEXP_01825,display,Negative,touch response occasionally misses a swipe
SYNEXP_01825,camera,Neutral,the camera is fine for casual photos
SYNEXP_01825,design,Neutral,the physical layout takes little time to learn
SYNEXP_01826,battery,Positive,the charge comfortably lasts into the evening
SYNEXP_01826,camera,Positive,photos retain pleasing detail in daylight
SYNEXP_01826,design,Neutral,the physical layout takes little time to learn
SYNEXP_01827,battery,Positive,the charge comfortably lasts into the evening
SYNEXP_01827,design,Positive,the design is understated and attractive
SYNEXP_01827,performance,Neutral,the speed feels normal for routine use
SYNEXP_01828,camera,Negative,the camera loses detail indoors
SYNEXP_01828,display,Negative,touch response occasionally misses a swipe
SYNEXP_01829,performance,Positive,apps open quickly during everyday use
SYNEXP_01829,battery,Positive,charging has fitted well into my routine
SYNEXP_01829,display,Positive,text appears crisp on the panel
SYNEXP_01830,display,Positive,brightness adjusts well in changing light
SYNEXP_01830,performance,Neutral,performance is adequate for basic tasks
SYNEXP_01830,design,Negative,the finish picks up marks easily
SYNEXP_01830,camera,Positive,photos retain pleasing detail in daylight
SYNEXP_01831,design,Neutral,the design is practical rather than memorable
SYNEXP_01831,display,Positive,the display makes videos enjoyable
SYNEXP_01831,battery,Positive,the battery holds up during long commutes
SYNEXP_01831,camera,Neutral,video quality meets my basic needs
SYNEXP_01832,performance,Positive,switching between tasks feels smooth
SYNEXP_01832,battery,Negative,standby drain is noticeable overnight
SYNEXP_01832,display,Neutral,the panel does its job without surprises
SYNEXP_01833,display,Negative,fine text looks less sharp than I hoped
SYNEXP_01833,battery,Positive,the charge comfortably lasts into the evening
SYNEXP_01833,design,Positive,the finish has held up well
SYNEXP_01834,display,Positive,the display makes videos enjoyable
SYNEXP_01834,performance,Negative,menus sometimes lag behind my taps
SYNEXP_01834,camera,Positive,night photos have been better than expected
SYNEXP_01834,battery,Positive,the charge comfortably lasts into the evening
SYNEXP_01835,display,Negative,touch response occasionally misses a swipe
SYNEXP_01835,design,Negative,the frame feels less sturdy than expected
SYNEXP_01835,battery,Positive,charging has fitted well into my routine
SYNEXP_01835,camera,Positive,night photos have been better than expected
SYNEXP_01836,battery,Negative,I often need to recharge before dinner
SYNEXP_01836,display,Negative,display colours look washed out
SYNEXP_01837,battery,Negative,standby drain is noticeable overnight
SYNEXP_01837,camera,Neutral,image quality is acceptable in good light
SYNEXP_01838,camera,Neutral,the camera feels typical for this range
SYNEXP_01838,display,Positive,text appears crisp on the panel
SYNEXP_01839,design,Negative,the frame feels less sturdy than expected
SYNEXP_01839,battery,Neutral,charging speed feels fairly ordinary
SYNEXP_01840,design,Neutral,the physical layout takes little time to learn
SYNEXP_01840,display,Negative,touch response occasionally misses a swipe
SYNEXP_01840,battery,Neutral,power use has been neither remarkable nor troublesome
SYNEXP_01841,design,Neutral,its weight is manageable
SYNEXP_01841,battery,Positive,charging has fitted well into my routine
SYNEXP_01841,camera,Positive,video remains steady when I walk
SYNEXP_01841,display,Neutral,the display is usable in most places
SYNEXP_01842,camera,Neutral,the camera feels typical for this range
SYNEXP_01842,battery,Positive,it rarely needs a midday top-up
SYNEXP_01843,camera,Negative,colours in photos sometimes look unnatural
SYNEXP_01843,design,Positive,the weight feels well balanced
SYNEXP_01844,design,Positive,the buttons feel thoughtfully placed
SYNEXP_01844,performance,Positive,apps open quickly during everyday use
SYNEXP_01844,battery,Neutral,battery life is adequate for my usual schedule
SYNEXP_01844,camera,Positive,night photos have been better than expected
SYNEXP_01845,performance,Neutral,multitasking is workable without standing out
SYNEXP_01845,camera,Neutral,the camera feels typical for this range
SYNEXP_01846,design,Negative,the weight becomes tiring after a while
SYNEXP_01846,display,Positive,screen colours look balanced
SYNEXP_01846,battery,Positive,it rarely needs a midday top-up
SYNEXP_01847,battery,Neutral,charging speed feels fairly ordinary
SYNEXP_01847,display,Negative,scrolling does not feel as smooth as expected
SYNEXP_01847,design,Neutral,the physical layout takes little time to learn
SYNEXP_01847,camera,Negative,night photos come out soft
SYNEXP_01848,camera,Positive,photos retain pleasing detail in daylight
SYNEXP_01848,display,Positive,screen colours look balanced
SYNEXP_01848,design,Positive,the build feels solid in my hand
SYNEXP_01848,performance,Neutral,apps run at a reasonable pace
SYNEXP_01849,design,Negative,the phone is awkward to hold for long
SYNEXP_01849,display,Neutral,the panel does its job without surprises
SYNEXP_01850,camera,Negative,video looks shaky when I move
SYNEXP_01850,performance,Negative,apps pause when I switch between them
SYNEXP_01850,display,Positive,the display stays readable outdoors
SYNEXP_01851,display,Negative,fine text looks less sharp than I hoped
SYNEXP_01851,design,Negative,the design feels bulky in a pocket
SYNEXP_01851,performance,Negative,apps pause when I switch between them
SYNEXP_01851,camera,Neutral,image quality is acceptable in good light
SYNEXP_01852,camera,Positive,video remains steady when I walk
SYNEXP_01852,design,Negative,the buttons are difficult to reach
SYNEXP_01852,display,Positive,the display makes videos enjoyable
SYNEXP_01853,camera,Neutral,the camera feels typical for this range
SYNEXP_01853,design,Positive,the finish has held up well
SYNEXP_01854,battery,Positive,it rarely needs a midday top-up
SYNEXP_01854,design,Positive,the weight feels well balanced
SYNEXP_01854,performance,Negative,the phone feels sluggish after a few minutes
SYNEXP_01854,display,Positive,scrolling looks smooth
SYNEXP_01855,display,Neutral,the panel does its job without surprises
SYNEXP_01855,design,Neutral,the design is practical rather than memorable
SYNEXP_01855,battery,Positive,battery endurance has been dependable
SYNEXP_01855,performance,Positive,games run consistently in my sessions
SYNEXP_01856,camera,Positive,focus locks on reliably for quick shots
SYNEXP_01856,performance,Positive,apps open quickly during everyday use
SYNEXP_01857,camera,Neutral,the camera feels typical for this range
SYNEXP_01857,display,Negative,the panel appears dim outdoors
SYNEXP_01857,battery,Positive,it rarely needs a midday top-up
SYNEXP_01857,design,Neutral,the build feels ordinary for its price
SYNEXP_01858,performance,Neutral,the speed feels normal for routine use
SYNEXP_01858,design,Negative,the weight becomes tiring after a while
SYNEXP_01858,display,Positive,the display makes videos enjoyable
SYNEXP_01859,display,Negative,display colours look washed out
SYNEXP_01859,camera,Negative,autofocus misses moving subjects
SYNEXP_01859,performance,Neutral,apps run at a reasonable pace
SYNEXP_01859,battery,Positive,the charge comfortably lasts into the evening
SYNEXP_01860,camera,Negative,colours in photos sometimes look unnatural
SYNEXP_01860,performance,Negative,performance drops when several apps are open
SYNEXP_01860,battery,Positive,battery endurance has been dependable
SYNEXP_01860,design,Positive,its shape is comfortable to hold
SYNEXP_01861,performance,Negative,performance drops when several apps are open
SYNEXP_01861,camera,Negative,portraits often blur the edges
SYNEXP_01862,battery,Negative,power drops quickly during navigation
SYNEXP_01862,performance,Negative,gaming sessions bring noticeable stutter
SYNEXP_01863,battery,Positive,I finish most days with power to spare
SYNEXP_01863,camera,Negative,autofocus misses moving subjects
SYNEXP_01863,design,Positive,the weight feels well balanced
SYNEXP_01864,design,Positive,the buttons feel thoughtfully placed
SYNEXP_01864,display,Positive,scrolling looks smooth
SYNEXP_01864,battery,Neutral,power use has been neither remarkable nor troublesome
SYNEXP_01865,design,Neutral,the build feels ordinary for its price
SYNEXP_01865,camera,Positive,portraits look sharp without much effort
SYNEXP_01865,battery,Positive,the battery holds up during long commutes
SYNEXP_01866,display,Positive,the display stays readable outdoors
SYNEXP_01866,performance,Negative,performance drops when several apps are open
SYNEXP_01866,design,Negative,the phone is awkward to hold for long
SYNEXP_01866,camera,Negative,the camera loses detail indoors
SYNEXP_01867,battery,Positive,it rarely needs a midday top-up
SYNEXP_01867,design,Negative,the frame feels less sturdy than expected
SYNEXP_01867,display,Positive,brightness adjusts well in changing light
SYNEXP_01867,camera,Neutral,video quality meets my basic needs
SYNEXP_01868,battery,Neutral,power use has been neither remarkable nor troublesome
SYNEXP_01868,camera,Negative,autofocus misses moving subjects
SYNEXP_01868,design,Positive,its shape is comfortable to hold
SYNEXP_01868,performance,Positive,the phone stays responsive under a busy workload
SYNEXP_01869,camera,Positive,the camera captures natural colours
SYNEXP_01869,display,Negative,touch response occasionally misses a swipe
SYNEXP_01870,performance,Negative,performance drops when several apps are open
SYNEXP_01870,display,Negative,touch response occasionally misses a swipe
SYNEXP_01870,design,Neutral,the physical layout takes little time to learn
SYNEXP_01871,display,Positive,the display makes videos enjoyable
SYNEXP_01871,camera,Negative,autofocus misses moving subjects
SYNEXP_01871,performance,Neutral,performance is adequate for basic tasks
SYNEXP_01872,camera,Neutral,video quality meets my basic needs
SYNEXP_01872,battery,Negative,charging feels slow when I am in a hurry
SYNEXP_01872,display,Positive,brightness adjusts well in changing light
SYNEXP_01873,design,Positive,the design is understated and attractive
SYNEXP_01873,display,Positive,the display makes videos enjoyable
SYNEXP_01873,performance,Neutral,multitasking is workable without standing out
SYNEXP_01873,battery,Neutral,charging speed feels fairly ordinary
SYNEXP_01874,camera,Neutral,video quality meets my basic needs
SYNEXP_01874,performance,Positive,switching between tasks feels smooth
SYNEXP_01875,battery,Neutral,the battery gets me through an average day
SYNEXP_01875,performance,Neutral,the speed feels normal for routine use
SYNEXP_01876,display,Neutral,the panel does its job without surprises
SYNEXP_01876,design,Negative,the phone is awkward to hold for long
SYNEXP_01876,camera,Negative,colours in photos sometimes look unnatural
SYNEXP_01877,design,Neutral,the physical layout takes little time to learn
SYNEXP_01877,display,Positive,the display makes videos enjoyable
SYNEXP_01877,battery,Negative,charging feels slow when I am in a hurry
SYNEXP_01877,camera,Negative,colours in photos sometimes look unnatural
SYNEXP_01878,camera,Positive,photos retain pleasing detail in daylight
SYNEXP_01878,design,Negative,the weight becomes tiring after a while
SYNEXP_01878,performance,Positive,switching between tasks feels smooth
SYNEXP_01879,battery,Negative,power drops quickly during navigation
SYNEXP_01879,display,Positive,the display stays readable outdoors
SYNEXP_01879,design,Positive,the build feels solid in my hand
SYNEXP_01880,battery,Neutral,the battery gets me through an average day
SYNEXP_01880,design,Neutral,the design is practical rather than memorable
SYNEXP_01880,performance,Positive,switching between tasks feels smooth
SYNEXP_01880,display,Negative,touch response occasionally misses a swipe
SYNEXP_01881,battery,Positive,it rarely needs a midday top-up
SYNEXP_01881,display,Neutral,the display is usable in most places
SYNEXP_01882,battery,Negative,charging feels slow when I am in a hurry
SYNEXP_01882,camera,Positive,photos retain pleasing detail in daylight
SYNEXP_01882,display,Neutral,colours look fairly standard
SYNEXP_01883,battery,Negative,standby drain is noticeable overnight
SYNEXP_01883,performance,Neutral,apps run at a reasonable pace
SYNEXP_01883,display,Positive,text appears crisp on the panel
SYNEXP_01884,design,Positive,the finish has held up well
SYNEXP_01884,display,Negative,scrolling does not feel as smooth as expected
SYNEXP_01884,performance,Neutral,multitasking is workable without standing out
SYNEXP_01885,design,Negative,the finish picks up marks easily
SYNEXP_01885,performance,Negative,apps pause when I switch between them
SYNEXP_01886,design,Positive,the build feels solid in my hand
SYNEXP_01886,display,Neutral,screen brightness is adequate indoors
SYNEXP_01886,camera,Positive,video remains steady when I walk
SYNEXP_01886,battery,Neutral,power use has been neither remarkable nor troublesome
SYNEXP_01887,performance,Positive,the phone stays responsive under a busy workload
SYNEXP_01887,camera,Neutral,image quality is acceptable in good light
SYNEXP_01887,battery,Negative,power drops quickly during navigation
SYNEXP_01887,display,Positive,scrolling looks smooth
SYNEXP_01888,design,Negative,the design feels bulky in a pocket
SYNEXP_01888,battery,Positive,I finish most days with power to spare
SYNEXP_01889,performance,Neutral,the speed feels normal for routine use
SYNEXP_01889,battery,Neutral,the battery gets me through an average day
SYNEXP_01889,camera,Neutral,video quality meets my basic needs
SYNEXP_01890,camera,Positive,focus locks on reliably for quick shots
SYNEXP_01890,design,Neutral,the design is practical rather than memorable
SYNEXP_01890,battery,Negative,power drops quickly during navigation
SYNEXP_01890,performance,Positive,games run consistently in my sessions
SYNEXP_01891,design,Neutral,the design is practical rather than memorable
SYNEXP_01891,battery,Negative,I often need to recharge before dinner
SYNEXP_01891,camera,Negative,video looks shaky when I move
SYNEXP_01892,camera,Positive,focus locks on reliably for quick shots
SYNEXP_01892,performance,Positive,the phone stays responsive under a busy workload
SYNEXP_01892,design,Positive,the buttons feel thoughtfully placed
SYNEXP_01893,camera,Positive,focus locks on reliably for quick shots
SYNEXP_01893,display,Positive,the display makes videos enjoyable
SYNEXP_01893,battery,Positive,the battery holds up during long commutes
SYNEXP_01894,camera,Positive,portraits look sharp without much effort
SYNEXP_01894,design,Negative,the weight becomes tiring after a while
SYNEXP_01894,battery,Neutral,battery life is adequate for my usual schedule
SYNEXP_01894,display,Positive,the display stays readable outdoors
SYNEXP_01895,performance,Negative,apps pause when I switch between them
SYNEXP_01895,battery,Positive,I finish most days with power to spare
SYNEXP_01895,camera,Negative,the camera loses detail indoors
SYNEXP_01895,display,Positive,screen colours look balanced
SYNEXP_01896,display,Neutral,the panel does its job without surprises
SYNEXP_01896,camera,Positive,video remains steady when I walk
SYNEXP_01897,display,Positive,the display makes videos enjoyable
SYNEXP_01897,design,Negative,the design feels bulky in a pocket
SYNEXP_01897,camera,Neutral,video quality meets my basic needs
SYNEXP_01898,display,Positive,brightness adjusts well in changing light
SYNEXP_01898,design,Neutral,the build feels ordinary for its price
SYNEXP_01899,battery,Negative,power drops quickly during navigation
SYNEXP_01899,design,Negative,the finish picks up marks easily
SYNEXP_01900,performance,Positive,switching between tasks feels smooth
SYNEXP_01900,camera,Positive,the camera captures natural colours
SYNEXP_01900,design,Negative,the phone is awkward to hold for long
SYNEXP_01901,battery,Negative,power drops quickly during navigation
SYNEXP_01901,design,Positive,the build feels solid in my hand
SYNEXP_01901,camera,Negative,autofocus misses moving subjects
SYNEXP_01902,camera,Neutral,video quality meets my basic needs
SYNEXP_01902,battery,Negative,charging feels slow when I am in a hurry
SYNEXP_01902,performance,Neutral,the speed feels normal for routine use
SYNEXP_01902,design,Neutral,the design is practical rather than memorable
SYNEXP_01903,performance,Positive,performance has remained steady after weeks of use
SYNEXP_01903,design,Neutral,the build feels ordinary for its price
SYNEXP_01904,battery,Neutral,charging speed feels fairly ordinary
SYNEXP_01904,performance,Negative,the device warms up and slows down during games
SYNEXP_01904,camera,Negative,colours in photos sometimes look unnatural
SYNEXP_01904,display,Negative,touch response occasionally misses a swipe
SYNEXP_01905,battery,Neutral,battery life is adequate for my usual schedule
SYNEXP_01905,design,Neutral,the design is practical rather than memorable
SYNEXP_01905,camera,Neutral,the camera feels typical for this range
SYNEXP_01906,display,Negative,fine text looks less sharp than I hoped
SYNEXP_01906,performance,Neutral,performance is adequate for basic tasks
SYNEXP_01906,battery,Positive,the charge comfortably lasts into the evening
SYNEXP_01907,design,Negative,the frame feels less sturdy than expected
SYNEXP_01907,battery,Negative,power drops quickly during navigation
SYNEXP_01907,performance,Positive,switching between tasks feels smooth
SYNEXP_01908,camera,Neutral,video quality meets my basic needs
SYNEXP_01908,design,Negative,the phone is awkward to hold for long
SYNEXP_01909,design,Neutral,its weight is manageable
SYNEXP_01909,battery,Positive,it rarely needs a midday top-up
SYNEXP_01909,camera,Positive,video remains steady when I walk
SYNEXP_01910,performance,Negative,the device warms up and slows down during games
SYNEXP_01910,display,Neutral,colours look fairly standard
SYNEXP_01910,camera,Neutral,the camera feels typical for this range
SYNEXP_01910,design,Positive,the finish has held up well
SYNEXP_01911,display,Positive,the display stays readable outdoors
SYNEXP_01911,performance,Positive,games run consistently in my sessions
SYNEXP_01911,battery,Neutral,power use has been neither remarkable nor troublesome
SYNEXP_01912,performance,Positive,performance has remained steady after weeks of use
SYNEXP_01912,battery,Neutral,charging speed feels fairly ordinary
SYNEXP_01913,battery,Positive,it rarely needs a midday top-up
SYNEXP_01913,design,Negative,the weight becomes tiring after a while
SYNEXP_01913,performance,Positive,the phone stays responsive under a busy workload
SYNEXP_01914,camera,Positive,the camera captures natural colours
SYNEXP_01914,battery,Positive,I finish most days with power to spare
SYNEXP_01915,camera,Neutral,video quality meets my basic needs
SYNEXP_01915,display,Positive,text appears crisp on the panel
SYNEXP_01915,performance,Neutral,apps run at a reasonable pace
SYNEXP_01916,performance,Negative,performance drops when several apps are open
SYNEXP_01916,design,Neutral,the design is practical rather than memorable
SYNEXP_01916,battery,Neutral,charging speed feels fairly ordinary
SYNEXP_01917,battery,Positive,I finish most days with power to spare
SYNEXP_01917,design,Positive,the finish has held up well
SYNEXP_01917,camera,Positive,photos retain pleasing detail in daylight
SYNEXP_01917,performance,Negative,gaming sessions bring noticeable stutter
SYNEXP_01918,design,Positive,the finish has held up well
SYNEXP_01918,performance,Positive,apps open quickly during everyday use
SYNEXP_01919,camera,Neutral,the camera feels typical for this range
SYNEXP_01919,battery,Negative,power drops quickly during navigation
SYNEXP_01919,display,Neutral,the display is usable in most places
SYNEXP_01919,design,Negative,the buttons are difficult to reach
SYNEXP_01920,battery,Neutral,battery life is adequate for my usual schedule
SYNEXP_01920,design,Positive,the build feels solid in my hand
SYNEXP_01920,display,Positive,the display makes videos enjoyable
SYNEXP_01920,performance,Positive,apps open quickly during everyday use
SYNEXP_01921,battery,Positive,the charge comfortably lasts into the evening
SYNEXP_01921,camera,Positive,portraits look sharp without much effort
SYNEXP_01921,display,Positive,scrolling looks smooth
SYNEXP_01922,display,Positive,the display makes videos enjoyable
SYNEXP_01922,camera,Negative,portraits often blur the edges
SYNEXP_01922,battery,Neutral,power use has been neither remarkable nor troublesome
SYNEXP_01923,display,Positive,the display stays readable outdoors
SYNEXP_01923,performance,Negative,the device warms up and slows down during games
SYNEXP_01923,design,Neutral,its weight is manageable
SYNEXP_01923,camera,Positive,focus locks on reliably for quick shots
SYNEXP_01924,performance,Positive,the phone stays responsive under a busy workload
SYNEXP_01924,camera,Positive,the camera captures natural colours
SYNEXP_01924,design,Positive,the buttons feel thoughtfully placed
SYNEXP_01924,display,Positive,screen colours look balanced
SYNEXP_01925,performance,Neutral,the speed feels normal for routine use
SYNEXP_01925,battery,Neutral,power use has been neither remarkable nor troublesome
SYNEXP_01925,display,Positive,the display makes videos enjoyable
SYNEXP_01925,design,Negative,the weight becomes tiring after a while
SYNEXP_01926,design,Negative,the frame feels less sturdy than expected
SYNEXP_01926,performance,Positive,switching between tasks feels smooth
SYNEXP_01926,camera,Negative,night photos come out soft
SYNEXP_01927,camera,Negative,the camera loses detail indoors
SYNEXP_01927,design,Neutral,the design is practical rather than memorable
SYNEXP_01928,display,Positive,the display makes videos enjoyable
SYNEXP_01928,design,Negative,the frame feels less sturdy than expected
SYNEXP_01928,performance,Positive,games run consistently in my sessions
SYNEXP_01929,battery,Negative,the battery struggles on busy days
SYNEXP_01929,performance,Positive,animations feel fluid
SYNEXP_01929,camera,Positive,night photos have been better than expected
SYNEXP_01929,design,Negative,the phone is awkward to hold for long
SYNEXP_01930,battery,Negative,I often need to recharge before dinner
SYNEXP_01930,design,Positive,the design is understated and attractive
SYNEXP_01931,camera,Positive,focus locks on reliably for quick shots
SYNEXP_01931,design,Neutral,the design is practical rather than memorable
SYNEXP_01932,battery,Neutral,the battery gets me through an average day
SYNEXP_01932,design,Positive,the weight feels well balanced
SYNEXP_01933,display,Negative,scrolling does not feel as smooth as expected
SYNEXP_01933,design,Positive,the buttons feel thoughtfully placed
SYNEXP_01933,camera,Neutral,the camera feels typical for this range
SYNEXP_01933,battery,Negative,power drops quickly during navigation
SYNEXP_01934,performance,Positive,games run consistently in my sessions
SYNEXP_01934,camera,Negative,portraits often blur the edges
SYNEXP_01935,display,Neutral,screen brightness is adequate indoors
SYNEXP_01935,design,Neutral,its weight is manageable
SYNEXP_01935,battery,Neutral,battery life is adequate for my usual schedule
SYNEXP_01936,battery,Positive,it rarely needs a midday top-up
SYNEXP_01936,display,Negative,display colours look washed out
SYNEXP_01936,camera,Positive,photos retain pleasing detail in daylight
SYNEXP_01937,camera,Positive,portraits look sharp without much effort
SYNEXP_01937,display,Neutral,colours look fairly standard
SYNEXP_01937,performance,Neutral,apps run at a reasonable pace
SYNEXP_01938,camera,Positive,portraits look sharp without much effort
SYNEXP_01938,design,Negative,the phone is awkward to hold for long
SYNEXP_01939,performance,Negative,apps pause when I switch between them
SYNEXP_01939,design,Neutral,the design is practical rather than memorable
SYNEXP_01939,camera,Positive,photos retain pleasing detail in daylight
SYNEXP_01940,performance,Positive,the phone stays responsive under a busy workload
SYNEXP_01940,battery,Neutral,power use has been neither remarkable nor troublesome
SYNEXP_01941,camera,Positive,portraits look sharp without much effort
SYNEXP_01941,battery,Positive,it rarely needs a midday top-up
SYNEXP_01941,display,Positive,the display makes videos enjoyable
SYNEXP_01942,performance,Positive,apps open quickly during everyday use
SYNEXP_01942,design,Positive,the finish has held up well
SYNEXP_01942,battery,Positive,I finish most days with power to spare
SYNEXP_01942,display,Negative,the screen is hard to read in sunlight
SYNEXP_01943,display,Positive,the display stays readable outdoors
SYNEXP_01943,design,Neutral,the build feels ordinary for its price
SYNEXP_01944,design,Positive,the design is understated and attractive
SYNEXP_01944,camera,Positive,night photos have been better than expected
SYNEXP_01945,battery,Positive,the battery holds up during long commutes
SYNEXP_01945,design,Positive,the finish has held up well
SYNEXP_01946,camera,Positive,night photos have been better than expected
SYNEXP_01946,performance,Negative,menus sometimes lag behind my taps
SYNEXP_01946,design,Negative,the design feels bulky in a pocket
SYNEXP_01946,battery,Positive,it rarely needs a midday top-up
SYNEXP_01947,battery,Negative,standby drain is noticeable overnight
SYNEXP_01947,design,Negative,the buttons are difficult to reach
SYNEXP_01947,performance,Positive,the phone stays responsive under a busy workload
SYNEXP_01947,display,Neutral,screen brightness is adequate indoors
SYNEXP_01948,performance,Negative,the phone feels sluggish after a few minutes
SYNEXP_01948,design,Positive,its shape is comfortable to hold
SYNEXP_01949,performance,Positive,the phone stays responsive under a busy workload
SYNEXP_01949,camera,Positive,night photos have been better than expected
SYNEXP_01949,battery,Neutral,the battery gets me through an average day
SYNEXP_01950,camera,Negative,night photos come out soft
SYNEXP_01950,battery,Negative,I often need to recharge before dinner
SYNEXP_01951,battery,Positive,it rarely needs a midday top-up
SYNEXP_01951,design,Negative,the weight becomes tiring after a while
SYNEXP_01951,display,Neutral,screen brightness is adequate indoors
SYNEXP_01951,performance,Negative,menus sometimes lag behind my taps
SYNEXP_01952,camera,Neutral,video quality meets my basic needs
SYNEXP_01952,battery,Positive,it rarely needs a midday top-up
SYNEXP_01952,display,Positive,screen colours look balanced
SYNEXP_01953,design,Negative,the finish picks up marks easily
SYNEXP_01953,performance,Positive,performance has remained steady after weeks of use
SYNEXP_01954,performance,Negative,the device warms up and slows down during games
SYNEXP_01954,battery,Positive,I finish most days with power to spare
SYNEXP_01954,display,Positive,brightness adjusts well in changing light
SYNEXP_01954,camera,Negative,autofocus misses moving subjects
SYNEXP_01955,display,Neutral,colours look fairly standard
SYNEXP_01955,battery,Positive,I finish most days with power to spare
SYNEXP_01956,battery,Negative,standby drain is noticeable overnight
SYNEXP_01956,design,Negative,the design feels bulky in a pocket
SYNEXP_01956,camera,Positive,the camera captures natural colours
SYNEXP_01956,display,Positive,screen colours look balanced
SYNEXP_01957,performance,Positive,switching between tasks feels smooth
SYNEXP_01957,battery,Positive,battery endurance has been dependable
SYNEXP_01958,performance,Negative,performance drops when several apps are open
SYNEXP_01958,display,Negative,display colours look washed out
SYNEXP_01958,design,Negative,the frame feels less sturdy than expected
SYNEXP_01958,battery,Positive,the battery holds up during long commutes
SYNEXP_01959,performance,Positive,games run consistently in my sessions
SYNEXP_01959,battery,Neutral,charging speed feels fairly ordinary
SYNEXP_01959,design,Neutral,its weight is manageable
SYNEXP_01959,camera,Positive,the camera captures natural colours
SYNEXP_01960,performance,Negative,the phone feels sluggish after a few minutes
SYNEXP_01960,camera,Neutral,the camera feels typical for this range
SYNEXP_01960,battery,Neutral,the battery gets me through an average day
SYNEXP_01961,camera,Negative,the camera loses detail indoors
SYNEXP_01961,performance,Negative,apps pause when I switch between them
SYNEXP_01962,battery,Neutral,battery life is adequate for my usual schedule
SYNEXP_01962,design,Negative,the frame feels less sturdy than expected
SYNEXP_01962,performance,Negative,the device warms up and slows down during games
SYNEXP_01962,camera,Neutral,image quality is acceptable in good light
SYNEXP_01963,camera,Neutral,video quality meets my basic needs
SYNEXP_01963,display,Positive,text appears crisp on the panel
SYNEXP_01964,camera,Positive,portraits look sharp without much effort
SYNEXP_01964,battery,Positive,the battery holds up during long commutes
SYNEXP_01964,display,Negative,the screen is hard to read in sunlight
SYNEXP_01964,performance,Negative,the phone feels sluggish after a few minutes
SYNEXP_01965,design,Negative,the frame feels less sturdy than expected
SYNEXP_01965,battery,Neutral,battery life is adequate for my usual schedule
SYNEXP_01965,performance,Positive,switching between tasks feels smooth
SYNEXP_01965,camera,Negative,night photos come out soft
SYNEXP_01966,camera,Negative,portraits often blur the edges
SYNEXP_01966,display,Positive,text appears crisp on the panel
SYNEXP_01966,design,Positive,the buttons feel thoughtfully placed
SYNEXP_01966,performance,Positive,performance has remained steady after weeks of use
SYNEXP_01967,design,Negative,the frame feels less sturdy than expected
SYNEXP_01967,performance,Positive,apps open quickly during everyday use
SYNEXP_01968,display,Positive,screen colours look balanced
SYNEXP_01968,performance,Neutral,apps run at a reasonable pace
SYNEXP_01968,battery,Positive,the battery holds up during long commutes
SYNEXP_01969,design,Negative,the buttons are difficult to reach
SYNEXP_01969,battery,Neutral,the battery gets me through an average day
SYNEXP_01969,camera,Negative,colours in photos sometimes look unnatural
SYNEXP_01970,camera,Negative,portraits often blur the edges
SYNEXP_01970,performance,Neutral,multitasking is workable without standing out
SYNEXP_01970,design,Positive,the weight feels well balanced
SYNEXP_01971,battery,Positive,the battery holds up during long commutes
SYNEXP_01971,display,Positive,text appears crisp on the panel
SYNEXP_01971,performance,Neutral,multitasking is workable without standing out
SYNEXP_01972,camera,Negative,autofocus misses moving subjects
SYNEXP_01972,display,Negative,display colours look washed out
SYNEXP_01973,camera,Negative,night photos come out soft
SYNEXP_01973,battery,Positive,I finish most days with power to spare
SYNEXP_01973,design,Negative,the buttons are difficult to reach
SYNEXP_01974,performance,Positive,animations feel fluid
SYNEXP_01974,design,Negative,the weight becomes tiring after a while
SYNEXP_01975,performance,Positive,games run consistently in my sessions
SYNEXP_01975,battery,Negative,the battery struggles on busy days
SYNEXP_01975,camera,Positive,night photos have been better than expected
SYNEXP_01976,design,Positive,the weight feels well balanced
SYNEXP_01976,display,Positive,screen colours look balanced
SYNEXP_01976,camera,Positive,photos retain pleasing detail in daylight
SYNEXP_01976,battery,Negative,power drops quickly during navigation
SYNEXP_01977,camera,Positive,night photos have been better than expected
SYNEXP_01977,battery,Neutral,power use has been neither remarkable nor troublesome
SYNEXP_01978,display,Negative,scrolling does not feel as smooth as expected
SYNEXP_01978,performance,Positive,the phone stays responsive under a busy workload
SYNEXP_01979,design,Positive,the buttons feel thoughtfully placed
SYNEXP_01979,performance,Negative,performance drops when several apps are open
SYNEXP_01979,camera,Negative,autofocus misses moving subjects
SYNEXP_01980,performance,Positive,the phone stays responsive under a busy workload
SYNEXP_01980,camera,Neutral,the camera is fine for casual photos
SYNEXP_01980,design,Positive,the buttons feel thoughtfully placed
SYNEXP_01980,battery,Positive,charging has fitted well into my routine
SYNEXP_01981,battery,Negative,the battery struggles on busy days
SYNEXP_01981,camera,Negative,portraits often blur the edges
SYNEXP_01982,performance,Neutral,performance is adequate for basic tasks
SYNEXP_01982,camera,Negative,the camera loses detail indoors
SYNEXP_01983,battery,Negative,the battery struggles on busy days
SYNEXP_01983,design,Negative,the finish picks up marks easily
SYNEXP_01983,display,Positive,brightness adjusts well in changing light
SYNEXP_01984,display,Negative,touch response occasionally misses a swipe
SYNEXP_01984,design,Positive,its shape is comfortable to hold
SYNEXP_01984,battery,Neutral,battery life is adequate for my usual schedule
SYNEXP_01985,camera,Positive,portraits look sharp without much effort
SYNEXP_01985,battery,Neutral,power use has been neither remarkable nor troublesome
SYNEXP_01985,display,Positive,screen colours look balanced
SYNEXP_01985,design,Neutral,its weight is manageable
SYNEXP_01986,display,Negative,the screen is hard to read in sunlight
SYNEXP_01986,performance,Negative,the device warms up and slows down during games
SYNEXP_01987,battery,Positive,the battery holds up during long commutes
SYNEXP_01987,camera,Negative,the camera loses detail indoors
SYNEXP_01987,performance,Positive,performance has remained steady after weeks of use
SYNEXP_01988,display,Negative,fine text looks less sharp than I hoped
SYNEXP_01988,design,Neutral,the design is practical rather than memorable
SYNEXP_01988,battery,Neutral,the battery gets me through an average day
SYNEXP_01988,performance,Neutral,performance is adequate for basic tasks
SYNEXP_01989,display,Negative,the panel appears dim outdoors
SYNEXP_01989,performance,Positive,performance has remained steady after weeks of use
SYNEXP_01989,battery,Negative,power drops quickly during navigation
SYNEXP_01989,design,Negative,the buttons are difficult to reach
SYNEXP_01990,display,Neutral,the display is usable in most places
SYNEXP_01990,camera,Positive,video remains steady when I walk
SYNEXP_01990,performance,Positive,animations feel fluid
SYNEXP_01990,design,Neutral,the physical layout takes little time to learn
SYNEXP_01991,camera,Neutral,the camera is fine for casual photos
SYNEXP_01991,design,Negative,the design feels bulky in a pocket
SYNEXP_01991,display,Positive,the display makes videos enjoyable
SYNEXP_01991,performance,Positive,apps open quickly during everyday use
SYNEXP_01992,camera,Negative,night photos come out soft
SYNEXP_01992,display,Neutral,screen brightness is adequate indoors
SYNEXP_01992,battery,Neutral,power use has been neither remarkable nor troublesome
SYNEXP_01993,design,Negative,the weight becomes tiring after a while
SYNEXP_01993,performance,Negative,the phone feels sluggish after a few minutes
SYNEXP_01993,battery,Neutral,battery life is adequate for my usual schedule
SYNEXP_01994,camera,Negative,portraits often blur the edges
SYNEXP_01994,performance,Neutral,performance is adequate for basic tasks
SYNEXP_01995,performance,Positive,apps open quickly during everyday use
SYNEXP_01995,display,Neutral,the panel does its job without surprises
SYNEXP_01996,display,Positive,the display makes videos enjoyable
SYNEXP_01996,performance,Negative,apps pause when I switch between them
SYNEXP_01996,design,Negative,the phone is awkward to hold for long
SYNEXP_01996,camera,Negative,night photos come out soft
SYNEXP_01997,display,Neutral,colours look fairly standard
SYNEXP_01997,design,Positive,the design is understated and attractive
SYNEXP_01997,camera,Positive,the camera captures natural colours
SYNEXP_01997,battery,Neutral,charging speed feels fairly ordinary
SYNEXP_01998,battery,Neutral,power use has been neither remarkable nor troublesome
SYNEXP_01998,display,Neutral,screen brightness is adequate indoors
SYNEXP_01998,performance,Positive,apps open quickly during everyday use
SYNEXP_01999,display,Negative,scrolling does not feel as smooth as expected
SYNEXP_01999,camera,Positive,night photos have been better than expected
SYNEXP_01999,performance,Positive,games run consistently in my sessions
SYNEXP_01999,design,Negative,the finish picks up marks easily
SYNEXP_02000,performance,Negative,gaming sessions bring noticeable stutter
SYNEXP_02000,display,Positive,the display makes videos enjoyable
SYNEXP_02001,camera,Neutral,the camera is fine for casual photos
SYNEXP_02001,battery,Negative,I often need to recharge before dinner
SYNEXP_02001,design,Positive,the weight feels well balanced
SYNEXP_02002,battery,Positive,I finish most days with power to spare
SYNEXP_02002,design,Positive,the build feels solid in my hand
SYNEXP_02003,camera,Negative,the camera loses detail indoors
SYNEXP_02003,design,Negative,the finish picks up marks easily
SYNEXP_02003,battery,Negative,I often need to recharge before dinner
SYNEXP_02003,display,Positive,brightness adjusts well in changing light
SYNEXP_02004,design,Negative,the frame feels less sturdy than expected
SYNEXP_02004,camera,Positive,night photos have been better than expected
SYNEXP_02005,camera,Neutral,video quality meets my basic needs
SYNEXP_02005,display,Negative,scrolling does not feel as smooth as expected
SYNEXP_02005,performance,Positive,performance has remained steady after weeks of use
SYNEXP_02006,design,Negative,the finish picks up marks easily
SYNEXP_02006,performance,Negative,performance drops when several apps are open
SYNEXP_02006,camera,Neutral,video quality meets my basic needs
SYNEXP_02006,display,Negative,display colours look washed out
SYNEXP_02007,performance,Neutral,the speed feels normal for routine use
SYNEXP_02007,display,Negative,scrolling does not feel as smooth as expected
SYNEXP_02007,camera,Neutral,the camera feels typical for this range
SYNEXP_02007,design,Positive,the buttons feel thoughtfully placed
SYNEXP_02008,camera,Negative,video looks shaky when I move
SYNEXP_02008,design,Negative,the design feels bulky in a pocket
SYNEXP_02008,battery,Positive,charging has fitted well into my routine
SYNEXP_02008,display,Positive,screen colours look balanced
SYNEXP_02009,camera,Positive,focus locks on reliably for quick shots
SYNEXP_02009,performance,Positive,performance has remained steady after weeks of use
SYNEXP_02009,design,Negative,the finish picks up marks easily
SYNEXP_02009,battery,Negative,the battery struggles on busy days
SYNEXP_02010,design,Negative,the weight becomes tiring after a while
SYNEXP_02010,display,Negative,touch response occasionally misses a swipe
SYNEXP_02010,camera,Negative,the camera loses detail indoors
SYNEXP_02010,battery,Positive,battery endurance has been dependable
SYNEXP_02011,performance,Neutral,multitasking is workable without standing out
SYNEXP_02011,battery,Neutral,battery life is adequate for my usual schedule
SYNEXP_02011,camera,Negative,colours in photos sometimes look unnatural
SYNEXP_02011,design,Neutral,the design is practical rather than memorable
SYNEXP_02012,battery,Negative,power drops quickly during navigation
SYNEXP_02012,camera,Negative,autofocus misses moving subjects
SYNEXP_02012,display,Positive,text appears crisp on the panel
SYNEXP_02013,performance,Positive,switching between tasks feels smooth
SYNEXP_02013,battery,Negative,charging feels slow when I am in a hurry
SYNEXP_02013,design,Positive,the buttons feel thoughtfully placed
SYNEXP_02014,camera,Negative,colours in photos sometimes look unnatural
SYNEXP_02014,display,Positive,the display stays readable outdoors
SYNEXP_02014,design,Positive,the weight feels well balanced
SYNEXP_02015,display,Negative,the screen is hard to read in sunlight
SYNEXP_02015,performance,Negative,menus sometimes lag behind my taps
SYNEXP_02015,camera,Negative,portraits often blur the edges
SYNEXP_02016,camera,Negative,portraits often blur the edges
SYNEXP_02016,display,Positive,the display stays readable outdoors
SYNEXP_02016,design,Neutral,the physical layout takes little time to learn
SYNEXP_02016,battery,Negative,power drops quickly during navigation
SYNEXP_02017,performance,Negative,apps pause when I switch between them
SYNEXP_02017,display,Neutral,screen brightness is adequate indoors
SYNEXP_02018,battery,Negative,standby drain is noticeable overnight
SYNEXP_02018,display,Positive,text appears crisp on the panel
SYNEXP_02018,design,Positive,the build feels solid in my hand
SYNEXP_02019,camera,Positive,focus locks on reliably for quick shots
SYNEXP_02019,battery,Positive,battery endurance has been dependable
SYNEXP_02020,performance,Negative,performance drops when several apps are open
SYNEXP_02020,battery,Positive,charging has fitted well into my routine
SYNEXP_02020,design,Negative,the weight becomes tiring after a while
SYNEXP_02021,battery,Negative,power drops quickly during navigation
SYNEXP_02021,design,Positive,the design is understated and attractive
SYNEXP_02021,camera,Positive,photos retain pleasing detail in daylight
SYNEXP_02021,display,Positive,the display stays readable outdoors
SYNEXP_02022,display,Neutral,screen brightness is adequate indoors
SYNEXP_02022,performance,Positive,animations feel fluid
SYNEXP_02023,performance,Positive,animations feel fluid
SYNEXP_02023,battery,Positive,charging has fitted well into my routine
SYNEXP_02024,design,Negative,the frame feels less sturdy than expected
SYNEXP_02024,camera,Negative,the camera loses detail indoors
SYNEXP_02024,battery,Positive,I finish most days with power to spare
SYNEXP_02024,performance,Positive,games run consistently in my sessions
SYNEXP_02025,display,Positive,scrolling looks smooth
SYNEXP_02025,design,Positive,the design is understated and attractive
SYNEXP_02025,battery,Negative,the battery struggles on busy days
SYNEXP_02025,camera,Negative,video looks shaky when I move
SYNEXP_02026,performance,Positive,apps open quickly during everyday use
SYNEXP_02026,display,Neutral,screen brightness is adequate indoors
SYNEXP_02026,camera,Positive,the camera captures natural colours
SYNEXP_02027,battery,Negative,I often need to recharge before dinner
SYNEXP_02027,camera,Neutral,video quality meets my basic needs
SYNEXP_02028,display,Negative,scrolling does not feel as smooth as expected
SYNEXP_02028,performance,Positive,games run consistently in my sessions
SYNEXP_02028,camera,Positive,night photos have been better than expected
SYNEXP_02028,design,Positive,the build feels solid in my hand
SYNEXP_02029,performance,Positive,the phone stays responsive under a busy workload
SYNEXP_02029,display,Positive,text appears crisp on the panel
SYNEXP_02030,design,Positive,the finish has held up well
SYNEXP_02030,display,Neutral,the display is usable in most places
SYNEXP_02030,performance,Negative,the device warms up and slows down during games
SYNEXP_02030,camera,Positive,video remains steady when I walk
SYNEXP_02031,camera,Positive,night photos have been better than expected
SYNEXP_02031,performance,Positive,games run consistently in my sessions
SYNEXP_02031,display,Positive,scrolling looks smooth
SYNEXP_02031,battery,Neutral,power use has been neither remarkable nor troublesome
SYNEXP_02032,design,Neutral,the build feels ordinary for its price
SYNEXP_02032,battery,Neutral,battery life is adequate for my usual schedule
SYNEXP_02032,display,Neutral,the display is usable in most places
SYNEXP_02032,performance,Positive,performance has remained steady after weeks of use
SYNEXP_02033,performance,Negative,menus sometimes lag behind my taps
SYNEXP_02033,battery,Negative,power drops quickly during navigation
SYNEXP_02033,design,Negative,the frame feels less sturdy than expected
SYNEXP_02034,display,Positive,the display stays readable outdoors
SYNEXP_02034,battery,Neutral,charging speed feels fairly ordinary
SYNEXP_02035,battery,Negative,standby drain is noticeable overnight
SYNEXP_02035,display,Neutral,screen brightness is adequate indoors
SYNEXP_02035,performance,Neutral,apps run at a reasonable pace
SYNEXP_02035,camera,Negative,autofocus misses moving subjects
SYNEXP_02036,design,Negative,the buttons are difficult to reach
SYNEXP_02036,performance,Positive,apps open quickly during everyday use
SYNEXP_02037,performance,Positive,apps open quickly during everyday use
SYNEXP_02037,display,Negative,the screen is hard to read in sunlight
SYNEXP_02037,battery,Negative,standby drain is noticeable overnight
SYNEXP_02038,battery,Negative,charging feels slow when I am in a hurry
SYNEXP_02038,design,Neutral,its weight is manageable
SYNEXP_02038,performance,Negative,the device warms up and slows down during games
SYNEXP_02039,design,Positive,the buttons feel thoughtfully placed
SYNEXP_02039,display,Neutral,the panel does its job without surprises
SYNEXP_02039,battery,Neutral,charging speed feels fairly ordinary
SYNEXP_02039,performance,Negative,performance drops when several apps are open
SYNEXP_02040,performance,Neutral,apps run at a reasonable pace
SYNEXP_02040,design,Positive,the design is understated and attractive
SYNEXP_02040,camera,Negative,autofocus misses moving subjects
SYNEXP_02041,camera,Positive,the camera captures natural colours
SYNEXP_02041,battery,Positive,it rarely needs a midday top-up
SYNEXP_02041,design,Positive,its shape is comfortable to hold
SYNEXP_02041,display,Positive,scrolling looks smooth
SYNEXP_02042,design,Negative,the design feels bulky in a pocket
SYNEXP_02042,display,Positive,the display makes videos enjoyable
SYNEXP_02043,performance,Positive,apps open quickly during everyday use
SYNEXP_02043,design,Negative,the phone is awkward to hold for long
SYNEXP_02043,display,Negative,fine text looks less sharp than I hoped
SYNEXP_02044,design,Neutral,its weight is manageable
SYNEXP_02044,battery,Neutral,battery life is adequate for my usual schedule
SYNEXP_02044,performance,Neutral,multitasking is workable without standing out
SYNEXP_02045,design,Positive,the buttons feel thoughtfully placed
SYNEXP_02045,performance,Negative,the device warms up and slows down during games
SYNEXP_02045,camera,Neutral,the camera is fine for casual photos
SYNEXP_02046,design,Positive,the buttons feel thoughtfully placed
SYNEXP_02046,display,Negative,touch response occasionally misses a swipe
SYNEXP_02046,camera,Positive,video remains steady when I walk
SYNEXP_02046,battery,Neutral,battery life is adequate for my usual schedule
SYNEXP_02047,display,Positive,screen colours look balanced
SYNEXP_02047,performance,Positive,games run consistently in my sessions
SYNEXP_02047,battery,Positive,charging has fitted well into my routine
SYNEXP_02047,camera,Positive,portraits look sharp without much effort
SYNEXP_02048,design,Neutral,the design is practical rather than memorable
SYNEXP_02048,performance,Positive,performance has remained steady after weeks of use
SYNEXP_02049,battery,Positive,charging has fitted well into my routine
SYNEXP_02049,design,Negative,the buttons are difficult to reach
SYNEXP_02050,design,Neutral,the design is practical rather than memorable
SYNEXP_02050,performance,Neutral,apps run at a reasonable pace
SYNEXP_02051,battery,Positive,charging has fitted well into my routine
SYNEXP_02051,camera,Neutral,the camera is fine for casual photos
SYNEXP_02051,performance,Negative,apps pause when I switch between them
SYNEXP_02051,design,Neutral,the physical layout takes little time to learn
SYNEXP_02052,battery,Neutral,charging speed feels fairly ordinary
SYNEXP_02052,display,Neutral,colours look fairly standard
SYNEXP_02053,design,Positive,its shape is comfortable to hold
SYNEXP_02053,display,Positive,screen colours look balanced
SYNEXP_02054,camera,Neutral,video quality meets my basic needs
SYNEXP_02054,design,Neutral,the build feels ordinary for its price
SYNEXP_02054,performance,Negative,the device warms up and slows down during games
SYNEXP_02054,display,Neutral,the panel does its job without surprises
SYNEXP_02055,performance,Neutral,apps run at a reasonable pace
SYNEXP_02055,display,Positive,text appears crisp on the panel
SYNEXP_02056,camera,Neutral,video quality meets my basic needs
SYNEXP_02056,battery,Negative,the battery drains faster than I expected
SYNEXP_02057,design,Neutral,the design is practical rather than memorable
SYNEXP_02057,display,Neutral,screen brightness is adequate indoors
SYNEXP_02058,camera,Positive,the camera captures natural colours
SYNEXP_02058,design,Negative,the finish picks up marks easily
SYNEXP_02059,design,Negative,the design feels bulky in a pocket
SYNEXP_02059,performance,Negative,performance drops when several apps are open
SYNEXP_02059,battery,Negative,the battery drains faster than I expected
SYNEXP_02059,camera,Neutral,video quality meets my basic needs
SYNEXP_02060,display,Positive,screen colours look balanced
SYNEXP_02060,design,Positive,the weight feels well balanced
SYNEXP_02060,battery,Positive,battery endurance has been dependable
SYNEXP_02060,camera,Negative,portraits often blur the edges
SYNEXP_02061,design,Positive,its shape is comfortable to hold
SYNEXP_02061,battery,Negative,power drops quickly during navigation
SYNEXP_02061,camera,Positive,video remains steady when I walk
SYNEXP_02062,performance,Positive,switching between tasks feels smooth
SYNEXP_02062,display,Neutral,the display is usable in most places
SYNEXP_02062,camera,Neutral,the camera is fine for casual photos
SYNEXP_02063,camera,Positive,focus locks on reliably for quick shots
SYNEXP_02063,display,Positive,screen colours look balanced
SYNEXP_02063,battery,Negative,the battery struggles on busy days
SYNEXP_02064,camera,Negative,the camera loses detail indoors
SYNEXP_02064,battery,Positive,charging has fitted well into my routine
SYNEXP_02064,display,Negative,scrolling does not feel as smooth as expected
SYNEXP_02064,performance,Neutral,the speed feels normal for routine use
SYNEXP_02065,battery,Neutral,power use has been neither remarkable nor troublesome
SYNEXP_02065,camera,Negative,autofocus misses moving subjects
SYNEXP_02065,design,Neutral,the build feels ordinary for its price
SYNEXP_02065,display,Positive,the display stays readable outdoors
SYNEXP_02066,camera,Negative,night photos come out soft
SYNEXP_02066,design,Negative,the weight becomes tiring after a while
SYNEXP_02066,battery,Negative,charging feels slow when I am in a hurry
SYNEXP_02066,display,Positive,the display stays readable outdoors
SYNEXP_02067,display,Positive,scrolling looks smooth
SYNEXP_02067,camera,Positive,focus locks on reliably for quick shots
SYNEXP_02067,battery,Negative,power drops quickly during navigation
SYNEXP_02067,design,Positive,the build feels solid in my hand
SYNEXP_02068,display,Neutral,screen brightness is adequate indoors
SYNEXP_02068,design,Neutral,the design is practical rather than memorable
SYNEXP_02068,battery,Positive,the charge comfortably lasts into the evening
SYNEXP_02068,performance,Neutral,multitasking is workable without standing out
SYNEXP_02069,display,Negative,display colours look washed out
SYNEXP_02069,camera,Neutral,the camera feels typical for this range
SYNEXP_02069,design,Positive,the build feels solid in my hand
SYNEXP_02069,performance,Negative,apps pause when I switch between them
SYNEXP_02070,design,Positive,the design is understated and attractive
SYNEXP_02070,battery,Neutral,battery life is adequate for my usual schedule
SYNEXP_02070,camera,Positive,photos retain pleasing detail in daylight
SYNEXP_02070,performance,Positive,switching between tasks feels smooth
SYNEXP_02071,performance,Neutral,performance is adequate for basic tasks
SYNEXP_02071,battery,Positive,it rarely needs a midday top-up
SYNEXP_02071,camera,Positive,portraits look sharp without much effort
SYNEXP_02071,design,Negative,the phone is awkward to hold for long
SYNEXP_02072,display,Negative,the panel appears dim outdoors
SYNEXP_02072,battery,Positive,the charge comfortably lasts into the evening
SYNEXP_02072,design,Negative,the frame feels less sturdy than expected
SYNEXP_02072,performance,Positive,performance has remained steady after weeks of use
SYNEXP_02073,performance,Positive,games run consistently in my sessions
SYNEXP_02073,display,Neutral,the panel does its job without surprises
SYNEXP_02074,performance,Positive,games run consistently in my sessions
SYNEXP_02074,design,Negative,the design feels bulky in a pocket
SYNEXP_02074,camera,Negative,portraits often blur the edges
SYNEXP_02074,battery,Negative,standby drain is noticeable overnight
SYNEXP_02075,display,Neutral,the display is usable in most places
SYNEXP_02075,design,Positive,the build feels solid in my hand
SYNEXP_02075,performance,Negative,apps pause when I switch between them
SYNEXP_02076,design,Neutral,the design is practical rather than memorable
SYNEXP_02076,display,Neutral,colours look fairly standard
SYNEXP_02076,performance,Neutral,apps run at a reasonable pace
SYNEXP_02077,design,Positive,the design is understated and attractive
SYNEXP_02077,performance,Neutral,apps run at a reasonable pace
SYNEXP_02077,display,Negative,fine text looks less sharp than I hoped
SYNEXP_02077,camera,Positive,the camera captures natural colours
SYNEXP_02078,performance,Negative,performance drops when several apps are open
SYNEXP_02078,battery,Positive,it rarely needs a midday top-up
SYNEXP_02078,display,Negative,the screen is hard to read in sunlight
SYNEXP_02078,camera,Neutral,video quality meets my basic needs
SYNEXP_02079,design,Positive,its shape is comfortable to hold
SYNEXP_02079,performance,Negative,the phone feels sluggish after a few minutes
SYNEXP_02079,battery,Negative,I often need to recharge before dinner
SYNEXP_02079,display,Positive,screen colours look balanced
SYNEXP_02080,camera,Neutral,the camera is fine for casual photos
SYNEXP_02080,design,Negative,the finish picks up marks easily
SYNEXP_02081,display,Positive,scrolling looks smooth
SYNEXP_02081,battery,Neutral,charging speed feels fairly ordinary
SYNEXP_02081,camera,Neutral,the camera is fine for casual photos
SYNEXP_02081,performance,Positive,apps open quickly during everyday use
SYNEXP_02082,battery,Positive,charging has fitted well into my routine
SYNEXP_02082,performance,Negative,menus sometimes lag behind my taps
SYNEXP_02083,battery,Positive,the battery holds up during long commutes
SYNEXP_02083,design,Negative,the phone is awkward to hold for long
SYNEXP_02084,performance,Positive,animations feel fluid
SYNEXP_02084,battery,Negative,standby drain is noticeable overnight
SYNEXP_02084,display,Positive,text appears crisp on the panel
SYNEXP_02085,camera,Neutral,the camera feels typical for this range
SYNEXP_02085,battery,Negative,I often need to recharge before dinner
SYNEXP_02085,design,Negative,the design feels bulky in a pocket
SYNEXP_02085,display,Positive,screen colours look balanced
SYNEXP_02086,camera,Negative,the camera loses detail indoors
SYNEXP_02086,design,Positive,the build feels solid in my hand
SYNEXP_02086,display,Negative,fine text looks less sharp than I hoped
SYNEXP_02086,battery,Positive,the charge comfortably lasts into the evening
SYNEXP_02087,design,Neutral,the physical layout takes little time to learn
SYNEXP_02087,camera,Neutral,the camera feels typical for this range
SYNEXP_02087,performance,Negative,apps pause when I switch between them
SYNEXP_02088,performance,Neutral,multitasking is workable without standing out
SYNEXP_02088,camera,Neutral,the camera is fine for casual photos
SYNEXP_02088,design,Positive,the finish has held up well
SYNEXP_02088,display,Negative,the panel appears dim outdoors
SYNEXP_02089,design,Negative,the design feels bulky in a pocket
SYNEXP_02089,battery,Negative,the battery struggles on busy days
SYNEXP_02089,display,Positive,text appears crisp on the panel
SYNEXP_02089,performance,Negative,the device warms up and slows down during games
SYNEXP_02090,battery,Positive,battery endurance has been dependable
SYNEXP_02090,display,Positive,the display makes videos enjoyable
SYNEXP_02090,performance,Negative,performance drops when several apps are open
SYNEXP_02091,battery,Positive,the charge comfortably lasts into the evening
SYNEXP_02091,display,Neutral,the display is usable in most places
SYNEXP_02092,camera,Positive,focus locks on reliably for quick shots
SYNEXP_02092,battery,Negative,the battery drains faster than I expected
SYNEXP_02093,display,Neutral,screen brightness is adequate indoors
SYNEXP_02093,battery,Negative,power drops quickly during navigation
SYNEXP_02093,design,Negative,the design feels bulky in a pocket
SYNEXP_02093,camera,Positive,photos retain pleasing detail in daylight
SYNEXP_02094,battery,Neutral,charging speed feels fairly ordinary
SYNEXP_02094,performance,Negative,gaming sessions bring noticeable stutter
SYNEXP_02095,performance,Positive,apps open quickly during everyday use
SYNEXP_02095,camera,Neutral,the camera feels typical for this range
SYNEXP_02095,battery,Positive,battery endurance has been dependable
SYNEXP_02095,design,Positive,its shape is comfortable to hold
SYNEXP_02096,design,Positive,the finish has held up well
SYNEXP_02096,performance,Negative,the device warms up and slows down during games
SYNEXP_02096,camera,Neutral,the camera is fine for casual photos
SYNEXP_02096,display,Positive,the display stays readable outdoors
SYNEXP_02097,camera,Positive,the camera captures natural colours
SYNEXP_02097,performance,Neutral,performance is adequate for basic tasks
SYNEXP_02097,design,Neutral,the build feels ordinary for its price
SYNEXP_02098,performance,Positive,animations feel fluid
SYNEXP_02098,display,Neutral,screen brightness is adequate indoors
SYNEXP_02098,design,Positive,the design is understated and attractive
SYNEXP_02098,camera,Negative,autofocus misses moving subjects
SYNEXP_02099,performance,Negative,performance drops when several apps are open
SYNEXP_02099,design,Neutral,the physical layout takes little time to learn
SYNEXP_02099,camera,Neutral,the camera feels typical for this range
SYNEXP_02099,battery,Negative,power drops quickly during navigation
SYNEXP_02100,camera,Neutral,the camera feels typical for this range
SYNEXP_02100,design,Positive,its shape is comfortable to hold
SYNEXP_02100,performance,Positive,the phone stays responsive under a busy workload
SYNEXP_02101,performance,Negative,gaming sessions bring noticeable stutter
SYNEXP_02101,battery,Neutral,battery life is adequate for my usual schedule
SYNEXP_02101,design,Positive,the buttons feel thoughtfully placed
SYNEXP_02102,display,Neutral,the panel does its job without surprises
SYNEXP_02102,performance,Positive,games run consistently in my sessions
SYNEXP_02102,battery,Negative,power drops quickly during navigation
SYNEXP_02102,camera,Neutral,image quality is acceptable in good light
SYNEXP_02103,battery,Neutral,the battery gets me through an average day
SYNEXP_02103,camera,Negative,video looks shaky when I move
SYNEXP_02103,performance,Positive,apps open quickly during everyday use
SYNEXP_02104,performance,Neutral,the speed feels normal for routine use
SYNEXP_02104,camera,Neutral,image quality is acceptable in good light
SYNEXP_02104,battery,Neutral,power use has been neither remarkable nor troublesome
SYNEXP_02104,display,Neutral,colours look fairly standard
SYNEXP_02105,battery,Negative,charging feels slow when I am in a hurry
SYNEXP_02105,performance,Positive,games run consistently in my sessions
SYNEXP_02106,performance,Negative,gaming sessions bring noticeable stutter
SYNEXP_02106,display,Neutral,the panel does its job without surprises
SYNEXP_02107,design,Negative,the phone is awkward to hold for long
SYNEXP_02107,performance,Positive,performance has remained steady after weeks of use
SYNEXP_02107,battery,Neutral,battery life is adequate for my usual schedule
SYNEXP_02108,design,Neutral,the physical layout takes little time to learn
SYNEXP_02108,battery,Positive,the battery holds up during long commutes
SYNEXP_02108,display,Positive,the display stays readable outdoors
SYNEXP_02109,performance,Neutral,the speed feels normal for routine use
SYNEXP_02109,camera,Neutral,image quality is acceptable in good light
SYNEXP_02110,performance,Negative,performance drops when several apps are open
SYNEXP_02110,display,Neutral,colours look fairly standard
SYNEXP_02110,camera,Positive,night photos have been better than expected
SYNEXP_02110,design,Positive,the weight feels well balanced
SYNEXP_02111,display,Neutral,the display is usable in most places
SYNEXP_02111,performance,Positive,the phone stays responsive under a busy workload
SYNEXP_02112,performance,Positive,the phone stays responsive under a busy workload
SYNEXP_02112,camera,Negative,video looks shaky when I move
SYNEXP_02112,design,Neutral,the design is practical rather than memorable
SYNEXP_02112,battery,Positive,the battery holds up during long commutes
SYNEXP_02113,performance,Positive,performance has remained steady after weeks of use
SYNEXP_02113,battery,Neutral,charging speed feels fairly ordinary
SYNEXP_02113,camera,Negative,video looks shaky when I move
SYNEXP_02114,battery,Negative,standby drain is noticeable overnight
SYNEXP_02114,design,Negative,the design feels bulky in a pocket
SYNEXP_02114,camera,Positive,night photos have been better than expected
SYNEXP_02114,display,Positive,the display makes videos enjoyable
SYNEXP_02115,design,Positive,the weight feels well balanced
SYNEXP_02115,battery,Positive,I finish most days with power to spare
SYNEXP_02115,display,Negative,the panel appears dim outdoors
SYNEXP_02116,performance,Positive,games run consistently in my sessions
SYNEXP_02116,display,Positive,scrolling looks smooth
SYNEXP_02116,design,Neutral,the physical layout takes little time to learn
SYNEXP_02116,camera,Negative,colours in photos sometimes look unnatural
SYNEXP_02117,performance,Neutral,multitasking is workable without standing out
SYNEXP_02117,battery,Neutral,the battery gets me through an average day
SYNEXP_02118,camera,Negative,the camera loses detail indoors
SYNEXP_02118,battery,Neutral,charging speed feels fairly ordinary
SYNEXP_02119,camera,Positive,video remains steady when I walk
SYNEXP_02119,battery,Positive,the battery holds up during long commutes
SYNEXP_02120,design,Positive,the buttons feel thoughtfully placed
SYNEXP_02120,performance,Negative,the phone feels sluggish after a few minutes
SYNEXP_02121,display,Positive,screen colours look balanced
SYNEXP_02121,performance,Negative,menus sometimes lag behind my taps
SYNEXP_02121,battery,Positive,charging has fitted well into my routine
SYNEXP_02122,battery,Neutral,charging speed feels fairly ordinary
SYNEXP_02122,design,Positive,the design is understated and attractive
SYNEXP_02123,display,Neutral,screen brightness is adequate indoors
SYNEXP_02123,battery,Negative,I often need to recharge before dinner
SYNEXP_02123,design,Neutral,the physical layout takes little time to learn
SYNEXP_02123,performance,Positive,performance has remained steady after weeks of use
SYNEXP_02124,battery,Positive,the battery holds up during long commutes
SYNEXP_02124,camera,Positive,photos retain pleasing detail in daylight
SYNEXP_02124,display,Positive,the display makes videos enjoyable
SYNEXP_02124,design,Negative,the frame feels less sturdy than expected
SYNEXP_02125,performance,Positive,apps open quickly during everyday use
SYNEXP_02125,design,Negative,the weight becomes tiring after a while
SYNEXP_02125,display,Neutral,the panel does its job without surprises
SYNEXP_02126,camera,Positive,photos retain pleasing detail in daylight
SYNEXP_02126,performance,Neutral,the speed feels normal for routine use
SYNEXP_02126,display,Neutral,the panel does its job without surprises
SYNEXP_02126,battery,Positive,I finish most days with power to spare
SYNEXP_02127,performance,Neutral,multitasking is workable without standing out
SYNEXP_02127,battery,Negative,the battery drains faster than I expected
SYNEXP_02127,design,Positive,the design is understated and attractive
SYNEXP_02127,display,Neutral,colours look fairly standard
SYNEXP_02128,camera,Neutral,the camera is fine for casual photos
SYNEXP_02128,battery,Negative,I often need to recharge before dinner
SYNEXP_02129,camera,Neutral,the camera is fine for casual photos
SYNEXP_02129,design,Positive,its shape is comfortable to hold
SYNEXP_02129,display,Negative,fine text looks less sharp than I hoped
SYNEXP_02129,performance,Neutral,multitasking is workable without standing out
SYNEXP_02130,display,Positive,screen colours look balanced
SYNEXP_02130,battery,Positive,battery endurance has been dependable
SYNEXP_02130,performance,Negative,gaming sessions bring noticeable stutter
SYNEXP_02130,design,Positive,the design is understated and attractive
SYNEXP_02131,camera,Positive,photos retain pleasing detail in daylight
SYNEXP_02131,design,Negative,the buttons are difficult to reach
SYNEXP_02131,battery,Neutral,power use has been neither remarkable nor troublesome
SYNEXP_02131,display,Positive,brightness adjusts well in changing light
SYNEXP_02132,camera,Positive,video remains steady when I walk
SYNEXP_02132,performance,Negative,the phone feels sluggish after a few minutes
SYNEXP_02132,design,Negative,the frame feels less sturdy than expected
SYNEXP_02133,display,Positive,scrolling looks smooth
SYNEXP_02133,battery,Negative,standby drain is noticeable overnight
SYNEXP_02133,performance,Positive,the phone stays responsive under a busy workload
SYNEXP_02134,design,Neutral,the physical layout takes little time to learn
SYNEXP_02134,performance,Positive,games run consistently in my sessions
SYNEXP_02135,performance,Neutral,multitasking is workable without standing out
SYNEXP_02135,display,Neutral,colours look fairly standard
SYNEXP_02136,battery,Positive,it rarely needs a midday top-up
SYNEXP_02136,design,Neutral,the build feels ordinary for its price
SYNEXP_02136,performance,Neutral,multitasking is workable without standing out
SYNEXP_02137,camera,Negative,video looks shaky when I move
SYNEXP_02137,battery,Negative,the battery struggles on busy days
SYNEXP_02137,performance,Negative,apps pause when I switch between them
SYNEXP_02137,display,Positive,text appears crisp on the panel
SYNEXP_02138,design,Positive,the weight feels well balanced
SYNEXP_02138,performance,Positive,the phone stays responsive under a busy workload
SYNEXP_02138,display,Negative,fine text looks less sharp than I hoped
SYNEXP_02138,camera,Positive,the camera captures natural colours
SYNEXP_02139,battery,Negative,I often need to recharge before dinner
SYNEXP_02139,design,Positive,the buttons feel thoughtfully placed
SYNEXP_02139,performance,Positive,the phone stays responsive under a busy workload
SYNEXP_02140,camera,Positive,night photos have been better than expected
SYNEXP_02140,design,Negative,the finish picks up marks easily
SYNEXP_02141,design,Positive,the buttons feel thoughtfully placed
SYNEXP_02141,battery,Neutral,the battery gets me through an average day
SYNEXP_02142,performance,Negative,apps pause when I switch between them
SYNEXP_02142,camera,Negative,autofocus misses moving subjects
SYNEXP_02142,battery,Neutral,battery life is adequate for my usual schedule
SYNEXP_02143,display,Negative,fine text looks less sharp than I hoped
SYNEXP_02143,battery,Neutral,the battery gets me through an average day
SYNEXP_02143,design,Negative,the design feels bulky in a pocket
SYNEXP_02143,performance,Positive,performance has remained steady after weeks of use
SYNEXP_02144,battery,Negative,the battery struggles on busy days
SYNEXP_02144,camera,Negative,night photos come out soft
SYNEXP_02144,design,Positive,its shape is comfortable to hold
SYNEXP_02144,performance,Positive,switching between tasks feels smooth
SYNEXP_02145,battery,Neutral,battery life is adequate for my usual schedule
SYNEXP_02145,performance,Positive,apps open quickly during everyday use
SYNEXP_02145,camera,Positive,photos retain pleasing detail in daylight
SYNEXP_02146,design,Positive,the finish has held up well
SYNEXP_02146,battery,Negative,I often need to recharge before dinner
SYNEXP_02146,display,Positive,scrolling looks smooth
SYNEXP_02146,performance,Negative,apps pause when I switch between them
SYNEXP_02147,battery,Negative,standby drain is noticeable overnight
SYNEXP_02147,display,Negative,the panel appears dim outdoors
SYNEXP_02147,performance,Neutral,performance is adequate for basic tasks
SYNEXP_02148,design,Negative,the finish picks up marks easily
SYNEXP_02148,battery,Positive,battery endurance has been dependable
SYNEXP_02149,design,Positive,the weight feels well balanced
SYNEXP_02149,display,Negative,touch response occasionally misses a swipe
SYNEXP_02150,performance,Negative,the device warms up and slows down during games
SYNEXP_02150,camera,Positive,night photos have been better than expected
SYNEXP_02150,battery,Negative,power drops quickly during navigation
SYNEXP_02151,camera,Neutral,image quality is acceptable in good light
SYNEXP_02151,battery,Positive,I finish most days with power to spare
SYNEXP_02151,design,Negative,the finish picks up marks easily
SYNEXP_02151,performance,Positive,animations feel fluid
SYNEXP_02152,battery,Negative,charging feels slow when I am in a hurry
SYNEXP_02152,display,Positive,text appears crisp on the panel
SYNEXP_02153,battery,Positive,charging has fitted well into my routine
SYNEXP_02153,performance,Neutral,the speed feels normal for routine use
SYNEXP_02154,camera,Neutral,image quality is acceptable in good light
SYNEXP_02154,design,Negative,the finish picks up marks easily
SYNEXP_02154,display,Positive,brightness adjusts well in changing light
SYNEXP_02154,performance,Positive,switching between tasks feels smooth
SYNEXP_02155,battery,Negative,standby drain is noticeable overnight
SYNEXP_02155,design,Positive,the weight feels well balanced
SYNEXP_02156,display,Positive,the display makes videos enjoyable
SYNEXP_02156,camera,Neutral,image quality is acceptable in good light
SYNEXP_02157,display,Positive,the display stays readable outdoors
SYNEXP_02157,camera,Negative,night photos come out soft
SYNEXP_02157,design,Negative,the weight becomes tiring after a while
SYNEXP_02157,battery,Positive,the charge comfortably lasts into the evening
SYNEXP_02158,display,Positive,the display makes videos enjoyable
SYNEXP_02158,battery,Negative,power drops quickly during navigation
SYNEXP_02159,camera,Neutral,the camera feels typical for this range
SYNEXP_02159,battery,Positive,charging has fitted well into my routine
SYNEXP_02159,display,Neutral,screen brightness is adequate indoors
SYNEXP_02160,performance,Neutral,apps run at a reasonable pace
SYNEXP_02160,camera,Negative,portraits often blur the edges
SYNEXP_02160,battery,Negative,charging feels slow when I am in a hurry
SYNEXP_02161,design,Neutral,the physical layout takes little time to learn
SYNEXP_02161,display,Positive,scrolling looks smooth
SYNEXP_02161,camera,Positive,night photos have been better than expected
SYNEXP_02161,performance,Positive,animations feel fluid
SYNEXP_02162,battery,Positive,the charge comfortably lasts into the evening
SYNEXP_02162,performance,Positive,switching between tasks feels smooth
SYNEXP_02162,display,Negative,fine text looks less sharp than I hoped
SYNEXP_02163,display,Negative,the screen is hard to read in sunlight
SYNEXP_02163,battery,Neutral,power use has been neither remarkable nor troublesome
SYNEXP_02164,performance,Positive,apps open quickly during everyday use
SYNEXP_02164,camera,Neutral,the camera feels typical for this range
SYNEXP_02164,battery,Positive,charging has fitted well into my routine
SYNEXP_02165,performance,Negative,gaming sessions bring noticeable stutter
SYNEXP_02165,display,Positive,scrolling looks smooth
SYNEXP_02165,battery,Neutral,battery life is adequate for my usual schedule
SYNEXP_02166,design,Positive,the build feels solid in my hand
SYNEXP_02166,performance,Positive,switching between tasks feels smooth
SYNEXP_02166,display,Negative,touch response occasionally misses a swipe
SYNEXP_02167,design,Positive,its shape is comfortable to hold
SYNEXP_02167,camera,Neutral,image quality is acceptable in good light
SYNEXP_02167,display,Positive,the display makes videos enjoyable
SYNEXP_02168,performance,Negative,the phone feels sluggish after a few minutes
SYNEXP_02168,display,Negative,touch response occasionally misses a swipe
SYNEXP_02168,design,Positive,its shape is comfortable to hold
SYNEXP_02168,camera,Negative,night photos come out soft
SYNEXP_02169,design,Neutral,the physical layout takes little time to learn
SYNEXP_02169,camera,Positive,photos retain pleasing detail in daylight
SYNEXP_02169,battery,Neutral,the battery gets me through an average day
SYNEXP_02170,battery,Negative,the battery struggles on busy days
SYNEXP_02170,camera,Negative,portraits often blur the edges
SYNEXP_02170,design,Neutral,the build feels ordinary for its price
SYNEXP_02171,performance,Positive,apps open quickly during everyday use
SYNEXP_02171,design,Positive,the build feels solid in my hand
SYNEXP_02171,battery,Positive,battery endurance has been dependable
SYNEXP_02171,camera,Neutral,the camera is fine for casual photos
SYNEXP_02172,display,Negative,scrolling does not feel as smooth as expected
SYNEXP_02172,design,Negative,the buttons are difficult to reach
SYNEXP_02173,display,Positive,text appears crisp on the panel
SYNEXP_02173,design,Neutral,the physical layout takes little time to learn
SYNEXP_02173,battery,Neutral,the battery gets me through an average day
SYNEXP_02174,performance,Neutral,performance is adequate for basic tasks
SYNEXP_02174,display,Negative,scrolling does not feel as smooth as expected
SYNEXP_02174,design,Neutral,the physical layout takes little time to learn
SYNEXP_02175,performance,Neutral,the speed feels normal for routine use
SYNEXP_02175,battery,Positive,I finish most days with power to spare
SYNEXP_02175,camera,Neutral,the camera is fine for casual photos
SYNEXP_02176,performance,Negative,gaming sessions bring noticeable stutter
SYNEXP_02176,battery,Negative,standby drain is noticeable overnight
SYNEXP_02176,display,Positive,brightness adjusts well in changing light
SYNEXP_02176,camera,Neutral,image quality is acceptable in good light
SYNEXP_02177,display,Negative,the screen is hard to read in sunlight
SYNEXP_02177,battery,Positive,the battery holds up during long commutes
SYNEXP_02177,performance,Positive,performance has remained steady after weeks of use
SYNEXP_02177,design,Negative,the design feels bulky in a pocket
SYNEXP_02178,performance,Neutral,the speed feels normal for routine use
SYNEXP_02178,display,Positive,text appears crisp on the panel
SYNEXP_02179,design,Positive,its shape is comfortable to hold
SYNEXP_02179,camera,Positive,the camera captures natural colours
SYNEXP_02179,display,Neutral,the panel does its job without surprises
SYNEXP_02179,battery,Negative,I often need to recharge before dinner
SYNEXP_02180,performance,Neutral,apps run at a reasonable pace
SYNEXP_02180,camera,Positive,photos retain pleasing detail in daylight
SYNEXP_02180,design,Negative,the design feels bulky in a pocket
SYNEXP_02181,battery,Positive,charging has fitted well into my routine
SYNEXP_02181,design,Negative,the phone is awkward to hold for long
SYNEXP_02181,camera,Positive,the camera captures natural colours
SYNEXP_02181,performance,Neutral,the speed feels normal for routine use
SYNEXP_02182,camera,Positive,portraits look sharp without much effort
SYNEXP_02182,performance,Negative,the phone feels sluggish after a few minutes
SYNEXP_02182,display,Neutral,screen brightness is adequate indoors
SYNEXP_02182,design,Negative,the design feels bulky in a pocket
SYNEXP_02183,performance,Negative,performance drops when several apps are open
SYNEXP_02183,design,Positive,its shape is comfortable to hold
SYNEXP_02183,display,Positive,brightness adjusts well in changing light
SYNEXP_02184,performance,Negative,the phone feels sluggish after a few minutes
SYNEXP_02184,display,Positive,text appears crisp on the panel
SYNEXP_02184,battery,Positive,battery endurance has been dependable
SYNEXP_02185,performance,Positive,the phone stays responsive under a busy workload
SYNEXP_02185,battery,Negative,the battery struggles on busy days
SYNEXP_02185,design,Negative,the phone is awkward to hold for long
SYNEXP_02186,performance,Neutral,performance is adequate for basic tasks
SYNEXP_02186,display,Positive,the display stays readable outdoors
SYNEXP_02186,battery,Positive,the charge comfortably lasts into the evening
SYNEXP_02187,camera,Negative,video looks shaky when I move
SYNEXP_02187,performance,Neutral,apps run at a reasonable pace
SYNEXP_02188,camera,Neutral,image quality is acceptable in good light
SYNEXP_02188,performance,Neutral,the speed feels normal for routine use
SYNEXP_02189,display,Negative,scrolling does not feel as smooth as expected
SYNEXP_02189,battery,Positive,the charge comfortably lasts into the evening
SYNEXP_02189,design,Positive,its shape is comfortable to hold
SYNEXP_02190,camera,Negative,colours in photos sometimes look unnatural
SYNEXP_02190,design,Positive,the design is understated and attractive
SYNEXP_02190,performance,Neutral,apps run at a reasonable pace
SYNEXP_02190,display,Negative,touch response occasionally misses a swipe
SYNEXP_02191,battery,Neutral,battery life is adequate for my usual schedule
SYNEXP_02191,camera,Negative,colours in photos sometimes look unnatural
SYNEXP_02191,design,Positive,the finish has held up well
SYNEXP_02192,display,Neutral,the display is usable in most places
SYNEXP_02192,camera,Positive,night photos have been better than expected
SYNEXP_02192,performance,Neutral,performance is adequate for basic tasks
SYNEXP_02192,design,Positive,the finish has held up well
SYNEXP_02193,battery,Negative,standby drain is noticeable overnight
SYNEXP_02193,camera,Negative,autofocus misses moving subjects
SYNEXP_02193,design,Neutral,the design is practical rather than memorable
SYNEXP_02194,battery,Neutral,battery life is adequate for my usual schedule
SYNEXP_02194,performance,Neutral,performance is adequate for basic tasks
SYNEXP_02194,display,Negative,the panel appears dim outdoors
SYNEXP_02194,camera,Negative,portraits often blur the edges
SYNEXP_02195,camera,Positive,photos retain pleasing detail in daylight
SYNEXP_02195,design,Positive,the weight feels well balanced
SYNEXP_02196,display,Negative,fine text looks less sharp than I hoped
SYNEXP_02196,battery,Negative,charging feels slow when I am in a hurry
SYNEXP_02197,battery,Positive,it rarely needs a midday top-up
SYNEXP_02197,design,Negative,the buttons are difficult to reach
SYNEXP_02197,camera,Positive,the camera captures natural colours
SYNEXP_02198,performance,Positive,switching between tasks feels smooth
SYNEXP_02198,camera,Negative,night photos come out soft
SYNEXP_02198,display,Negative,the panel appears dim outdoors
SYNEXP_02198,battery,Negative,charging feels slow when I am in a hurry
SYNEXP_02199,display,Positive,brightness adjusts well in changing light
SYNEXP_02199,camera,Negative,colours in photos sometimes look unnatural
SYNEXP_02199,design,Neutral,its weight is manageable
SYNEXP_02199,performance,Neutral,performance is adequate for basic tasks
SYNEXP_02200,battery,Neutral,power use has been neither remarkable nor troublesome
SYNEXP_02200,display,Negative,scrolling does not feel as smooth as expected
SYNEXP_02201,design,Positive,the weight feels well balanced
SYNEXP_02201,camera,Negative,the camera loses detail indoors
SYNEXP_02201,display,Negative,fine text looks less sharp than I hoped
SYNEXP_02202,design,Positive,the weight feels well balanced
SYNEXP_02202,camera,Positive,portraits look sharp without much effort
SYNEXP_02202,battery,Neutral,power use has been neither remarkable nor troublesome
SYNEXP_02202,performance,Positive,games run consistently in my sessions
SYNEXP_02203,camera,Positive,video remains steady when I walk
SYNEXP_02203,performance,Positive,performance has remained steady after weeks of use
SYNEXP_02203,battery,Positive,charging has fitted well into my routine
SYNEXP_02204,display,Positive,text appears crisp on the panel
SYNEXP_02204,design,Positive,the buttons feel thoughtfully placed
SYNEXP_02204,performance,Negative,apps pause when I switch between them
SYNEXP_02205,camera,Neutral,image quality is acceptable in good light
SYNEXP_02205,battery,Neutral,power use has been neither remarkable nor troublesome
SYNEXP_02205,design,Negative,the weight becomes tiring after a while
SYNEXP_02206,design,Positive,the buttons feel thoughtfully placed
SYNEXP_02206,battery,Positive,the charge comfortably lasts into the evening
SYNEXP_02206,camera,Positive,portraits look sharp without much effort
SYNEXP_02206,display,Negative,the panel appears dim outdoors
SYNEXP_02207,camera,Positive,the camera captures natural colours
SYNEXP_02207,battery,Neutral,battery life is adequate for my usual schedule
SYNEXP_02207,display,Positive,text appears crisp on the panel
SYNEXP_02207,performance,Negative,the device warms up and slows down during games
SYNEXP_02208,design,Positive,the finish has held up well
SYNEXP_02208,camera,Positive,focus locks on reliably for quick shots
SYNEXP_02208,battery,Negative,charging feels slow when I am in a hurry
SYNEXP_02208,display,Positive,screen colours look balanced
SYNEXP_02209,performance,Negative,the device warms up and slows down during games
SYNEXP_02209,design,Positive,the build feels solid in my hand
SYNEXP_02210,performance,Positive,switching between tasks feels smooth
SYNEXP_02210,display,Negative,touch response occasionally misses a swipe
SYNEXP_02210,battery,Positive,battery endurance has been dependable
SYNEXP_02210,design,Neutral,the physical layout takes little time to learn
SYNEXP_02211,performance,Negative,the device warms up and slows down during games
SYNEXP_02211,battery,Negative,standby drain is noticeable overnight
SYNEXP_02212,display,Positive,screen colours look balanced
SYNEXP_02212,design,Positive,its shape is comfortable to hold
SYNEXP_02212,battery,Positive,battery endurance has been dependable
SYNEXP_02213,performance,Negative,apps pause when I switch between them
SYNEXP_02213,battery,Positive,charging has fitted well into my routine
SYNEXP_02214,display,Neutral,screen brightness is adequate indoors
SYNEXP_02214,performance,Neutral,performance is adequate for basic tasks
SYNEXP_02215,performance,Neutral,performance is adequate for basic tasks
SYNEXP_02215,design,Negative,the weight becomes tiring after a while
SYNEXP_02216,display,Positive,scrolling looks smooth
SYNEXP_02216,battery,Neutral,power use has been neither remarkable nor troublesome
SYNEXP_02216,camera,Positive,night photos have been better than expected
SYNEXP_02217,performance,Positive,animations feel fluid
SYNEXP_02217,design,Neutral,the build feels ordinary for its price
SYNEXP_02217,battery,Positive,it rarely needs a midday top-up
SYNEXP_02218,battery,Negative,the battery drains faster than I expected
SYNEXP_02218,performance,Neutral,multitasking is workable without standing out
SYNEXP_02218,display,Negative,the screen is hard to read in sunlight
SYNEXP_02218,camera,Positive,portraits look sharp without much effort
SYNEXP_02219,battery,Positive,the battery holds up during long commutes
SYNEXP_02219,display,Neutral,the panel does its job without surprises
SYNEXP_02219,camera,Negative,portraits often blur the edges
SYNEXP_02220,performance,Neutral,apps run at a reasonable pace
SYNEXP_02220,design,Negative,the buttons are difficult to reach
SYNEXP_02220,battery,Positive,charging has fitted well into my routine
SYNEXP_02221,performance,Neutral,apps run at a reasonable pace
SYNEXP_02221,display,Negative,the panel appears dim outdoors
SYNEXP_02222,design,Neutral,the build feels ordinary for its price
SYNEXP_02222,display,Neutral,the panel does its job without surprises
SYNEXP_02222,performance,Negative,menus sometimes lag behind my taps
SYNEXP_02222,battery,Neutral,charging speed feels fairly ordinary
SYNEXP_02223,battery,Negative,power drops quickly during navigation
SYNEXP_02223,performance,Negative,gaming sessions bring noticeable stutter
SYNEXP_02223,design,Positive,the buttons feel thoughtfully placed
SYNEXP_02223,display,Positive,the display stays readable outdoors
SYNEXP_02224,camera,Negative,colours in photos sometimes look unnatural
SYNEXP_02224,performance,Negative,performance drops when several apps are open
SYNEXP_02225,camera,Negative,colours in photos sometimes look unnatural
SYNEXP_02225,battery,Negative,the battery struggles on busy days
SYNEXP_02226,camera,Neutral,video quality meets my basic needs
SYNEXP_02226,battery,Neutral,the battery gets me through an average day
SYNEXP_02227,battery,Positive,the charge comfortably lasts into the evening
SYNEXP_02227,camera,Neutral,image quality is acceptable in good light
SYNEXP_02227,performance,Positive,switching between tasks feels smooth
SYNEXP_02227,design,Neutral,its weight is manageable
SYNEXP_02228,performance,Positive,the phone stays responsive under a busy workload
SYNEXP_02228,camera,Positive,the camera captures natural colours
SYNEXP_02228,design,Negative,the finish picks up marks easily
SYNEXP_02229,battery,Positive,charging has fitted well into my routine
SYNEXP_02229,design,Negative,the design feels bulky in a pocket
SYNEXP_02230,display,Neutral,the display is usable in most places
SYNEXP_02230,battery,Neutral,power use has been neither remarkable nor troublesome
SYNEXP_02231,battery,Positive,it rarely needs a midday top-up
SYNEXP_02231,design,Negative,the phone is awkward to hold for long
SYNEXP_02231,display,Neutral,the panel does its job without surprises
SYNEXP_02231,performance,Positive,switching between tasks feels smooth
SYNEXP_02232,camera,Negative,autofocus misses moving subjects
SYNEXP_02232,display,Positive,text appears crisp on the panel
SYNEXP_02232,battery,Positive,battery endurance has been dependable
SYNEXP_02232,design,Negative,the design feels bulky in a pocket
SYNEXP_02233,performance,Positive,animations feel fluid
SYNEXP_02233,battery,Negative,charging feels slow when I am in a hurry
SYNEXP_02233,design,Positive,the finish has held up well
SYNEXP_02233,display,Positive,brightness adjusts well in changing light
SYNEXP_02234,battery,Positive,I finish most days with power to spare
SYNEXP_02234,camera,Positive,video remains steady when I walk
SYNEXP_02234,design,Positive,the build feels solid in my hand
SYNEXP_02234,performance,Positive,games run consistently in my sessions
SYNEXP_02235,performance,Negative,menus sometimes lag behind my taps
SYNEXP_02235,camera,Positive,the camera captures natural colours
SYNEXP_02235,design,Negative,the design feels bulky in a pocket
SYNEXP_02236,battery,Negative,the battery drains faster than I expected
SYNEXP_02236,camera,Negative,the camera loses detail indoors
SYNEXP_02236,design,Neutral,the design is practical rather than memorable
SYNEXP_02236,display,Neutral,the panel does its job without surprises
SYNEXP_02237,battery,Neutral,power use has been neither remarkable nor troublesome
SYNEXP_02237,performance,Positive,the phone stays responsive under a busy workload
SYNEXP_02237,design,Positive,the build feels solid in my hand
SYNEXP_02238,battery,Neutral,charging speed feels fairly ordinary
SYNEXP_02238,camera,Neutral,the camera is fine for casual photos
SYNEXP_02238,display,Positive,the display makes videos enjoyable
SYNEXP_02239,performance,Positive,the phone stays responsive under a busy workload
SYNEXP_02239,camera,Positive,focus locks on reliably for quick shots
SYNEXP_02240,battery,Positive,charging has fitted well into my routine
SYNEXP_02240,display,Neutral,the panel does its job without surprises
SYNEXP_02240,camera,Positive,the camera captures natural colours
SYNEXP_02241,design,Negative,the buttons are difficult to reach
SYNEXP_02241,performance,Positive,switching between tasks feels smooth
SYNEXP_02241,battery,Negative,standby drain is noticeable overnight
SYNEXP_02241,display,Negative,touch response occasionally misses a swipe
SYNEXP_02242,battery,Neutral,battery life is adequate for my usual schedule
SYNEXP_02242,display,Neutral,the display is usable in most places
SYNEXP_02242,camera,Negative,colours in photos sometimes look unnatural
SYNEXP_02242,performance,Neutral,the speed feels normal for routine use
SYNEXP_02243,camera,Negative,the camera loses detail indoors
SYNEXP_02243,battery,Positive,battery endurance has been dependable
SYNEXP_02243,design,Positive,its shape is comfortable to hold
SYNEXP_02243,display,Positive,screen colours look balanced
SYNEXP_02244,display,Positive,the display stays readable outdoors
SYNEXP_02244,battery,Positive,it rarely needs a midday top-up
SYNEXP_02244,performance,Positive,games run consistently in my sessions
SYNEXP_02244,camera,Positive,video remains steady when I walk
SYNEXP_02245,performance,Negative,performance drops when several apps are open
SYNEXP_02245,battery,Neutral,power use has been neither remarkable nor troublesome
SYNEXP_02245,design,Negative,the frame feels less sturdy than expected
SYNEXP_02245,display,Positive,brightness adjusts well in changing light
SYNEXP_02246,display,Positive,the display stays readable outdoors
SYNEXP_02246,battery,Negative,the battery drains faster than I expected
SYNEXP_02247,performance,Negative,performance drops when several apps are open
SYNEXP_02247,battery,Neutral,the battery gets me through an average day
SYNEXP_02247,display,Positive,the display stays readable outdoors
SYNEXP_02247,camera,Positive,night photos have been better than expected
SYNEXP_02248,design,Negative,the frame feels less sturdy than expected
SYNEXP_02248,camera,Positive,photos retain pleasing detail in daylight
SYNEXP_02248,performance,Positive,games run consistently in my sessions
SYNEXP_02248,battery,Positive,battery endurance has been dependable
SYNEXP_02249,battery,Neutral,the battery gets me through an average day
SYNEXP_02249,display,Negative,scrolling does not feel as smooth as expected
SYNEXP_02249,performance,Positive,animations feel fluid
SYNEXP_02250,performance,Neutral,the speed feels normal for routine use
SYNEXP_02250,camera,Negative,video looks shaky when I move
SYNEXP_02251,design,Positive,the buttons feel thoughtfully placed
SYNEXP_02251,performance,Positive,performance has remained steady after weeks of use
SYNEXP_02251,camera,Negative,video looks shaky when I move
SYNEXP_02251,display,Positive,brightness adjusts well in changing light
SYNEXP_02252,design,Negative,the design feels bulky in a pocket
SYNEXP_02252,camera,Positive,portraits look sharp without much effort
SYNEXP_02253,performance,Neutral,the speed feels normal for routine use
SYNEXP_02253,battery,Positive,battery endurance has been dependable
SYNEXP_02253,design,Negative,the frame feels less sturdy than expected
SYNEXP_02253,display,Negative,the screen is hard to read in sunlight
SYNEXP_02254,camera,Negative,video looks shaky when I move
SYNEXP_02254,battery,Negative,standby drain is noticeable overnight
SYNEXP_02255,performance,Negative,menus sometimes lag behind my taps
SYNEXP_02255,design,Positive,the design is understated and attractive
SYNEXP_02255,battery,Positive,it rarely needs a midday top-up
SYNEXP_02256,design,Positive,the finish has held up well
SYNEXP_02256,performance,Positive,the phone stays responsive under a busy workload
SYNEXP_02256,camera,Positive,focus locks on reliably for quick shots
SYNEXP_02257,camera,Positive,video remains steady when I walk
SYNEXP_02257,display,Positive,the display stays readable outdoors
SYNEXP_02257,design,Positive,the design is understated and attractive
SYNEXP_02257,battery,Neutral,charging speed feels fairly ordinary
SYNEXP_02258,display,Neutral,the panel does its job without surprises
SYNEXP_02258,performance,Negative,gaming sessions bring noticeable stutter
SYNEXP_02258,battery,Negative,power drops quickly during navigation
SYNEXP_02259,design,Negative,the finish picks up marks easily
SYNEXP_02259,performance,Positive,animations feel fluid
SYNEXP_02259,battery,Neutral,battery life is adequate for my usual schedule
SYNEXP_02259,camera,Neutral,image quality is acceptable in good light
SYNEXP_02260,camera,Negative,autofocus misses moving subjects
SYNEXP_02260,design,Positive,the design is understated and attractive
SYNEXP_02260,display,Neutral,the panel does its job without surprises
SYNEXP_02260,performance,Positive,performance has remained steady after weeks of use
SYNEXP_02261,design,Positive,the buttons feel thoughtfully placed
SYNEXP_02261,performance,Positive,performance has remained steady after weeks of use
SYNEXP_02261,camera,Positive,night photos have been better than expected
SYNEXP_02261,battery,Positive,the battery holds up during long commutes
SYNEXP_02262,performance,Neutral,multitasking is workable without standing out
SYNEXP_02262,camera,Positive,night photos have been better than expected
SYNEXP_02262,design,Negative,the buttons are difficult to reach
SYNEXP_02263,camera,Positive,photos retain pleasing detail in daylight
SYNEXP_02263,design,Negative,the frame feels less sturdy than expected
SYNEXP_02263,performance,Negative,performance drops when several apps are open
SYNEXP_02264,design,Positive,the buttons feel thoughtfully placed
SYNEXP_02264,display,Neutral,the panel does its job without surprises
SYNEXP_02264,battery,Positive,battery endurance has been dependable
SYNEXP_02264,performance,Neutral,the speed feels normal for routine use
SYNEXP_02265,display,Positive,brightness adjusts well in changing light
SYNEXP_02265,design,Negative,the weight becomes tiring after a while
SYNEXP_02265,battery,Neutral,the battery gets me through an average day
SYNEXP_02265,camera,Positive,photos retain pleasing detail in daylight
SYNEXP_02266,design,Positive,the finish has held up well
SYNEXP_02266,battery,Neutral,battery life is adequate for my usual schedule
SYNEXP_02266,camera,Positive,focus locks on reliably for quick shots
SYNEXP_02267,battery,Positive,it rarely needs a midday top-up
SYNEXP_02267,design,Negative,the weight becomes tiring after a while
SYNEXP_02267,display,Negative,display colours look washed out
SYNEXP_02267,camera,Negative,portraits often blur the edges
SYNEXP_02268,battery,Negative,the battery drains faster than I expected
SYNEXP_02268,design,Negative,the phone is awkward to hold for long
SYNEXP_02268,display,Positive,screen colours look balanced
SYNEXP_02268,performance,Negative,the device warms up and slows down during games
SYNEXP_02269,design,Positive,the buttons feel thoughtfully placed
SYNEXP_02269,performance,Positive,the phone stays responsive under a busy workload
SYNEXP_02270,display,Neutral,the display is usable in most places
SYNEXP_02270,design,Negative,the weight becomes tiring after a while
SYNEXP_02270,performance,Positive,performance has remained steady after weeks of use
SYNEXP_02270,battery,Positive,the charge comfortably lasts into the evening
SYNEXP_02271,performance,Positive,switching between tasks feels smooth
SYNEXP_02271,battery,Negative,I often need to recharge before dinner
SYNEXP_02271,display,Neutral,colours look fairly standard
SYNEXP_02272,performance,Negative,apps pause when I switch between them
SYNEXP_02272,camera,Positive,portraits look sharp without much effort
SYNEXP_02272,battery,Positive,it rarely needs a midday top-up
SYNEXP_02272,design,Negative,the buttons are difficult to reach
SYNEXP_02273,display,Negative,touch response occasionally misses a swipe
SYNEXP_02273,battery,Neutral,power use has been neither remarkable nor troublesome
SYNEXP_02273,performance,Negative,performance drops when several apps are open
SYNEXP_02273,camera,Negative,portraits often blur the edges
SYNEXP_02274,design,Positive,its shape is comfortable to hold
SYNEXP_02274,display,Negative,fine text looks less sharp than I hoped
SYNEXP_02274,performance,Positive,switching between tasks feels smooth
SYNEXP_02274,camera,Negative,colours in photos sometimes look unnatural
SYNEXP_02275,design,Positive,the buttons feel thoughtfully placed
SYNEXP_02275,camera,Neutral,image quality is acceptable in good light
SYNEXP_02275,display,Negative,the screen is hard to read in sunlight
SYNEXP_02276,display,Positive,the display stays readable outdoors
SYNEXP_02276,camera,Positive,portraits look sharp without much effort
SYNEXP_02276,battery,Positive,I finish most days with power to spare
SYNEXP_02276,design,Negative,the buttons are difficult to reach
SYNEXP_02277,design,Negative,the buttons are difficult to reach
SYNEXP_02277,camera,Positive,portraits look sharp without much effort
SYNEXP_02277,performance,Negative,gaming sessions bring noticeable stutter
SYNEXP_02278,battery,Positive,it rarely needs a midday top-up
SYNEXP_02278,camera,Negative,night photos come out soft
SYNEXP_02278,design,Positive,the finish has held up well
SYNEXP_02279,design,Neutral,its weight is manageable
SYNEXP_02279,camera,Positive,night photos have been better than expected
SYNEXP_02279,battery,Positive,battery endurance has been dependable
SYNEXP_02280,design,Positive,the weight feels well balanced
SYNEXP_02280,performance,Neutral,the speed feels normal for routine use
SYNEXP_02280,battery,Positive,it rarely needs a midday top-up
SYNEXP_02281,display,Positive,text appears crisp on the panel
SYNEXP_02281,design,Negative,the design feels bulky in a pocket
SYNEXP_02281,battery,Neutral,the battery gets me through an average day
SYNEXP_02281,performance,Neutral,apps run at a reasonable pace
SYNEXP_02282,design,Negative,the phone is awkward to hold for long
SYNEXP_02282,performance,Negative,the device warms up and slows down during games
SYNEXP_02283,battery,Negative,I often need to recharge before dinner
SYNEXP_02283,performance,Positive,animations feel fluid
SYNEXP_02283,display,Neutral,the panel does its job without surprises
SYNEXP_02284,camera,Neutral,the camera is fine for casual photos
SYNEXP_02284,design,Positive,the finish has held up well
SYNEXP_02285,performance,Positive,games run consistently in my sessions
SYNEXP_02285,camera,Positive,the camera captures natural colours
SYNEXP_02285,design,Negative,the weight becomes tiring after a while
SYNEXP_02285,battery,Positive,the charge comfortably lasts into the evening
SYNEXP_02286,design,Neutral,its weight is manageable
SYNEXP_02286,battery,Positive,battery endurance has been dependable
SYNEXP_02286,camera,Positive,night photos have been better than expected
SYNEXP_02286,performance,Neutral,multitasking is workable without standing out
SYNEXP_02287,battery,Negative,charging feels slow when I am in a hurry
SYNEXP_02287,design,Negative,the design feels bulky in a pocket
SYNEXP_02287,camera,Neutral,the camera feels typical for this range
SYNEXP_02287,performance,Positive,performance has remained steady after weeks of use
SYNEXP_02288,battery,Positive,it rarely needs a midday top-up
SYNEXP_02288,display,Positive,text appears crisp on the panel
SYNEXP_02289,battery,Positive,charging has fitted well into my routine
SYNEXP_02289,display,Neutral,colours look fairly standard
SYNEXP_02289,performance,Negative,the phone feels sluggish after a few minutes
SYNEXP_02289,design,Positive,the finish has held up well
SYNEXP_02290,display,Neutral,screen brightness is adequate indoors
SYNEXP_02290,performance,Positive,switching between tasks feels smooth
SYNEXP_02290,camera,Positive,focus locks on reliably for quick shots
SYNEXP_02291,design,Negative,the frame feels less sturdy than expected
SYNEXP_02291,camera,Positive,portraits look sharp without much effort
SYNEXP_02291,display,Negative,the screen is hard to read in sunlight
SYNEXP_02291,performance,Positive,the phone stays responsive under a busy workload
SYNEXP_02292,display,Positive,brightness adjusts well in changing light
SYNEXP_02292,performance,Negative,gaming sessions bring noticeable stutter
SYNEXP_02293,battery,Negative,the battery drains faster than I expected
SYNEXP_02293,camera,Neutral,image quality is acceptable in good light
SYNEXP_02293,design,Positive,the weight feels well balanced
SYNEXP_02293,display,Positive,scrolling looks smooth
SYNEXP_02294,camera,Neutral,video quality meets my basic needs
SYNEXP_02294,battery,Negative,standby drain is noticeable overnight
SYNEXP_02295,battery,Positive,the battery holds up during long commutes
SYNEXP_02295,design,Positive,the weight feels well balanced
SYNEXP_02296,battery,Positive,battery endurance has been dependable
SYNEXP_02296,camera,Negative,the camera loses detail indoors
SYNEXP_02297,battery,Positive,battery endurance has been dependable
SYNEXP_02297,performance,Negative,the phone feels sluggish after a few minutes
SYNEXP_02297,design,Positive,the build feels solid in my hand
SYNEXP_02298,performance,Neutral,multitasking is workable without standing out
SYNEXP_02298,camera,Positive,the camera captures natural colours
SYNEXP_02298,battery,Negative,charging feels slow when I am in a hurry
SYNEXP_02298,design,Negative,the finish picks up marks easily
SYNEXP_02299,display,Negative,the panel appears dim outdoors
SYNEXP_02299,performance,Positive,the phone stays responsive under a busy workload
SYNEXP_02299,design,Neutral,its weight is manageable
SYNEXP_02300,camera,Negative,night photos come out soft
SYNEXP_02300,display,Positive,scrolling looks smooth
SYNEXP_02300,battery,Neutral,charging speed feels fairly ordinary
SYNEXP_02300,performance,Positive,performance has remained steady after weeks of use
SYNEXP_02301,performance,Positive,performance has remained steady after weeks of use
SYNEXP_02301,display,Positive,screen colours look balanced
SYNEXP_02302,camera,Negative,portraits often blur the edges
SYNEXP_02302,battery,Positive,battery endurance has been dependable
SYNEXP_02303,camera,Positive,portraits look sharp without much effort
SYNEXP_02303,battery,Positive,charging has fitted well into my routine
SYNEXP_02303,performance,Positive,performance has remained steady after weeks of use
SYNEXP_02304,display,Positive,the display makes videos enjoyable
SYNEXP_02304,performance,Neutral,apps run at a reasonable pace
SYNEXP_02305,battery,Positive,charging has fitted well into my routine
SYNEXP_02305,design,Positive,the buttons feel thoughtfully placed
SYNEXP_02306,battery,Neutral,the battery gets me through an average day
SYNEXP_02306,performance,Positive,games run consistently in my sessions
SYNEXP_02306,display,Positive,the display makes videos enjoyable
SYNEXP_02306,camera,Negative,video looks shaky when I move
SYNEXP_02307,camera,Negative,colours in photos sometimes look unnatural
SYNEXP_02307,design,Positive,the weight feels well balanced
SYNEXP_02307,performance,Neutral,multitasking is workable without standing out
SYNEXP_02308,camera,Neutral,image quality is acceptable in good light
SYNEXP_02308,battery,Neutral,charging speed feels fairly ordinary
SYNEXP_02308,design,Positive,the finish has held up well
SYNEXP_02308,performance,Neutral,multitasking is workable without standing out
SYNEXP_02309,display,Positive,screen colours look balanced
SYNEXP_02309,performance,Negative,the phone feels sluggish after a few minutes
SYNEXP_02309,camera,Neutral,video quality meets my basic needs
SYNEXP_02309,battery,Neutral,battery life is adequate for my usual schedule
SYNEXP_02310,display,Negative,the screen is hard to read in sunlight
SYNEXP_02310,design,Negative,the buttons are difficult to reach
SYNEXP_02310,performance,Neutral,performance is adequate for basic tasks
SYNEXP_02310,battery,Neutral,battery life is adequate for my usual schedule
SYNEXP_02311,design,Negative,the phone is awkward to hold for long
SYNEXP_02311,camera,Positive,focus locks on reliably for quick shots
SYNEXP_02311,display,Negative,display colours look washed out
SYNEXP_02312,battery,Positive,the battery holds up during long commutes
SYNEXP_02312,performance,Positive,the phone stays responsive under a busy workload
SYNEXP_02313,camera,Neutral,video quality meets my basic needs
SYNEXP_02313,battery,Neutral,battery life is adequate for my usual schedule
SYNEXP_02313,display,Negative,the screen is hard to read in sunlight
SYNEXP_02314,design,Neutral,the build feels ordinary for its price
SYNEXP_02314,display,Neutral,the panel does its job without surprises
SYNEXP_02314,performance,Neutral,the speed feels normal for routine use
SYNEXP_02315,camera,Positive,portraits look sharp without much effort
SYNEXP_02315,battery,Negative,I often need to recharge before dinner
SYNEXP_02315,design,Negative,the design feels bulky in a pocket
SYNEXP_02316,battery,Negative,the battery drains faster than I expected
SYNEXP_02316,performance,Negative,apps pause when I switch between them
SYNEXP_02317,battery,Positive,the battery holds up during long commutes
SYNEXP_02317,design,Positive,the weight feels well balanced
SYNEXP_02318,performance,Neutral,apps run at a reasonable pace
SYNEXP_02318,battery,Positive,I finish most days with power to spare
SYNEXP_02318,display,Positive,screen colours look balanced
SYNEXP_02318,camera,Neutral,video quality meets my basic needs
SYNEXP_02319,camera,Positive,photos retain pleasing detail in daylight
SYNEXP_02319,display,Positive,scrolling looks smooth
SYNEXP_02319,battery,Positive,battery endurance has been dependable
SYNEXP_02319,performance,Negative,apps pause when I switch between them
SYNEXP_02320,design,Negative,the buttons are difficult to reach
SYNEXP_02320,camera,Negative,colours in photos sometimes look unnatural
SYNEXP_02321,camera,Positive,the camera captures natural colours
SYNEXP_02321,display,Negative,display colours look washed out
SYNEXP_02321,performance,Positive,switching between tasks feels smooth
SYNEXP_02322,camera,Positive,video remains steady when I walk
SYNEXP_02322,display,Neutral,the display is usable in most places
SYNEXP_02323,design,Negative,the frame feels less sturdy than expected
SYNEXP_02323,battery,Negative,charging feels slow when I am in a hurry
SYNEXP_02323,display,Negative,scrolling does not feel as smooth as expected
SYNEXP_02323,performance,Positive,animations feel fluid
SYNEXP_02324,battery,Negative,the battery drains faster than I expected
SYNEXP_02324,design,Neutral,the build feels ordinary for its price
SYNEXP_02324,display,Negative,touch response occasionally misses a swipe
SYNEXP_02325,design,Negative,the weight becomes tiring after a while
SYNEXP_02325,performance,Neutral,the speed feels normal for routine use
SYNEXP_02325,display,Positive,scrolling looks smooth
SYNEXP_02326,camera,Positive,night photos have been better than expected
SYNEXP_02326,design,Negative,the finish picks up marks easily
SYNEXP_02327,camera,Neutral,the camera is fine for casual photos
SYNEXP_02327,battery,Neutral,battery life is adequate for my usual schedule
SYNEXP_02327,design,Negative,the weight becomes tiring after a while
SYNEXP_02327,performance,Positive,performance has remained steady after weeks of use
SYNEXP_02328,display,Positive,screen colours look balanced
SYNEXP_02328,design,Negative,the frame feels less sturdy than expected
SYNEXP_02328,battery,Positive,it rarely needs a midday top-up
SYNEXP_02328,performance,Negative,gaming sessions bring noticeable stutter
SYNEXP_02329,display,Neutral,screen brightness is adequate indoors
SYNEXP_02329,camera,Negative,video looks shaky when I move
SYNEXP_02329,battery,Positive,it rarely needs a midday top-up
SYNEXP_02329,design,Negative,the finish picks up marks easily
SYNEXP_02330,battery,Positive,the battery holds up during long commutes
SYNEXP_02330,camera,Positive,focus locks on reliably for quick shots
SYNEXP_02331,display,Positive,the display makes videos enjoyable
SYNEXP_02331,performance,Negative,apps pause when I switch between them
SYNEXP_02331,camera,Neutral,video quality meets my basic needs
SYNEXP_02331,battery,Neutral,the battery gets me through an average day
SYNEXP_02332,design,Neutral,the physical layout takes little time to learn
SYNEXP_02332,battery,Neutral,battery life is adequate for my usual schedule
SYNEXP_02332,performance,Positive,apps open quickly during everyday use
SYNEXP_02333,battery,Positive,charging has fitted well into my routine
SYNEXP_02333,camera,Positive,night photos have been better than expected
SYNEXP_02334,battery,Negative,the battery drains faster than I expected
SYNEXP_02334,display,Neutral,the panel does its job without surprises
SYNEXP_02334,design,Negative,the phone is awkward to hold for long
SYNEXP_02334,performance,Negative,the device warms up and slows down during games
SYNEXP_02335,design,Positive,the finish has held up well
SYNEXP_02335,display,Positive,the display makes videos enjoyable
SYNEXP_02335,camera,Positive,portraits look sharp without much effort
SYNEXP_02336,performance,Negative,the device warms up and slows down during games
SYNEXP_02336,design,Negative,the finish picks up marks easily
SYNEXP_02336,battery,Positive,the battery holds up during long commutes
SYNEXP_02337,camera,Positive,video remains steady when I walk
SYNEXP_02337,performance,Neutral,apps run at a reasonable pace
SYNEXP_02337,battery,Neutral,power use has been neither remarkable nor troublesome
SYNEXP_02338,battery,Positive,it rarely needs a midday top-up
SYNEXP_02338,design,Positive,the build feels solid in my hand
SYNEXP_02339,design,Neutral,the design is practical rather than memorable
SYNEXP_02339,camera,Positive,the camera captures natural colours
SYNEXP_02339,battery,Neutral,charging speed feels fairly ordinary
SYNEXP_02340,display,Negative,touch response occasionally misses a swipe
SYNEXP_02340,battery,Negative,the battery struggles on busy days
SYNEXP_02341,display,Negative,the screen is hard to read in sunlight
SYNEXP_02341,performance,Negative,apps pause when I switch between them
SYNEXP_02341,camera,Positive,night photos have been better than expected
SYNEXP_02342,performance,Positive,animations feel fluid
SYNEXP_02342,display,Negative,display colours look washed out
SYNEXP_02343,performance,Positive,switching between tasks feels smooth
SYNEXP_02343,display,Negative,the screen is hard to read in sunlight
SYNEXP_02343,design,Neutral,the physical layout takes little time to learn
SYNEXP_02344,performance,Neutral,apps run at a reasonable pace
SYNEXP_02344,battery,Positive,charging has fitted well into my routine
SYNEXP_02344,camera,Positive,night photos have been better than expected
SYNEXP_02345,camera,Positive,the camera captures natural colours
SYNEXP_02345,display,Neutral,the panel does its job without surprises
SYNEXP_02345,design,Negative,the finish picks up marks easily
SYNEXP_02346,performance,Negative,the phone feels sluggish after a few minutes
SYNEXP_02346,camera,Negative,the camera loses detail indoors
SYNEXP_02347,camera,Positive,focus locks on reliably for quick shots
SYNEXP_02347,design,Neutral,the design is practical rather than memorable
SYNEXP_02347,performance,Positive,performance has remained steady after weeks of use
SYNEXP_02347,display,Neutral,the panel does its job without surprises
SYNEXP_02348,camera,Neutral,image quality is acceptable in good light
SYNEXP_02348,display,Negative,the panel appears dim outdoors
SYNEXP_02348,performance,Positive,switching between tasks feels smooth
SYNEXP_02348,design,Neutral,the build feels ordinary for its price
SYNEXP_02349,camera,Negative,colours in photos sometimes look unnatural
SYNEXP_02349,performance,Positive,apps open quickly during everyday use
SYNEXP_02349,display,Positive,text appears crisp on the panel
SYNEXP_02349,battery,Negative,power drops quickly during navigation
SYNEXP_02350,performance,Positive,animations feel fluid
SYNEXP_02350,display,Neutral,colours look fairly standard
SYNEXP_02350,design,Neutral,the build feels ordinary for its price
SYNEXP_02351,display,Neutral,colours look fairly standard
SYNEXP_02351,camera,Positive,focus locks on reliably for quick shots
SYNEXP_02351,design,Negative,the finish picks up marks easily
SYNEXP_02352,design,Positive,the buttons feel thoughtfully placed
SYNEXP_02352,display,Negative,display colours look washed out
SYNEXP_02352,performance,Positive,the phone stays responsive under a busy workload
SYNEXP_02352,camera,Negative,the camera loses detail indoors
SYNEXP_02353,battery,Negative,standby drain is noticeable overnight
SYNEXP_02353,camera,Negative,autofocus misses moving subjects
SYNEXP_02354,battery,Neutral,the battery gets me through an average day
SYNEXP_02354,design,Positive,the design is understated and attractive
SYNEXP_02354,camera,Positive,portraits look sharp without much effort
SYNEXP_02355,camera,Positive,focus locks on reliably for quick shots
SYNEXP_02355,design,Neutral,the build feels ordinary for its price
SYNEXP_02355,battery,Positive,I finish most days with power to spare
SYNEXP_02355,performance,Positive,games run consistently in my sessions
SYNEXP_02356,performance,Neutral,the speed feels normal for routine use
SYNEXP_02356,design,Positive,the buttons feel thoughtfully placed
SYNEXP_02357,camera,Negative,night photos come out soft
SYNEXP_02357,battery,Neutral,the battery gets me through an average day
SYNEXP_02358,performance,Positive,apps open quickly during everyday use
SYNEXP_02358,battery,Negative,charging feels slow when I am in a hurry
SYNEXP_02358,camera,Negative,video looks shaky when I move
SYNEXP_02358,design,Positive,its shape is comfortable to hold
SYNEXP_02359,performance,Positive,performance has remained steady after weeks of use
SYNEXP_02359,battery,Negative,the battery drains faster than I expected
SYNEXP_02359,camera,Positive,video remains steady when I walk
SYNEXP_02360,design,Neutral,the design is practical rather than memorable
SYNEXP_02360,camera,Negative,night photos come out soft
SYNEXP_02360,battery,Neutral,battery life is adequate for my usual schedule
SYNEXP_02360,performance,Negative,the device warms up and slows down during games
SYNEXP_02361,design,Negative,the frame feels less sturdy than expected
SYNEXP_02361,display,Positive,scrolling looks smooth
SYNEXP_02361,performance,Neutral,multitasking is workable without standing out
SYNEXP_02362,design,Positive,its shape is comfortable to hold
SYNEXP_02362,performance,Positive,switching between tasks feels smooth
SYNEXP_02362,camera,Positive,video remains steady when I walk
SYNEXP_02362,battery,Neutral,battery life is adequate for my usual schedule
SYNEXP_02363,display,Negative,fine text looks less sharp than I hoped
SYNEXP_02363,camera,Positive,video remains steady when I walk
SYNEXP_02363,battery,Neutral,power use has been neither remarkable nor troublesome
SYNEXP_02363,performance,Positive,animations feel fluid
SYNEXP_02364,performance,Positive,switching between tasks feels smooth
SYNEXP_02364,battery,Negative,standby drain is noticeable overnight
SYNEXP_02364,camera,Positive,night photos have been better than expected
SYNEXP_02365,camera,Neutral,the camera feels typical for this range
SYNEXP_02365,design,Positive,the build feels solid in my hand
SYNEXP_02365,performance,Positive,games run consistently in my sessions
SYNEXP_02365,battery,Neutral,the battery gets me through an average day
SYNEXP_02366,camera,Negative,video looks shaky when I move
SYNEXP_02366,battery,Positive,charging has fitted well into my routine
SYNEXP_02366,display,Negative,fine text looks less sharp than I hoped
SYNEXP_02366,performance,Negative,apps pause when I switch between them
SYNEXP_02367,design,Negative,the finish picks up marks easily
SYNEXP_02367,battery,Neutral,battery life is adequate for my usual schedule
SYNEXP_02367,performance,Neutral,performance is adequate for basic tasks
SYNEXP_02367,display,Negative,the screen is hard to read in sunlight
SYNEXP_02368,battery,Neutral,the battery gets me through an average day
SYNEXP_02368,camera,Negative,colours in photos sometimes look unnatural
SYNEXP_02368,display,Positive,screen colours look balanced
SYNEXP_02369,camera,Positive,focus locks on reliably for quick shots
SYNEXP_02369,display,Neutral,screen brightness is adequate indoors
SYNEXP_02369,performance,Negative,performance drops when several apps are open
SYNEXP_02369,design,Negative,the frame feels less sturdy than expected
SYNEXP_02370,display,Negative,touch response occasionally misses a swipe
SYNEXP_02370,performance,Neutral,multitasking is workable without standing out
SYNEXP_02371,battery,Negative,power drops quickly during navigation
SYNEXP_02371,design,Positive,the finish has held up well
SYNEXP_02371,camera,Negative,autofocus misses moving subjects
SYNEXP_02372,battery,Neutral,power use has been neither remarkable nor troublesome
SYNEXP_02372,display,Positive,text appears crisp on the panel
SYNEXP_02373,display,Positive,text appears crisp on the panel
SYNEXP_02373,performance,Neutral,apps run at a reasonable pace
SYNEXP_02374,display,Positive,brightness adjusts well in changing light
SYNEXP_02374,camera,Neutral,the camera feels typical for this range
SYNEXP_02374,performance,Positive,games run consistently in my sessions
SYNEXP_02374,design,Positive,the buttons feel thoughtfully placed
SYNEXP_02375,battery,Positive,charging has fitted well into my routine
SYNEXP_02375,camera,Negative,the camera loses detail indoors
SYNEXP_02376,display,Positive,the display stays readable outdoors
SYNEXP_02376,performance,Neutral,the speed feels normal for routine use
SYNEXP_02376,camera,Positive,the camera captures natural colours
SYNEXP_02377,design,Negative,the frame feels less sturdy than expected
SYNEXP_02377,camera,Negative,the camera loses detail indoors
SYNEXP_02378,battery,Neutral,charging speed feels fairly ordinary
SYNEXP_02378,performance,Positive,apps open quickly during everyday use
SYNEXP_02378,camera,Neutral,video quality meets my basic needs
SYNEXP_02378,display,Negative,fine text looks less sharp than I hoped
SYNEXP_02379,display,Positive,the display stays readable outdoors
SYNEXP_02379,performance,Positive,the phone stays responsive under a busy workload
SYNEXP_02379,design,Positive,its shape is comfortable to hold
SYNEXP_02380,display,Negative,the panel appears dim outdoors
SYNEXP_02380,performance,Neutral,performance is adequate for basic tasks
SYNEXP_02380,battery,Negative,the battery drains faster than I expected
SYNEXP_02381,performance,Neutral,the speed feels normal for routine use
SYNEXP_02381,camera,Negative,the camera loses detail indoors
SYNEXP_02382,camera,Neutral,image quality is acceptable in good light
SYNEXP_02382,display,Positive,brightness adjusts well in changing light
SYNEXP_02382,design,Neutral,the physical layout takes little time to learn
SYNEXP_02383,camera,Negative,autofocus misses moving subjects
SYNEXP_02383,design,Positive,the finish has held up well
SYNEXP_02384,battery,Positive,I finish most days with power to spare
SYNEXP_02384,display,Positive,text appears crisp on the panel
SYNEXP_02385,camera,Positive,focus locks on reliably for quick shots
SYNEXP_02385,display,Neutral,colours look fairly standard
SYNEXP_02386,performance,Negative,apps pause when I switch between them
SYNEXP_02386,camera,Neutral,image quality is acceptable in good light
SYNEXP_02386,battery,Positive,charging has fitted well into my routine
SYNEXP_02387,camera,Positive,the camera captures natural colours
SYNEXP_02387,performance,Neutral,performance is adequate for basic tasks
SYNEXP_02387,battery,Negative,the battery drains faster than I expected
SYNEXP_02388,design,Positive,the design is understated and attractive
SYNEXP_02388,display,Positive,brightness adjusts well in changing light
SYNEXP_02389,design,Positive,the weight feels well balanced
SYNEXP_02389,performance,Positive,games run consistently in my sessions
SYNEXP_02389,camera,Negative,colours in photos sometimes look unnatural
SYNEXP_02390,battery,Negative,charging feels slow when I am in a hurry
SYNEXP_02390,display,Negative,the screen is hard to read in sunlight
SYNEXP_02390,design,Negative,the design feels bulky in a pocket
SYNEXP_02391,performance,Negative,apps pause when I switch between them
SYNEXP_02391,battery,Positive,battery endurance has been dependable
SYNEXP_02391,design,Neutral,its weight is manageable
SYNEXP_02391,display,Negative,the screen is hard to read in sunlight
SYNEXP_02392,camera,Positive,photos retain pleasing detail in daylight
SYNEXP_02392,display,Neutral,the display is usable in most places
SYNEXP_02392,battery,Negative,the battery struggles on busy days
SYNEXP_02392,performance,Negative,performance drops when several apps are open
SYNEXP_02393,display,Neutral,the panel does its job without surprises
SYNEXP_02393,performance,Positive,performance has remained steady after weeks of use
SYNEXP_02393,camera,Positive,portraits look sharp without much effort
SYNEXP_02393,battery,Neutral,the battery gets me through an average day
SYNEXP_02394,design,Neutral,the build feels ordinary for its price
SYNEXP_02394,camera,Negative,autofocus misses moving subjects
SYNEXP_02395,camera,Positive,video remains steady when I walk
SYNEXP_02395,display,Negative,display colours look washed out
SYNEXP_02395,performance,Neutral,apps run at a reasonable pace
SYNEXP_02396,battery,Negative,I often need to recharge before dinner
SYNEXP_02396,design,Positive,the weight feels well balanced
SYNEXP_02397,display,Negative,scrolling does not feel as smooth as expected
SYNEXP_02397,performance,Positive,the phone stays responsive under a busy workload
SYNEXP_02397,camera,Positive,the camera captures natural colours
SYNEXP_02397,design,Positive,the finish has held up well
SYNEXP_02398,battery,Negative,the battery struggles on busy days
SYNEXP_02398,display,Positive,brightness adjusts well in changing light
SYNEXP_02398,performance,Negative,apps pause when I switch between them
SYNEXP_02399,camera,Positive,night photos have been better than expected
SYNEXP_02399,performance,Negative,gaming sessions bring noticeable stutter
SYNEXP_02400,design,Positive,the build feels solid in my hand
SYNEXP_02400,battery,Neutral,battery life is adequate for my usual schedule
SYNEXP_02401,camera,Negative,portraits often blur the edges
SYNEXP_02401,display,Negative,fine text looks less sharp than I hoped
SYNEXP_02402,display,Positive,text appears crisp on the panel
SYNEXP_02402,camera,Negative,the camera loses detail indoors
SYNEXP_02402,performance,Negative,the device warms up and slows down during games
SYNEXP_02403,display,Positive,scrolling looks smooth
SYNEXP_02403,performance,Neutral,the speed feels normal for routine use
SYNEXP_02404,design,Positive,the buttons feel thoughtfully placed
SYNEXP_02404,display,Negative,fine text looks less sharp than I hoped
SYNEXP_02404,camera,Positive,photos retain pleasing detail in daylight
SYNEXP_02405,display,Negative,fine text looks less sharp than I hoped
SYNEXP_02405,performance,Neutral,the speed feels normal for routine use
SYNEXP_02405,design,Neutral,the physical layout takes little time to learn
SYNEXP_02405,battery,Positive,it rarely needs a midday top-up
SYNEXP_02406,camera,Negative,colours in photos sometimes look unnatural
SYNEXP_02406,battery,Neutral,battery life is adequate for my usual schedule
SYNEXP_02406,display,Positive,text appears crisp on the panel
SYNEXP_02407,camera,Neutral,video quality meets my basic needs
SYNEXP_02407,design,Negative,the buttons are difficult to reach
SYNEXP_02407,battery,Negative,the battery drains faster than I expected
SYNEXP_02407,display,Positive,scrolling looks smooth
SYNEXP_02408,display,Positive,brightness adjusts well in changing light
SYNEXP_02408,performance,Negative,gaming sessions bring noticeable stutter
SYNEXP_02408,camera,Neutral,the camera feels typical for this range
SYNEXP_02408,battery,Positive,I finish most days with power to spare
SYNEXP_02409,camera,Negative,portraits often blur the edges
SYNEXP_02409,performance,Neutral,the speed feels normal for routine use
SYNEXP_02409,battery,Neutral,power use has been neither remarkable nor troublesome
SYNEXP_02410,display,Negative,touch response occasionally misses a swipe
SYNEXP_02410,camera,Positive,night photos have been better than expected
SYNEXP_02410,battery,Positive,charging has fitted well into my routine
SYNEXP_02411,display,Neutral,the panel does its job without surprises
SYNEXP_02411,design,Negative,the phone is awkward to hold for long
SYNEXP_02412,battery,Positive,charging has fitted well into my routine
SYNEXP_02412,performance,Positive,games run consistently in my sessions
SYNEXP_02412,design,Negative,the weight becomes tiring after a while
SYNEXP_02412,display,Positive,the display stays readable outdoors
SYNEXP_02413,display,Positive,text appears crisp on the panel
SYNEXP_02413,camera,Neutral,video quality meets my basic needs
SYNEXP_02414,design,Neutral,its weight is manageable
SYNEXP_02414,display,Positive,the display makes videos enjoyable
SYNEXP_02415,performance,Neutral,multitasking is workable without standing out
SYNEXP_02415,display,Positive,scrolling looks smooth
SYNEXP_02415,camera,Positive,video remains steady when I walk
SYNEXP_02416,design,Positive,its shape is comfortable to hold
SYNEXP_02416,camera,Negative,colours in photos sometimes look unnatural
SYNEXP_02416,battery,Neutral,power use has been neither remarkable nor troublesome
SYNEXP_02416,display,Neutral,the display is usable in most places
SYNEXP_02417,performance,Negative,gaming sessions bring noticeable stutter
SYNEXP_02417,battery,Positive,the charge comfortably lasts into the evening
SYNEXP_02417,camera,Positive,focus locks on reliably for quick shots
SYNEXP_02417,display,Positive,the display makes videos enjoyable
SYNEXP_02418,performance,Neutral,apps run at a reasonable pace
SYNEXP_02418,battery,Positive,charging has fitted well into my routine
SYNEXP_02419,design,Positive,the build feels solid in my hand
SYNEXP_02419,performance,Positive,performance has remained steady after weeks of use
SYNEXP_02420,battery,Neutral,the battery gets me through an average day
SYNEXP_02420,design,Positive,the weight feels well balanced
SYNEXP_02420,display,Negative,scrolling does not feel as smooth as expected
SYNEXP_02420,camera,Negative,portraits often blur the edges
SYNEXP_02421,camera,Negative,night photos come out soft
SYNEXP_02421,design,Negative,the weight becomes tiring after a while
SYNEXP_02422,design,Negative,the design feels bulky in a pocket
SYNEXP_02422,performance,Negative,gaming sessions bring noticeable stutter
SYNEXP_02422,camera,Neutral,the camera feels typical for this range
SYNEXP_02422,display,Positive,brightness adjusts well in changing light
SYNEXP_02423,camera,Negative,portraits often blur the edges
SYNEXP_02423,performance,Neutral,apps run at a reasonable pace
SYNEXP_02424,design,Positive,its shape is comfortable to hold
SYNEXP_02424,display,Positive,the display stays readable outdoors
SYNEXP_02424,camera,Neutral,video quality meets my basic needs
SYNEXP_02424,battery,Negative,I often need to recharge before dinner
SYNEXP_02425,design,Positive,its shape is comfortable to hold
SYNEXP_02425,display,Neutral,colours look fairly standard
SYNEXP_02425,performance,Positive,the phone stays responsive under a busy workload
SYNEXP_02426,camera,Negative,portraits often blur the edges
SYNEXP_02426,performance,Positive,apps open quickly during everyday use
SYNEXP_02426,design,Negative,the buttons are difficult to reach
SYNEXP_02427,display,Positive,text appears crisp on the panel
SYNEXP_02427,camera,Negative,night photos come out soft
SYNEXP_02428,camera,Negative,autofocus misses moving subjects
SYNEXP_02428,performance,Positive,animations feel fluid
SYNEXP_02429,battery,Neutral,battery life is adequate for my usual schedule
SYNEXP_02429,performance,Neutral,multitasking is workable without standing out
SYNEXP_02429,camera,Negative,portraits often blur the edges
SYNEXP_02429,display,Positive,brightness adjusts well in changing light
SYNEXP_02430,performance,Neutral,multitasking is workable without standing out
SYNEXP_02430,camera,Negative,video looks shaky when I move
SYNEXP_02430,display,Negative,display colours look washed out
SYNEXP_02431,performance,Neutral,apps run at a reasonable pace
SYNEXP_02431,battery,Negative,standby drain is noticeable overnight
SYNEXP_02431,camera,Positive,portraits look sharp without much effort
SYNEXP_02432,camera,Negative,colours in photos sometimes look unnatural
SYNEXP_02432,performance,Negative,menus sometimes lag behind my taps
SYNEXP_02432,battery,Positive,battery endurance has been dependable
SYNEXP_02433,display,Positive,the display stays readable outdoors
SYNEXP_02433,battery,Negative,charging feels slow when I am in a hurry
SYNEXP_02434,display,Neutral,the panel does its job without surprises
SYNEXP_02434,design,Neutral,its weight is manageable
SYNEXP_02434,battery,Negative,standby drain is noticeable overnight
SYNEXP_02434,camera,Positive,video remains steady when I walk
SYNEXP_02435,design,Negative,the weight becomes tiring after a while
SYNEXP_02435,camera,Positive,photos retain pleasing detail in daylight
SYNEXP_02436,design,Negative,the buttons are difficult to reach
SYNEXP_02436,display,Negative,scrolling does not feel as smooth as expected
SYNEXP_02436,camera,Positive,focus locks on reliably for quick shots
SYNEXP_02437,battery,Negative,power drops quickly during navigation
SYNEXP_02437,camera,Neutral,video quality meets my basic needs
SYNEXP_02437,design,Negative,the finish picks up marks easily
SYNEXP_02438,camera,Positive,video remains steady when I walk
SYNEXP_02438,design,Neutral,its weight is manageable
SYNEXP_02439,performance,Neutral,apps run at a reasonable pace
SYNEXP_02439,camera,Neutral,video quality meets my basic needs
SYNEXP_02439,battery,Positive,charging has fitted well into my routine
SYNEXP_02440,camera,Neutral,image quality is acceptable in good light
SYNEXP_02440,battery,Positive,the battery holds up during long commutes
SYNEXP_02440,performance,Positive,games run consistently in my sessions
SYNEXP_02441,performance,Negative,the device warms up and slows down during games
SYNEXP_02441,battery,Positive,battery endurance has been dependable
SYNEXP_02441,camera,Neutral,the camera feels typical for this range
SYNEXP_02441,design,Positive,the buttons feel thoughtfully placed
SYNEXP_02442,camera,Neutral,video quality meets my basic needs
SYNEXP_02442,design,Neutral,its weight is manageable
SYNEXP_02442,performance,Negative,performance drops when several apps are open
SYNEXP_02442,battery,Negative,the battery struggles on busy days
SYNEXP_02443,display,Positive,the display stays readable outdoors
SYNEXP_02443,battery,Neutral,battery life is adequate for my usual schedule
SYNEXP_02443,design,Positive,its shape is comfortable to hold
SYNEXP_02443,performance,Neutral,the speed feels normal for routine use
SYNEXP_02444,design,Negative,the buttons are difficult to reach
SYNEXP_02444,performance,Positive,switching between tasks feels smooth
SYNEXP_02444,battery,Positive,battery endurance has been dependable
SYNEXP_02445,design,Negative,the phone is awkward to hold for long
SYNEXP_02445,battery,Neutral,power use has been neither remarkable nor troublesome
SYNEXP_02445,camera,Positive,the camera captures natural colours
SYNEXP_02446,design,Neutral,the build feels ordinary for its price
SYNEXP_02446,performance,Neutral,apps run at a reasonable pace
SYNEXP_02447,design,Negative,the finish picks up marks easily
SYNEXP_02447,camera,Positive,video remains steady when I walk
SYNEXP_02447,display,Positive,screen colours look balanced
SYNEXP_02448,performance,Neutral,performance is adequate for basic tasks
SYNEXP_02448,camera,Negative,the camera loses detail indoors
SYNEXP_02448,battery,Positive,it rarely needs a midday top-up
SYNEXP_02448,design,Positive,its shape is comfortable to hold
SYNEXP_02449,performance,Positive,games run consistently in my sessions
SYNEXP_02449,design,Positive,its shape is comfortable to hold
SYNEXP_02449,display,Negative,display colours look washed out
SYNEXP_02450,display,Neutral,the display is usable in most places
SYNEXP_02450,performance,Positive,switching between tasks feels smooth
SYNEXP_02450,design,Positive,the build feels solid in my hand
SYNEXP_02450,battery,Negative,standby drain is noticeable overnight
SYNEXP_02451,design,Negative,the buttons are difficult to reach
SYNEXP_02451,performance,Positive,games run consistently in my sessions
SYNEXP_02452,battery,Negative,the battery struggles on busy days
SYNEXP_02452,performance,Positive,the phone stays responsive under a busy workload
SYNEXP_02452,design,Negative,the design feels bulky in a pocket
SYNEXP_02452,display,Positive,the display makes videos enjoyable
SYNEXP_02453,battery,Neutral,the battery gets me through an average day
SYNEXP_02453,performance,Negative,gaming sessions bring noticeable stutter
SYNEXP_02453,camera,Negative,portraits often blur the edges
SYNEXP_02453,display,Positive,scrolling looks smooth
SYNEXP_02454,battery,Neutral,charging speed feels fairly ordinary
SYNEXP_02454,design,Positive,the weight feels well balanced
SYNEXP_02454,display,Neutral,the display is usable in most places
SYNEXP_02455,camera,Negative,portraits often blur the edges
SYNEXP_02455,design,Positive,its shape is comfortable to hold
SYNEXP_02456,battery,Negative,the battery drains faster than I expected
SYNEXP_02456,camera,Positive,focus locks on reliably for quick shots
SYNEXP_02456,display,Negative,the panel appears dim outdoors
SYNEXP_02457,battery,Negative,charging feels slow when I am in a hurry
SYNEXP_02457,design,Positive,the buttons feel thoughtfully placed
SYNEXP_02457,display,Negative,touch response occasionally misses a swipe
SYNEXP_02457,performance,Neutral,the speed feels normal for routine use
SYNEXP_02458,display,Positive,brightness adjusts well in changing light
SYNEXP_02458,design,Positive,its shape is comfortable to hold
SYNEXP_02459,display,Neutral,screen brightness is adequate indoors
SYNEXP_02459,camera,Neutral,the camera is fine for casual photos
SYNEXP_02459,performance,Neutral,multitasking is workable without standing out
SYNEXP_02459,design,Neutral,the build feels ordinary for its price
SYNEXP_02460,battery,Neutral,power use has been neither remarkable nor troublesome
SYNEXP_02460,performance,Positive,the phone stays responsive under a busy workload
SYNEXP_02460,camera,Negative,colours in photos sometimes look unnatural
SYNEXP_02460,display,Neutral,colours look fairly standard
SYNEXP_02461,design,Neutral,its weight is manageable
SYNEXP_02461,battery,Positive,charging has fitted well into my routine
SYNEXP_02462,performance,Negative,apps pause when I switch between them
SYNEXP_02462,design,Neutral,its weight is manageable
SYNEXP_02462,display,Neutral,colours look fairly standard
SYNEXP_02462,camera,Negative,the camera loses detail indoors
SYNEXP_02463,display,Neutral,screen brightness is adequate indoors
SYNEXP_02463,performance,Neutral,performance is adequate for basic tasks
SYNEXP_02463,design,Positive,the build feels solid in my hand
SYNEXP_02464,design,Negative,the finish picks up marks easily
SYNEXP_02464,display,Negative,display colours look washed out
SYNEXP_02465,performance,Positive,animations feel fluid
SYNEXP_02465,camera,Negative,autofocus misses moving subjects
SYNEXP_02465,display,Negative,display colours look washed out
SYNEXP_02466,display,Neutral,the panel does its job without surprises
SYNEXP_02466,battery,Positive,the battery holds up during long commutes
SYNEXP_02466,performance,Neutral,multitasking is workable without standing out
SYNEXP_02466,design,Positive,the design is understated and attractive
SYNEXP_02467,display,Positive,screen colours look balanced
SYNEXP_02467,performance,Positive,animations feel fluid
SYNEXP_02467,design,Neutral,the build feels ordinary for its price
SYNEXP_02467,battery,Neutral,the battery gets me through an average day
SYNEXP_02468,display,Positive,screen colours look balanced
SYNEXP_02468,design,Positive,its shape is comfortable to hold
SYNEXP_02469,display,Negative,fine text looks less sharp than I hoped
SYNEXP_02469,design,Positive,its shape is comfortable to hold
SYNEXP_02470,battery,Negative,charging feels slow when I am in a hurry
SYNEXP_02470,display,Negative,scrolling does not feel as smooth as expected
SYNEXP_02470,camera,Neutral,image quality is acceptable in good light
SYNEXP_02471,display,Positive,the display makes videos enjoyable
SYNEXP_02471,battery,Positive,it rarely needs a midday top-up
SYNEXP_02471,design,Negative,the design feels bulky in a pocket
SYNEXP_02472,display,Neutral,screen brightness is adequate indoors
SYNEXP_02472,performance,Neutral,performance is adequate for basic tasks
SYNEXP_02472,battery,Negative,I often need to recharge before dinner
SYNEXP_02473,performance,Neutral,multitasking is workable without standing out
SYNEXP_02473,design,Positive,the buttons feel thoughtfully placed
SYNEXP_02473,display,Neutral,colours look fairly standard
SYNEXP_02474,battery,Negative,charging feels slow when I am in a hurry
SYNEXP_02474,camera,Negative,night photos come out soft
SYNEXP_02474,display,Positive,scrolling looks smooth
SYNEXP_02474,performance,Positive,animations feel fluid
SYNEXP_02475,display,Neutral,the panel does its job without surprises
SYNEXP_02475,design,Positive,the weight feels well balanced
SYNEXP_02476,performance,Negative,menus sometimes lag behind my taps
SYNEXP_02476,design,Neutral,the design is practical rather than memorable
SYNEXP_02476,camera,Negative,night photos come out soft
SYNEXP_02476,battery,Negative,power drops quickly during navigation
SYNEXP_02477,battery,Negative,the battery struggles on busy days
SYNEXP_02477,camera,Negative,colours in photos sometimes look unnatural
SYNEXP_02478,design,Positive,the finish has held up well
SYNEXP_02478,camera,Neutral,video quality meets my basic needs
SYNEXP_02478,display,Negative,touch response occasionally misses a swipe
SYNEXP_02479,performance,Neutral,multitasking is workable without standing out
SYNEXP_02479,design,Neutral,the physical layout takes little time to learn
SYNEXP_02479,battery,Neutral,charging speed feels fairly ordinary
SYNEXP_02480,design,Negative,the phone is awkward to hold for long
SYNEXP_02480,performance,Positive,apps open quickly during everyday use
SYNEXP_02481,battery,Positive,the battery holds up during long commutes
SYNEXP_02481,camera,Negative,portraits often blur the edges
SYNEXP_02482,display,Neutral,the display is usable in most places
SYNEXP_02482,battery,Positive,the battery holds up during long commutes
SYNEXP_02482,performance,Neutral,apps run at a reasonable pace
SYNEXP_02482,design,Positive,the weight feels well balanced
SYNEXP_02483,display,Positive,brightness adjusts well in changing light
SYNEXP_02483,design,Negative,the buttons are difficult to reach
SYNEXP_02484,design,Positive,the weight feels well balanced
SYNEXP_02484,display,Negative,display colours look washed out
SYNEXP_02484,battery,Neutral,the battery gets me through an average day
SYNEXP_02484,performance,Neutral,the speed feels normal for routine use
SYNEXP_02485,battery,Positive,charging has fitted well into my routine
SYNEXP_02485,design,Neutral,its weight is manageable
SYNEXP_02486,battery,Neutral,the battery gets me through an average day
SYNEXP_02486,camera,Negative,video looks shaky when I move
SYNEXP_02486,display,Positive,screen colours look balanced
SYNEXP_02487,design,Negative,the buttons are difficult to reach
SYNEXP_02487,battery,Neutral,power use has been neither remarkable nor troublesome
SYNEXP_02487,display,Negative,the screen is hard to read in sunlight
SYNEXP_02487,performance,Positive,animations feel fluid
SYNEXP_02488,display,Neutral,colours look fairly standard
SYNEXP_02488,battery,Neutral,charging speed feels fairly ordinary
SYNEXP_02489,performance,Positive,performance has remained steady after weeks of use
SYNEXP_02489,design,Neutral,its weight is manageable
SYNEXP_02489,battery,Positive,the battery holds up during long commutes
SYNEXP_02489,display,Neutral,screen brightness is adequate indoors
SYNEXP_02490,design,Negative,the frame feels less sturdy than expected
SYNEXP_02490,camera,Negative,portraits often blur the edges
SYNEXP_02491,display,Positive,text appears crisp on the panel
SYNEXP_02491,battery,Neutral,power use has been neither remarkable nor troublesome
SYNEXP_02491,design,Positive,its shape is comfortable to hold
SYNEXP_02491,camera,Positive,portraits look sharp without much effort
SYNEXP_02492,design,Positive,the weight feels well balanced
SYNEXP_02492,display,Negative,touch response occasionally misses a swipe
SYNEXP_02493,camera,Positive,photos retain pleasing detail in daylight
SYNEXP_02493,battery,Positive,the battery holds up during long commutes
SYNEXP_02493,design,Positive,the weight feels well balanced
SYNEXP_02493,performance,Neutral,multitasking is workable without standing out
SYNEXP_02494,design,Negative,the finish picks up marks easily
SYNEXP_02494,display,Positive,scrolling looks smooth
SYNEXP_02495,camera,Negative,video looks shaky when I move
SYNEXP_02495,performance,Positive,performance has remained steady after weeks of use
SYNEXP_02495,battery,Negative,charging feels slow when I am in a hurry
SYNEXP_02496,battery,Positive,the charge comfortably lasts into the evening
SYNEXP_02496,performance,Negative,performance drops when several apps are open
SYNEXP_02496,camera,Positive,focus locks on reliably for quick shots
SYNEXP_02497,camera,Neutral,the camera is fine for casual photos
SYNEXP_02497,performance,Neutral,performance is adequate for basic tasks
SYNEXP_02497,design,Positive,the build feels solid in my hand
SYNEXP_02498,camera,Positive,night photos have been better than expected
SYNEXP_02498,display,Negative,fine text looks less sharp than I hoped
SYNEXP_02498,design,Negative,the design feels bulky in a pocket
SYNEXP_02498,performance,Neutral,performance is adequate for basic tasks
SYNEXP_02499,camera,Negative,video looks shaky when I move
SYNEXP_02499,performance,Positive,animations feel fluid
SYNEXP_02500,performance,Negative,gaming sessions bring noticeable stutter
SYNEXP_02500,battery,Negative,standby drain is noticeable overnight
SYNEXP_02501,display,Negative,scrolling does not feel as smooth as expected
SYNEXP_02501,camera,Positive,portraits look sharp without much effort
SYNEXP_02502,camera,Positive,photos retain pleasing detail in daylight
SYNEXP_02502,performance,Negative,performance drops when several apps are open
SYNEXP_02502,display,Negative,scrolling does not feel as smooth as expected
SYNEXP_02503,design,Positive,the weight feels well balanced
SYNEXP_02503,camera,Negative,night photos come out soft
SYNEXP_02503,performance,Negative,the phone feels sluggish after a few minutes
SYNEXP_02504,display,Positive,screen colours look balanced
SYNEXP_02504,design,Neutral,the design is practical rather than memorable
SYNEXP_02504,camera,Negative,autofocus misses moving subjects
SYNEXP_02505,battery,Neutral,charging speed feels fairly ordinary
SYNEXP_02505,design,Negative,the phone is awkward to hold for long
SYNEXP_02505,display,Neutral,screen brightness is adequate indoors
SYNEXP_02506,camera,Negative,video looks shaky when I move
SYNEXP_02506,performance,Positive,switching between tasks feels smooth
SYNEXP_02506,battery,Positive,charging has fitted well into my routine
SYNEXP_02506,display,Positive,the display stays readable outdoors
SYNEXP_02507,camera,Positive,portraits look sharp without much effort
SYNEXP_02507,performance,Negative,apps pause when I switch between them
SYNEXP_02508,design,Negative,the phone is awkward to hold for long
SYNEXP_02508,performance,Positive,games run consistently in my sessions
SYNEXP_02509,performance,Positive,performance has remained steady after weeks of use
SYNEXP_02509,display,Neutral,the display is usable in most places
SYNEXP_02509,design,Neutral,the build feels ordinary for its price
SYNEXP_02509,battery,Positive,the battery holds up during long commutes
SYNEXP_02510,performance,Positive,the phone stays responsive under a busy workload
SYNEXP_02510,design,Negative,the finish picks up marks easily
SYNEXP_02510,display,Neutral,the panel does its job without surprises
SYNEXP_02510,battery,Neutral,charging speed feels fairly ordinary
SYNEXP_02511,camera,Neutral,image quality is acceptable in good light
SYNEXP_02511,performance,Positive,animations feel fluid
SYNEXP_02511,battery,Neutral,charging speed feels fairly ordinary
SYNEXP_02511,display,Neutral,the panel does its job without surprises
SYNEXP_02512,display,Negative,the screen is hard to read in sunlight
SYNEXP_02512,battery,Positive,charging has fitted well into my routine
SYNEXP_02513,display,Negative,fine text looks less sharp than I hoped
SYNEXP_02513,performance,Negative,the phone feels sluggish after a few minutes
SYNEXP_02513,battery,Negative,power drops quickly during navigation
SYNEXP_02514,design,Positive,the buttons feel thoughtfully placed
SYNEXP_02514,performance,Positive,apps open quickly during everyday use
SYNEXP_02514,display,Positive,brightness adjusts well in changing light
SYNEXP_02514,battery,Negative,the battery drains faster than I expected
SYNEXP_02515,performance,Neutral,performance is adequate for basic tasks
SYNEXP_02515,design,Positive,the weight feels well balanced
SYNEXP_02516,design,Positive,the build feels solid in my hand
SYNEXP_02516,performance,Positive,the phone stays responsive under a busy workload
SYNEXP_02516,display,Positive,scrolling looks smooth
SYNEXP_02517,design,Negative,the design feels bulky in a pocket
SYNEXP_02517,camera,Neutral,video quality meets my basic needs
SYNEXP_02517,battery,Positive,it rarely needs a midday top-up
SYNEXP_02518,battery,Neutral,battery life is adequate for my usual schedule
SYNEXP_02518,display,Neutral,the panel does its job without surprises
SYNEXP_02518,camera,Negative,portraits often blur the edges
SYNEXP_02518,design,Positive,the design is understated and attractive
SYNEXP_02519,performance,Negative,performance drops when several apps are open
SYNEXP_02519,battery,Negative,the battery drains faster than I expected
SYNEXP_02519,display,Positive,scrolling looks smooth
SYNEXP_02520,design,Neutral,its weight is manageable
SYNEXP_02520,performance,Neutral,the speed feels normal for routine use
SYNEXP_02520,battery,Negative,the battery drains faster than I expected
SYNEXP_02521,design,Positive,its shape is comfortable to hold
SYNEXP_02521,performance,Negative,the phone feels sluggish after a few minutes
SYNEXP_02522,display,Positive,screen colours look balanced
SYNEXP_02522,performance,Negative,performance drops when several apps are open
SYNEXP_02523,battery,Neutral,power use has been neither remarkable nor troublesome
SYNEXP_02523,camera,Neutral,the camera feels typical for this range
SYNEXP_02523,performance,Neutral,performance is adequate for basic tasks
SYNEXP_02524,camera,Negative,autofocus misses moving subjects
SYNEXP_02524,performance,Positive,games run consistently in my sessions
SYNEXP_02524,design,Negative,the phone is awkward to hold for long
SYNEXP_02525,design,Positive,the buttons feel thoughtfully placed
SYNEXP_02525,display,Neutral,colours look fairly standard
SYNEXP_02525,camera,Neutral,the camera feels typical for this range
SYNEXP_02525,performance,Negative,the phone feels sluggish after a few minutes
SYNEXP_02526,camera,Positive,portraits look sharp without much effort
SYNEXP_02526,display,Negative,display colours look washed out
SYNEXP_02527,battery,Positive,the charge comfortably lasts into the evening
SYNEXP_02527,camera,Negative,night photos come out soft
SYNEXP_02528,camera,Negative,the camera loses detail indoors
SYNEXP_02528,performance,Negative,the device warms up and slows down during games
SYNEXP_02528,battery,Negative,I often need to recharge before dinner
SYNEXP_02528,display,Positive,the display stays readable outdoors
SYNEXP_02529,camera,Negative,autofocus misses moving subjects
SYNEXP_02529,display,Neutral,the panel does its job without surprises
SYNEXP_02529,performance,Negative,the device warms up and slows down during games
SYNEXP_02529,battery,Negative,standby drain is noticeable overnight
SYNEXP_02530,display,Positive,the display makes videos enjoyable
SYNEXP_02530,battery,Positive,battery endurance has been dependable
SYNEXP_02530,camera,Positive,the camera captures natural colours
SYNEXP_02530,performance,Negative,menus sometimes lag behind my taps
SYNEXP_02531,camera,Neutral,image quality is acceptable in good light
SYNEXP_02531,design,Negative,the phone is awkward to hold for long
SYNEXP_02532,design,Positive,the finish has held up well
SYNEXP_02532,camera,Positive,video remains steady when I walk
SYNEXP_02532,display,Neutral,the display is usable in most places
SYNEXP_02533,camera,Positive,portraits look sharp without much effort
SYNEXP_02533,design,Positive,the design is understated and attractive
SYNEXP_02533,battery,Neutral,battery life is adequate for my usual schedule
SYNEXP_02534,battery,Negative,charging feels slow when I am in a hurry
SYNEXP_02534,design,Negative,the phone is awkward to hold for long
SYNEXP_02534,performance,Positive,performance has remained steady after weeks of use
SYNEXP_02535,display,Negative,scrolling does not feel as smooth as expected
SYNEXP_02535,design,Neutral,the design is practical rather than memorable
SYNEXP_02535,camera,Neutral,the camera feels typical for this range
SYNEXP_02535,battery,Positive,battery endurance has been dependable
SYNEXP_02536,performance,Positive,games run consistently in my sessions
SYNEXP_02536,camera,Negative,video looks shaky when I move
SYNEXP_02537,display,Positive,screen colours look balanced
SYNEXP_02537,battery,Positive,the battery holds up during long commutes
SYNEXP_02537,design,Positive,the weight feels well balanced
SYNEXP_02538,battery,Neutral,charging speed feels fairly ordinary
SYNEXP_02538,performance,Positive,switching between tasks feels smooth
SYNEXP_02538,camera,Negative,night photos come out soft
SYNEXP_02538,display,Positive,screen colours look balanced
SYNEXP_02539,battery,Positive,battery endurance has been dependable
SYNEXP_02539,display,Negative,display colours look washed out
SYNEXP_02540,design,Negative,the phone is awkward to hold for long
SYNEXP_02540,display,Negative,fine text looks less sharp than I hoped
SYNEXP_02540,camera,Positive,night photos have been better than expected
SYNEXP_02541,camera,Neutral,the camera is fine for casual photos
SYNEXP_02541,battery,Neutral,power use has been neither remarkable nor troublesome
SYNEXP_02542,camera,Neutral,image quality is acceptable in good light
SYNEXP_02542,display,Positive,screen colours look balanced
SYNEXP_02542,design,Neutral,its weight is manageable
SYNEXP_02542,performance,Positive,apps open quickly during everyday use
SYNEXP_02543,design,Neutral,the design is practical rather than memorable
SYNEXP_02543,display,Positive,brightness adjusts well in changing light
SYNEXP_02543,performance,Negative,the phone feels sluggish after a few minutes
SYNEXP_02544,display,Positive,text appears crisp on the panel
SYNEXP_02544,battery,Positive,the charge comfortably lasts into the evening
SYNEXP_02544,design,Negative,the frame feels less sturdy than expected
SYNEXP_02544,performance,Negative,the device warms up and slows down during games
SYNEXP_02545,design,Negative,the finish picks up marks easily
SYNEXP_02545,performance,Negative,apps pause when I switch between them
SYNEXP_02545,camera,Positive,night photos have been better than expected
SYNEXP_02546,battery,Negative,I often need to recharge before dinner
SYNEXP_02546,performance,Positive,animations feel fluid
SYNEXP_02547,camera,Negative,colours in photos sometimes look unnatural
SYNEXP_02547,battery,Positive,charging has fitted well into my routine
SYNEXP_02547,design,Positive,the buttons feel thoughtfully placed
SYNEXP_02548,battery,Neutral,charging speed feels fairly ordinary
SYNEXP_02548,display,Neutral,the panel does its job without surprises
SYNEXP_02548,performance,Positive,apps open quickly during everyday use
SYNEXP_02549,camera,Positive,focus locks on reliably for quick shots
SYNEXP_02549,design,Negative,the frame feels less sturdy than expected
SYNEXP_02549,display,Neutral,colours look fairly standard
SYNEXP_02550,battery,Neutral,the battery gets me through an average day
SYNEXP_02550,performance,Neutral,multitasking is workable without standing out
SYNEXP_02550,camera,Positive,focus locks on reliably for quick shots
SYNEXP_02551,display,Negative,touch response occasionally misses a swipe
SYNEXP_02551,performance,Negative,the device warms up and slows down during games
SYNEXP_02551,design,Positive,the finish has held up well
SYNEXP_02552,display,Neutral,colours look fairly standard
SYNEXP_02552,design,Neutral,its weight is manageable
SYNEXP_02553,camera,Positive,focus locks on reliably for quick shots
SYNEXP_02553,display,Positive,the display stays readable outdoors
SYNEXP_02553,performance,Negative,gaming sessions bring noticeable stutter
SYNEXP_02553,battery,Positive,charging has fitted well into my routine
SYNEXP_02554,performance,Negative,performance drops when several apps are open
SYNEXP_02554,camera,Negative,colours in photos sometimes look unnatural
SYNEXP_02554,battery,Positive,it rarely needs a midday top-up
SYNEXP_02554,display,Negative,fine text looks less sharp than I hoped
SYNEXP_02555,display,Positive,text appears crisp on the panel
SYNEXP_02555,design,Neutral,the physical layout takes little time to learn
SYNEXP_02555,camera,Negative,night photos come out soft
SYNEXP_02556,performance,Neutral,multitasking is workable without standing out
SYNEXP_02556,battery,Positive,the battery holds up during long commutes
SYNEXP_02556,display,Positive,screen colours look balanced
SYNEXP_02557,design,Positive,the build feels solid in my hand
SYNEXP_02557,display,Negative,touch response occasionally misses a swipe
SYNEXP_02557,camera,Negative,night photos come out soft
SYNEXP_02557,battery,Positive,battery endurance has been dependable
SYNEXP_02558,battery,Positive,it rarely needs a midday top-up
SYNEXP_02558,performance,Neutral,multitasking is workable without standing out
SYNEXP_02558,design,Positive,the design is understated and attractive
SYNEXP_02559,design,Positive,the design is understated and attractive
SYNEXP_02559,battery,Negative,the battery drains faster than I expected
SYNEXP_02559,performance,Negative,gaming sessions bring noticeable stutter
SYNEXP_02560,camera,Positive,portraits look sharp without much effort
SYNEXP_02560,display,Neutral,colours look fairly standard
SYNEXP_02560,design,Neutral,the physical layout takes little time to learn
SYNEXP_02561,performance,Positive,animations feel fluid
SYNEXP_02561,design,Neutral,its weight is manageable
SYNEXP_02562,camera,Positive,the camera captures natural colours
SYNEXP_02562,design,Neutral,the build feels ordinary for its price
SYNEXP_02562,performance,Positive,performance has remained steady after weeks of use
SYNEXP_02562,battery,Neutral,charging speed feels fairly ordinary
SYNEXP_02563,display,Neutral,screen brightness is adequate indoors
SYNEXP_02563,performance,Positive,switching between tasks feels smooth
SYNEXP_02563,battery,Negative,charging feels slow when I am in a hurry
SYNEXP_02564,battery,Negative,the battery struggles on busy days
SYNEXP_02564,design,Positive,the design is understated and attractive
SYNEXP_02564,performance,Positive,switching between tasks feels smooth
SYNEXP_02565,performance,Neutral,performance is adequate for basic tasks
SYNEXP_02565,battery,Negative,power drops quickly during navigation
SYNEXP_02565,display,Positive,the display makes videos enjoyable
SYNEXP_02565,camera,Negative,the camera loses detail indoors
SYNEXP_02566,display,Neutral,screen brightness is adequate indoors
SYNEXP_02566,performance,Neutral,performance is adequate for basic tasks
SYNEXP_02566,camera,Negative,autofocus misses moving subjects
SYNEXP_02567,performance,Positive,apps open quickly during everyday use
SYNEXP_02567,design,Positive,the buttons feel thoughtfully placed
SYNEXP_02568,performance,Neutral,multitasking is workable without standing out
SYNEXP_02568,design,Positive,its shape is comfortable to hold
SYNEXP_02569,camera,Negative,autofocus misses moving subjects
SYNEXP_02569,performance,Positive,the phone stays responsive under a busy workload
SYNEXP_02569,battery,Positive,charging has fitted well into my routine
SYNEXP_02570,performance,Negative,gaming sessions bring noticeable stutter
SYNEXP_02570,camera,Positive,focus locks on reliably for quick shots
SYNEXP_02570,design,Negative,the weight becomes tiring after a while
SYNEXP_02571,display,Negative,the panel appears dim outdoors
SYNEXP_02571,battery,Positive,battery endurance has been dependable
SYNEXP_02571,design,Neutral,its weight is manageable
SYNEXP_02572,design,Positive,the design is understated and attractive
SYNEXP_02572,battery,Negative,power drops quickly during navigation
SYNEXP_02572,camera,Negative,colours in photos sometimes look unnatural
SYNEXP_02573,design,Neutral,the build feels ordinary for its price
SYNEXP_02573,performance,Positive,animations feel fluid
SYNEXP_02573,display,Positive,brightness adjusts well in changing light
SYNEXP_02573,battery,Negative,the battery struggles on busy days
SYNEXP_02574,display,Positive,text appears crisp on the panel
SYNEXP_02574,design,Positive,the buttons feel thoughtfully placed
SYNEXP_02575,battery,Neutral,battery life is adequate for my usual schedule
SYNEXP_02575,performance,Negative,gaming sessions bring noticeable stutter
SYNEXP_02576,design,Positive,the weight feels well balanced
SYNEXP_02576,camera,Neutral,video quality meets my basic needs
SYNEXP_02576,battery,Positive,battery endurance has been dependable
SYNEXP_02577,display,Positive,the display makes videos enjoyable
SYNEXP_02577,design,Negative,the finish picks up marks easily
SYNEXP_02577,camera,Positive,photos retain pleasing detail in daylight
SYNEXP_02578,display,Positive,screen colours look balanced
SYNEXP_02578,performance,Positive,games run consistently in my sessions
SYNEXP_02579,performance,Neutral,the speed feels normal for routine use
SYNEXP_02579,battery,Positive,battery endurance has been dependable
SYNEXP_02579,camera,Positive,focus locks on reliably for quick shots
SYNEXP_02579,display,Negative,fine text looks less sharp than I hoped
SYNEXP_02580,display,Negative,scrolling does not feel as smooth as expected
SYNEXP_02580,camera,Negative,portraits often blur the edges
SYNEXP_02580,design,Neutral,the physical layout takes little time to learn
SYNEXP_02580,battery,Negative,power drops quickly during navigation
SYNEXP_02581,battery,Neutral,the battery gets me through an average day
SYNEXP_02581,camera,Negative,autofocus misses moving subjects
SYNEXP_02581,performance,Positive,apps open quickly during everyday use
SYNEXP_02581,design,Positive,the build feels solid in my hand
SYNEXP_02582,design,Neutral,the design is practical rather than memorable
SYNEXP_02582,performance,Positive,performance has remained steady after weeks of use
SYNEXP_02582,camera,Neutral,image quality is acceptable in good light
SYNEXP_02582,battery,Neutral,battery life is adequate for my usual schedule
SYNEXP_02583,display,Positive,scrolling looks smooth
SYNEXP_02583,battery,Negative,charging feels slow when I am in a hurry
SYNEXP_02583,design,Negative,the phone is awkward to hold for long
SYNEXP_02583,performance,Negative,the device warms up and slows down during games
SYNEXP_02584,display,Positive,scrolling looks smooth
SYNEXP_02584,design,Negative,the phone is awkward to hold for long
SYNEXP_02584,performance,Positive,the phone stays responsive under a busy workload
SYNEXP_02584,camera,Negative,colours in photos sometimes look unnatural
SYNEXP_02585,battery,Negative,standby drain is noticeable overnight
SYNEXP_02585,performance,Negative,performance drops when several apps are open
SYNEXP_02585,camera,Negative,video looks shaky when I move
SYNEXP_02585,display,Positive,scrolling looks smooth
SYNEXP_02586,design,Positive,the buttons feel thoughtfully placed
SYNEXP_02586,battery,Positive,battery endurance has been dependable
SYNEXP_02586,camera,Neutral,video quality meets my basic needs
SYNEXP_02587,design,Neutral,the build feels ordinary for its price
SYNEXP_02587,camera,Positive,photos retain pleasing detail in daylight
SYNEXP_02587,display,Negative,scrolling does not feel as smooth as expected
SYNEXP_02588,battery,Negative,the battery struggles on busy days
SYNEXP_02588,camera,Neutral,the camera is fine for casual photos
SYNEXP_02588,performance,Negative,apps pause when I switch between them
SYNEXP_02589,design,Neutral,the design is practical rather than memorable
SYNEXP_02589,battery,Positive,the charge comfortably lasts into the evening
SYNEXP_02589,camera,Positive,focus locks on reliably for quick shots
SYNEXP_02589,performance,Positive,switching between tasks feels smooth
SYNEXP_02590,display,Positive,scrolling looks smooth
SYNEXP_02590,design,Negative,the buttons are difficult to reach
SYNEXP_02590,camera,Neutral,image quality is acceptable in good light
SYNEXP_02591,performance,Negative,the device warms up and slows down during games
SYNEXP_02591,display,Negative,the panel appears dim outdoors
SYNEXP_02591,camera,Neutral,the camera is fine for casual photos
SYNEXP_02592,battery,Positive,I finish most days with power to spare
SYNEXP_02592,performance,Positive,games run consistently in my sessions
SYNEXP_02592,design,Positive,its shape is comfortable to hold
SYNEXP_02593,battery,Neutral,battery life is adequate for my usual schedule
SYNEXP_02593,performance,Negative,performance drops when several apps are open
SYNEXP_02593,design,Positive,its shape is comfortable to hold
SYNEXP_02594,camera,Positive,night photos have been better than expected
SYNEXP_02594,battery,Negative,charging feels slow when I am in a hurry
SYNEXP_02594,display,Negative,the panel appears dim outdoors
SYNEXP_02594,performance,Negative,gaming sessions bring noticeable stutter
SYNEXP_02595,battery,Positive,battery endurance has been dependable
SYNEXP_02595,design,Negative,the finish picks up marks easily
SYNEXP_02595,performance,Neutral,multitasking is workable without standing out
SYNEXP_02595,camera,Negative,the camera loses detail indoors
SYNEXP_02596,design,Negative,the frame feels less sturdy than expected
SYNEXP_02596,display,Positive,the display makes videos enjoyable
SYNEXP_02597,battery,Positive,the battery holds up during long commutes
SYNEXP_02597,camera,Positive,photos retain pleasing detail in daylight
SYNEXP_02597,display,Neutral,the panel does its job without surprises
SYNEXP_02597,performance,Positive,animations feel fluid
SYNEXP_02598,performance,Negative,performance drops when several apps are open
SYNEXP_02598,design,Positive,the buttons feel thoughtfully placed
SYNEXP_02598,display,Positive,scrolling looks smooth
SYNEXP_02598,battery,Positive,the battery holds up during long commutes
SYNEXP_02599,camera,Positive,portraits look sharp without much effort
SYNEXP_02599,display,Negative,touch response occasionally misses a swipe
SYNEXP_02599,design,Negative,the weight becomes tiring after a while
SYNEXP_02599,battery,Neutral,the battery gets me through an average day
SYNEXP_02600,camera,Negative,autofocus misses moving subjects
SYNEXP_02600,display,Negative,fine text looks less sharp than I hoped
SYNEXP_02600,design,Negative,the buttons are difficult to reach
SYNEXP_02601,camera,Positive,portraits look sharp without much effort
SYNEXP_02601,design,Positive,the weight feels well balanced
SYNEXP_02602,performance,Negative,menus sometimes lag behind my taps
SYNEXP_02602,display,Positive,text appears crisp on the panel
SYNEXP_02603,battery,Positive,charging has fitted well into my routine
SYNEXP_02603,camera,Negative,colours in photos sometimes look unnatural
SYNEXP_02603,display,Positive,scrolling looks smooth
SYNEXP_02604,camera,Neutral,the camera is fine for casual photos
SYNEXP_02604,display,Positive,the display stays readable outdoors
SYNEXP_02605,display,Positive,the display stays readable outdoors
SYNEXP_02605,battery,Negative,charging feels slow when I am in a hurry
SYNEXP_02605,camera,Negative,portraits often blur the edges
SYNEXP_02606,display,Positive,screen colours look balanced
SYNEXP_02606,camera,Neutral,the camera is fine for casual photos
SYNEXP_02607,display,Negative,fine text looks less sharp than I hoped
SYNEXP_02607,design,Negative,the phone is awkward to hold for long
SYNEXP_02607,battery,Negative,charging feels slow when I am in a hurry
SYNEXP_02607,camera,Positive,photos retain pleasing detail in daylight
SYNEXP_02608,design,Neutral,the build feels ordinary for its price
SYNEXP_02608,battery,Neutral,battery life is adequate for my usual schedule
SYNEXP_02608,display,Neutral,the panel does its job without surprises
SYNEXP_02609,camera,Positive,the camera captures natural colours
SYNEXP_02609,design,Negative,the frame feels less sturdy than expected
SYNEXP_02610,performance,Positive,apps open quickly during everyday use
SYNEXP_02610,battery,Negative,standby drain is noticeable overnight
SYNEXP_02610,display,Negative,the screen is hard to read in sunlight
SYNEXP_02610,camera,Positive,video remains steady when I walk
SYNEXP_02611,battery,Positive,battery endurance has been dependable
SYNEXP_02611,display,Negative,display colours look washed out
SYNEXP_02612,camera,Positive,focus locks on reliably for quick shots
SYNEXP_02612,display,Negative,scrolling does not feel as smooth as expected
SYNEXP_02613,camera,Positive,night photos have been better than expected
SYNEXP_02613,performance,Positive,animations feel fluid
SYNEXP_02613,battery,Positive,charging has fitted well into my routine
SYNEXP_02613,design,Neutral,the physical layout takes little time to learn
SYNEXP_02614,battery,Positive,it rarely needs a midday top-up
SYNEXP_02614,performance,Positive,games run consistently in my sessions
SYNEXP_02614,camera,Negative,night photos come out soft
SYNEXP_02614,design,Positive,the buttons feel thoughtfully placed
SYNEXP_02615,display,Neutral,colours look fairly standard
SYNEXP_02615,camera,Negative,video looks shaky when I move
SYNEXP_02616,performance,Neutral,multitasking is workable without standing out
SYNEXP_02616,camera,Neutral,the camera feels typical for this range
SYNEXP_02616,design,Positive,the build feels solid in my hand
SYNEXP_02617,display,Positive,scrolling looks smooth
SYNEXP_02617,performance,Neutral,performance is adequate for basic tasks
SYNEXP_02617,design,Positive,the design is understated and attractive
SYNEXP_02617,battery,Positive,charging has fitted well into my routine
SYNEXP_02618,performance,Negative,the phone feels sluggish after a few minutes
SYNEXP_02618,camera,Positive,photos retain pleasing detail in daylight
SYNEXP_02619,display,Positive,the display makes videos enjoyable
SYNEXP_02619,camera,Positive,photos retain pleasing detail in daylight
SYNEXP_02619,battery,Negative,charging feels slow when I am in a hurry
SYNEXP_02619,design,Negative,the phone is awkward to hold for long
SYNEXP_02620,battery,Positive,charging has fitted well into my routine
SYNEXP_02620,camera,Negative,autofocus misses moving subjects
SYNEXP_02620,performance,Positive,switching between tasks feels smooth
SYNEXP_02620,design,Positive,the build feels solid in my hand
SYNEXP_02621,camera,Positive,portraits look sharp without much effort
SYNEXP_02621,battery,Positive,charging has fitted well into my routine
SYNEXP_02621,display,Negative,the screen is hard to read in sunlight
SYNEXP_02621,design,Neutral,the design is practical rather than memorable
SYNEXP_02622,battery,Neutral,power use has been neither remarkable nor troublesome
SYNEXP_02622,display,Positive,the display stays readable outdoors
SYNEXP_02622,camera,Positive,portraits look sharp without much effort
SYNEXP_02622,design,Negative,the finish picks up marks easily
SYNEXP_02623,performance,Positive,the phone stays responsive under a busy workload
SYNEXP_02623,display,Positive,the display makes videos enjoyable
SYNEXP_02624,battery,Negative,standby drain is noticeable overnight
SYNEXP_02624,design,Negative,the phone is awkward to hold for long
SYNEXP_02624,performance,Positive,animations feel fluid
SYNEXP_02625,display,Positive,text appears crisp on the panel
SYNEXP_02625,performance,Negative,apps pause when I switch between them
SYNEXP_02625,battery,Negative,charging feels slow when I am in a hurry
SYNEXP_02625,camera,Negative,night photos come out soft
SYNEXP_02626,display,Positive,text appears crisp on the panel
SYNEXP_02626,design,Negative,the phone is awkward to hold for long
SYNEXP_02626,battery,Positive,charging has fitted well into my routine
SYNEXP_02627,display,Neutral,the display is usable in most places
SYNEXP_02627,battery,Negative,I often need to recharge before dinner
SYNEXP_02627,performance,Positive,apps open quickly during everyday use
SYNEXP_02627,design,Negative,the frame feels less sturdy than expected
SYNEXP_02628,camera,Neutral,the camera is fine for casual photos
SYNEXP_02628,battery,Negative,charging feels slow when I am in a hurry
SYNEXP_02628,performance,Neutral,the speed feels normal for routine use
SYNEXP_02628,design,Neutral,the build feels ordinary for its price
SYNEXP_02629,battery,Positive,I finish most days with power to spare
SYNEXP_02629,camera,Positive,video remains steady when I walk
SYNEXP_02629,display,Positive,the display makes videos enjoyable
SYNEXP_02630,design,Neutral,the physical layout takes little time to learn
SYNEXP_02630,performance,Negative,the device warms up and slows down during games
SYNEXP_02630,camera,Positive,video remains steady when I walk
SYNEXP_02630,display,Neutral,the display is usable in most places
SYNEXP_02631,display,Negative,the panel appears dim outdoors
SYNEXP_02631,camera,Positive,portraits look sharp without much effort
SYNEXP_02631,performance,Negative,menus sometimes lag behind my taps
SYNEXP_02631,design,Positive,the build feels solid in my hand
SYNEXP_02632,design,Negative,the phone is awkward to hold for long
SYNEXP_02632,display,Neutral,colours look fairly standard
SYNEXP_02632,camera,Neutral,the camera is fine for casual photos
SYNEXP_02633,performance,Positive,performance has remained steady after weeks of use
SYNEXP_02633,camera,Negative,portraits often blur the edges
SYNEXP_02633,display,Neutral,the display is usable in most places
SYNEXP_02633,design,Negative,the finish picks up marks easily
SYNEXP_02634,camera,Positive,night photos have been better than expected
SYNEXP_02634,performance,Neutral,apps run at a reasonable pace
SYNEXP_02634,design,Negative,the buttons are difficult to reach
SYNEXP_02634,battery,Neutral,charging speed feels fairly ordinary
SYNEXP_02635,design,Negative,the weight becomes tiring after a while
SYNEXP_02635,display,Neutral,screen brightness is adequate indoors
SYNEXP_02635,performance,Positive,switching between tasks feels smooth
SYNEXP_02636,performance,Positive,performance has remained steady after weeks of use
SYNEXP_02636,battery,Positive,the battery holds up during long commutes
SYNEXP_02636,design,Neutral,its weight is manageable
SYNEXP_02637,camera,Negative,autofocus misses moving subjects
SYNEXP_02637,performance,Positive,games run consistently in my sessions
SYNEXP_02638,design,Positive,the buttons feel thoughtfully placed
SYNEXP_02638,performance,Neutral,apps run at a reasonable pace
SYNEXP_02638,camera,Positive,photos retain pleasing detail in daylight
SYNEXP_02638,battery,Positive,battery endurance has been dependable
SYNEXP_02639,design,Neutral,the build feels ordinary for its price
SYNEXP_02639,performance,Positive,switching between tasks feels smooth
SYNEXP_02640,camera,Positive,video remains steady when I walk
SYNEXP_02640,display,Positive,the display makes videos enjoyable
SYNEXP_02641,performance,Negative,menus sometimes lag behind my taps
SYNEXP_02641,design,Positive,the weight feels well balanced
SYNEXP_02642,performance,Neutral,performance is adequate for basic tasks
SYNEXP_02642,design,Neutral,the physical layout takes little time to learn
SYNEXP_02642,battery,Positive,charging has fitted well into my routine
SYNEXP_02643,performance,Positive,the phone stays responsive under a busy workload
SYNEXP_02643,camera,Positive,photos retain pleasing detail in daylight
SYNEXP_02643,display,Neutral,the panel does its job without surprises
SYNEXP_02644,design,Negative,the weight becomes tiring after a while
SYNEXP_02644,battery,Positive,the charge comfortably lasts into the evening
SYNEXP_02645,camera,Positive,video remains steady when I walk
SYNEXP_02645,performance,Positive,performance has remained steady after weeks of use
SYNEXP_02645,design,Positive,the build feels solid in my hand
SYNEXP_02646,camera,Negative,autofocus misses moving subjects
SYNEXP_02646,battery,Neutral,charging speed feels fairly ordinary
SYNEXP_02646,performance,Positive,animations feel fluid
SYNEXP_02646,display,Negative,display colours look washed out
SYNEXP_02647,battery,Neutral,power use has been neither remarkable nor troublesome
SYNEXP_02647,performance,Positive,animations feel fluid
SYNEXP_02647,camera,Neutral,the camera feels typical for this range
SYNEXP_02647,display,Positive,the display makes videos enjoyable
SYNEXP_02648,camera,Positive,the camera captures natural colours
SYNEXP_02648,battery,Positive,it rarely needs a midday top-up
SYNEXP_02649,display,Negative,the panel appears dim outdoors
SYNEXP_02649,performance,Negative,menus sometimes lag behind my taps
SYNEXP_02649,battery,Positive,charging has fitted well into my routine
SYNEXP_02649,camera,Positive,the camera captures natural colours
SYNEXP_02650,performance,Neutral,multitasking is workable without standing out
SYNEXP_02650,display,Negative,touch response occasionally misses a swipe
SYNEXP_02650,camera,Negative,the camera loses detail indoors
SYNEXP_02650,battery,Positive,charging has fitted well into my routine
SYNEXP_02651,camera,Positive,night photos have been better than expected
SYNEXP_02651,display,Positive,scrolling looks smooth
SYNEXP_02651,design,Positive,the build feels solid in my hand
SYNEXP_02651,performance,Positive,apps open quickly during everyday use
SYNEXP_02652,battery,Positive,battery endurance has been dependable
SYNEXP_02652,camera,Positive,photos retain pleasing detail in daylight
SYNEXP_02652,performance,Negative,the phone feels sluggish after a few minutes
SYNEXP_02652,design,Positive,the build feels solid in my hand
SYNEXP_02653,design,Neutral,the design is practical rather than memorable
SYNEXP_02653,camera,Neutral,the camera is fine for casual photos
SYNEXP_02653,performance,Negative,gaming sessions bring noticeable stutter
SYNEXP_02653,battery,Positive,charging has fitted well into my routine
SYNEXP_02654,performance,Negative,performance drops when several apps are open
SYNEXP_02654,battery,Neutral,power use has been neither remarkable nor troublesome
SYNEXP_02654,design,Neutral,the build feels ordinary for its price
SYNEXP_02655,battery,Positive,the charge comfortably lasts into the evening
SYNEXP_02655,camera,Positive,the camera captures natural colours
SYNEXP_02655,display,Positive,brightness adjusts well in changing light
SYNEXP_02656,design,Positive,the finish has held up well
SYNEXP_02656,performance,Negative,gaming sessions bring noticeable stutter
SYNEXP_02656,display,Neutral,the display is usable in most places
SYNEXP_02657,performance,Neutral,performance is adequate for basic tasks
SYNEXP_02657,design,Positive,the buttons feel thoughtfully placed
SYNEXP_02658,battery,Positive,battery endurance has been dependable
SYNEXP_02658,performance,Positive,games run consistently in my sessions
SYNEXP_02658,display,Positive,the display makes videos enjoyable
SYNEXP_02659,performance,Positive,apps open quickly during everyday use
SYNEXP_02659,battery,Neutral,battery life is adequate for my usual schedule
SYNEXP_02660,performance,Negative,apps pause when I switch between them
SYNEXP_02660,battery,Negative,the battery drains faster than I expected
SYNEXP_02660,display,Positive,the display stays readable outdoors
SYNEXP_02660,camera,Positive,photos retain pleasing detail in daylight
SYNEXP_02661,camera,Neutral,video quality meets my basic needs
SYNEXP_02661,display,Neutral,colours look fairly standard
SYNEXP_02661,design,Neutral,the design is practical rather than memorable
SYNEXP_02661,performance,Negative,apps pause when I switch between them
SYNEXP_02662,design,Neutral,the physical layout takes little time to learn
SYNEXP_02662,display,Negative,touch response occasionally misses a swipe
SYNEXP_02663,camera,Neutral,the camera feels typical for this range
SYNEXP_02663,design,Positive,the finish has held up well
SYNEXP_02663,display,Positive,the display stays readable outdoors
SYNEXP_02664,performance,Neutral,apps run at a reasonable pace
SYNEXP_02664,battery,Negative,I often need to recharge before dinner
SYNEXP_02664,display,Neutral,screen brightness is adequate indoors
SYNEXP_02664,design,Positive,the finish has held up well
SYNEXP_02665,camera,Negative,portraits often blur the edges
SYNEXP_02665,battery,Positive,the battery holds up during long commutes
SYNEXP_02666,battery,Neutral,the battery gets me through an average day
SYNEXP_02666,display,Neutral,screen brightness is adequate indoors
SYNEXP_02666,design,Negative,the frame feels less sturdy than expected
SYNEXP_02667,display,Positive,the display makes videos enjoyable
SYNEXP_02667,camera,Negative,portraits often blur the edges
SYNEXP_02668,performance,Neutral,performance is adequate for basic tasks
SYNEXP_02668,display,Positive,screen colours look balanced
SYNEXP_02668,camera,Negative,autofocus misses moving subjects
SYNEXP_02668,design,Positive,the weight feels well balanced
SYNEXP_02669,battery,Negative,standby drain is noticeable overnight
SYNEXP_02669,design,Neutral,its weight is manageable
SYNEXP_02670,performance,Positive,the phone stays responsive under a busy workload
SYNEXP_02670,battery,Negative,the battery struggles on busy days
SYNEXP_02671,design,Positive,the weight feels well balanced
SYNEXP_02671,camera,Positive,focus locks on reliably for quick shots
SYNEXP_02671,battery,Positive,the charge comfortably lasts into the evening
SYNEXP_02672,camera,Negative,night photos come out soft
SYNEXP_02672,battery,Neutral,charging speed feels fairly ordinary
SYNEXP_02672,design,Neutral,the build feels ordinary for its price
SYNEXP_02672,performance,Negative,the device warms up and slows down during games
SYNEXP_02673,camera,Positive,the camera captures natural colours
SYNEXP_02673,battery,Neutral,power use has been neither remarkable nor troublesome
SYNEXP_02673,design,Neutral,the design is practical rather than memorable
SYNEXP_02674,camera,Neutral,video quality meets my basic needs
SYNEXP_02674,battery,Negative,the battery struggles on busy days
SYNEXP_02674,performance,Positive,the phone stays responsive under a busy workload
SYNEXP_02675,battery,Negative,charging feels slow when I am in a hurry
SYNEXP_02675,display,Negative,the panel appears dim outdoors
SYNEXP_02676,performance,Negative,the device warms up and slows down during games
SYNEXP_02676,display,Negative,scrolling does not feel as smooth as expected
SYNEXP_02676,design,Positive,the design is understated and attractive
SYNEXP_02677,battery,Positive,charging has fitted well into my routine
SYNEXP_02677,performance,Positive,performance has remained steady after weeks of use
SYNEXP_02678,camera,Negative,night photos come out soft
SYNEXP_02678,battery,Positive,battery endurance has been dependable
SYNEXP_02678,design,Positive,its shape is comfortable to hold
SYNEXP_02678,performance,Neutral,the speed feels normal for routine use
SYNEXP_02679,display,Positive,text appears crisp on the panel
SYNEXP_02679,camera,Neutral,the camera is fine for casual photos
SYNEXP_02679,design,Positive,its shape is comfortable to hold
SYNEXP_02679,battery,Positive,the battery holds up during long commutes
SYNEXP_02680,camera,Positive,photos retain pleasing detail in daylight
SYNEXP_02680,battery,Negative,I often need to recharge before dinner
SYNEXP_02681,battery,Neutral,battery life is adequate for my usual schedule
SYNEXP_02681,display,Positive,screen colours look balanced
SYNEXP_02681,design,Neutral,the build feels ordinary for its price
SYNEXP_02682,camera,Negative,the camera loses detail indoors
SYNEXP_02682,design,Neutral,its weight is manageable
SYNEXP_02682,battery,Positive,the battery holds up during long commutes
SYNEXP_02683,battery,Negative,the battery struggles on busy days
SYNEXP_02683,performance,Negative,performance drops when several apps are open
SYNEXP_02684,battery,Negative,the battery struggles on busy days
SYNEXP_02684,performance,Negative,menus sometimes lag behind my taps
SYNEXP_02684,camera,Positive,video remains steady when I walk
SYNEXP_02684,design,Positive,the weight feels well balanced
SYNEXP_02685,design,Negative,the buttons are difficult to reach
SYNEXP_02685,performance,Neutral,multitasking is workable without standing out
SYNEXP_02686,battery,Negative,standby drain is noticeable overnight
SYNEXP_02686,design,Neutral,the design is practical rather than memorable
SYNEXP_02687,design,Neutral,the build feels ordinary for its price
SYNEXP_02687,camera,Positive,the camera captures natural colours
SYNEXP_02688,battery,Positive,battery endurance has been dependable
SYNEXP_02688,performance,Neutral,multitasking is workable without standing out
SYNEXP_02688,camera,Positive,portraits look sharp without much effort
SYNEXP_02688,design,Negative,the buttons are difficult to reach
SYNEXP_02689,design,Neutral,the physical layout takes little time to learn
SYNEXP_02689,display,Positive,the display stays readable outdoors
SYNEXP_02689,performance,Negative,menus sometimes lag behind my taps
SYNEXP_02690,performance,Negative,the device warms up and slows down during games
SYNEXP_02690,battery,Negative,the battery struggles on busy days
SYNEXP_02690,design,Positive,the finish has held up well
SYNEXP_02690,display,Neutral,screen brightness is adequate indoors
SYNEXP_02691,design,Neutral,the build feels ordinary for its price
SYNEXP_02691,battery,Positive,it rarely needs a midday top-up
SYNEXP_02691,camera,Neutral,the camera feels typical for this range
SYNEXP_02691,performance,Positive,games run consistently in my sessions
SYNEXP_02692,camera,Neutral,video quality meets my basic needs
SYNEXP_02692,battery,Positive,I finish most days with power to spare
SYNEXP_02693,display,Neutral,the display is usable in most places
SYNEXP_02693,camera,Negative,night photos come out soft
SYNEXP_02693,design,Negative,the weight becomes tiring after a while
SYNEXP_02694,camera,Positive,portraits look sharp without much effort
SYNEXP_02694,performance,Neutral,the speed feels normal for routine use
SYNEXP_02694,battery,Neutral,battery life is adequate for my usual schedule
SYNEXP_02694,display,Neutral,the display is usable in most places
SYNEXP_02695,camera,Neutral,image quality is acceptable in good light
SYNEXP_02695,design,Neutral,its weight is manageable
SYNEXP_02695,performance,Positive,performance has remained steady after weeks of use
SYNEXP_02695,battery,Positive,battery endurance has been dependable
SYNEXP_02696,display,Negative,the screen is hard to read in sunlight
SYNEXP_02696,camera,Positive,focus locks on reliably for quick shots
SYNEXP_02696,design,Positive,the buttons feel thoughtfully placed
SYNEXP_02697,camera,Positive,the camera captures natural colours
SYNEXP_02697,performance,Neutral,the speed feels normal for routine use
SYNEXP_02697,battery,Negative,the battery struggles on busy days
SYNEXP_02698,display,Negative,fine text looks less sharp than I hoped
SYNEXP_02698,performance,Positive,animations feel fluid
SYNEXP_02699,performance,Positive,apps open quickly during everyday use
SYNEXP_02699,display,Positive,brightness adjusts well in changing light
SYNEXP_02699,battery,Neutral,charging speed feels fairly ordinary
SYNEXP_02700,performance,Negative,apps pause when I switch between them
SYNEXP_02700,design,Neutral,its weight is manageable
SYNEXP_02700,display,Neutral,the panel does its job without surprises
SYNEXP_02700,battery,Positive,it rarely needs a midday top-up
SYNEXP_02701,battery,Positive,the charge comfortably lasts into the evening
SYNEXP_02701,camera,Positive,the camera captures natural colours
SYNEXP_02701,design,Neutral,the physical layout takes little time to learn
SYNEXP_02702,design,Neutral,the physical layout takes little time to learn
SYNEXP_02702,camera,Neutral,image quality is acceptable in good light
SYNEXP_02703,design,Positive,the buttons feel thoughtfully placed
SYNEXP_02703,performance,Positive,switching between tasks feels smooth
SYNEXP_02703,battery,Neutral,power use has been neither remarkable nor troublesome
SYNEXP_02703,camera,Negative,portraits often blur the edges
SYNEXP_02704,battery,Negative,power drops quickly during navigation
SYNEXP_02704,display,Negative,scrolling does not feel as smooth as expected
SYNEXP_02704,performance,Positive,games run consistently in my sessions
SYNEXP_02704,camera,Neutral,the camera is fine for casual photos
SYNEXP_02705,camera,Negative,the camera loses detail indoors
SYNEXP_02705,design,Positive,the build feels solid in my hand
SYNEXP_02705,display,Positive,the display stays readable outdoors
SYNEXP_02706,camera,Neutral,the camera feels typical for this range
SYNEXP_02706,display,Positive,the display makes videos enjoyable
SYNEXP_02706,battery,Positive,I finish most days with power to spare
SYNEXP_02707,display,Neutral,screen brightness is adequate indoors
SYNEXP_02707,camera,Positive,focus locks on reliably for quick shots
SYNEXP_02707,design,Neutral,the build feels ordinary for its price
SYNEXP_02707,performance,Negative,the phone feels sluggish after a few minutes
SYNEXP_02708,camera,Positive,video remains steady when I walk
SYNEXP_02708,design,Neutral,its weight is manageable
SYNEXP_02708,display,Neutral,the panel does its job without surprises
SYNEXP_02708,battery,Positive,the battery holds up during long commutes
SYNEXP_02709,design,Negative,the weight becomes tiring after a while
SYNEXP_02709,battery,Positive,the battery holds up during long commutes
SYNEXP_02710,display,Positive,text appears crisp on the panel
SYNEXP_02710,camera,Neutral,the camera feels typical for this range
SYNEXP_02710,design,Positive,the weight feels well balanced
SYNEXP_02710,battery,Positive,the charge comfortably lasts into the evening
SYNEXP_02711,display,Neutral,the panel does its job without surprises
SYNEXP_02711,performance,Positive,switching between tasks feels smooth
SYNEXP_02712,performance,Positive,apps open quickly during everyday use
SYNEXP_02712,battery,Negative,charging feels slow when I am in a hurry
SYNEXP_02712,design,Negative,the design feels bulky in a pocket
SYNEXP_02712,camera,Positive,portraits look sharp without much effort
SYNEXP_02713,battery,Negative,standby drain is noticeable overnight
SYNEXP_02713,performance,Neutral,performance is adequate for basic tasks
SYNEXP_02714,performance,Negative,performance drops when several apps are open
SYNEXP_02714,design,Positive,the build feels solid in my hand
SYNEXP_02714,battery,Neutral,the battery gets me through an average day
SYNEXP_02715,design,Negative,the weight becomes tiring after a while
SYNEXP_02715,display,Positive,the display stays readable outdoors
SYNEXP_02715,camera,Positive,video remains steady when I walk
SYNEXP_02716,camera,Positive,focus locks on reliably for quick shots
SYNEXP_02716,performance,Negative,gaming sessions bring noticeable stutter
SYNEXP_02716,display,Positive,scrolling looks smooth
SYNEXP_02717,camera,Neutral,image quality is acceptable in good light
SYNEXP_02717,battery,Negative,charging feels slow when I am in a hurry
SYNEXP_02717,display,Neutral,the panel does its job without surprises
SYNEXP_02718,battery,Positive,it rarely needs a midday top-up
SYNEXP_02718,design,Positive,its shape is comfortable to hold
SYNEXP_02719,camera,Negative,colours in photos sometimes look unnatural
SYNEXP_02719,display,Positive,the display stays readable outdoors
SYNEXP_02719,performance,Neutral,apps run at a reasonable pace
SYNEXP_02720,battery,Neutral,battery life is adequate for my usual schedule
SYNEXP_02720,display,Neutral,the panel does its job without surprises
SYNEXP_02720,performance,Positive,games run consistently in my sessions
SYNEXP_02720,camera,Neutral,image quality is acceptable in good light
SYNEXP_02721,display,Positive,screen colours look balanced
SYNEXP_02721,battery,Neutral,power use has been neither remarkable nor troublesome
SYNEXP_02721,performance,Positive,games run consistently in my sessions
SYNEXP_02721,camera,Negative,night photos come out soft
SYNEXP_02722,camera,Neutral,the camera is fine for casual photos
SYNEXP_02722,battery,Positive,the charge comfortably lasts into the evening
SYNEXP_02722,design,Positive,the buttons feel thoughtfully placed
SYNEXP_02723,display,Positive,brightness adjusts well in changing light
SYNEXP_02723,design,Positive,the finish has held up well
SYNEXP_02724,design,Positive,the build feels solid in my hand
SYNEXP_02724,battery,Neutral,battery life is adequate for my usual schedule
SYNEXP_02724,display,Neutral,colours look fairly standard
SYNEXP_02725,camera,Positive,focus locks on reliably for quick shots
SYNEXP_02725,display,Neutral,the display is usable in most places
SYNEXP_02725,design,Neutral,its weight is manageable
SYNEXP_02725,performance,Positive,animations feel fluid
SYNEXP_02726,camera,Negative,portraits often blur the edges
SYNEXP_02726,display,Negative,touch response occasionally misses a swipe
SYNEXP_02726,design,Neutral,the physical layout takes little time to learn
SYNEXP_02727,performance,Positive,performance has remained steady after weeks of use
SYNEXP_02727,camera,Neutral,the camera is fine for casual photos
SYNEXP_02727,battery,Positive,it rarely needs a midday top-up
SYNEXP_02727,display,Negative,scrolling does not feel as smooth as expected
SYNEXP_02728,display,Negative,the panel appears dim outdoors
SYNEXP_02728,battery,Positive,it rarely needs a midday top-up
SYNEXP_02729,battery,Neutral,charging speed feels fairly ordinary
SYNEXP_02729,design,Negative,the buttons are difficult to reach
SYNEXP_02730,display,Positive,brightness adjusts well in changing light
SYNEXP_02730,battery,Positive,I finish most days with power to spare
SYNEXP_02730,design,Neutral,the design is practical rather than memorable
SYNEXP_02731,design,Negative,the phone is awkward to hold for long
SYNEXP_02731,camera,Negative,night photos come out soft
SYNEXP_02731,performance,Negative,menus sometimes lag behind my taps
SYNEXP_02732,display,Negative,the panel appears dim outdoors
SYNEXP_02732,design,Positive,the build feels solid in my hand
SYNEXP_02732,battery,Neutral,charging speed feels fairly ordinary
SYNEXP_02732,camera,Positive,the camera captures natural colours
SYNEXP_02733,camera,Negative,night photos come out soft
SYNEXP_02733,performance,Positive,animations feel fluid
SYNEXP_02733,battery,Positive,charging has fitted well into my routine
SYNEXP_02734,design,Neutral,the physical layout takes little time to learn
SYNEXP_02734,camera,Neutral,the camera is fine for casual photos
SYNEXP_02734,performance,Positive,animations feel fluid
SYNEXP_02734,battery,Positive,the battery holds up during long commutes
SYNEXP_02735,display,Neutral,the display is usable in most places
SYNEXP_02735,performance,Negative,apps pause when I switch between them
SYNEXP_02736,battery,Negative,charging feels slow when I am in a hurry
SYNEXP_02736,performance,Neutral,apps run at a reasonable pace
SYNEXP_02736,display,Positive,scrolling looks smooth
SYNEXP_02736,design,Negative,the phone is awkward to hold for long
SYNEXP_02737,display,Neutral,colours look fairly standard
SYNEXP_02737,performance,Neutral,multitasking is workable without standing out
SYNEXP_02737,battery,Neutral,charging speed feels fairly ordinary
SYNEXP_02737,camera,Neutral,the camera is fine for casual photos
SYNEXP_02738,battery,Positive,it rarely needs a midday top-up
SYNEXP_02738,camera,Neutral,the camera is fine for casual photos
SYNEXP_02738,display,Positive,scrolling looks smooth
SYNEXP_02739,camera,Positive,photos retain pleasing detail in daylight
SYNEXP_02739,design,Positive,the build feels solid in my hand
SYNEXP_02740,performance,Neutral,apps run at a reasonable pace
SYNEXP_02740,display,Positive,scrolling looks smooth
SYNEXP_02741,display,Negative,fine text looks less sharp than I hoped
SYNEXP_02741,battery,Positive,battery endurance has been dependable
SYNEXP_02741,performance,Negative,the phone feels sluggish after a few minutes
SYNEXP_02742,camera,Positive,night photos have been better than expected
SYNEXP_02742,battery,Negative,the battery struggles on busy days
SYNEXP_02743,design,Positive,the finish has held up well
SYNEXP_02743,display,Positive,the display stays readable outdoors
SYNEXP_02743,battery,Neutral,charging speed feels fairly ordinary
SYNEXP_02743,performance,Negative,menus sometimes lag behind my taps
SYNEXP_02744,performance,Positive,apps open quickly during everyday use
SYNEXP_02744,display,Negative,fine text looks less sharp than I hoped
SYNEXP_02745,camera,Positive,the camera captures natural colours
SYNEXP_02745,battery,Neutral,battery life is adequate for my usual schedule
SYNEXP_02746,performance,Negative,apps pause when I switch between them
SYNEXP_02746,camera,Negative,the camera loses detail indoors
SYNEXP_02746,design,Positive,the finish has held up well
SYNEXP_02746,battery,Neutral,charging speed feels fairly ordinary
SYNEXP_02747,design,Neutral,the design is practical rather than memorable
SYNEXP_02747,camera,Positive,photos retain pleasing detail in daylight
SYNEXP_02747,display,Positive,screen colours look balanced
SYNEXP_02748,battery,Positive,battery endurance has been dependable
SYNEXP_02748,display,Negative,display colours look washed out
SYNEXP_02748,design,Neutral,the build feels ordinary for its price
SYNEXP_02748,camera,Neutral,the camera feels typical for this range
SYNEXP_02749,battery,Positive,battery endurance has been dependable
SYNEXP_02749,camera,Positive,focus locks on reliably for quick shots
SYNEXP_02750,camera,Negative,video looks shaky when I move
SYNEXP_02750,performance,Positive,animations feel fluid
SYNEXP_02750,display,Negative,the screen is hard to read in sunlight
SYNEXP_02750,battery,Negative,power drops quickly during navigation
SYNEXP_02751,performance,Positive,switching between tasks feels smooth
SYNEXP_02751,camera,Negative,autofocus misses moving subjects
SYNEXP_02751,design,Positive,the build feels solid in my hand
SYNEXP_02751,battery,Positive,I finish most days with power to spare
SYNEXP_02752,design,Positive,the design is understated and attractive
SYNEXP_02752,display,Positive,screen colours look balanced
SYNEXP_02752,performance,Positive,the phone stays responsive under a busy workload
SYNEXP_02752,battery,Positive,charging has fitted well into my routine
SYNEXP_02753,display,Neutral,screen brightness is adequate indoors
SYNEXP_02753,performance,Positive,apps open quickly during everyday use
SYNEXP_02753,battery,Positive,battery endurance has been dependable
SYNEXP_02754,performance,Positive,performance has remained steady after weeks of use
SYNEXP_02754,camera,Positive,portraits look sharp without much effort
SYNEXP_02754,design,Negative,the buttons are difficult to reach
SYNEXP_02754,display,Neutral,screen brightness is adequate indoors
SYNEXP_02755,camera,Negative,autofocus misses moving subjects
SYNEXP_02755,performance,Neutral,performance is adequate for basic tasks
SYNEXP_02756,camera,Positive,focus locks on reliably for quick shots
SYNEXP_02756,display,Neutral,colours look fairly standard
SYNEXP_02756,battery,Positive,the charge comfortably lasts into the evening
SYNEXP_02757,display,Negative,display colours look washed out
SYNEXP_02757,camera,Positive,video remains steady when I walk
SYNEXP_02757,performance,Neutral,multitasking is workable without standing out
SYNEXP_02757,design,Positive,the design is understated and attractive
SYNEXP_02758,design,Positive,the finish has held up well
SYNEXP_02758,display,Neutral,screen brightness is adequate indoors
SYNEXP_02759,display,Negative,scrolling does not feel as smooth as expected
SYNEXP_02759,camera,Negative,the camera loses detail indoors
SYNEXP_02759,performance,Negative,the phone feels sluggish after a few minutes
SYNEXP_02759,design,Positive,the weight feels well balanced
SYNEXP_02760,performance,Neutral,multitasking is workable without standing out
SYNEXP_02760,camera,Positive,portraits look sharp without much effort
SYNEXP_02760,battery,Positive,battery endurance has been dependable
SYNEXP_02760,display,Neutral,colours look fairly standard
SYNEXP_02761,design,Positive,the weight feels well balanced
SYNEXP_02761,display,Positive,the display stays readable outdoors
SYNEXP_02761,battery,Positive,charging has fitted well into my routine
SYNEXP_02761,performance,Positive,games run consistently in my sessions
SYNEXP_02762,performance,Neutral,performance is adequate for basic tasks
SYNEXP_02762,camera,Negative,night photos come out soft
SYNEXP_02763,camera,Negative,night photos come out soft
SYNEXP_02763,performance,Positive,games run consistently in my sessions
SYNEXP_02763,display,Negative,fine text looks less sharp than I hoped
SYNEXP_02763,battery,Neutral,battery life is adequate for my usual schedule
SYNEXP_02764,performance,Neutral,apps run at a reasonable pace
SYNEXP_02764,battery,Neutral,charging speed feels fairly ordinary
SYNEXP_02765,design,Negative,the weight becomes tiring after a while
SYNEXP_02765,camera,Neutral,video quality meets my basic needs
SYNEXP_02765,display,Neutral,colours look fairly standard
SYNEXP_02765,battery,Positive,charging has fitted well into my routine
SYNEXP_02766,display,Positive,the display makes videos enjoyable
SYNEXP_02766,performance,Negative,performance drops when several apps are open
SYNEXP_02766,design,Positive,the build feels solid in my hand
SYNEXP_02766,camera,Neutral,the camera feels typical for this range
SYNEXP_02767,camera,Positive,the camera captures natural colours
SYNEXP_02767,display,Negative,fine text looks less sharp than I hoped
SYNEXP_02767,design,Positive,the design is understated and attractive
SYNEXP_02767,performance,Negative,apps pause when I switch between them
SYNEXP_02768,design,Negative,the weight becomes tiring after a while
SYNEXP_02768,battery,Negative,power drops quickly during navigation
SYNEXP_02768,camera,Positive,video remains steady when I walk
SYNEXP_02769,battery,Positive,the battery holds up during long commutes
SYNEXP_02769,camera,Negative,video looks shaky when I move
SYNEXP_02770,display,Positive,text appears crisp on the panel
SYNEXP_02770,performance,Positive,performance has remained steady after weeks of use
SYNEXP_02770,battery,Positive,I finish most days with power to spare
SYNEXP_02771,design,Positive,the buttons feel thoughtfully placed
SYNEXP_02771,display,Neutral,the panel does its job without surprises
SYNEXP_02772,camera,Positive,night photos have been better than expected
SYNEXP_02772,display,Negative,display colours look washed out
SYNEXP_02773,design,Positive,its shape is comfortable to hold
SYNEXP_02773,performance,Negative,menus sometimes lag behind my taps
SYNEXP_02774,battery,Negative,I often need to recharge before dinner
SYNEXP_02774,display,Negative,display colours look washed out
SYNEXP_02775,design,Positive,the buttons feel thoughtfully placed
SYNEXP_02775,camera,Neutral,video quality meets my basic needs
SYNEXP_02775,display,Positive,screen colours look balanced
SYNEXP_02775,battery,Positive,it rarely needs a midday top-up
SYNEXP_02776,display,Neutral,the display is usable in most places
SYNEXP_02776,performance,Neutral,multitasking is workable without standing out
SYNEXP_02776,design,Negative,the buttons are difficult to reach
SYNEXP_02776,camera,Neutral,the camera feels typical for this range
SYNEXP_02777,display,Negative,display colours look washed out
SYNEXP_02777,performance,Positive,games run consistently in my sessions
SYNEXP_02777,battery,Negative,power drops quickly during navigation
SYNEXP_02778,display,Positive,the display makes videos enjoyable
SYNEXP_02778,camera,Positive,the camera captures natural colours
SYNEXP_02779,display,Positive,the display makes videos enjoyable
SYNEXP_02779,battery,Positive,charging has fitted well into my routine
SYNEXP_02780,battery,Neutral,the battery gets me through an average day
SYNEXP_02780,design,Negative,the design feels bulky in a pocket
SYNEXP_02780,camera,Neutral,video quality meets my basic needs
SYNEXP_02781,performance,Positive,performance has remained steady after weeks of use
SYNEXP_02781,battery,Neutral,power use has been neither remarkable nor troublesome
SYNEXP_02781,design,Negative,the buttons are difficult to reach
SYNEXP_02781,display,Neutral,screen brightness is adequate indoors
SYNEXP_02782,performance,Positive,switching between tasks feels smooth
SYNEXP_02782,display,Negative,scrolling does not feel as smooth as expected
SYNEXP_02782,design,Positive,the weight feels well balanced
SYNEXP_02783,design,Negative,the phone is awkward to hold for long
SYNEXP_02783,performance,Positive,apps open quickly during everyday use
SYNEXP_02783,camera,Negative,portraits often blur the edges
SYNEXP_02784,performance,Neutral,the speed feels normal for routine use
SYNEXP_02784,camera,Neutral,the camera is fine for casual photos
SYNEXP_02784,display,Neutral,colours look fairly standard
SYNEXP_02785,design,Positive,the weight feels well balanced
SYNEXP_02785,battery,Positive,the charge comfortably lasts into the evening
SYNEXP_02786,camera,Negative,the camera loses detail indoors
SYNEXP_02786,display,Positive,screen colours look balanced
SYNEXP_02787,performance,Neutral,the speed feels normal for routine use
SYNEXP_02787,display,Positive,text appears crisp on the panel
SYNEXP_02787,camera,Neutral,image quality is acceptable in good light
SYNEXP_02787,design,Negative,the buttons are difficult to reach
SYNEXP_02788,camera,Neutral,image quality is acceptable in good light
SYNEXP_02788,design,Positive,the weight feels well balanced
SYNEXP_02788,battery,Neutral,battery life is adequate for my usual schedule
SYNEXP_02788,display,Positive,brightness adjusts well in changing light
SYNEXP_02789,design,Negative,the finish picks up marks easily
SYNEXP_02789,battery,Positive,the charge comfortably lasts into the evening
SYNEXP_02789,display,Negative,display colours look washed out
SYNEXP_02789,camera,Positive,night photos have been better than expected
SYNEXP_02790,performance,Positive,apps open quickly during everyday use
SYNEXP_02790,battery,Neutral,power use has been neither remarkable nor troublesome
SYNEXP_02791,performance,Negative,gaming sessions bring noticeable stutter
SYNEXP_02791,display,Positive,text appears crisp on the panel
SYNEXP_02791,battery,Positive,battery endurance has been dependable
SYNEXP_02791,design,Positive,the buttons feel thoughtfully placed
SYNEXP_02792,camera,Negative,night photos come out soft
SYNEXP_02792,battery,Positive,it rarely needs a midday top-up
SYNEXP_02793,design,Negative,the finish picks up marks easily
SYNEXP_02793,performance,Negative,apps pause when I switch between them
SYNEXP_02793,display,Positive,the display stays readable outdoors
SYNEXP_02793,camera,Neutral,video quality meets my basic needs
SYNEXP_02794,display,Negative,display colours look washed out
SYNEXP_02794,camera,Positive,video remains steady when I walk
SYNEXP_02794,performance,Neutral,multitasking is workable without standing out
SYNEXP_02794,battery,Positive,battery endurance has been dependable
SYNEXP_02795,camera,Neutral,video quality meets my basic needs
SYNEXP_02795,battery,Positive,charging has fitted well into my routine
SYNEXP_02795,display,Positive,text appears crisp on the panel
SYNEXP_02795,design,Positive,the buttons feel thoughtfully placed
SYNEXP_02796,battery,Negative,the battery struggles on busy days
SYNEXP_02796,display,Neutral,colours look fairly standard
SYNEXP_02796,performance,Positive,animations feel fluid
SYNEXP_02796,camera,Negative,colours in photos sometimes look unnatural
SYNEXP_02797,performance,Neutral,the speed feels normal for routine use
SYNEXP_02797,design,Neutral,the design is practical rather than memorable
SYNEXP_02797,display,Neutral,screen brightness is adequate indoors
SYNEXP_02798,battery,Positive,the charge comfortably lasts into the evening
SYNEXP_02798,design,Positive,the finish has held up well
SYNEXP_02798,camera,Positive,focus locks on reliably for quick shots
SYNEXP_02798,performance,Negative,apps pause when I switch between them
SYNEXP_02799,battery,Negative,I often need to recharge before dinner
SYNEXP_02799,design,Negative,the phone is awkward to hold for long
SYNEXP_02799,performance,Positive,switching between tasks feels smooth
SYNEXP_02800,design,Negative,the weight becomes tiring after a while
SYNEXP_02800,camera,Negative,colours in photos sometimes look unnatural
SYNEXP_02800,performance,Positive,switching between tasks feels smooth
SYNEXP_02801,performance,Positive,switching between tasks feels smooth
SYNEXP_02801,battery,Positive,the charge comfortably lasts into the evening
SYNEXP_02802,performance,Negative,the device warms up and slows down during games
SYNEXP_02802,camera,Positive,the camera captures natural colours
SYNEXP_02802,display,Positive,screen colours look balanced
SYNEXP_02802,design,Negative,the phone is awkward to hold for long
SYNEXP_02803,battery,Neutral,battery life is adequate for my usual schedule
SYNEXP_02803,performance,Positive,switching between tasks feels smooth
SYNEXP_02803,camera,Positive,night photos have been better than expected
SYNEXP_02803,design,Negative,the frame feels less sturdy than expected
SYNEXP_02804,design,Positive,the build feels solid in my hand
SYNEXP_02804,display,Neutral,colours look fairly standard
SYNEXP_02805,performance,Negative,performance drops when several apps are open
SYNEXP_02805,camera,Positive,portraits look sharp without much effort
SYNEXP_02806,performance,Negative,performance drops when several apps are open
SYNEXP_02806,camera,Positive,focus locks on reliably for quick shots
SYNEXP_02807,design,Positive,the buttons feel thoughtfully placed
SYNEXP_02807,performance,Neutral,apps run at a reasonable pace
SYNEXP_02808,performance,Negative,menus sometimes lag behind my taps
SYNEXP_02808,camera,Neutral,video quality meets my basic needs
SYNEXP_02808,design,Positive,the weight feels well balanced
SYNEXP_02809,performance,Neutral,performance is adequate for basic tasks
SYNEXP_02809,battery,Negative,standby drain is noticeable overnight
SYNEXP_02809,design,Positive,the finish has held up well
SYNEXP_02810,design,Positive,its shape is comfortable to hold
SYNEXP_02810,camera,Negative,colours in photos sometimes look unnatural
SYNEXP_02810,performance,Positive,performance has remained steady after weeks of use
SYNEXP_02810,battery,Negative,I often need to recharge before dinner
SYNEXP_02811,display,Negative,scrolling does not feel as smooth as expected
SYNEXP_02811,design,Positive,the design is understated and attractive
SYNEXP_02812,design,Positive,its shape is comfortable to hold
SYNEXP_02812,display,Neutral,the panel does its job without surprises
SYNEXP_02813,camera,Negative,the camera loses detail indoors
SYNEXP_02813,performance,Positive,switching between tasks feels smooth
SYNEXP_02814,camera,Positive,night photos have been better than expected
SYNEXP_02814,battery,Neutral,charging speed feels fairly ordinary
SYNEXP_02814,design,Positive,the build feels solid in my hand
SYNEXP_02814,display,Positive,scrolling looks smooth
SYNEXP_02815,display,Neutral,the panel does its job without surprises
SYNEXP_02815,camera,Positive,night photos have been better than expected
SYNEXP_02815,design,Positive,the design is understated and attractive
SYNEXP_02816,battery,Neutral,battery life is adequate for my usual schedule
SYNEXP_02816,performance,Neutral,the speed feels normal for routine use
SYNEXP_02817,display,Neutral,colours look fairly standard
SYNEXP_02817,camera,Negative,autofocus misses moving subjects
SYNEXP_02817,battery,Negative,I often need to recharge before dinner
SYNEXP_02818,display,Neutral,the display is usable in most places
SYNEXP_02818,design,Negative,the weight becomes tiring after a while
SYNEXP_02818,camera,Neutral,video quality meets my basic needs
SYNEXP_02819,display,Negative,fine text looks less sharp than I hoped
SYNEXP_02819,performance,Negative,gaming sessions bring noticeable stutter
SYNEXP_02819,design,Positive,the buttons feel thoughtfully placed
SYNEXP_02819,battery,Positive,battery endurance has been dependable
SYNEXP_02820,design,Positive,the weight feels well balanced
SYNEXP_02820,display,Neutral,colours look fairly standard
SYNEXP_02820,battery,Positive,battery endurance has been dependable
SYNEXP_02820,performance,Negative,gaming sessions bring noticeable stutter
SYNEXP_02821,camera,Negative,the camera loses detail indoors
SYNEXP_02821,design,Negative,the design feels bulky in a pocket
SYNEXP_02821,performance,Neutral,performance is adequate for basic tasks
SYNEXP_02822,display,Positive,brightness adjusts well in changing light
SYNEXP_02822,camera,Neutral,the camera is fine for casual photos
SYNEXP_02822,design,Neutral,the build feels ordinary for its price
SYNEXP_02823,design,Positive,the build feels solid in my hand
SYNEXP_02823,performance,Neutral,performance is adequate for basic tasks
SYNEXP_02824,battery,Neutral,the battery gets me through an average day
SYNEXP_02824,display,Neutral,the panel does its job without surprises
SYNEXP_02824,design,Neutral,the physical layout takes little time to learn
SYNEXP_02824,performance,Negative,the phone feels sluggish after a few minutes
SYNEXP_02825,design,Negative,the finish picks up marks easily
SYNEXP_02825,performance,Neutral,performance is adequate for basic tasks
SYNEXP_02826,camera,Positive,video remains steady when I walk
SYNEXP_02826,battery,Positive,charging has fitted well into my routine
SYNEXP_02826,performance,Negative,apps pause when I switch between them
SYNEXP_02827,camera,Neutral,the camera is fine for casual photos
SYNEXP_02827,battery,Positive,the battery holds up during long commutes
SYNEXP_02828,design,Positive,the finish has held up well
SYNEXP_02828,performance,Positive,switching between tasks feels smooth
SYNEXP_02828,camera,Positive,photos retain pleasing detail in daylight
SYNEXP_02829,design,Negative,the frame feels less sturdy than expected
SYNEXP_02829,display,Negative,fine text looks less sharp than I hoped
SYNEXP_02829,camera,Neutral,video quality meets my basic needs
SYNEXP_02830,battery,Negative,the battery struggles on busy days
SYNEXP_02830,design,Neutral,the design is practical rather than memorable
SYNEXP_02830,camera,Positive,the camera captures natural colours
SYNEXP_02831,camera,Neutral,the camera is fine for casual photos
SYNEXP_02831,display,Neutral,colours look fairly standard
SYNEXP_02831,performance,Neutral,the speed feels normal for routine use
SYNEXP_02832,battery,Negative,I often need to recharge before dinner
SYNEXP_02832,display,Negative,the panel appears dim outdoors
SYNEXP_02833,camera,Positive,the camera captures natural colours
SYNEXP_02833,design,Negative,the design feels bulky in a pocket
SYNEXP_02833,performance,Negative,apps pause when I switch between them
SYNEXP_02833,display,Neutral,the display is usable in most places
SYNEXP_02834,performance,Neutral,performance is adequate for basic tasks
SYNEXP_02834,design,Positive,the finish has held up well
SYNEXP_02835,battery,Negative,power drops quickly during navigation
SYNEXP_02835,design,Negative,the weight becomes tiring after a while
SYNEXP_02836,display,Negative,touch response occasionally misses a swipe
SYNEXP_02836,camera,Negative,video looks shaky when I move
SYNEXP_02836,performance,Neutral,the speed feels normal for routine use
SYNEXP_02836,design,Negative,the weight becomes tiring after a while
SYNEXP_02837,battery,Neutral,power use has been neither remarkable nor troublesome
SYNEXP_02837,display,Positive,the display makes videos enjoyable
SYNEXP_02838,performance,Positive,switching between tasks feels smooth
SYNEXP_02838,design,Positive,the buttons feel thoughtfully placed
SYNEXP_02838,battery,Negative,charging feels slow when I am in a hurry
SYNEXP_02838,display,Neutral,screen brightness is adequate indoors
SYNEXP_02839,battery,Positive,charging has fitted well into my routine
SYNEXP_02839,camera,Neutral,video quality meets my basic needs
SYNEXP_02839,performance,Negative,performance drops when several apps are open
SYNEXP_02839,display,Positive,the display stays readable outdoors
SYNEXP_02840,design,Positive,the build feels solid in my hand
SYNEXP_02840,performance,Negative,menus sometimes lag behind my taps
SYNEXP_02840,camera,Neutral,image quality is acceptable in good light
SYNEXP_02841,camera,Neutral,image quality is acceptable in good light
SYNEXP_02841,performance,Neutral,the speed feels normal for routine use
SYNEXP_02842,battery,Positive,it rarely needs a midday top-up
SYNEXP_02842,display,Positive,text appears crisp on the panel
SYNEXP_02843,camera,Negative,the camera loses detail indoors
SYNEXP_02843,performance,Positive,animations feel fluid
SYNEXP_02843,battery,Positive,charging has fitted well into my routine
SYNEXP_02843,design,Positive,the finish has held up well
SYNEXP_02844,design,Negative,the finish picks up marks easily
SYNEXP_02844,battery,Negative,the battery drains faster than I expected
SYNEXP_02845,battery,Negative,I often need to recharge before dinner
SYNEXP_02845,design,Negative,the finish picks up marks easily
SYNEXP_02846,camera,Positive,focus locks on reliably for quick shots
SYNEXP_02846,design,Negative,the buttons are difficult to reach
SYNEXP_02846,display,Negative,the screen is hard to read in sunlight
SYNEXP_02847,camera,Positive,the camera captures natural colours
SYNEXP_02847,design,Negative,the buttons are difficult to reach
SYNEXP_02847,battery,Neutral,battery life is adequate for my usual schedule
SYNEXP_02848,battery,Positive,the battery holds up during long commutes
SYNEXP_02848,camera,Positive,portraits look sharp without much effort
SYNEXP_02848,display,Negative,the panel appears dim outdoors
SYNEXP_02849,design,Neutral,its weight is manageable
SYNEXP_02849,display,Neutral,colours look fairly standard
SYNEXP_02850,display,Negative,touch response occasionally misses a swipe
SYNEXP_02850,battery,Neutral,the battery gets me through an average day
SYNEXP_02850,performance,Positive,performance has remained steady after weeks of use
SYNEXP_02850,design,Negative,the phone is awkward to hold for long
SYNEXP_02851,camera,Negative,the camera loses detail indoors
SYNEXP_02851,display,Positive,screen colours look balanced
SYNEXP_02851,battery,Positive,the charge comfortably lasts into the evening
SYNEXP_02851,performance,Positive,switching between tasks feels smooth
SYNEXP_02852,camera,Positive,the camera captures natural colours
SYNEXP_02852,performance,Positive,performance has remained steady after weeks of use
SYNEXP_02853,performance,Neutral,performance is adequate for basic tasks
SYNEXP_02853,design,Positive,the buttons feel thoughtfully placed
SYNEXP_02854,battery,Positive,I finish most days with power to spare
SYNEXP_02854,display,Neutral,screen brightness is adequate indoors
SYNEXP_02854,camera,Positive,focus locks on reliably for quick shots
SYNEXP_02855,display,Neutral,the panel does its job without surprises
SYNEXP_02855,camera,Negative,the camera loses detail indoors
SYNEXP_02855,design,Negative,the weight becomes tiring after a while
SYNEXP_02856,battery,Negative,the battery drains faster than I expected
SYNEXP_02856,display,Positive,the display makes videos enjoyable
SYNEXP_02856,camera,Neutral,video quality meets my basic needs
SYNEXP_02856,performance,Negative,the phone feels sluggish after a few minutes
SYNEXP_02857,camera,Positive,focus locks on reliably for quick shots
SYNEXP_02857,display,Negative,display colours look washed out
SYNEXP_02857,design,Negative,the design feels bulky in a pocket
SYNEXP_02858,performance,Negative,apps pause when I switch between them
SYNEXP_02858,display,Neutral,screen brightness is adequate indoors
SYNEXP_02858,design,Neutral,the physical layout takes little time to learn
SYNEXP_02859,design,Negative,the weight becomes tiring after a while
SYNEXP_02859,camera,Positive,photos retain pleasing detail in daylight
SYNEXP_02859,performance,Neutral,multitasking is workable without standing out
SYNEXP_02859,display,Neutral,screen brightness is adequate indoors
SYNEXP_02860,performance,Negative,performance drops when several apps are open
SYNEXP_02860,camera,Neutral,video quality meets my basic needs
SYNEXP_02860,battery,Neutral,charging speed feels fairly ordinary
SYNEXP_02860,display,Negative,the screen is hard to read in sunlight
SYNEXP_02861,camera,Neutral,image quality is acceptable in good light
SYNEXP_02861,battery,Neutral,charging speed feels fairly ordinary
SYNEXP_02862,camera,Positive,the camera captures natural colours
SYNEXP_02862,battery,Neutral,charging speed feels fairly ordinary
SYNEXP_02862,design,Positive,the buttons feel thoughtfully placed
SYNEXP_02863,design,Neutral,the physical layout takes little time to learn
SYNEXP_02863,battery,Positive,the battery holds up during long commutes
SYNEXP_02863,camera,Positive,focus locks on reliably for quick shots
SYNEXP_02863,performance,Positive,switching between tasks feels smooth
SYNEXP_02864,camera,Positive,photos retain pleasing detail in daylight
SYNEXP_02864,battery,Neutral,the battery gets me through an average day
SYNEXP_02864,design,Positive,the build feels solid in my hand
SYNEXP_02864,display,Negative,fine text looks less sharp than I hoped
SYNEXP_02865,camera,Positive,video remains steady when I walk
SYNEXP_02865,design,Positive,the buttons feel thoughtfully placed
SYNEXP_02866,battery,Neutral,charging speed feels fairly ordinary
SYNEXP_02866,display,Positive,the display stays readable outdoors
SYNEXP_02866,design,Positive,the finish has held up well
SYNEXP_02867,battery,Positive,the charge comfortably lasts into the evening
SYNEXP_02867,performance,Negative,the device warms up and slows down during games
SYNEXP_02867,display,Neutral,the display is usable in most places
SYNEXP_02867,design,Neutral,the physical layout takes little time to learn
SYNEXP_02868,display,Positive,scrolling looks smooth
SYNEXP_02868,camera,Negative,colours in photos sometimes look unnatural
SYNEXP_02868,battery,Negative,charging feels slow when I am in a hurry
SYNEXP_02869,battery,Positive,the charge comfortably lasts into the evening
SYNEXP_02869,display,Neutral,colours look fairly standard
SYNEXP_02869,design,Negative,the phone is awkward to hold for long
SYNEXP_02869,performance,Positive,switching between tasks feels smooth
SYNEXP_02870,design,Negative,the design feels bulky in a pocket
SYNEXP_02870,display,Negative,fine text looks less sharp than I hoped
SYNEXP_02870,camera,Neutral,video quality meets my basic needs
SYNEXP_02871,design,Negative,the phone is awkward to hold for long
SYNEXP_02871,performance,Positive,switching between tasks feels smooth
SYNEXP_02871,battery,Positive,charging has fitted well into my routine
SYNEXP_02872,battery,Negative,charging feels slow when I am in a hurry
SYNEXP_02872,performance,Neutral,performance is adequate for basic tasks
SYNEXP_02872,design,Negative,the frame feels less sturdy than expected
SYNEXP_02872,display,Neutral,the display is usable in most places
SYNEXP_02873,display,Negative,the panel appears dim outdoors
SYNEXP_02873,battery,Negative,charging feels slow when I am in a hurry
SYNEXP_02873,camera,Negative,night photos come out soft
SYNEXP_02874,display,Negative,touch response occasionally misses a swipe
SYNEXP_02874,battery,Negative,power drops quickly during navigation
SYNEXP_02874,camera,Negative,colours in photos sometimes look unnatural
SYNEXP_02874,design,Neutral,the physical layout takes little time to learn
SYNEXP_02875,camera,Positive,night photos have been better than expected
SYNEXP_02875,design,Positive,its shape is comfortable to hold
SYNEXP_02875,battery,Positive,it rarely needs a midday top-up
SYNEXP_02875,display,Negative,scrolling does not feel as smooth as expected
SYNEXP_02876,design,Positive,the buttons feel thoughtfully placed
SYNEXP_02876,battery,Positive,the battery holds up during long commutes
SYNEXP_02876,performance,Positive,switching between tasks feels smooth
SYNEXP_02876,camera,Neutral,the camera feels typical for this range
SYNEXP_02877,design,Positive,the finish has held up well
SYNEXP_02877,display,Negative,the panel appears dim outdoors
SYNEXP_02878,camera,Negative,night photos come out soft
SYNEXP_02878,performance,Neutral,the speed feels normal for routine use
SYNEXP_02878,battery,Neutral,charging speed feels fairly ordinary
SYNEXP_02879,performance,Positive,animations feel fluid
SYNEXP_02879,camera,Negative,colours in photos sometimes look unnatural
SYNEXP_02879,battery,Negative,charging feels slow when I am in a hurry
SYNEXP_02880,camera,Negative,colours in photos sometimes look unnatural
SYNEXP_02880,display,Neutral,the panel does its job without surprises
SYNEXP_02880,performance,Positive,games run consistently in my sessions
SYNEXP_02880,design,Neutral,the physical layout takes little time to learn
SYNEXP_02881,design,Positive,the build feels solid in my hand
SYNEXP_02881,performance,Positive,apps open quickly during everyday use
SYNEXP_02881,battery,Positive,charging has fitted well into my routine
SYNEXP_02882,display,Neutral,screen brightness is adequate indoors
SYNEXP_02882,camera,Positive,photos retain pleasing detail in daylight
SYNEXP_02882,design,Positive,its shape is comfortable to hold
SYNEXP_02882,battery,Negative,power drops quickly during navigation
SYNEXP_02883,design,Positive,its shape is comfortable to hold
SYNEXP_02883,display,Positive,brightness adjusts well in changing light
SYNEXP_02884,camera,Positive,portraits look sharp without much effort
SYNEXP_02884,performance,Negative,the device warms up and slows down during games
SYNEXP_02884,battery,Neutral,battery life is adequate for my usual schedule
SYNEXP_02884,design,Negative,the buttons are difficult to reach
SYNEXP_02885,design,Neutral,the physical layout takes little time to learn
SYNEXP_02885,battery,Negative,I often need to recharge before dinner
SYNEXP_02886,display,Positive,screen colours look balanced
SYNEXP_02886,battery,Neutral,power use has been neither remarkable nor troublesome
SYNEXP_02887,battery,Positive,the battery holds up during long commutes
SYNEXP_02887,performance,Neutral,apps run at a reasonable pace
SYNEXP_02888,design,Negative,the design feels bulky in a pocket
SYNEXP_02888,camera,Neutral,video quality meets my basic needs
SYNEXP_02888,performance,Positive,animations feel fluid
SYNEXP_02889,design,Negative,the design feels bulky in a pocket
SYNEXP_02889,display,Neutral,the display is usable in most places
SYNEXP_02889,performance,Neutral,performance is adequate for basic tasks
SYNEXP_02890,display,Positive,brightness adjusts well in changing light
SYNEXP_02890,design,Negative,the frame feels less sturdy than expected
SYNEXP_02891,battery,Negative,the battery struggles on busy days
SYNEXP_02891,design,Negative,the weight becomes tiring after a while
SYNEXP_02891,camera,Positive,focus locks on reliably for quick shots
SYNEXP_02892,design,Positive,its shape is comfortable to hold
SYNEXP_02892,camera,Negative,the camera loses detail indoors
SYNEXP_02892,performance,Positive,games run consistently in my sessions
SYNEXP_02892,battery,Neutral,battery life is adequate for my usual schedule
SYNEXP_02893,camera,Positive,video remains steady when I walk
SYNEXP_02893,display,Neutral,screen brightness is adequate indoors
SYNEXP_02894,design,Negative,the weight becomes tiring after a while
SYNEXP_02894,performance,Negative,the phone feels sluggish after a few minutes
SYNEXP_02895,camera,Negative,night photos come out soft
SYNEXP_02895,battery,Negative,I often need to recharge before dinner
SYNEXP_02895,display,Positive,text appears crisp on the panel
SYNEXP_02896,design,Negative,the buttons are difficult to reach
SYNEXP_02896,battery,Positive,I finish most days with power to spare
SYNEXP_02896,performance,Neutral,the speed feels normal for routine use
SYNEXP_02897,performance,Neutral,the speed feels normal for routine use
SYNEXP_02897,camera,Positive,focus locks on reliably for quick shots
SYNEXP_02897,design,Positive,the design is understated and attractive
SYNEXP_02898,battery,Negative,the battery drains faster than I expected
SYNEXP_02898,camera,Negative,portraits often blur the edges
SYNEXP_02898,design,Neutral,the design is practical rather than memorable
SYNEXP_02898,performance,Negative,the device warms up and slows down during games
SYNEXP_02899,battery,Neutral,power use has been neither remarkable nor troublesome
SYNEXP_02899,display,Positive,the display stays readable outdoors
SYNEXP_02899,design,Negative,the phone is awkward to hold for long
SYNEXP_02900,camera,Negative,video looks shaky when I move
SYNEXP_02900,performance,Negative,the device warms up and slows down during games
SYNEXP_02901,performance,Negative,performance drops when several apps are open
SYNEXP_02901,battery,Positive,the charge comfortably lasts into the evening
SYNEXP_02901,display,Negative,touch response occasionally misses a swipe
SYNEXP_02902,design,Negative,the frame feels less sturdy than expected
SYNEXP_02902,camera,Positive,video remains steady when I walk
SYNEXP_02902,battery,Positive,the charge comfortably lasts into the evening
SYNEXP_02902,performance,Negative,the device warms up and slows down during games
SYNEXP_02903,camera,Negative,the camera loses detail indoors
SYNEXP_02903,design,Positive,the build feels solid in my hand
SYNEXP_02903,performance,Negative,the device warms up and slows down during games
SYNEXP_02904,camera,Positive,the camera captures natural colours
SYNEXP_02904,display,Negative,fine text looks less sharp than I hoped
SYNEXP_02904,battery,Negative,the battery struggles on busy days
SYNEXP_02905,design,Neutral,the physical layout takes little time to learn
SYNEXP_02905,display,Negative,scrolling does not feel as smooth as expected
SYNEXP_02906,camera,Negative,night photos come out soft
SYNEXP_02906,battery,Neutral,power use has been neither remarkable nor troublesome
SYNEXP_02906,performance,Positive,apps open quickly during everyday use
SYNEXP_02906,design,Neutral,its weight is manageable
SYNEXP_02907,design,Positive,the buttons feel thoughtfully placed
SYNEXP_02907,battery,Negative,the battery drains faster than I expected
SYNEXP_02907,camera,Neutral,the camera feels typical for this range
SYNEXP_02907,performance,Negative,apps pause when I switch between them
SYNEXP_02908,design,Neutral,the build feels ordinary for its price
SYNEXP_02908,camera,Positive,the camera captures natural colours
SYNEXP_02908,battery,Neutral,charging speed feels fairly ordinary
SYNEXP_02909,design,Neutral,its weight is manageable
SYNEXP_02909,display,Neutral,the display is usable in most places
SYNEXP_02910,design,Positive,the finish has held up well
SYNEXP_02910,display,Negative,the panel appears dim outdoors
SYNEXP_02910,performance,Positive,apps open quickly during everyday use
SYNEXP_02911,display,Positive,the display stays readable outdoors
SYNEXP_02911,camera,Positive,video remains steady when I walk
SYNEXP_02911,battery,Positive,I finish most days with power to spare
SYNEXP_02912,camera,Positive,the camera captures natural colours
SYNEXP_02912,performance,Neutral,the speed feels normal for routine use
SYNEXP_02912,display,Negative,display colours look washed out
SYNEXP_02913,performance,Neutral,the speed feels normal for routine use
SYNEXP_02913,camera,Negative,portraits often blur the edges
SYNEXP_02913,battery,Positive,I finish most days with power to spare
SYNEXP_02913,display,Negative,fine text looks less sharp than I hoped
SYNEXP_02914,camera,Negative,autofocus misses moving subjects
SYNEXP_02914,design,Neutral,the build feels ordinary for its price
SYNEXP_02914,battery,Neutral,charging speed feels fairly ordinary
SYNEXP_02914,performance,Positive,games run consistently in my sessions
SYNEXP_02915,performance,Negative,the phone feels sluggish after a few minutes
SYNEXP_02915,display,Neutral,the display is usable in most places
SYNEXP_02915,design,Neutral,the build feels ordinary for its price
SYNEXP_02916,display,Positive,the display stays readable outdoors
SYNEXP_02916,design,Neutral,the physical layout takes little time to learn
SYNEXP_02916,camera,Negative,video looks shaky when I move
SYNEXP_02916,battery,Negative,the battery drains faster than I expected
SYNEXP_02917,camera,Positive,video remains steady when I walk
SYNEXP_02917,design,Negative,the buttons are difficult to reach
SYNEXP_02918,camera,Positive,the camera captures natural colours
SYNEXP_02918,display,Positive,brightness adjusts well in changing light
SYNEXP_02919,design,Positive,the finish has held up well
SYNEXP_02919,performance,Neutral,performance is adequate for basic tasks
SYNEXP_02920,display,Neutral,the display is usable in most places
SYNEXP_02920,design,Neutral,its weight is manageable
SYNEXP_02920,performance,Neutral,multitasking is workable without standing out
SYNEXP_02920,battery,Positive,the charge comfortably lasts into the evening
SYNEXP_02921,performance,Positive,switching between tasks feels smooth
SYNEXP_02921,battery,Positive,the charge comfortably lasts into the evening
SYNEXP_02922,display,Negative,fine text looks less sharp than I hoped
SYNEXP_02922,camera,Negative,night photos come out soft
SYNEXP_02923,design,Positive,its shape is comfortable to hold
SYNEXP_02923,battery,Negative,I often need to recharge before dinner
SYNEXP_02923,display,Neutral,the panel does its job without surprises
SYNEXP_02924,performance,Positive,switching between tasks feels smooth
SYNEXP_02924,design,Neutral,the build feels ordinary for its price
SYNEXP_02924,battery,Positive,the charge comfortably lasts into the evening
SYNEXP_02924,camera,Negative,night photos come out soft
SYNEXP_02925,battery,Negative,the battery drains faster than I expected
SYNEXP_02925,display,Negative,display colours look washed out
SYNEXP_02925,design,Positive,the buttons feel thoughtfully placed
SYNEXP_02926,camera,Positive,focus locks on reliably for quick shots
SYNEXP_02926,design,Negative,the buttons are difficult to reach
SYNEXP_02927,battery,Negative,power drops quickly during navigation
SYNEXP_02927,display,Negative,the screen is hard to read in sunlight
SYNEXP_02928,battery,Negative,the battery drains faster than I expected
SYNEXP_02928,camera,Positive,the camera captures natural colours
SYNEXP_02928,design,Negative,the buttons are difficult to reach
SYNEXP_02928,performance,Positive,animations feel fluid
SYNEXP_02929,battery,Positive,it rarely needs a midday top-up
SYNEXP_02929,camera,Positive,night photos have been better than expected
SYNEXP_02929,performance,Negative,the device warms up and slows down during games
SYNEXP_02929,display,Neutral,colours look fairly standard
SYNEXP_02930,performance,Negative,the phone feels sluggish after a few minutes
SYNEXP_02930,battery,Positive,the battery holds up during long commutes
SYNEXP_02930,design,Negative,the finish picks up marks easily
SYNEXP_02930,display,Negative,scrolling does not feel as smooth as expected
SYNEXP_02931,display,Neutral,the display is usable in most places
SYNEXP_02931,camera,Neutral,the camera feels typical for this range
SYNEXP_02932,performance,Neutral,performance is adequate for basic tasks
SYNEXP_02932,design,Positive,the weight feels well balanced
SYNEXP_02933,battery,Positive,battery endurance has been dependable
SYNEXP_02933,design,Positive,the buttons feel thoughtfully placed
SYNEXP_02933,camera,Negative,video looks shaky when I move
SYNEXP_02934,battery,Neutral,power use has been neither remarkable nor troublesome
SYNEXP_02934,camera,Positive,photos retain pleasing detail in daylight
SYNEXP_02934,design,Positive,the build feels solid in my hand
SYNEXP_02935,battery,Positive,it rarely needs a midday top-up
SYNEXP_02935,design,Positive,the design is understated and attractive
SYNEXP_02935,performance,Positive,games run consistently in my sessions
SYNEXP_02936,performance,Neutral,performance is adequate for basic tasks
SYNEXP_02936,display,Negative,touch response occasionally misses a swipe
SYNEXP_02937,display,Neutral,the panel does its job without surprises
SYNEXP_02937,battery,Negative,the battery drains faster than I expected
SYNEXP_02938,design,Neutral,its weight is manageable
SYNEXP_02938,battery,Positive,battery endurance has been dependable
SYNEXP_02938,display,Positive,text appears crisp on the panel
SYNEXP_02938,performance,Neutral,the speed feels normal for routine use
SYNEXP_02939,performance,Neutral,multitasking is workable without standing out
SYNEXP_02939,display,Negative,the screen is hard to read in sunlight
SYNEXP_02940,performance,Negative,gaming sessions bring noticeable stutter
SYNEXP_02940,battery,Positive,the charge comfortably lasts into the evening
SYNEXP_02940,display,Positive,scrolling looks smooth
SYNEXP_02941,display,Neutral,colours look fairly standard
SYNEXP_02941,battery,Negative,power drops quickly during navigation
SYNEXP_02941,camera,Negative,portraits often blur the edges
SYNEXP_02941,design,Positive,the weight feels well balanced
SYNEXP_02942,display,Negative,the screen is hard to read in sunlight
SYNEXP_02942,performance,Neutral,performance is adequate for basic tasks
SYNEXP_02942,battery,Neutral,battery life is adequate for my usual schedule
SYNEXP_02943,performance,Positive,switching between tasks feels smooth
SYNEXP_02943,design,Positive,its shape is comfortable to hold
SYNEXP_02943,camera,Positive,video remains steady when I walk
SYNEXP_02943,display,Positive,brightness adjusts well in changing light
SYNEXP_02944,camera,Neutral,the camera is fine for casual photos
SYNEXP_02944,display,Neutral,the panel does its job without surprises
SYNEXP_02944,performance,Negative,apps pause when I switch between them
SYNEXP_02945,performance,Positive,animations feel fluid
SYNEXP_02945,camera,Negative,night photos come out soft
SYNEXP_02945,battery,Negative,I often need to recharge before dinner
SYNEXP_02946,camera,Positive,the camera captures natural colours
SYNEXP_02946,battery,Positive,the charge comfortably lasts into the evening
SYNEXP_02946,display,Positive,brightness adjusts well in changing light
SYNEXP_02947,design,Positive,the buttons feel thoughtfully placed
SYNEXP_02947,performance,Positive,switching between tasks feels smooth
SYNEXP_02947,camera,Negative,portraits often blur the edges
SYNEXP_02948,display,Positive,brightness adjusts well in changing light
SYNEXP_02948,performance,Negative,the phone feels sluggish after a few minutes
SYNEXP_02948,battery,Positive,battery endurance has been dependable
SYNEXP_02948,camera,Positive,the camera captures natural colours
SYNEXP_02949,design,Negative,the weight becomes tiring after a while
SYNEXP_02949,performance,Positive,switching between tasks feels smooth
SYNEXP_02949,battery,Positive,charging has fitted well into my routine
SYNEXP_02950,camera,Negative,portraits often blur the edges
SYNEXP_02950,display,Positive,screen colours look balanced
SYNEXP_02950,battery,Positive,I finish most days with power to spare
SYNEXP_02950,performance,Neutral,multitasking is workable without standing out
SYNEXP_02951,camera,Positive,portraits look sharp without much effort
SYNEXP_02951,performance,Positive,the phone stays responsive under a busy workload
SYNEXP_02952,battery,Positive,I finish most days with power to spare
SYNEXP_02952,design,Positive,the finish has held up well
SYNEXP_02952,camera,Neutral,the camera is fine for casual photos
SYNEXP_02952,display,Neutral,screen brightness is adequate indoors
SYNEXP_02953,camera,Positive,portraits look sharp without much effort
SYNEXP_02953,design,Negative,the design feels bulky in a pocket
SYNEXP_02953,performance,Negative,the device warms up and slows down during games
SYNEXP_02954,design,Positive,its shape is comfortable to hold
SYNEXP_02954,performance,Positive,performance has remained steady after weeks of use
SYNEXP_02954,battery,Negative,charging feels slow when I am in a hurry
SYNEXP_02954,display,Neutral,colours look fairly standard
SYNEXP_02955,camera,Positive,portraits look sharp without much effort
SYNEXP_02955,design,Negative,the design feels bulky in a pocket
SYNEXP_02955,battery,Positive,the charge comfortably lasts into the evening
SYNEXP_02956,design,Positive,the buttons feel thoughtfully placed
SYNEXP_02956,battery,Positive,the battery holds up during long commutes
SYNEXP_02956,camera,Neutral,video quality meets my basic needs
SYNEXP_02957,camera,Positive,video remains steady when I walk
SYNEXP_02957,performance,Neutral,multitasking is workable without standing out
SYNEXP_02957,design,Negative,the phone is awkward to hold for long
SYNEXP_02958,camera,Negative,portraits often blur the edges
SYNEXP_02958,performance,Neutral,the speed feels normal for routine use
SYNEXP_02958,battery,Neutral,the battery gets me through an average day
SYNEXP_02959,camera,Negative,autofocus misses moving subjects
SYNEXP_02959,design,Neutral,the physical layout takes little time to learn
SYNEXP_02959,performance,Neutral,apps run at a reasonable pace
SYNEXP_02960,display,Negative,the screen is hard to read in sunlight
SYNEXP_02960,camera,Negative,colours in photos sometimes look unnatural
SYNEXP_02960,design,Positive,the build feels solid in my hand
SYNEXP_02961,battery,Positive,charging has fitted well into my routine
SYNEXP_02961,design,Positive,the weight feels well balanced
SYNEXP_02961,display,Neutral,screen brightness is adequate indoors
SYNEXP_02962,camera,Negative,video looks shaky when I move
SYNEXP_02962,performance,Negative,performance drops when several apps are open
SYNEXP_02963,battery,Neutral,power use has been neither remarkable nor troublesome
SYNEXP_02963,camera,Positive,photos retain pleasing detail in daylight
SYNEXP_02964,performance,Neutral,multitasking is workable without standing out
SYNEXP_02964,design,Positive,the build feels solid in my hand
SYNEXP_02964,camera,Positive,video remains steady when I walk
SYNEXP_02965,performance,Negative,the device warms up and slows down during games
SYNEXP_02965,camera,Negative,video looks shaky when I move
SYNEXP_02965,battery,Neutral,power use has been neither remarkable nor troublesome
SYNEXP_02965,design,Neutral,the physical layout takes little time to learn
SYNEXP_02966,design,Positive,the buttons feel thoughtfully placed
SYNEXP_02966,display,Negative,the panel appears dim outdoors
SYNEXP_02966,performance,Neutral,the speed feels normal for routine use
SYNEXP_02967,performance,Negative,the device warms up and slows down during games
SYNEXP_02967,display,Positive,text appears crisp on the panel
SYNEXP_02967,design,Positive,the build feels solid in my hand
SYNEXP_02967,camera,Negative,video looks shaky when I move
SYNEXP_02968,performance,Negative,the device warms up and slows down during games
SYNEXP_02968,camera,Negative,night photos come out soft
SYNEXP_02968,display,Neutral,the panel does its job without surprises
SYNEXP_02969,camera,Negative,colours in photos sometimes look unnatural
SYNEXP_02969,display,Neutral,screen brightness is adequate indoors
SYNEXP_02969,performance,Negative,gaming sessions bring noticeable stutter
SYNEXP_02969,battery,Neutral,power use has been neither remarkable nor troublesome
SYNEXP_02970,design,Positive,the weight feels well balanced
SYNEXP_02970,performance,Positive,switching between tasks feels smooth
SYNEXP_02970,camera,Positive,video remains steady when I walk
SYNEXP_02970,battery,Negative,the battery drains faster than I expected
SYNEXP_02971,performance,Positive,games run consistently in my sessions
SYNEXP_02971,design,Positive,the weight feels well balanced
SYNEXP_02971,display,Neutral,colours look fairly standard
SYNEXP_02971,camera,Neutral,video quality meets my basic needs
SYNEXP_02972,design,Negative,the phone is awkward to hold for long
SYNEXP_02972,camera,Positive,the camera captures natural colours
SYNEXP_02973,design,Neutral,the design is practical rather than memorable
SYNEXP_02973,performance,Positive,the phone stays responsive under a busy workload
SYNEXP_02973,display,Neutral,colours look fairly standard
SYNEXP_02973,camera,Negative,portraits often blur the edges
SYNEXP_02974,battery,Negative,the battery struggles on busy days
SYNEXP_02974,camera,Negative,the camera loses detail indoors
SYNEXP_02975,battery,Negative,the battery struggles on busy days
SYNEXP_02975,performance,Neutral,performance is adequate for basic tasks
SYNEXP_02976,camera,Neutral,the camera feels typical for this range
SYNEXP_02976,performance,Negative,the device warms up and slows down during games
SYNEXP_02976,battery,Positive,the charge comfortably lasts into the evening
SYNEXP_02977,design,Neutral,the build feels ordinary for its price
SYNEXP_02977,display,Neutral,colours look fairly standard
SYNEXP_02978,camera,Positive,focus locks on reliably for quick shots
SYNEXP_02978,design,Positive,the buttons feel thoughtfully placed
SYNEXP_02978,performance,Positive,animations feel fluid
SYNEXP_02979,camera,Positive,focus locks on reliably for quick shots
SYNEXP_02979,battery,Neutral,the battery gets me through an average day
SYNEXP_02979,display,Negative,display colours look washed out
SYNEXP_02980,performance,Positive,the phone stays responsive under a busy workload
SYNEXP_02980,camera,Neutral,image quality is acceptable in good light
SYNEXP_02980,design,Negative,the phone is awkward to hold for long
SYNEXP_02981,performance,Positive,apps open quickly during everyday use
SYNEXP_02981,battery,Neutral,battery life is adequate for my usual schedule
SYNEXP_02981,display,Positive,screen colours look balanced
SYNEXP_02982,display,Positive,text appears crisp on the panel
SYNEXP_02982,design,Positive,the build feels solid in my hand
SYNEXP_02982,performance,Neutral,the speed feels normal for routine use
SYNEXP_02982,camera,Positive,photos retain pleasing detail in daylight
SYNEXP_02983,battery,Neutral,power use has been neither remarkable nor troublesome
SYNEXP_02983,display,Negative,the screen is hard to read in sunlight
SYNEXP_02984,battery,Positive,the battery holds up during long commutes
SYNEXP_02984,display,Positive,text appears crisp on the panel
SYNEXP_02985,camera,Positive,night photos have been better than expected
SYNEXP_02985,performance,Positive,performance has remained steady after weeks of use
SYNEXP_02985,battery,Neutral,power use has been neither remarkable nor troublesome
SYNEXP_02986,battery,Positive,the charge comfortably lasts into the evening
SYNEXP_02986,design,Neutral,its weight is manageable
SYNEXP_02987,performance,Negative,gaming sessions bring noticeable stutter
SYNEXP_02987,display,Negative,touch response occasionally misses a swipe
SYNEXP_02987,design,Positive,the weight feels well balanced
SYNEXP_02987,camera,Positive,the camera captures natural colours
SYNEXP_02988,design,Positive,the build feels solid in my hand
SYNEXP_02988,camera,Neutral,video quality meets my basic needs
SYNEXP_02988,performance,Negative,the phone feels sluggish after a few minutes
SYNEXP_02989,camera,Negative,video looks shaky when I move
SYNEXP_02989,design,Negative,the design feels bulky in a pocket
SYNEXP_02990,display,Negative,the panel appears dim outdoors
SYNEXP_02990,battery,Negative,the battery drains faster than I expected
SYNEXP_02991,battery,Negative,the battery drains faster than I expected
SYNEXP_02991,design,Positive,the weight feels well balanced
SYNEXP_02992,design,Negative,the finish picks up marks easily
SYNEXP_02992,display,Negative,display colours look washed out
SYNEXP_02993,camera,Neutral,video quality meets my basic needs
SYNEXP_02993,battery,Positive,battery endurance has been dependable
SYNEXP_02994,performance,Negative,apps pause when I switch between them
SYNEXP_02994,battery,Negative,the battery struggles on busy days
SYNEXP_02994,design,Positive,its shape is comfortable to hold
SYNEXP_02994,display,Positive,the display makes videos enjoyable
SYNEXP_02995,design,Positive,its shape is comfortable to hold
SYNEXP_02995,display,Neutral,the panel does its job without surprises
SYNEXP_02996,camera,Positive,photos retain pleasing detail in daylight
SYNEXP_02996,display,Negative,scrolling does not feel as smooth as expected
SYNEXP_02997,display,Neutral,colours look fairly standard
SYNEXP_02997,camera,Positive,the camera captures natural colours
SYNEXP_02998,performance,Negative,gaming sessions bring noticeable stutter
SYNEXP_02998,design,Neutral,the build feels ordinary for its price
SYNEXP_02998,display,Positive,brightness adjusts well in changing light
SYNEXP_02999,performance,Positive,apps open quickly during everyday use
SYNEXP_02999,battery,Negative,charging feels slow when I am in a hurry
SYNEXP_03000,display,Positive,the display makes videos enjoyable
SYNEXP_03000,camera,Negative,the camera loses detail indoors
SYNEXP_03000,design,Positive,the design is understated and attractive
SYNEXP_03000,performance,Negative,menus sometimes lag behind my taps
SYNEXP_03001,display,Positive,scrolling looks smooth
SYNEXP_03001,camera,Positive,the camera captures natural colours
SYNEXP_03002,battery,Neutral,battery life is adequate for my usual schedule
SYNEXP_03002,display,Negative,display colours look washed out
SYNEXP_03002,performance,Neutral,performance is adequate for basic tasks
SYNEXP_03003,camera,Negative,night photos come out soft
SYNEXP_03003,design,Neutral,the design is practical rather than memorable
SYNEXP_03004,design,Negative,the phone is awkward to hold for long
SYNEXP_03004,battery,Neutral,charging speed feels fairly ordinary
SYNEXP_03004,display,Negative,scrolling does not feel as smooth as expected
SYNEXP_03005,battery,Positive,the charge comfortably lasts into the evening
SYNEXP_03005,camera,Positive,photos retain pleasing detail in daylight
SYNEXP_03005,display,Neutral,the panel does its job without surprises
SYNEXP_03005,performance,Positive,animations feel fluid
SYNEXP_03006,camera,Negative,colours in photos sometimes look unnatural
SYNEXP_03006,performance,Neutral,performance is adequate for basic tasks
SYNEXP_03007,camera,Positive,the camera captures natural colours
SYNEXP_03007,performance,Neutral,apps run at a reasonable pace
SYNEXP_03007,design,Positive,the buttons feel thoughtfully placed
SYNEXP_03008,display,Negative,the screen is hard to read in sunlight
SYNEXP_03008,design,Positive,the weight feels well balanced
SYNEXP_03009,battery,Positive,charging has fitted well into my routine
SYNEXP_03009,display,Neutral,the display is usable in most places
SYNEXP_03009,performance,Negative,apps pause when I switch between them
SYNEXP_03010,camera,Negative,autofocus misses moving subjects
SYNEXP_03010,design,Positive,the build feels solid in my hand
SYNEXP_03010,battery,Negative,the battery struggles on busy days
SYNEXP_03011,design,Positive,the finish has held up well
SYNEXP_03011,battery,Neutral,power use has been neither remarkable nor troublesome
SYNEXP_03011,display,Positive,brightness adjusts well in changing light
SYNEXP_03012,display,Positive,text appears crisp on the panel
SYNEXP_03012,design,Positive,the design is understated and attractive
SYNEXP_03013,camera,Positive,night photos have been better than expected
SYNEXP_03013,design,Positive,the design is understated and attractive
SYNEXP_03013,display,Neutral,colours look fairly standard
SYNEXP_03013,battery,Positive,battery endurance has been dependable
SYNEXP_03014,performance,Neutral,performance is adequate for basic tasks
SYNEXP_03014,design,Positive,the design is understated and attractive
SYNEXP_03014,battery,Negative,I often need to recharge before dinner
SYNEXP_03015,performance,Neutral,performance is adequate for basic tasks
SYNEXP_03015,battery,Negative,power drops quickly during navigation
SYNEXP_03015,camera,Neutral,the camera feels typical for this range
SYNEXP_03016,performance,Negative,gaming sessions bring noticeable stutter
SYNEXP_03016,camera,Positive,night photos have been better than expected
SYNEXP_03017,display,Neutral,the panel does its job without surprises
SYNEXP_03017,performance,Positive,animations feel fluid
SYNEXP_03018,design,Positive,the weight feels well balanced
SYNEXP_03018,display,Negative,the screen is hard to read in sunlight
SYNEXP_03018,battery,Negative,the battery struggles on busy days
SYNEXP_03018,performance,Neutral,performance is adequate for basic tasks
SYNEXP_03019,design,Negative,the finish picks up marks easily
SYNEXP_03019,battery,Negative,standby drain is noticeable overnight
SYNEXP_03020,performance,Positive,performance has remained steady after weeks of use
SYNEXP_03020,design,Neutral,the build feels ordinary for its price
SYNEXP_03020,battery,Neutral,battery life is adequate for my usual schedule
SYNEXP_03021,performance,Positive,apps open quickly during everyday use
SYNEXP_03021,design,Neutral,its weight is manageable
SYNEXP_03021,camera,Positive,night photos have been better than expected
SYNEXP_03021,battery,Positive,the battery holds up during long commutes
SYNEXP_03022,battery,Positive,it rarely needs a midday top-up
SYNEXP_03022,performance,Negative,apps pause when I switch between them
SYNEXP_03022,camera,Neutral,the camera feels typical for this range
SYNEXP_03023,battery,Positive,it rarely needs a midday top-up
SYNEXP_03023,performance,Negative,the phone feels sluggish after a few minutes
SYNEXP_03023,camera,Negative,video looks shaky when I move
SYNEXP_03024,camera,Negative,autofocus misses moving subjects
SYNEXP_03024,design,Neutral,its weight is manageable
SYNEXP_03025,camera,Neutral,the camera feels typical for this range
SYNEXP_03025,display,Neutral,the panel does its job without surprises
SYNEXP_03026,display,Negative,touch response occasionally misses a swipe
SYNEXP_03026,performance,Neutral,multitasking is workable without standing out
SYNEXP_03026,design,Neutral,the design is practical rather than memorable
SYNEXP_03027,design,Neutral,the physical layout takes little time to learn
SYNEXP_03027,performance,Negative,the device warms up and slows down during games
SYNEXP_03027,battery,Positive,it rarely needs a midday top-up
SYNEXP_03027,camera,Positive,photos retain pleasing detail in daylight
SYNEXP_03028,battery,Positive,the charge comfortably lasts into the evening
SYNEXP_03028,camera,Positive,video remains steady when I walk
SYNEXP_03028,display,Positive,the display stays readable outdoors
SYNEXP_03028,performance,Neutral,the speed feels normal for routine use
SYNEXP_03029,performance,Neutral,the speed feels normal for routine use
SYNEXP_03029,camera,Positive,portraits look sharp without much effort
SYNEXP_03030,performance,Neutral,apps run at a reasonable pace
SYNEXP_03030,camera,Negative,colours in photos sometimes look unnatural
SYNEXP_03030,design,Negative,the weight becomes tiring after a while
SYNEXP_03031,camera,Neutral,the camera feels typical for this range
SYNEXP_03031,display,Neutral,the panel does its job without surprises
SYNEXP_03031,battery,Negative,the battery struggles on busy days
SYNEXP_03031,performance,Negative,the device warms up and slows down during games
SYNEXP_03032,performance,Negative,apps pause when I switch between them
SYNEXP_03032,design,Positive,its shape is comfortable to hold
SYNEXP_03032,camera,Negative,colours in photos sometimes look unnatural
SYNEXP_03033,display,Neutral,screen brightness is adequate indoors
SYNEXP_03033,design,Positive,the weight feels well balanced
SYNEXP_03034,design,Positive,the buttons feel thoughtfully placed
SYNEXP_03034,camera,Neutral,the camera feels typical for this range
SYNEXP_03034,battery,Neutral,power use has been neither remarkable nor troublesome
SYNEXP_03035,display,Positive,text appears crisp on the panel
SYNEXP_03035,battery,Negative,I often need to recharge before dinner
SYNEXP_03035,camera,Negative,colours in photos sometimes look unnatural
SYNEXP_03035,performance,Positive,the phone stays responsive under a busy workload
SYNEXP_03036,camera,Neutral,the camera is fine for casual photos
SYNEXP_03036,display,Positive,the display stays readable outdoors
SYNEXP_03036,battery,Positive,charging has fitted well into my routine
SYNEXP_03036,design,Positive,the buttons feel thoughtfully placed
SYNEXP_03037,camera,Positive,the camera captures natural colours
SYNEXP_03037,performance,Positive,performance has remained steady after weeks of use
SYNEXP_03038,display,Negative,display colours look washed out
SYNEXP_03038,camera,Positive,focus locks on reliably for quick shots
SYNEXP_03039,display,Positive,text appears crisp on the panel
SYNEXP_03039,battery,Positive,the charge comfortably lasts into the evening
SYNEXP_03039,camera,Positive,video remains steady when I walk
SYNEXP_03040,display,Negative,the panel appears dim outdoors
SYNEXP_03040,battery,Negative,charging feels slow when I am in a hurry
SYNEXP_03041,display,Negative,the screen is hard to read in sunlight
SYNEXP_03041,performance,Negative,performance drops when several apps are open
SYNEXP_03041,battery,Negative,charging feels slow when I am in a hurry
SYNEXP_03042,design,Negative,the finish picks up marks easily
SYNEXP_03042,display,Negative,touch response occasionally misses a swipe
SYNEXP_03043,performance,Negative,the phone feels sluggish after a few minutes
SYNEXP_03043,camera,Negative,video looks shaky when I move
SYNEXP_03043,design,Neutral,its weight is manageable
SYNEXP_03044,display,Negative,touch response occasionally misses a swipe
SYNEXP_03044,performance,Neutral,performance is adequate for basic tasks
SYNEXP_03044,battery,Neutral,battery life is adequate for my usual schedule
SYNEXP_03044,design,Positive,the buttons feel thoughtfully placed
SYNEXP_03045,camera,Neutral,image quality is acceptable in good light
SYNEXP_03045,display,Negative,display colours look washed out
SYNEXP_03046,design,Negative,the frame feels less sturdy than expected
SYNEXP_03046,display,Negative,scrolling does not feel as smooth as expected
SYNEXP_03046,performance,Positive,games run consistently in my sessions
SYNEXP_03046,battery,Positive,the battery holds up during long commutes
SYNEXP_03047,performance,Neutral,the speed feels normal for routine use
SYNEXP_03047,battery,Positive,charging has fitted well into my routine
SYNEXP_03047,camera,Positive,night photos have been better than expected
SYNEXP_03047,display,Neutral,screen brightness is adequate indoors
SYNEXP_03048,performance,Negative,the device warms up and slows down during games
SYNEXP_03048,camera,Negative,colours in photos sometimes look unnatural
SYNEXP_03048,display,Neutral,screen brightness is adequate indoors
SYNEXP_03049,design,Positive,the weight feels well balanced
SYNEXP_03049,battery,Neutral,charging speed feels fairly ordinary
SYNEXP_03050,battery,Positive,the battery holds up during long commutes
SYNEXP_03050,performance,Positive,animations feel fluid
SYNEXP_03050,camera,Neutral,image quality is acceptable in good light
SYNEXP_03050,design,Negative,the phone is awkward to hold for long
SYNEXP_03051,design,Positive,its shape is comfortable to hold
SYNEXP_03051,battery,Neutral,the battery gets me through an average day
SYNEXP_03051,performance,Neutral,apps run at a reasonable pace
SYNEXP_03052,performance,Positive,animations feel fluid
SYNEXP_03052,battery,Negative,power drops quickly during navigation
SYNEXP_03052,design,Positive,its shape is comfortable to hold
SYNEXP_03053,camera,Positive,photos retain pleasing detail in daylight
SYNEXP_03053,battery,Negative,standby drain is noticeable overnight
SYNEXP_03054,design,Positive,the buttons feel thoughtfully placed
SYNEXP_03054,display,Negative,fine text looks less sharp than I hoped
SYNEXP_03055,performance,Negative,apps pause when I switch between them
SYNEXP_03055,design,Neutral,the build feels ordinary for its price
SYNEXP_03055,display,Negative,fine text looks less sharp than I hoped
SYNEXP_03055,battery,Negative,standby drain is noticeable overnight
SYNEXP_03056,performance,Negative,the device warms up and slows down during games
SYNEXP_03056,design,Positive,the buttons feel thoughtfully placed
SYNEXP_03056,battery,Negative,standby drain is noticeable overnight
SYNEXP_03057,battery,Neutral,the battery gets me through an average day
SYNEXP_03057,display,Positive,brightness adjusts well in changing light
SYNEXP_03057,performance,Negative,the device warms up and slows down during games
SYNEXP_03057,design,Negative,the design feels bulky in a pocket
SYNEXP_03058,battery,Negative,charging feels slow when I am in a hurry
SYNEXP_03058,design,Negative,the design feels bulky in a pocket
SYNEXP_03058,performance,Negative,apps pause when I switch between them
SYNEXP_03058,camera,Positive,night photos have been better than expected
SYNEXP_03059,battery,Positive,battery endurance has been dependable
SYNEXP_03059,performance,Neutral,the speed feels normal for routine use
SYNEXP_03059,camera,Neutral,video quality meets my basic needs
SYNEXP_03059,design,Negative,the finish picks up marks easily
SYNEXP_03060,design,Negative,the phone is awkward to hold for long
SYNEXP_03060,display,Neutral,the panel does its job without surprises
SYNEXP_03060,battery,Neutral,power use has been neither remarkable nor troublesome
SYNEXP_03060,camera,Negative,autofocus misses moving subjects
SYNEXP_03061,performance,Positive,performance has remained steady after weeks of use
SYNEXP_03061,camera,Neutral,the camera is fine for casual photos
SYNEXP_03061,display,Negative,fine text looks less sharp than I hoped
SYNEXP_03062,design,Positive,the finish has held up well
SYNEXP_03062,display,Positive,the display stays readable outdoors
SYNEXP_03062,battery,Neutral,the battery gets me through an average day
SYNEXP_03063,performance,Positive,apps open quickly during everyday use
SYNEXP_03063,design,Positive,the buttons feel thoughtfully placed
SYNEXP_03063,camera,Positive,night photos have been better than expected
SYNEXP_03063,display,Negative,scrolling does not feel as smooth as expected
SYNEXP_03064,design,Neutral,its weight is manageable
SYNEXP_03064,battery,Negative,power drops quickly during navigation
SYNEXP_03065,design,Positive,the buttons feel thoughtfully placed
SYNEXP_03065,display,Neutral,colours look fairly standard
SYNEXP_03066,design,Positive,the finish has held up well
SYNEXP_03066,display,Neutral,the panel does its job without surprises
SYNEXP_03066,battery,Negative,the battery drains faster than I expected
SYNEXP_03066,camera,Neutral,the camera is fine for casual photos
SYNEXP_03067,performance,Positive,switching between tasks feels smooth
SYNEXP_03067,display,Positive,screen colours look balanced
SYNEXP_03068,battery,Negative,power drops quickly during navigation
SYNEXP_03068,design,Positive,the build feels solid in my hand
SYNEXP_03068,display,Neutral,screen brightness is adequate indoors
SYNEXP_03068,camera,Neutral,the camera feels typical for this range
SYNEXP_03069,performance,Positive,performance has remained steady after weeks of use
SYNEXP_03069,camera,Neutral,video quality meets my basic needs
SYNEXP_03070,display,Positive,the display stays readable outdoors
SYNEXP_03070,design,Neutral,the design is practical rather than memorable
SYNEXP_03070,performance,Neutral,apps run at a reasonable pace
SYNEXP_03071,battery,Negative,the battery struggles on busy days
SYNEXP_03071,design,Positive,the design is understated and attractive
SYNEXP_03072,camera,Positive,photos retain pleasing detail in daylight
SYNEXP_03072,design,Positive,the build feels solid in my hand
SYNEXP_03072,display,Positive,the display makes videos enjoyable
SYNEXP_03072,battery,Negative,standby drain is noticeable overnight
SYNEXP_03073,display,Positive,the display makes videos enjoyable
SYNEXP_03073,design,Negative,the design feels bulky in a pocket
SYNEXP_03073,camera,Positive,photos retain pleasing detail in daylight
SYNEXP_03073,battery,Negative,charging feels slow when I am in a hurry
SYNEXP_03074,display,Negative,the screen is hard to read in sunlight
SYNEXP_03074,design,Positive,the design is understated and attractive
SYNEXP_03074,performance,Negative,performance drops when several apps are open
SYNEXP_03074,camera,Negative,the camera loses detail indoors
SYNEXP_03075,performance,Positive,apps open quickly during everyday use
SYNEXP_03075,battery,Positive,the charge comfortably lasts into the evening
SYNEXP_03075,camera,Negative,colours in photos sometimes look unnatural
SYNEXP_03075,design,Negative,the phone is awkward to hold for long
SYNEXP_03076,camera,Neutral,video quality meets my basic needs
SYNEXP_03076,design,Negative,the phone is awkward to hold for long
SYNEXP_03076,battery,Neutral,power use has been neither remarkable nor troublesome
SYNEXP_03077,battery,Positive,I finish most days with power to spare
SYNEXP_03077,camera,Negative,colours in photos sometimes look unnatural
SYNEXP_03077,display,Negative,the panel appears dim outdoors
SYNEXP_03078,display,Neutral,the display is usable in most places
SYNEXP_03078,performance,Negative,gaming sessions bring noticeable stutter
SYNEXP_03078,battery,Negative,the battery struggles on busy days
SYNEXP_03079,design,Neutral,its weight is manageable
SYNEXP_03079,battery,Positive,charging has fitted well into my routine
SYNEXP_03079,camera,Positive,the camera captures natural colours
SYNEXP_03079,performance,Neutral,apps run at a reasonable pace
SYNEXP_03080,battery,Positive,the battery holds up during long commutes
SYNEXP_03080,display,Neutral,screen brightness is adequate indoors
SYNEXP_03080,design,Positive,its shape is comfortable to hold
SYNEXP_03081,battery,Positive,I finish most days with power to spare
SYNEXP_03081,display,Positive,screen colours look balanced
SYNEXP_03081,design,Negative,the weight becomes tiring after a while
SYNEXP_03081,camera,Neutral,image quality is acceptable in good light
SYNEXP_03082,battery,Neutral,the battery gets me through an average day
SYNEXP_03082,performance,Neutral,performance is adequate for basic tasks
SYNEXP_03082,camera,Neutral,the camera feels typical for this range
SYNEXP_03083,design,Positive,the design is understated and attractive
SYNEXP_03083,camera,Negative,autofocus misses moving subjects
SYNEXP_03083,performance,Positive,games run consistently in my sessions
SYNEXP_03083,battery,Negative,charging feels slow when I am in a hurry
SYNEXP_03084,design,Neutral,the physical layout takes little time to learn
SYNEXP_03084,display,Positive,brightness adjusts well in changing light
SYNEXP_03084,performance,Neutral,performance is adequate for basic tasks
SYNEXP_03084,battery,Positive,charging has fitted well into my routine
SYNEXP_03085,performance,Positive,performance has remained steady after weeks of use
SYNEXP_03085,design,Neutral,the build feels ordinary for its price
SYNEXP_03085,display,Negative,the panel appears dim outdoors
SYNEXP_03086,design,Negative,the phone is awkward to hold for long
SYNEXP_03086,battery,Positive,battery endurance has been dependable
SYNEXP_03086,performance,Positive,performance has remained steady after weeks of use
SYNEXP_03086,display,Negative,display colours look washed out
SYNEXP_03087,performance,Negative,menus sometimes lag behind my taps
SYNEXP_03087,display,Negative,scrolling does not feel as smooth as expected
SYNEXP_03087,camera,Neutral,the camera feels typical for this range
SYNEXP_03088,design,Positive,its shape is comfortable to hold
SYNEXP_03088,battery,Positive,the charge comfortably lasts into the evening
SYNEXP_03088,performance,Positive,games run consistently in my sessions
SYNEXP_03089,display,Neutral,the panel does its job without surprises
SYNEXP_03089,battery,Positive,charging has fitted well into my routine
SYNEXP_03089,camera,Positive,focus locks on reliably for quick shots
SYNEXP_03089,design,Positive,its shape is comfortable to hold
SYNEXP_03090,performance,Positive,performance has remained steady after weeks of use
SYNEXP_03090,battery,Positive,battery endurance has been dependable
SYNEXP_03090,camera,Positive,the camera captures natural colours
SYNEXP_03091,performance,Negative,menus sometimes lag behind my taps
SYNEXP_03091,camera,Positive,video remains steady when I walk
SYNEXP_03092,performance,Neutral,performance is adequate for basic tasks
SYNEXP_03092,camera,Positive,photos retain pleasing detail in daylight
SYNEXP_03093,battery,Positive,the battery holds up during long commutes
SYNEXP_03093,camera,Positive,portraits look sharp without much effort
SYNEXP_03094,battery,Positive,it rarely needs a midday top-up
SYNEXP_03094,performance,Positive,games run consistently in my sessions
SYNEXP_03094,design,Negative,the frame feels less sturdy than expected
SYNEXP_03094,display,Positive,screen colours look balanced
SYNEXP_03095,performance,Neutral,performance is adequate for basic tasks
SYNEXP_03095,design,Negative,the finish picks up marks easily
SYNEXP_03095,battery,Negative,I often need to recharge before dinner
SYNEXP_03096,display,Negative,the screen is hard to read in sunlight
SYNEXP_03096,performance,Neutral,performance is adequate for basic tasks
SYNEXP_03096,design,Positive,the design is understated and attractive
SYNEXP_03097,display,Positive,the display makes videos enjoyable
SYNEXP_03097,performance,Positive,apps open quickly during everyday use
SYNEXP_03097,camera,Negative,the camera loses detail indoors
SYNEXP_03098,design,Negative,the frame feels less sturdy than expected
SYNEXP_03098,performance,Positive,games run consistently in my sessions
SYNEXP_03098,camera,Positive,video remains steady when I walk
SYNEXP_03098,display,Positive,the display makes videos enjoyable
SYNEXP_03099,design,Neutral,its weight is manageable
SYNEXP_03099,battery,Negative,charging feels slow when I am in a hurry
SYNEXP_03099,performance,Neutral,the speed feels normal for routine use
SYNEXP_03100,design,Positive,the finish has held up well
SYNEXP_03100,camera,Positive,focus locks on reliably for quick shots
SYNEXP_03101,design,Positive,the buttons feel thoughtfully placed
SYNEXP_03101,display,Neutral,the panel does its job without surprises
SYNEXP_03101,camera,Negative,autofocus misses moving subjects
SYNEXP_03101,performance,Negative,performance drops when several apps are open
SYNEXP_03102,design,Neutral,the design is practical rather than memorable
SYNEXP_03102,display,Neutral,the display is usable in most places
SYNEXP_03103,design,Negative,the frame feels less sturdy than expected
SYNEXP_03103,display,Negative,display colours look washed out
SYNEXP_03103,battery,Neutral,battery life is adequate for my usual schedule
SYNEXP_03104,performance,Positive,the phone stays responsive under a busy workload
SYNEXP_03104,design,Positive,the finish has held up well
SYNEXP_03105,performance,Neutral,apps run at a reasonable pace
SYNEXP_03105,display,Negative,the screen is hard to read in sunlight
SYNEXP_03106,performance,Negative,gaming sessions bring noticeable stutter
SYNEXP_03106,camera,Negative,autofocus misses moving subjects
SYNEXP_03106,battery,Negative,power drops quickly during navigation
SYNEXP_03107,camera,Positive,the camera captures natural colours
SYNEXP_03107,display,Negative,fine text looks less sharp than I hoped
SYNEXP_03107,design,Neutral,the design is practical rather than memorable
SYNEXP_03108,display,Positive,text appears crisp on the panel
SYNEXP_03108,camera,Positive,photos retain pleasing detail in daylight
SYNEXP_03108,design,Neutral,the design is practical rather than memorable
SYNEXP_03108,battery,Neutral,battery life is adequate for my usual schedule
SYNEXP_03109,performance,Neutral,multitasking is workable without standing out
SYNEXP_03109,camera,Neutral,the camera is fine for casual photos
SYNEXP_03109,display,Positive,the display makes videos enjoyable
SYNEXP_03109,design,Negative,the weight becomes tiring after a while
SYNEXP_03110,camera,Positive,portraits look sharp without much effort
SYNEXP_03110,display,Negative,the panel appears dim outdoors
SYNEXP_03110,performance,Neutral,performance is adequate for basic tasks
SYNEXP_03110,battery,Negative,standby drain is noticeable overnight
SYNEXP_03111,design,Positive,the design is understated and attractive
SYNEXP_03111,display,Negative,the panel appears dim outdoors
SYNEXP_03111,camera,Neutral,image quality is acceptable in good light
SYNEXP_03112,performance,Positive,games run consistently in my sessions
SYNEXP_03112,camera,Neutral,video quality meets my basic needs
SYNEXP_03113,camera,Positive,portraits look sharp without much effort
SYNEXP_03113,design,Neutral,its weight is manageable
SYNEXP_03113,performance,Positive,games run consistently in my sessions
SYNEXP_03113,display,Negative,display colours look washed out
SYNEXP_03114,camera,Negative,portraits often blur the edges
SYNEXP_03114,battery,Neutral,the battery gets me through an average day
SYNEXP_03115,performance,Positive,animations feel fluid
SYNEXP_03115,camera,Positive,focus locks on reliably for quick shots
SYNEXP_03115,display,Positive,brightness adjusts well in changing light
SYNEXP_03116,performance,Neutral,multitasking is workable without standing out
SYNEXP_03116,design,Negative,the buttons are difficult to reach
SYNEXP_03117,battery,Negative,the battery drains faster than I expected
SYNEXP_03117,performance,Positive,switching between tasks feels smooth
SYNEXP_03117,display,Neutral,the panel does its job without surprises
SYNEXP_03118,display,Positive,brightness adjusts well in changing light
SYNEXP_03118,camera,Positive,focus locks on reliably for quick shots
SYNEXP_03118,battery,Positive,the battery holds up during long commutes
SYNEXP_03118,design,Negative,the buttons are difficult to reach
SYNEXP_03119,design,Positive,the weight feels well balanced
SYNEXP_03119,performance,Positive,switching between tasks feels smooth
SYNEXP_03119,battery,Neutral,charging speed feels fairly ordinary
SYNEXP_03119,display,Negative,fine text looks less sharp than I hoped
SYNEXP_03120,design,Positive,its shape is comfortable to hold
SYNEXP_03120,battery,Neutral,the battery gets me through an average day
SYNEXP_03120,performance,Neutral,performance is adequate for basic tasks
SYNEXP_03120,camera,Negative,autofocus misses moving subjects
SYNEXP_03121,camera,Neutral,the camera is fine for casual photos
SYNEXP_03121,display,Positive,brightness adjusts well in changing light
SYNEXP_03121,battery,Negative,I often need to recharge before dinner
SYNEXP_03122,camera,Negative,the camera loses detail indoors
SYNEXP_03122,design,Positive,the finish has held up well
SYNEXP_03123,performance,Neutral,multitasking is workable without standing out
SYNEXP_03123,battery,Negative,power drops quickly during navigation
SYNEXP_03123,camera,Positive,photos retain pleasing detail in daylight
SYNEXP_03123,display,Negative,the screen is hard to read in sunlight
SYNEXP_03124,display,Negative,display colours look washed out
SYNEXP_03124,battery,Neutral,the battery gets me through an average day
SYNEXP_03124,performance,Positive,apps open quickly during everyday use
SYNEXP_03124,camera,Positive,night photos have been better than expected
SYNEXP_03125,battery,Negative,charging feels slow when I am in a hurry
SYNEXP_03125,performance,Negative,the phone feels sluggish after a few minutes
SYNEXP_03126,display,Positive,brightness adjusts well in changing light
SYNEXP_03126,performance,Negative,apps pause when I switch between them
SYNEXP_03127,camera,Negative,the camera loses detail indoors
SYNEXP_03127,performance,Negative,gaming sessions bring noticeable stutter
SYNEXP_03127,design,Positive,the weight feels well balanced
SYNEXP_03127,display,Positive,brightness adjusts well in changing light
SYNEXP_03128,battery,Neutral,battery life is adequate for my usual schedule
SYNEXP_03128,design,Positive,the finish has held up well
SYNEXP_03129,display,Negative,touch response occasionally misses a swipe
SYNEXP_03129,performance,Negative,the device warms up and slows down during games
SYNEXP_03129,design,Neutral,its weight is manageable
SYNEXP_03129,battery,Negative,standby drain is noticeable overnight
SYNEXP_03130,performance,Positive,the phone stays responsive under a busy workload
SYNEXP_03130,battery,Neutral,the battery gets me through an average day
SYNEXP_03130,display,Positive,screen colours look balanced
SYNEXP_03131,display,Positive,screen colours look balanced
SYNEXP_03131,camera,Positive,portraits look sharp without much effort
SYNEXP_03131,performance,Negative,apps pause when I switch between them
SYNEXP_03131,design,Positive,the build feels solid in my hand
SYNEXP_03132,camera,Positive,night photos have been better than expected
SYNEXP_03132,display,Neutral,the display is usable in most places
SYNEXP_03133,battery,Positive,it rarely needs a midday top-up
SYNEXP_03133,display,Negative,touch response occasionally misses a swipe
SYNEXP_03134,design,Positive,the finish has held up well
SYNEXP_03134,battery,Negative,power drops quickly during navigation
SYNEXP_03135,camera,Neutral,the camera is fine for casual photos
SYNEXP_03135,design,Neutral,the build feels ordinary for its price
SYNEXP_03135,battery,Negative,standby drain is noticeable overnight
SYNEXP_03135,display,Negative,touch response occasionally misses a swipe
SYNEXP_03136,camera,Positive,the camera captures natural colours
SYNEXP_03136,design,Negative,the finish picks up marks easily
SYNEXP_03136,display,Negative,touch response occasionally misses a swipe
SYNEXP_03137,performance,Negative,menus sometimes lag behind my taps
SYNEXP_03137,display,Negative,the screen is hard to read in sunlight
SYNEXP_03138,design,Neutral,its weight is manageable
SYNEXP_03138,camera,Negative,night photos come out soft
SYNEXP_03138,display,Negative,scrolling does not feel as smooth as expected
SYNEXP_03138,battery,Positive,it rarely needs a midday top-up
SYNEXP_03139,display,Positive,the display stays readable outdoors
SYNEXP_03139,performance,Negative,gaming sessions bring noticeable stutter
SYNEXP_03139,camera,Neutral,the camera is fine for casual photos
SYNEXP_03140,design,Negative,the weight becomes tiring after a while
SYNEXP_03140,camera,Positive,portraits look sharp without much effort
SYNEXP_03140,performance,Negative,apps pause when I switch between them
SYNEXP_03141,design,Positive,the finish has held up well
SYNEXP_03141,display,Positive,brightness adjusts well in changing light
SYNEXP_03141,performance,Positive,performance has remained steady after weeks of use
SYNEXP_03142,camera,Positive,video remains steady when I walk
SYNEXP_03142,design,Neutral,its weight is manageable
SYNEXP_03142,battery,Positive,I finish most days with power to spare
SYNEXP_03143,performance,Negative,menus sometimes lag behind my taps
SYNEXP_03143,display,Neutral,the panel does its job without surprises
SYNEXP_03144,camera,Positive,focus locks on reliably for quick shots
SYNEXP_03144,display,Positive,the display stays readable outdoors
SYNEXP_03144,battery,Negative,power drops quickly during navigation
SYNEXP_03144,design,Positive,the finish has held up well
SYNEXP_03145,display,Positive,the display stays readable outdoors
SYNEXP_03145,performance,Positive,animations feel fluid
SYNEXP_03146,camera,Positive,the camera captures natural colours
SYNEXP_03146,battery,Positive,I finish most days with power to spare
SYNEXP_03147,display,Positive,text appears crisp on the panel
SYNEXP_03147,battery,Positive,charging has fitted well into my routine
SYNEXP_03147,camera,Negative,portraits often blur the edges
SYNEXP_03147,design,Positive,the weight feels well balanced
SYNEXP_03148,performance,Positive,animations feel fluid
SYNEXP_03148,display,Negative,scrolling does not feel as smooth as expected
SYNEXP_03148,design,Neutral,the design is practical rather than memorable
SYNEXP_03149,display,Positive,the display stays readable outdoors
SYNEXP_03149,battery,Negative,the battery struggles on busy days
SYNEXP_03150,performance,Negative,apps pause when I switch between them
SYNEXP_03150,battery,Neutral,charging speed feels fairly ordinary
SYNEXP_03150,design,Negative,the finish picks up marks easily
SYNEXP_03150,display,Neutral,colours look fairly standard
SYNEXP_03151,battery,Negative,I often need to recharge before dinner
SYNEXP_03151,performance,Neutral,apps run at a reasonable pace
SYNEXP_03152,display,Positive,screen colours look balanced
SYNEXP_03152,design,Positive,its shape is comfortable to hold
SYNEXP_03153,performance,Positive,animations feel fluid
SYNEXP_03153,design,Neutral,the build feels ordinary for its price
SYNEXP_03154,design,Negative,the buttons are difficult to reach
SYNEXP_03154,battery,Positive,the battery holds up during long commutes
SYNEXP_03154,camera,Negative,video looks shaky when I move
SYNEXP_03155,design,Positive,its shape is comfortable to hold
SYNEXP_03155,performance,Neutral,apps run at a reasonable pace
SYNEXP_03155,display,Neutral,the display is usable in most places
SYNEXP_03156,performance,Neutral,multitasking is workable without standing out
SYNEXP_03156,display,Negative,display colours look washed out
SYNEXP_03157,battery,Negative,standby drain is noticeable overnight
SYNEXP_03157,camera,Positive,focus locks on reliably for quick shots
SYNEXP_03157,display,Positive,screen colours look balanced
SYNEXP_03157,performance,Neutral,performance is adequate for basic tasks
SYNEXP_03158,performance,Positive,the phone stays responsive under a busy workload
SYNEXP_03158,display,Negative,the panel appears dim outdoors
SYNEXP_03158,battery,Positive,the charge comfortably lasts into the evening
SYNEXP_03159,design,Positive,the finish has held up well
SYNEXP_03159,battery,Negative,I often need to recharge before dinner
SYNEXP_03160,performance,Negative,the phone feels sluggish after a few minutes
SYNEXP_03160,design,Positive,the weight feels well balanced
SYNEXP_03160,battery,Negative,standby drain is noticeable overnight
SYNEXP_03160,display,Negative,the screen is hard to read in sunlight
SYNEXP_03161,camera,Positive,focus locks on reliably for quick shots
SYNEXP_03161,design,Positive,the finish has held up well
SYNEXP_03161,performance,Positive,the phone stays responsive under a busy workload
SYNEXP_03162,performance,Negative,the phone feels sluggish after a few minutes
SYNEXP_03162,camera,Neutral,the camera is fine for casual photos
SYNEXP_03162,battery,Neutral,the battery gets me through an average day
SYNEXP_03162,design,Positive,the finish has held up well
SYNEXP_03163,design,Positive,the weight feels well balanced
SYNEXP_03163,camera,Neutral,the camera is fine for casual photos
SYNEXP_03163,display,Positive,screen colours look balanced
SYNEXP_03163,battery,Positive,it rarely needs a midday top-up
SYNEXP_03164,camera,Neutral,the camera is fine for casual photos
SYNEXP_03164,display,Negative,the screen is hard to read in sunlight
SYNEXP_03165,battery,Positive,battery endurance has been dependable
SYNEXP_03165,performance,Positive,games run consistently in my sessions
SYNEXP_03166,camera,Positive,night photos have been better than expected
SYNEXP_03166,display,Positive,screen colours look balanced
SYNEXP_03166,battery,Negative,charging feels slow when I am in a hurry
SYNEXP_03167,performance,Positive,apps open quickly during everyday use
SYNEXP_03167,battery,Positive,charging has fitted well into my routine
SYNEXP_03167,camera,Positive,portraits look sharp without much effort
SYNEXP_03168,camera,Positive,portraits look sharp without much effort
SYNEXP_03168,design,Positive,the weight feels well balanced
SYNEXP_03168,performance,Neutral,performance is adequate for basic tasks
SYNEXP_03168,display,Neutral,the panel does its job without surprises
SYNEXP_03169,design,Positive,the weight feels well balanced
SYNEXP_03169,display,Negative,the panel appears dim outdoors
SYNEXP_03170,camera,Neutral,image quality is acceptable in good light
SYNEXP_03170,battery,Positive,the charge comfortably lasts into the evening
SYNEXP_03171,display,Positive,text appears crisp on the panel
SYNEXP_03171,battery,Positive,battery endurance has been dependable
SYNEXP_03171,performance,Positive,apps open quickly during everyday use
SYNEXP_03171,design,Positive,the weight feels well balanced
SYNEXP_03172,performance,Negative,gaming sessions bring noticeable stutter
SYNEXP_03172,design,Negative,the buttons are difficult to reach
SYNEXP_03173,display,Positive,text appears crisp on the panel
SYNEXP_03173,design,Positive,the build feels solid in my hand
SYNEXP_03174,performance,Positive,the phone stays responsive under a busy workload
SYNEXP_03174,display,Neutral,screen brightness is adequate indoors
SYNEXP_03175,performance,Positive,animations feel fluid
SYNEXP_03175,camera,Neutral,the camera feels typical for this range
SYNEXP_03176,camera,Positive,night photos have been better than expected
SYNEXP_03176,battery,Positive,battery endurance has been dependable
SYNEXP_03176,performance,Positive,animations feel fluid
SYNEXP_03176,display,Negative,display colours look washed out
SYNEXP_03177,display,Positive,scrolling looks smooth
SYNEXP_03177,battery,Neutral,power use has been neither remarkable nor troublesome
SYNEXP_03177,performance,Positive,performance has remained steady after weeks of use
SYNEXP_03177,design,Positive,the build feels solid in my hand
SYNEXP_03178,performance,Neutral,apps run at a reasonable pace
SYNEXP_03178,battery,Positive,it rarely needs a midday top-up
SYNEXP_03179,performance,Negative,menus sometimes lag behind my taps
SYNEXP_03179,camera,Negative,autofocus misses moving subjects
SYNEXP_03179,display,Negative,scrolling does not feel as smooth as expected
SYNEXP_03180,battery,Positive,I finish most days with power to spare
SYNEXP_03180,performance,Neutral,performance is adequate for basic tasks
SYNEXP_03181,camera,Neutral,the camera is fine for casual photos
SYNEXP_03181,performance,Positive,performance has remained steady after weeks of use
SYNEXP_03181,design,Neutral,the physical layout takes little time to learn
SYNEXP_03182,battery,Positive,the battery holds up during long commutes
SYNEXP_03182,display,Positive,scrolling looks smooth
SYNEXP_03183,display,Positive,brightness adjusts well in changing light
SYNEXP_03183,camera,Neutral,video quality meets my basic needs
SYNEXP_03183,battery,Neutral,the battery gets me through an average day
SYNEXP_03184,battery,Neutral,charging speed feels fairly ordinary
SYNEXP_03184,display,Positive,the display stays readable outdoors
SYNEXP_03185,battery,Negative,I often need to recharge before dinner
SYNEXP_03185,performance,Positive,switching between tasks feels smooth
SYNEXP_03185,camera,Negative,autofocus misses moving subjects
SYNEXP_03186,performance,Negative,the phone feels sluggish after a few minutes
SYNEXP_03186,display,Neutral,colours look fairly standard
SYNEXP_03186,camera,Neutral,video quality meets my basic needs
SYNEXP_03187,design,Neutral,its weight is manageable
SYNEXP_03187,battery,Positive,charging has fitted well into my routine
SYNEXP_03187,camera,Positive,the camera captures natural colours
SYNEXP_03187,performance,Positive,apps open quickly during everyday use
SYNEXP_03188,camera,Neutral,the camera is fine for casual photos
SYNEXP_03188,battery,Positive,battery endurance has been dependable
SYNEXP_03188,performance,Negative,gaming sessions bring noticeable stutter
SYNEXP_03188,display,Neutral,the display is usable in most places
SYNEXP_03189,camera,Negative,video looks shaky when I move
SYNEXP_03189,display,Neutral,the panel does its job without surprises
SYNEXP_03190,design,Positive,the design is understated and attractive
SYNEXP_03190,battery,Positive,battery endurance has been dependable
SYNEXP_03191,performance,Neutral,performance is adequate for basic tasks
SYNEXP_03191,battery,Negative,the battery struggles on busy days
SYNEXP_03191,display,Neutral,the display is usable in most places
SYNEXP_03191,design,Neutral,the physical layout takes little time to learn
SYNEXP_03192,display,Neutral,colours look fairly standard
SYNEXP_03192,design,Positive,the build feels solid in my hand
SYNEXP_03193,display,Positive,brightness adjusts well in changing light
SYNEXP_03193,camera,Positive,the camera captures natural colours
SYNEXP_03193,battery,Neutral,the battery gets me through an average day
SYNEXP_03193,performance,Negative,menus sometimes lag behind my taps
SYNEXP_03194,display,Neutral,colours look fairly standard
SYNEXP_03194,design,Neutral,its weight is manageable
SYNEXP_03195,camera,Positive,focus locks on reliably for quick shots
SYNEXP_03195,battery,Negative,I often need to recharge before dinner
SYNEXP_03196,display,Positive,the display stays readable outdoors
SYNEXP_03196,performance,Neutral,multitasking is workable without standing out
SYNEXP_03196,camera,Positive,photos retain pleasing detail in daylight
SYNEXP_03196,design,Negative,the weight becomes tiring after a while
SYNEXP_03197,camera,Negative,colours in photos sometimes look unnatural
SYNEXP_03197,performance,Positive,games run consistently in my sessions
SYNEXP_03197,design,Negative,the design feels bulky in a pocket
SYNEXP_03197,battery,Positive,it rarely needs a midday top-up
SYNEXP_03198,battery,Positive,the charge comfortably lasts into the evening
SYNEXP_03198,performance,Positive,the phone stays responsive under a busy workload
SYNEXP_03199,camera,Neutral,the camera feels typical for this range
SYNEXP_03199,design,Positive,the build feels solid in my hand
SYNEXP_03199,performance,Negative,the phone feels sluggish after a few minutes
SYNEXP_03199,battery,Negative,the battery drains faster than I expected
SYNEXP_03200,design,Positive,the design is understated and attractive
SYNEXP_03200,battery,Positive,I finish most days with power to spare
SYNEXP_03201,battery,Neutral,the battery gets me through an average day
SYNEXP_03201,camera,Positive,photos retain pleasing detail in daylight
SYNEXP_03202,display,Positive,the display makes videos enjoyable
SYNEXP_03202,camera,Neutral,the camera feels typical for this range
SYNEXP_03202,performance,Positive,the phone stays responsive under a busy workload
SYNEXP_03203,performance,Positive,animations feel fluid
SYNEXP_03203,camera,Positive,the camera captures natural colours
SYNEXP_03203,battery,Positive,charging has fitted well into my routine
SYNEXP_03204,performance,Positive,switching between tasks feels smooth
SYNEXP_03204,display,Negative,the screen is hard to read in sunlight
SYNEXP_03204,battery,Negative,I often need to recharge before dinner
SYNEXP_03204,design,Positive,the weight feels well balanced
SYNEXP_03205,camera,Negative,night photos come out soft
SYNEXP_03205,battery,Neutral,battery life is adequate for my usual schedule
SYNEXP_03206,design,Positive,the weight feels well balanced
SYNEXP_03206,performance,Positive,performance has remained steady after weeks of use
SYNEXP_03206,camera,Neutral,the camera feels typical for this range
SYNEXP_03207,performance,Neutral,performance is adequate for basic tasks
SYNEXP_03207,camera,Positive,the camera captures natural colours
SYNEXP_03207,design,Neutral,the physical layout takes little time to learn
SYNEXP_03207,battery,Positive,charging has fitted well into my routine
SYNEXP_03208,design,Positive,the build feels solid in my hand
SYNEXP_03208,display,Neutral,colours look fairly standard
SYNEXP_03208,battery,Neutral,battery life is adequate for my usual schedule
SYNEXP_03209,performance,Negative,the phone feels sluggish after a few minutes
SYNEXP_03209,design,Neutral,the design is practical rather than memorable
SYNEXP_03210,display,Negative,touch response occasionally misses a swipe
SYNEXP_03210,camera,Positive,video remains steady when I walk
SYNEXP_03211,camera,Negative,night photos come out soft
SYNEXP_03211,battery,Neutral,battery life is adequate for my usual schedule
SYNEXP_03212,display,Positive,screen colours look balanced
SYNEXP_03212,design,Neutral,the physical layout takes little time to learn
SYNEXP_03212,battery,Neutral,charging speed feels fairly ordinary
SYNEXP_03213,battery,Neutral,battery life is adequate for my usual schedule
SYNEXP_03213,design,Positive,the build feels solid in my hand
SYNEXP_03214,display,Negative,fine text looks less sharp than I hoped
SYNEXP_03214,battery,Neutral,the battery gets me through an average day
SYNEXP_03214,design,Positive,the build feels solid in my hand
SYNEXP_03214,performance,Negative,gaming sessions bring noticeable stutter
SYNEXP_03215,display,Negative,scrolling does not feel as smooth as expected
SYNEXP_03215,camera,Positive,focus locks on reliably for quick shots
SYNEXP_03216,design,Neutral,its weight is manageable
SYNEXP_03216,camera,Negative,video looks shaky when I move
SYNEXP_03216,performance,Negative,the device warms up and slows down during games
SYNEXP_03216,battery,Negative,I often need to recharge before dinner
SYNEXP_03217,battery,Neutral,battery life is adequate for my usual schedule
SYNEXP_03217,performance,Positive,performance has remained steady after weeks of use
SYNEXP_03217,display,Negative,touch response occasionally misses a swipe
SYNEXP_03217,design,Positive,the design is understated and attractive
SYNEXP_03218,battery,Positive,the charge comfortably lasts into the evening
SYNEXP_03218,camera,Negative,portraits often blur the edges
SYNEXP_03218,display,Negative,the screen is hard to read in sunlight
SYNEXP_03218,performance,Negative,performance drops when several apps are open
SYNEXP_03219,display,Positive,the display makes videos enjoyable
SYNEXP_03219,battery,Positive,it rarely needs a midday top-up
SYNEXP_03220,design,Neutral,the design is practical rather than memorable
SYNEXP_03220,battery,Negative,power drops quickly during navigation
SYNEXP_03220,camera,Neutral,the camera is fine for casual photos
SYNEXP_03220,performance,Negative,menus sometimes lag behind my taps
SYNEXP_03221,battery,Neutral,charging speed feels fairly ordinary
SYNEXP_03221,design,Neutral,the design is practical rather than memorable
SYNEXP_03221,camera,Positive,portraits look sharp without much effort
SYNEXP_03222,display,Negative,scrolling does not feel as smooth as expected
SYNEXP_03222,battery,Negative,the battery drains faster than I expected
SYNEXP_03222,performance,Neutral,apps run at a reasonable pace
SYNEXP_03222,camera,Positive,photos retain pleasing detail in daylight
SYNEXP_03223,performance,Positive,games run consistently in my sessions
SYNEXP_03223,battery,Positive,it rarely needs a midday top-up
SYNEXP_03223,camera,Negative,portraits often blur the edges
SYNEXP_03224,design,Positive,the buttons feel thoughtfully placed
SYNEXP_03224,display,Positive,brightness adjusts well in changing light
SYNEXP_03225,battery,Positive,the charge comfortably lasts into the evening
SYNEXP_03225,camera,Neutral,video quality meets my basic needs
SYNEXP_03226,camera,Negative,autofocus misses moving subjects
SYNEXP_03226,battery,Negative,power drops quickly during navigation
SYNEXP_03227,display,Negative,display colours look washed out
SYNEXP_03227,battery,Positive,the battery holds up during long commutes
SYNEXP_03227,performance,Positive,the phone stays responsive under a busy workload
SYNEXP_03227,design,Negative,the frame feels less sturdy than expected
SYNEXP_03228,display,Neutral,screen brightness is adequate indoors
SYNEXP_03228,battery,Neutral,charging speed feels fairly ordinary
SYNEXP_03229,design,Negative,the weight becomes tiring after a while
SYNEXP_03229,display,Negative,scrolling does not feel as smooth as expected
SYNEXP_03230,design,Neutral,its weight is manageable
SYNEXP_03230,performance,Positive,the phone stays responsive under a busy workload
SYNEXP_03230,battery,Negative,power drops quickly during navigation
SYNEXP_03230,camera,Neutral,image quality is acceptable in good light
SYNEXP_03231,performance,Positive,apps open quickly during everyday use
SYNEXP_03231,design,Positive,its shape is comfortable to hold
SYNEXP_03232,design,Positive,the weight feels well balanced
SYNEXP_03232,display,Negative,the panel appears dim outdoors
SYNEXP_03232,camera,Neutral,the camera is fine for casual photos
SYNEXP_03232,performance,Positive,apps open quickly during everyday use
SYNEXP_03233,camera,Positive,the camera captures natural colours
SYNEXP_03233,design,Negative,the finish picks up marks easily
SYNEXP_03233,performance,Positive,performance has remained steady after weeks of use
SYNEXP_03233,battery,Neutral,power use has been neither remarkable nor troublesome
SYNEXP_03234,design,Negative,the finish picks up marks easily
SYNEXP_03234,camera,Positive,video remains steady when I walk
SYNEXP_03235,performance,Neutral,the speed feels normal for routine use
SYNEXP_03235,display,Positive,the display makes videos enjoyable
SYNEXP_03236,battery,Positive,battery endurance has been dependable
SYNEXP_03236,display,Positive,screen colours look balanced
SYNEXP_03237,camera,Positive,night photos have been better than expected
SYNEXP_03237,battery,Positive,the charge comfortably lasts into the evening
SYNEXP_03238,battery,Positive,battery endurance has been dependable
SYNEXP_03238,design,Positive,the finish has held up well
SYNEXP_03239,display,Negative,scrolling does not feel as smooth as expected
SYNEXP_03239,performance,Neutral,the speed feels normal for routine use
SYNEXP_03240,design,Positive,the design is understated and attractive
SYNEXP_03240,display,Positive,the display makes videos enjoyable
SYNEXP_03241,camera,Positive,night photos have been better than expected
SYNEXP_03241,performance,Neutral,multitasking is workable without standing out
SYNEXP_03242,design,Negative,the phone is awkward to hold for long
SYNEXP_03242,battery,Neutral,charging speed feels fairly ordinary
SYNEXP_03243,battery,Positive,I finish most days with power to spare
SYNEXP_03243,display,Negative,the screen is hard to read in sunlight
SYNEXP_03244,performance,Positive,animations feel fluid
SYNEXP_03244,battery,Negative,charging feels slow when I am in a hurry
SYNEXP_03245,battery,Negative,standby drain is noticeable overnight
SYNEXP_03245,display,Negative,fine text looks less sharp than I hoped
SYNEXP_03245,camera,Negative,video looks shaky when I move
SYNEXP_03246,camera,Positive,portraits look sharp without much effort
SYNEXP_03246,design,Neutral,the physical layout takes little time to learn
SYNEXP_03246,battery,Positive,charging has fitted well into my routine
SYNEXP_03247,performance,Neutral,performance is adequate for basic tasks
SYNEXP_03247,battery,Neutral,charging speed feels fairly ordinary
SYNEXP_03247,design,Negative,the finish picks up marks easily
SYNEXP_03248,design,Positive,the buttons feel thoughtfully placed
SYNEXP_03248,camera,Negative,video looks shaky when I move
SYNEXP_03248,performance,Negative,the device warms up and slows down during games
SYNEXP_03249,camera,Positive,video remains steady when I walk
SYNEXP_03249,display,Positive,brightness adjusts well in changing light
SYNEXP_03249,design,Neutral,its weight is manageable
SYNEXP_03250,camera,Positive,photos retain pleasing detail in daylight
SYNEXP_03250,performance,Neutral,multitasking is workable without standing out
SYNEXP_03250,design,Neutral,the build feels ordinary for its price
SYNEXP_03251,performance,Neutral,apps run at a reasonable pace
SYNEXP_03251,camera,Negative,video looks shaky when I move
SYNEXP_03251,display,Positive,screen colours look balanced
SYNEXP_03251,design,Negative,the weight becomes tiring after a while
SYNEXP_03252,battery,Neutral,power use has been neither remarkable nor troublesome
SYNEXP_03252,display,Positive,the display makes videos enjoyable
SYNEXP_03253,performance,Negative,the device warms up and slows down during games
SYNEXP_03253,battery,Neutral,battery life is adequate for my usual schedule
SYNEXP_03254,camera,Positive,photos retain pleasing detail in daylight
SYNEXP_03254,display,Positive,text appears crisp on the panel
SYNEXP_03255,display,Positive,brightness adjusts well in changing light
SYNEXP_03255,performance,Neutral,apps run at a reasonable pace
SYNEXP_03255,camera,Positive,video remains steady when I walk
SYNEXP_03255,battery,Positive,charging has fitted well into my routine
SYNEXP_03256,camera,Negative,the camera loses detail indoors
SYNEXP_03256,performance,Neutral,apps run at a reasonable pace
SYNEXP_03256,battery,Neutral,battery life is adequate for my usual schedule
SYNEXP_03256,display,Negative,scrolling does not feel as smooth as expected
SYNEXP_03257,performance,Neutral,the speed feels normal for routine use
SYNEXP_03257,camera,Positive,focus locks on reliably for quick shots
SYNEXP_03258,performance,Negative,apps pause when I switch between them
SYNEXP_03258,design,Neutral,the physical layout takes little time to learn
SYNEXP_03258,battery,Positive,the battery holds up during long commutes
SYNEXP_03258,display,Positive,screen colours look balanced
SYNEXP_03259,display,Neutral,the panel does its job without surprises
SYNEXP_03259,battery,Negative,I often need to recharge before dinner
SYNEXP_03259,performance,Negative,gaming sessions bring noticeable stutter
SYNEXP_03259,design,Negative,the buttons are difficult to reach
SYNEXP_03260,camera,Neutral,image quality is acceptable in good light
SYNEXP_03260,design,Positive,the buttons feel thoughtfully placed
SYNEXP_03260,performance,Negative,the phone feels sluggish after a few minutes
SYNEXP_03261,performance,Positive,apps open quickly during everyday use
SYNEXP_03261,battery,Negative,standby drain is noticeable overnight
SYNEXP_03262,battery,Neutral,power use has been neither remarkable nor troublesome
SYNEXP_03262,design,Negative,the finish picks up marks easily
SYNEXP_03262,performance,Neutral,performance is adequate for basic tasks
SYNEXP_03262,display,Negative,fine text looks less sharp than I hoped
SYNEXP_03263,battery,Negative,standby drain is noticeable overnight
SYNEXP_03263,design,Positive,the build feels solid in my hand
SYNEXP_03263,performance,Positive,switching between tasks feels smooth
SYNEXP_03264,design,Negative,the phone is awkward to hold for long
SYNEXP_03264,display,Neutral,colours look fairly standard
SYNEXP_03265,design,Positive,its shape is comfortable to hold
SYNEXP_03265,camera,Negative,night photos come out soft
SYNEXP_03266,design,Negative,the weight becomes tiring after a while
SYNEXP_03266,battery,Negative,the battery struggles on busy days
SYNEXP_03267,camera,Negative,colours in photos sometimes look unnatural
SYNEXP_03267,performance,Negative,menus sometimes lag behind my taps
SYNEXP_03268,design,Neutral,the physical layout takes little time to learn
SYNEXP_03268,display,Positive,text appears crisp on the panel
SYNEXP_03268,battery,Neutral,charging speed feels fairly ordinary
SYNEXP_03268,camera,Positive,portraits look sharp without much effort
SYNEXP_03269,design,Negative,the design feels bulky in a pocket
SYNEXP_03269,battery,Negative,the battery drains faster than I expected
SYNEXP_03270,battery,Negative,the battery drains faster than I expected
SYNEXP_03270,display,Positive,screen colours look balanced
SYNEXP_03271,performance,Positive,performance has remained steady after weeks of use
SYNEXP_03271,design,Neutral,the build feels ordinary for its price
SYNEXP_03271,battery,Positive,I finish most days with power to spare
SYNEXP_03271,display,Positive,brightness adjusts well in changing light
SYNEXP_03272,camera,Neutral,the camera is fine for casual photos
SYNEXP_03272,display,Negative,the screen is hard to read in sunlight
SYNEXP_03272,battery,Negative,charging feels slow when I am in a hurry
SYNEXP_03272,design,Positive,the buttons feel thoughtfully placed
SYNEXP_03273,battery,Negative,I often need to recharge before dinner
SYNEXP_03273,display,Positive,scrolling looks smooth
SYNEXP_03273,design,Positive,the design is understated and attractive
SYNEXP_03273,performance,Positive,apps open quickly during everyday use
SYNEXP_03274,performance,Negative,performance drops when several apps are open
SYNEXP_03274,camera,Negative,night photos come out soft
SYNEXP_03275,design,Neutral,the design is practical rather than memorable
SYNEXP_03275,battery,Positive,battery endurance has been dependable
SYNEXP_03275,performance,Positive,animations feel fluid
SYNEXP_03276,design,Negative,the weight becomes tiring after a while
SYNEXP_03276,battery,Neutral,power use has been neither remarkable nor troublesome
SYNEXP_03276,performance,Neutral,multitasking is workable without standing out
SYNEXP_03277,battery,Negative,charging feels slow when I am in a hurry
SYNEXP_03277,design,Positive,the buttons feel thoughtfully placed
SYNEXP_03278,battery,Neutral,power use has been neither remarkable nor troublesome
SYNEXP_03278,performance,Negative,the phone feels sluggish after a few minutes
SYNEXP_03278,design,Negative,the frame feels less sturdy than expected
SYNEXP_03279,display,Positive,scrolling looks smooth
SYNEXP_03279,camera,Positive,portraits look sharp without much effort
SYNEXP_03279,design,Negative,the finish picks up marks easily
SYNEXP_03280,camera,Neutral,image quality is acceptable in good light
SYNEXP_03280,performance,Neutral,apps run at a reasonable pace
SYNEXP_03280,design,Neutral,the physical layout takes little time to learn
SYNEXP_03280,battery,Positive,battery endurance has been dependable
SYNEXP_03281,camera,Neutral,image quality is acceptable in good light
SYNEXP_03281,performance,Neutral,multitasking is workable without standing out
SYNEXP_03281,display,Negative,scrolling does not feel as smooth as expected
SYNEXP_03282,design,Negative,the phone is awkward to hold for long
SYNEXP_03282,camera,Neutral,the camera feels typical for this range
SYNEXP_03283,display,Neutral,the display is usable in most places
SYNEXP_03283,camera,Negative,video looks shaky when I move
SYNEXP_03283,design,Negative,the weight becomes tiring after a while
SYNEXP_03283,performance,Negative,menus sometimes lag behind my taps
SYNEXP_03284,design,Negative,the design feels bulky in a pocket
SYNEXP_03284,camera,Negative,portraits often blur the edges
SYNEXP_03284,battery,Positive,battery endurance has been dependable
SYNEXP_03284,display,Positive,the display stays readable outdoors
SYNEXP_03285,performance,Neutral,performance is adequate for basic tasks
SYNEXP_03285,battery,Neutral,the battery gets me through an average day
SYNEXP_03285,display,Negative,the screen is hard to read in sunlight
SYNEXP_03285,camera,Neutral,video quality meets my basic needs
SYNEXP_03286,camera,Neutral,image quality is acceptable in good light
SYNEXP_03286,battery,Neutral,charging speed feels fairly ordinary
SYNEXP_03287,camera,Negative,portraits often blur the edges
SYNEXP_03287,performance,Negative,the device warms up and slows down during games
SYNEXP_03287,display,Neutral,colours look fairly standard
SYNEXP_03288,battery,Negative,standby drain is noticeable overnight
SYNEXP_03288,design,Negative,the design feels bulky in a pocket
SYNEXP_03288,performance,Neutral,multitasking is workable without standing out
SYNEXP_03288,display,Negative,fine text looks less sharp than I hoped
SYNEXP_03289,display,Negative,touch response occasionally misses a swipe
SYNEXP_03289,camera,Negative,portraits often blur the edges
SYNEXP_03289,battery,Negative,I often need to recharge before dinner
SYNEXP_03290,design,Positive,the buttons feel thoughtfully placed
SYNEXP_03290,display,Negative,fine text looks less sharp than I hoped
SYNEXP_03291,battery,Negative,I often need to recharge before dinner
SYNEXP_03291,display,Positive,text appears crisp on the panel
SYNEXP_03292,design,Negative,the weight becomes tiring after a while
SYNEXP_03292,display,Negative,the screen is hard to read in sunlight
SYNEXP_03292,performance,Negative,performance drops when several apps are open
SYNEXP_03292,camera,Neutral,video quality meets my basic needs
SYNEXP_03293,performance,Neutral,multitasking is workable without standing out
SYNEXP_03293,battery,Neutral,the battery gets me through an average day
SYNEXP_03294,battery,Neutral,the battery gets me through an average day
SYNEXP_03294,display,Positive,brightness adjusts well in changing light
SYNEXP_03295,display,Negative,touch response occasionally misses a swipe
SYNEXP_03295,design,Negative,the weight becomes tiring after a while
SYNEXP_03295,camera,Positive,video remains steady when I walk
SYNEXP_03295,performance,Neutral,the speed feels normal for routine use
SYNEXP_03296,camera,Neutral,the camera feels typical for this range
SYNEXP_03296,performance,Negative,performance drops when several apps are open
SYNEXP_03296,display,Neutral,colours look fairly standard
SYNEXP_03297,battery,Positive,it rarely needs a midday top-up
SYNEXP_03297,design,Positive,the buttons feel thoughtfully placed
SYNEXP_03297,display,Positive,screen colours look balanced
SYNEXP_03297,camera,Negative,video looks shaky when I move
SYNEXP_03298,battery,Neutral,power use has been neither remarkable nor troublesome
SYNEXP_03298,design,Neutral,the build feels ordinary for its price
SYNEXP_03298,display,Positive,text appears crisp on the panel
SYNEXP_03298,camera,Positive,night photos have been better than expected
SYNEXP_03299,display,Negative,touch response occasionally misses a swipe
SYNEXP_03299,battery,Negative,charging feels slow when I am in a hurry
SYNEXP_03299,camera,Negative,autofocus misses moving subjects
SYNEXP_03299,performance,Neutral,apps run at a reasonable pace
SYNEXP_03300,performance,Positive,performance has remained steady after weeks of use
SYNEXP_03300,battery,Negative,the battery struggles on busy days
SYNEXP_03300,camera,Positive,focus locks on reliably for quick shots
SYNEXP_03300,display,Neutral,the display is usable in most places
SYNEXP_03301,design,Positive,the design is understated and attractive
SYNEXP_03301,camera,Negative,night photos come out soft
SYNEXP_03301,battery,Negative,standby drain is noticeable overnight
SYNEXP_03301,display,Positive,text appears crisp on the panel
SYNEXP_03302,battery,Negative,I often need to recharge before dinner
SYNEXP_03302,display,Neutral,colours look fairly standard
SYNEXP_03303,display,Positive,the display makes videos enjoyable
SYNEXP_03303,performance,Negative,the phone feels sluggish after a few minutes
SYNEXP_03304,display,Negative,display colours look washed out
SYNEXP_03304,battery,Positive,the charge comfortably lasts into the evening
SYNEXP_03304,camera,Positive,portraits look sharp without much effort
SYNEXP_03304,performance,Positive,games run consistently in my sessions
SYNEXP_03305,battery,Neutral,battery life is adequate for my usual schedule
SYNEXP_03305,display,Negative,display colours look washed out
SYNEXP_03305,design,Negative,the finish picks up marks easily
SYNEXP_03306,performance,Neutral,multitasking is workable without standing out
SYNEXP_03306,camera,Negative,autofocus misses moving subjects
SYNEXP_03307,design,Positive,the finish has held up well
SYNEXP_03307,display,Positive,text appears crisp on the panel
SYNEXP_03307,camera,Negative,night photos come out soft
SYNEXP_03307,battery,Positive,I finish most days with power to spare
SYNEXP_03308,performance,Negative,apps pause when I switch between them
SYNEXP_03308,design,Neutral,its weight is manageable
SYNEXP_03309,camera,Positive,focus locks on reliably for quick shots
SYNEXP_03309,display,Negative,the panel appears dim outdoors
SYNEXP_03309,performance,Positive,the phone stays responsive under a busy workload
SYNEXP_03310,camera,Positive,video remains steady when I walk
SYNEXP_03310,performance,Negative,gaming sessions bring noticeable stutter
SYNEXP_03311,battery,Positive,I finish most days with power to spare
SYNEXP_03311,design,Negative,the weight becomes tiring after a while
SYNEXP_03311,display,Positive,the display makes videos enjoyable
SYNEXP_03311,performance,Positive,the phone stays responsive under a busy workload
SYNEXP_03312,display,Neutral,colours look fairly standard
SYNEXP_03312,camera,Negative,video looks shaky when I move
SYNEXP_03312,battery,Neutral,the battery gets me through an average day
SYNEXP_03313,battery,Positive,the battery holds up during long commutes
SYNEXP_03313,display,Neutral,colours look fairly standard
SYNEXP_03314,battery,Positive,the charge comfortably lasts into the evening
SYNEXP_03314,camera,Negative,night photos come out soft
SYNEXP_03315,performance,Positive,performance has remained steady after weeks of use
SYNEXP_03315,design,Positive,the weight feels well balanced
SYNEXP_03315,battery,Positive,charging has fitted well into my routine
SYNEXP_03315,display,Negative,the screen is hard to read in sunlight
SYNEXP_03316,performance,Negative,menus sometimes lag behind my taps
SYNEXP_03316,battery,Positive,it rarely needs a midday top-up
SYNEXP_03317,camera,Positive,night photos have been better than expected
SYNEXP_03317,performance,Negative,menus sometimes lag behind my taps
SYNEXP_03317,display,Negative,touch response occasionally misses a swipe
SYNEXP_03317,design,Negative,the weight becomes tiring after a while
SYNEXP_03318,battery,Negative,the battery drains faster than I expected
SYNEXP_03318,camera,Negative,video looks shaky when I move
SYNEXP_03318,display,Negative,scrolling does not feel as smooth as expected
SYNEXP_03319,performance,Positive,switching between tasks feels smooth
SYNEXP_03319,battery,Neutral,charging speed feels fairly ordinary
SYNEXP_03319,camera,Negative,colours in photos sometimes look unnatural
SYNEXP_03319,display,Negative,the panel appears dim outdoors
SYNEXP_03320,design,Positive,the weight feels well balanced
SYNEXP_03320,performance,Positive,games run consistently in my sessions
SYNEXP_03321,performance,Positive,games run consistently in my sessions
SYNEXP_03321,display,Positive,scrolling looks smooth
SYNEXP_03321,battery,Neutral,charging speed feels fairly ordinary
SYNEXP_03322,camera,Negative,autofocus misses moving subjects
SYNEXP_03322,performance,Negative,gaming sessions bring noticeable stutter
SYNEXP_03323,camera,Positive,portraits look sharp without much effort
SYNEXP_03323,battery,Positive,it rarely needs a midday top-up
SYNEXP_03324,performance,Positive,games run consistently in my sessions
SYNEXP_03324,design,Negative,the phone is awkward to hold for long
SYNEXP_03325,battery,Positive,the charge comfortably lasts into the evening
SYNEXP_03325,camera,Negative,autofocus misses moving subjects
SYNEXP_03325,design,Negative,the weight becomes tiring after a while
SYNEXP_03326,camera,Positive,photos retain pleasing detail in daylight
SYNEXP_03326,design,Positive,the buttons feel thoughtfully placed
SYNEXP_03326,performance,Negative,gaming sessions bring noticeable stutter
SYNEXP_03326,battery,Negative,charging feels slow when I am in a hurry
SYNEXP_03327,design,Positive,the finish has held up well
SYNEXP_03327,performance,Positive,apps open quickly during everyday use
SYNEXP_03327,camera,Negative,the camera loses detail indoors
SYNEXP_03328,performance,Positive,switching between tasks feels smooth
SYNEXP_03328,battery,Neutral,charging speed feels fairly ordinary
SYNEXP_03329,display,Positive,brightness adjusts well in changing light
SYNEXP_03329,camera,Negative,night photos come out soft
SYNEXP_03330,performance,Positive,games run consistently in my sessions
SYNEXP_03330,design,Positive,the build feels solid in my hand
SYNEXP_03331,display,Positive,text appears crisp on the panel
SYNEXP_03331,camera,Negative,colours in photos sometimes look unnatural
SYNEXP_03332,performance,Neutral,multitasking is workable without standing out
SYNEXP_03332,camera,Positive,photos retain pleasing detail in daylight
SYNEXP_03333,design,Positive,its shape is comfortable to hold
SYNEXP_03333,battery,Negative,standby drain is noticeable overnight
SYNEXP_03333,performance,Positive,animations feel fluid
SYNEXP_03333,camera,Negative,night photos come out soft
SYNEXP_03334,display,Negative,scrolling does not feel as smooth as expected
SYNEXP_03334,design,Positive,the design is understated and attractive
SYNEXP_03335,display,Positive,the display stays readable outdoors
SYNEXP_03335,battery,Neutral,battery life is adequate for my usual schedule
SYNEXP_03336,performance,Negative,the phone feels sluggish after a few minutes
SYNEXP_03336,design,Neutral,its weight is manageable
SYNEXP_03336,battery,Positive,I finish most days with power to spare
SYNEXP_03336,display,Positive,brightness adjusts well in changing light
SYNEXP_03337,performance,Negative,the device warms up and slows down during games
SYNEXP_03337,design,Neutral,its weight is manageable
SYNEXP_03337,camera,Positive,portraits look sharp without much effort
SYNEXP_03338,battery,Negative,I often need to recharge before dinner
SYNEXP_03338,display,Neutral,the panel does its job without surprises
SYNEXP_03338,camera,Positive,focus locks on reliably for quick shots
SYNEXP_03339,performance,Neutral,performance is adequate for basic tasks
SYNEXP_03339,display,Positive,text appears crisp on the panel
SYNEXP_03340,display,Negative,touch response occasionally misses a swipe
SYNEXP_03340,performance,Neutral,multitasking is workable without standing out
SYNEXP_03340,camera,Negative,the camera loses detail indoors
SYNEXP_03341,battery,Neutral,power use has been neither remarkable nor troublesome
SYNEXP_03341,display,Positive,screen colours look balanced
SYNEXP_03341,design,Negative,the phone is awkward to hold for long
SYNEXP_03342,battery,Positive,battery endurance has been dependable
SYNEXP_03342,performance,Negative,apps pause when I switch between them
SYNEXP_03343,performance,Negative,the phone feels sluggish after a few minutes
SYNEXP_03343,camera,Positive,photos retain pleasing detail in daylight
SYNEXP_03343,display,Neutral,the display is usable in most places
SYNEXP_03344,battery,Neutral,the battery gets me through an average day
SYNEXP_03344,performance,Neutral,performance is adequate for basic tasks
SYNEXP_03344,display,Positive,brightness adjusts well in changing light
SYNEXP_03345,camera,Positive,photos retain pleasing detail in daylight
SYNEXP_03345,design,Neutral,the physical layout takes little time to learn
SYNEXP_03345,display,Positive,scrolling looks smooth
SYNEXP_03346,battery,Neutral,battery life is adequate for my usual schedule
SYNEXP_03346,performance,Neutral,apps run at a reasonable pace
SYNEXP_03346,camera,Positive,portraits look sharp without much effort
SYNEXP_03346,display,Neutral,the panel does its job without surprises
SYNEXP_03347,display,Negative,the screen is hard to read in sunlight
SYNEXP_03347,camera,Positive,photos retain pleasing detail in daylight
SYNEXP_03347,design,Neutral,the build feels ordinary for its price
SYNEXP_03347,performance,Negative,the phone feels sluggish after a few minutes
SYNEXP_03348,display,Neutral,the display is usable in most places
SYNEXP_03348,performance,Negative,menus sometimes lag behind my taps
SYNEXP_03348,battery,Positive,I finish most days with power to spare
SYNEXP_03349,performance,Negative,gaming sessions bring noticeable stutter
SYNEXP_03349,display,Positive,scrolling looks smooth
SYNEXP_03349,design,Positive,the buttons feel thoughtfully placed
SYNEXP_03349,battery,Positive,I finish most days with power to spare
SYNEXP_03350,performance,Neutral,the speed feels normal for routine use
SYNEXP_03350,display,Positive,the display makes videos enjoyable
SYNEXP_03351,battery,Positive,the charge comfortably lasts into the evening
SYNEXP_03351,display,Positive,brightness adjusts well in changing light
SYNEXP_03352,design,Positive,the buttons feel thoughtfully placed
SYNEXP_03352,battery,Positive,battery endurance has been dependable
SYNEXP_03353,performance,Negative,the device warms up and slows down during games
SYNEXP_03353,battery,Negative,I often need to recharge before dinner
SYNEXP_03354,display,Negative,touch response occasionally misses a swipe
SYNEXP_03354,battery,Neutral,the battery gets me through an average day
SYNEXP_03354,performance,Positive,the phone stays responsive under a busy workload
SYNEXP_03355,display,Positive,scrolling looks smooth
SYNEXP_03355,performance,Negative,gaming sessions bring noticeable stutter
SYNEXP_03356,performance,Neutral,apps run at a reasonable pace
SYNEXP_03356,design,Neutral,its weight is manageable
SYNEXP_03356,camera,Negative,autofocus misses moving subjects
SYNEXP_03357,battery,Positive,the battery holds up during long commutes
SYNEXP_03357,camera,Positive,portraits look sharp without much effort
SYNEXP_03357,display,Positive,the display makes videos enjoyable
SYNEXP_03358,camera,Negative,night photos come out soft
SYNEXP_03358,battery,Negative,charging feels slow when I am in a hurry
SYNEXP_03358,design,Positive,the finish has held up well
SYNEXP_03359,performance,Neutral,apps run at a reasonable pace
SYNEXP_03359,battery,Neutral,the battery gets me through an average day
SYNEXP_03359,display,Positive,the display stays readable outdoors
SYNEXP_03359,design,Negative,the design feels bulky in a pocket
SYNEXP_03360,design,Positive,the weight feels well balanced
SYNEXP_03360,display,Neutral,the display is usable in most places
SYNEXP_03360,battery,Negative,the battery drains faster than I expected
SYNEXP_03361,performance,Neutral,multitasking is workable without standing out
SYNEXP_03361,display,Negative,the screen is hard to read in sunlight
SYNEXP_03361,camera,Negative,autofocus misses moving subjects
SYNEXP_03361,design,Negative,the finish picks up marks easily
SYNEXP_03362,performance,Neutral,the speed feels normal for routine use
SYNEXP_03362,battery,Negative,charging feels slow when I am in a hurry
SYNEXP_03362,design,Positive,the finish has held up well
SYNEXP_03363,battery,Neutral,charging speed feels fairly ordinary
SYNEXP_03363,camera,Positive,night photos have been better than expected
SYNEXP_03363,design,Neutral,the build feels ordinary for its price
SYNEXP_03364,battery,Positive,battery endurance has been dependable
SYNEXP_03364,performance,Positive,switching between tasks feels smooth
SYNEXP_03365,display,Neutral,colours look fairly standard
SYNEXP_03365,battery,Positive,the charge comfortably lasts into the evening
SYNEXP_03365,camera,Neutral,image quality is acceptable in good light
SYNEXP_03366,battery,Negative,charging feels slow when I am in a hurry
SYNEXP_03366,performance,Neutral,the speed feels normal for routine use
SYNEXP_03366,design,Positive,the finish has held up well
SYNEXP_03367,design,Positive,the finish has held up well
SYNEXP_03367,display,Negative,scrolling does not feel as smooth as expected
SYNEXP_03368,camera,Neutral,image quality is acceptable in good light
SYNEXP_03368,performance,Neutral,multitasking is workable without standing out
SYNEXP_03368,battery,Negative,the battery struggles on busy days
SYNEXP_03368,display,Negative,the screen is hard to read in sunlight
SYNEXP_03369,display,Positive,scrolling looks smooth
SYNEXP_03369,camera,Negative,the camera loses detail indoors
SYNEXP_03369,performance,Neutral,performance is adequate for basic tasks
SYNEXP_03370,display,Neutral,screen brightness is adequate indoors
SYNEXP_03370,design,Neutral,the physical layout takes little time to learn
SYNEXP_03370,camera,Positive,portraits look sharp without much effort
SYNEXP_03370,battery,Positive,battery endurance has been dependable
SYNEXP_03371,design,Neutral,the physical layout takes little time to learn
SYNEXP_03371,performance,Negative,the phone feels sluggish after a few minutes
SYNEXP_03371,battery,Neutral,battery life is adequate for my usual schedule
SYNEXP_03372,design,Neutral,the physical layout takes little time to learn
SYNEXP_03372,camera,Positive,photos retain pleasing detail in daylight
SYNEXP_03372,performance,Negative,menus sometimes lag behind my taps
SYNEXP_03373,battery,Positive,charging has fitted well into my routine
SYNEXP_03373,camera,Positive,portraits look sharp without much effort
SYNEXP_03373,display,Negative,touch response occasionally misses a swipe
SYNEXP_03374,camera,Negative,colours in photos sometimes look unnatural
SYNEXP_03374,performance,Neutral,apps run at a reasonable pace
SYNEXP_03374,battery,Neutral,power use has been neither remarkable nor troublesome
SYNEXP_03374,display,Neutral,screen brightness is adequate indoors
SYNEXP_03375,battery,Neutral,battery life is adequate for my usual schedule
SYNEXP_03375,camera,Positive,photos retain pleasing detail in daylight
SYNEXP_03375,performance,Neutral,performance is adequate for basic tasks
SYNEXP_03375,display,Positive,brightness adjusts well in changing light
SYNEXP_03376,performance,Neutral,multitasking is workable without standing out
SYNEXP_03376,battery,Negative,I often need to recharge before dinner
SYNEXP_03377,camera,Neutral,the camera feels typical for this range
SYNEXP_03377,battery,Negative,the battery struggles on busy days
SYNEXP_03377,design,Negative,the finish picks up marks easily
SYNEXP_03377,display,Positive,the display makes videos enjoyable
SYNEXP_03378,design,Negative,the finish picks up marks easily
SYNEXP_03378,display,Positive,scrolling looks smooth
SYNEXP_03379,camera,Negative,autofocus misses moving subjects
SYNEXP_03379,display,Neutral,colours look fairly standard
SYNEXP_03380,battery,Negative,I often need to recharge before dinner
SYNEXP_03380,camera,Positive,night photos have been better than expected
SYNEXP_03380,design,Positive,the build feels solid in my hand
SYNEXP_03381,design,Neutral,its weight is manageable
SYNEXP_03381,performance,Positive,performance has remained steady after weeks of use
SYNEXP_03382,battery,Neutral,battery life is adequate for my usual schedule
SYNEXP_03382,performance,Positive,performance has remained steady after weeks of use
SYNEXP_03382,design,Positive,the design is understated and attractive
SYNEXP_03382,camera,Negative,night photos come out soft
SYNEXP_03383,design,Neutral,the build feels ordinary for its price
SYNEXP_03383,performance,Neutral,the speed feels normal for routine use
SYNEXP_03383,camera,Negative,portraits often blur the edges
SYNEXP_03383,display,Neutral,screen brightness is adequate indoors
SYNEXP_03384,display,Negative,display colours look washed out
SYNEXP_03384,design,Negative,the finish picks up marks easily
SYNEXP_03384,camera,Neutral,video quality meets my basic needs
SYNEXP_03385,display,Positive,text appears crisp on the panel
SYNEXP_03385,battery,Positive,I finish most days with power to spare
SYNEXP_03385,camera,Positive,video remains steady when I walk
SYNEXP_03386,performance,Positive,apps open quickly during everyday use
SYNEXP_03386,camera,Negative,night photos come out soft
SYNEXP_03386,display,Neutral,the panel does its job without surprises
SYNEXP_03387,camera,Positive,portraits look sharp without much effort
SYNEXP_03387,design,Positive,the design is understated and attractive
SYNEXP_03388,performance,Negative,menus sometimes lag behind my taps
SYNEXP_03388,display,Neutral,colours look fairly standard
SYNEXP_03389,display,Positive,text appears crisp on the panel
SYNEXP_03389,design,Positive,the build feels solid in my hand
SYNEXP_03390,display,Positive,screen colours look balanced
SYNEXP_03390,battery,Neutral,charging speed feels fairly ordinary
SYNEXP_03390,design,Neutral,its weight is manageable
SYNEXP_03390,camera,Positive,photos retain pleasing detail in daylight
SYNEXP_03391,display,Negative,scrolling does not feel as smooth as expected
SYNEXP_03391,battery,Negative,charging feels slow when I am in a hurry
SYNEXP_03391,camera,Positive,photos retain pleasing detail in daylight
SYNEXP_03391,design,Negative,the frame feels less sturdy than expected
SYNEXP_03392,performance,Negative,apps pause when I switch between them
SYNEXP_03392,battery,Positive,charging has fitted well into my routine
SYNEXP_03392,display,Negative,fine text looks less sharp than I hoped
SYNEXP_03392,camera,Negative,portraits often blur the edges
SYNEXP_03393,display,Neutral,the panel does its job without surprises
SYNEXP_03393,camera,Neutral,video quality meets my basic needs
SYNEXP_03393,design,Positive,its shape is comfortable to hold
SYNEXP_03394,camera,Positive,photos retain pleasing detail in daylight
SYNEXP_03394,display,Positive,brightness adjusts well in changing light
SYNEXP_03395,display,Neutral,colours look fairly standard
SYNEXP_03395,camera,Neutral,the camera is fine for casual photos
SYNEXP_03396,display,Neutral,the panel does its job without surprises
SYNEXP_03396,battery,Neutral,charging speed feels fairly ordinary
SYNEXP_03396,performance,Positive,animations feel fluid
SYNEXP_03397,camera,Positive,portraits look sharp without much effort
SYNEXP_03397,performance,Positive,the phone stays responsive under a busy workload
SYNEXP_03398,performance,Negative,the device warms up and slows down during games
SYNEXP_03398,design,Neutral,the design is practical rather than memorable
SYNEXP_03398,battery,Neutral,battery life is adequate for my usual schedule
SYNEXP_03398,camera,Positive,video remains steady when I walk
SYNEXP_03399,camera,Negative,night photos come out soft
SYNEXP_03399,design,Negative,the finish picks up marks easily
SYNEXP_03399,display,Neutral,colours look fairly standard
SYNEXP_03399,performance,Neutral,the speed feels normal for routine use
SYNEXP_03400,design,Positive,the design is understated and attractive
SYNEXP_03400,display,Negative,touch response occasionally misses a swipe
SYNEXP_03401,design,Positive,the finish has held up well
SYNEXP_03401,performance,Negative,performance drops when several apps are open
SYNEXP_03402,display,Negative,display colours look washed out
SYNEXP_03402,performance,Neutral,the speed feels normal for routine use
SYNEXP_03402,battery,Negative,power drops quickly during navigation
SYNEXP_03403,design,Negative,the buttons are difficult to reach
SYNEXP_03403,camera,Negative,colours in photos sometimes look unnatural
SYNEXP_03404,camera,Neutral,image quality is acceptable in good light
SYNEXP_03404,display,Positive,the display makes videos enjoyable
SYNEXP_03404,performance,Negative,the phone feels sluggish after a few minutes
SYNEXP_03405,camera,Negative,portraits often blur the edges
SYNEXP_03405,performance,Negative,performance drops when several apps are open
SYNEXP_03406,performance,Negative,gaming sessions bring noticeable stutter
SYNEXP_03406,camera,Positive,focus locks on reliably for quick shots
SYNEXP_03406,battery,Neutral,charging speed feels fairly ordinary
SYNEXP_03407,design,Neutral,the physical layout takes little time to learn
SYNEXP_03407,performance,Neutral,performance is adequate for basic tasks
SYNEXP_03407,battery,Positive,it rarely needs a midday top-up
SYNEXP_03407,display,Negative,fine text looks less sharp than I hoped
SYNEXP_03408,performance,Neutral,multitasking is workable without standing out
SYNEXP_03408,display,Positive,scrolling looks smooth
SYNEXP_03408,camera,Negative,the camera loses detail indoors
SYNEXP_03408,battery,Positive,the battery holds up during long commutes
SYNEXP_03409,performance,Positive,switching between tasks feels smooth
SYNEXP_03409,display,Positive,the display makes videos enjoyable
SYNEXP_03409,design,Positive,the build feels solid in my hand
SYNEXP_03410,design,Positive,the buttons feel thoughtfully placed
SYNEXP_03410,display,Neutral,the display is usable in most places
SYNEXP_03410,battery,Positive,the battery holds up during long commutes
SYNEXP_03411,design,Positive,the buttons feel thoughtfully placed
SYNEXP_03411,battery,Positive,charging has fitted well into my routine
SYNEXP_03412,display,Positive,the display makes videos enjoyable
SYNEXP_03412,performance,Negative,performance drops when several apps are open
SYNEXP_03412,design,Neutral,the design is practical rather than memorable
SYNEXP_03413,design,Positive,the build feels solid in my hand
SYNEXP_03413,battery,Negative,power drops quickly during navigation
SYNEXP_03414,battery,Neutral,battery life is adequate for my usual schedule
SYNEXP_03414,design,Positive,the design is understated and attractive
SYNEXP_03414,performance,Neutral,performance is adequate for basic tasks
SYNEXP_03415,performance,Positive,switching between tasks feels smooth
SYNEXP_03415,display,Negative,touch response occasionally misses a swipe
SYNEXP_03415,camera,Positive,photos retain pleasing detail in daylight
SYNEXP_03416,design,Negative,the buttons are difficult to reach
SYNEXP_03416,battery,Positive,it rarely needs a midday top-up
SYNEXP_03417,camera,Positive,night photos have been better than expected
SYNEXP_03417,design,Neutral,the design is practical rather than memorable
SYNEXP_03417,battery,Neutral,power use has been neither remarkable nor troublesome
SYNEXP_03418,performance,Positive,performance has remained steady after weeks of use
SYNEXP_03418,battery,Positive,the charge comfortably lasts into the evening
SYNEXP_03418,camera,Negative,the camera loses detail indoors
SYNEXP_03418,display,Negative,fine text looks less sharp than I hoped
SYNEXP_03419,display,Neutral,the panel does its job without surprises
SYNEXP_03419,camera,Negative,night photos come out soft
SYNEXP_03420,display,Neutral,the display is usable in most places
SYNEXP_03420,battery,Neutral,power use has been neither remarkable nor troublesome
SYNEXP_03420,design,Negative,the frame feels less sturdy than expected
SYNEXP_03420,camera,Positive,focus locks on reliably for quick shots
SYNEXP_03421,performance,Negative,the device warms up and slows down during games
SYNEXP_03421,camera,Neutral,image quality is acceptable in good light
SYNEXP_03422,camera,Neutral,image quality is acceptable in good light
SYNEXP_03422,display,Positive,scrolling looks smooth
SYNEXP_03422,performance,Negative,the device warms up and slows down during games
SYNEXP_03422,design,Negative,the finish picks up marks easily
SYNEXP_03423,performance,Negative,menus sometimes lag behind my taps
SYNEXP_03423,design,Negative,the buttons are difficult to reach
SYNEXP_03424,display,Negative,display colours look washed out
SYNEXP_03424,design,Positive,the build feels solid in my hand
SYNEXP_03424,battery,Negative,power drops quickly during navigation
SYNEXP_03425,display,Neutral,screen brightness is adequate indoors
SYNEXP_03425,camera,Negative,colours in photos sometimes look unnatural
SYNEXP_03425,performance,Positive,performance has remained steady after weeks of use
SYNEXP_03425,design,Positive,the design is understated and attractive
SYNEXP_03426,performance,Negative,gaming sessions bring noticeable stutter
SYNEXP_03426,battery,Neutral,battery life is adequate for my usual schedule
SYNEXP_03427,battery,Positive,battery endurance has been dependable
SYNEXP_03427,performance,Negative,menus sometimes lag behind my taps
SYNEXP_03427,display,Positive,text appears crisp on the panel
SYNEXP_03428,battery,Negative,standby drain is noticeable overnight
SYNEXP_03428,performance,Negative,menus sometimes lag behind my taps
SYNEXP_03428,design,Neutral,the build feels ordinary for its price
SYNEXP_03428,camera,Positive,focus locks on reliably for quick shots
SYNEXP_03429,design,Neutral,the build feels ordinary for its price
SYNEXP_03429,battery,Negative,standby drain is noticeable overnight
SYNEXP_03429,display,Positive,brightness adjusts well in changing light
SYNEXP_03429,camera,Negative,portraits often blur the edges
SYNEXP_03430,camera,Positive,the camera captures natural colours
SYNEXP_03430,performance,Neutral,multitasking is workable without standing out
SYNEXP_03430,design,Positive,the build feels solid in my hand
SYNEXP_03431,design,Positive,the finish has held up well
SYNEXP_03431,battery,Positive,it rarely needs a midday top-up
SYNEXP_03431,display,Negative,the screen is hard to read in sunlight
SYNEXP_03431,performance,Positive,animations feel fluid
SYNEXP_03432,performance,Negative,apps pause when I switch between them
SYNEXP_03432,battery,Positive,the charge comfortably lasts into the evening
SYNEXP_03432,display,Positive,scrolling looks smooth
SYNEXP_03432,design,Neutral,the physical layout takes little time to learn
SYNEXP_03433,battery,Neutral,charging speed feels fairly ordinary
SYNEXP_03433,performance,Neutral,multitasking is workable without standing out
SYNEXP_03433,camera,Positive,portraits look sharp without much effort
SYNEXP_03433,design,Positive,the finish has held up well
SYNEXP_03434,performance,Positive,the phone stays responsive under a busy workload
SYNEXP_03434,camera,Neutral,image quality is acceptable in good light
SYNEXP_03434,design,Neutral,the build feels ordinary for its price
SYNEXP_03434,display,Negative,the panel appears dim outdoors
SYNEXP_03435,display,Positive,brightness adjusts well in changing light
SYNEXP_03435,design,Positive,the weight feels well balanced
SYNEXP_03436,camera,Neutral,image quality is acceptable in good light
SYNEXP_03436,display,Neutral,the panel does its job without surprises
SYNEXP_03436,battery,Positive,the battery holds up during long commutes
SYNEXP_03436,design,Neutral,the build feels ordinary for its price
SYNEXP_03437,performance,Positive,games run consistently in my sessions
SYNEXP_03437,design,Positive,the weight feels well balanced
SYNEXP_03437,camera,Neutral,the camera is fine for casual photos
SYNEXP_03437,battery,Negative,the battery struggles on busy days
SYNEXP_03438,performance,Negative,gaming sessions bring noticeable stutter
SYNEXP_03438,design,Negative,the finish picks up marks easily
SYNEXP_03439,performance,Negative,performance drops when several apps are open
SYNEXP_03439,battery,Positive,it rarely needs a midday top-up
SYNEXP_03439,camera,Neutral,the camera feels typical for this range
SYNEXP_03440,camera,Negative,colours in photos sometimes look unnatural
SYNEXP_03440,design,Neutral,its weight is manageable
SYNEXP_03441,battery,Negative,I often need to recharge before dinner
SYNEXP_03441,performance,Negative,gaming sessions bring noticeable stutter
SYNEXP_03441,display,Positive,screen colours look balanced
SYNEXP_03441,camera,Positive,photos retain pleasing detail in daylight
SYNEXP_03442,battery,Positive,it rarely needs a midday top-up
SYNEXP_03442,design,Neutral,the design is practical rather than memorable
SYNEXP_03443,performance,Negative,menus sometimes lag behind my taps
SYNEXP_03443,display,Neutral,the display is usable in most places
SYNEXP_03443,design,Negative,the phone is awkward to hold for long
SYNEXP_03444,design,Negative,the phone is awkward to hold for long
SYNEXP_03444,battery,Positive,battery endurance has been dependable
SYNEXP_03444,display,Negative,the panel appears dim outdoors
SYNEXP_03445,design,Negative,the frame feels less sturdy than expected
SYNEXP_03445,battery,Negative,standby drain is noticeable overnight
SYNEXP_03446,battery,Positive,the battery holds up during long commutes
SYNEXP_03446,performance,Positive,apps open quickly during everyday use
SYNEXP_03447,design,Positive,the build feels solid in my hand
SYNEXP_03447,performance,Positive,animations feel fluid
SYNEXP_03448,camera,Positive,the camera captures natural colours
SYNEXP_03448,battery,Positive,I finish most days with power to spare
SYNEXP_03449,display,Positive,brightness adjusts well in changing light
SYNEXP_03449,performance,Positive,performance has remained steady after weeks of use
SYNEXP_03449,design,Positive,its shape is comfortable to hold
SYNEXP_03449,camera,Negative,autofocus misses moving subjects
SYNEXP_03450,camera,Positive,video remains steady when I walk
SYNEXP_03450,performance,Positive,animations feel fluid
SYNEXP_03450,display,Neutral,colours look fairly standard
SYNEXP_03450,design,Neutral,its weight is manageable
SYNEXP_03451,design,Negative,the buttons are difficult to reach
SYNEXP_03451,performance,Positive,switching between tasks feels smooth
SYNEXP_03451,battery,Positive,the charge comfortably lasts into the evening
SYNEXP_03452,performance,Neutral,apps run at a reasonable pace
SYNEXP_03452,display,Neutral,screen brightness is adequate indoors
SYNEXP_03452,camera,Positive,the camera captures natural colours
SYNEXP_03453,display,Negative,scrolling does not feel as smooth as expected
SYNEXP_03453,battery,Negative,I often need to recharge before dinner
SYNEXP_03453,performance,Positive,apps open quickly during everyday use
SYNEXP_03453,camera,Positive,the camera captures natural colours
SYNEXP_03454,battery,Neutral,battery life is adequate for my usual schedule
SYNEXP_03454,camera,Positive,night photos have been better than expected
SYNEXP_03454,performance,Negative,menus sometimes lag behind my taps
SYNEXP_03455,camera,Positive,video remains steady when I walk
SYNEXP_03455,performance,Positive,switching between tasks feels smooth
SYNEXP_03456,display,Negative,scrolling does not feel as smooth as expected
SYNEXP_03456,camera,Positive,focus locks on reliably for quick shots
SYNEXP_03457,battery,Negative,standby drain is noticeable overnight
SYNEXP_03457,display,Neutral,screen brightness is adequate indoors
SYNEXP_03457,camera,Positive,night photos have been better than expected
SYNEXP_03457,performance,Positive,games run consistently in my sessions
SYNEXP_03458,battery,Negative,charging feels slow when I am in a hurry
SYNEXP_03458,design,Positive,its shape is comfortable to hold
SYNEXP_03458,performance,Positive,games run consistently in my sessions
SYNEXP_03458,camera,Neutral,video quality meets my basic needs
SYNEXP_03459,display,Positive,the display makes videos enjoyable
SYNEXP_03459,design,Neutral,the physical layout takes little time to learn
SYNEXP_03460,performance,Negative,gaming sessions bring noticeable stutter
SYNEXP_03460,battery,Neutral,battery life is adequate for my usual schedule
SYNEXP_03460,display,Negative,the screen is hard to read in sunlight
SYNEXP_03461,display,Positive,scrolling looks smooth
SYNEXP_03461,design,Negative,the finish picks up marks easily
SYNEXP_03462,camera,Positive,night photos have been better than expected
SYNEXP_03462,design,Positive,its shape is comfortable to hold
SYNEXP_03462,battery,Positive,it rarely needs a midday top-up
SYNEXP_03462,performance,Neutral,performance is adequate for basic tasks
SYNEXP_03463,performance,Positive,the phone stays responsive under a busy workload
SYNEXP_03463,camera,Negative,autofocus misses moving subjects
SYNEXP_03463,battery,Neutral,battery life is adequate for my usual schedule
SYNEXP_03463,display,Negative,the panel appears dim outdoors
SYNEXP_03464,design,Neutral,the design is practical rather than memorable
SYNEXP_03464,display,Negative,touch response occasionally misses a swipe
SYNEXP_03464,battery,Neutral,battery life is adequate for my usual schedule
SYNEXP_03465,camera,Negative,night photos come out soft
SYNEXP_03465,performance,Neutral,performance is adequate for basic tasks
SYNEXP_03465,design,Neutral,the physical layout takes little time to learn
SYNEXP_03466,design,Positive,the buttons feel thoughtfully placed
SYNEXP_03466,battery,Positive,the battery holds up during long commutes
SYNEXP_03466,camera,Negative,portraits often blur the edges
SYNEXP_03467,display,Positive,screen colours look balanced
SYNEXP_03467,battery,Positive,I finish most days with power to spare
SYNEXP_03468,performance,Neutral,the speed feels normal for routine use
SYNEXP_03468,design,Positive,the finish has held up well
SYNEXP_03468,camera,Neutral,the camera feels typical for this range
SYNEXP_03468,battery,Positive,battery endurance has been dependable
SYNEXP_03469,camera,Negative,video looks shaky when I move
SYNEXP_03469,display,Neutral,the panel does its job without surprises
SYNEXP_03469,performance,Neutral,multitasking is workable without standing out
SYNEXP_03470,design,Negative,the phone is awkward to hold for long
SYNEXP_03470,display,Positive,scrolling looks smooth
SYNEXP_03470,battery,Negative,power drops quickly during navigation
SYNEXP_03471,battery,Positive,charging has fitted well into my routine
SYNEXP_03471,performance,Positive,the phone stays responsive under a busy workload
SYNEXP_03471,camera,Neutral,the camera feels typical for this range
SYNEXP_03472,display,Positive,the display makes videos enjoyable
SYNEXP_03472,performance,Neutral,the speed feels normal for routine use
SYNEXP_03472,battery,Positive,charging has fitted well into my routine
SYNEXP_03472,design,Neutral,its weight is manageable
SYNEXP_03473,display,Positive,scrolling looks smooth
SYNEXP_03473,performance,Negative,the device warms up and slows down during games
SYNEXP_03473,design,Negative,the phone is awkward to hold for long
SYNEXP_03474,battery,Negative,power drops quickly during navigation
SYNEXP_03474,design,Neutral,the design is practical rather than memorable
SYNEXP_03475,battery,Negative,the battery drains faster than I expected
SYNEXP_03475,design,Neutral,the build feels ordinary for its price
SYNEXP_03475,camera,Neutral,video quality meets my basic needs
SYNEXP_03475,display,Neutral,the panel does its job without surprises
SYNEXP_03476,camera,Negative,portraits often blur the edges
SYNEXP_03476,performance,Positive,the phone stays responsive under a busy workload
SYNEXP_03476,battery,Positive,it rarely needs a midday top-up
SYNEXP_03476,display,Negative,display colours look washed out
SYNEXP_03477,display,Positive,screen colours look balanced
SYNEXP_03477,camera,Positive,night photos have been better than expected
SYNEXP_03478,battery,Neutral,the battery gets me through an average day
SYNEXP_03478,performance,Positive,performance has remained steady after weeks of use
SYNEXP_03479,performance,Positive,the phone stays responsive under a busy workload
SYNEXP_03479,camera,Negative,colours in photos sometimes look unnatural
SYNEXP_03480,camera,Positive,video remains steady when I walk
SYNEXP_03480,battery,Positive,the charge comfortably lasts into the evening
SYNEXP_03481,design,Negative,the design feels bulky in a pocket
SYNEXP_03481,battery,Positive,I finish most days with power to spare
SYNEXP_03481,camera,Positive,the camera captures natural colours
SYNEXP_03482,performance,Neutral,multitasking is workable without standing out
SYNEXP_03482,design,Neutral,its weight is manageable
SYNEXP_03483,battery,Negative,the battery struggles on busy days
SYNEXP_03483,camera,Negative,autofocus misses moving subjects
SYNEXP_03484,display,Positive,brightness adjusts well in changing light
SYNEXP_03484,battery,Positive,it rarely needs a midday top-up
SYNEXP_03484,design,Neutral,the design is practical rather than memorable
SYNEXP_03485,camera,Positive,night photos have been better than expected
SYNEXP_03485,design,Negative,the phone is awkward to hold for long
SYNEXP_03485,battery,Positive,charging has fitted well into my routine
SYNEXP_03486,design,Neutral,the build feels ordinary for its price
SYNEXP_03486,battery,Neutral,battery life is adequate for my usual schedule
SYNEXP_03487,camera,Positive,focus locks on reliably for quick shots
SYNEXP_03487,battery,Neutral,charging speed feels fairly ordinary
SYNEXP_03488,display,Positive,screen colours look balanced
SYNEXP_03488,camera,Negative,the camera loses detail indoors
SYNEXP_03488,performance,Positive,performance has remained steady after weeks of use
SYNEXP_03489,camera,Positive,photos retain pleasing detail in daylight
SYNEXP_03489,display,Negative,the screen is hard to read in sunlight
SYNEXP_03489,battery,Positive,charging has fitted well into my routine
SYNEXP_03490,performance,Neutral,apps run at a reasonable pace
SYNEXP_03490,camera,Positive,night photos have been better than expected
SYNEXP_03491,display,Positive,scrolling looks smooth
SYNEXP_03491,battery,Neutral,battery life is adequate for my usual schedule
SYNEXP_03492,performance,Positive,switching between tasks feels smooth
SYNEXP_03492,display,Negative,the screen is hard to read in sunlight
SYNEXP_03493,display,Positive,the display makes videos enjoyable
SYNEXP_03493,battery,Positive,the charge comfortably lasts into the evening
SYNEXP_03493,camera,Neutral,video quality meets my basic needs
SYNEXP_03494,performance,Positive,performance has remained steady after weeks of use
SYNEXP_03494,battery,Positive,I finish most days with power to spare
SYNEXP_03495,camera,Negative,colours in photos sometimes look unnatural
SYNEXP_03495,battery,Neutral,power use has been neither remarkable nor troublesome
SYNEXP_03495,display,Neutral,screen brightness is adequate indoors
SYNEXP_03496,display,Positive,the display makes videos enjoyable
SYNEXP_03496,performance,Neutral,the speed feels normal for routine use
SYNEXP_03497,display,Positive,screen colours look balanced
SYNEXP_03497,camera,Positive,video remains steady when I walk
SYNEXP_03498,display,Negative,scrolling does not feel as smooth as expected
SYNEXP_03498,camera,Neutral,video quality meets my basic needs
SYNEXP_03498,performance,Negative,the device warms up and slows down during games
SYNEXP_03498,battery,Negative,standby drain is noticeable overnight
SYNEXP_03499,display,Neutral,screen brightness is adequate indoors
SYNEXP_03499,performance,Negative,performance drops when several apps are open
SYNEXP_03499,battery,Positive,the battery holds up during long commutes
SYNEXP_03499,design,Neutral,the physical layout takes little time to learn
SYNEXP_03500,performance,Negative,the phone feels sluggish after a few minutes
SYNEXP_03500,camera,Positive,focus locks on reliably for quick shots
SYNEXP_03500,display,Positive,the display makes videos enjoyable
SYNEXP_03500,battery,Neutral,the battery gets me through an average day
SYNEXP_03501,performance,Positive,games run consistently in my sessions
SYNEXP_03501,design,Negative,the frame feels less sturdy than expected
SYNEXP_03501,battery,Negative,the battery drains faster than I expected
SYNEXP_03502,display,Negative,touch response occasionally misses a swipe
SYNEXP_03502,performance,Positive,games run consistently in my sessions
SYNEXP_03502,camera,Positive,the camera captures natural colours
SYNEXP_03502,design,Neutral,the build feels ordinary for its price
SYNEXP_03503,design,Negative,the weight becomes tiring after a while
SYNEXP_03503,performance,Positive,animations feel fluid
SYNEXP_03503,display,Positive,screen colours look balanced
SYNEXP_03503,battery,Neutral,the battery gets me through an average day
SYNEXP_03504,display,Positive,the display makes videos enjoyable
SYNEXP_03504,battery,Positive,charging has fitted well into my routine
SYNEXP_03504,performance,Positive,the phone stays responsive under a busy workload
SYNEXP_03505,performance,Neutral,performance is adequate for basic tasks
SYNEXP_03505,display,Neutral,the panel does its job without surprises
SYNEXP_03506,battery,Neutral,power use has been neither remarkable nor troublesome
SYNEXP_03506,display,Negative,display colours look washed out
SYNEXP_03506,performance,Negative,apps pause when I switch between them
SYNEXP_03507,design,Negative,the buttons are difficult to reach
SYNEXP_03507,performance,Negative,the device warms up and slows down during games
SYNEXP_03508,performance,Positive,performance has remained steady after weeks of use
SYNEXP_03508,display,Neutral,colours look fairly standard
SYNEXP_03509,performance,Neutral,the speed feels normal for routine use
SYNEXP_03509,display,Positive,brightness adjusts well in changing light
SYNEXP_03509,camera,Positive,video remains steady when I walk
SYNEXP_03510,camera,Neutral,image quality is acceptable in good light
SYNEXP_03510,performance,Positive,switching between tasks feels smooth
SYNEXP_03511,camera,Negative,the camera loses detail indoors
SYNEXP_03511,performance,Neutral,apps run at a reasonable pace
SYNEXP_03511,design,Neutral,the build feels ordinary for its price
SYNEXP_03512,display,Negative,display colours look washed out
SYNEXP_03512,battery,Negative,I often need to recharge before dinner
SYNEXP_03513,battery,Neutral,battery life is adequate for my usual schedule
SYNEXP_03513,design,Positive,the buttons feel thoughtfully placed
SYNEXP_03513,display,Negative,touch response occasionally misses a swipe
SYNEXP_03513,performance,Positive,apps open quickly during everyday use
SYNEXP_03514,design,Negative,the weight becomes tiring after a while
SYNEXP_03514,camera,Positive,video remains steady when I walk
SYNEXP_03515,performance,Positive,animations feel fluid
SYNEXP_03515,display,Negative,fine text looks less sharp than I hoped
SYNEXP_03516,display,Positive,brightness adjusts well in changing light
SYNEXP_03516,battery,Positive,I finish most days with power to spare
SYNEXP_03516,camera,Negative,colours in photos sometimes look unnatural
SYNEXP_03516,design,Negative,the design feels bulky in a pocket
SYNEXP_03517,camera,Positive,the camera captures natural colours
SYNEXP_03517,design,Positive,the build feels solid in my hand
SYNEXP_03518,camera,Negative,night photos come out soft
SYNEXP_03518,performance,Positive,switching between tasks feels smooth
SYNEXP_03518,display,Negative,fine text looks less sharp than I hoped
SYNEXP_03519,battery,Neutral,power use has been neither remarkable nor troublesome
SYNEXP_03519,display,Positive,brightness adjusts well in changing light
SYNEXP_03519,performance,Negative,the device warms up and slows down during games
SYNEXP_03519,design,Neutral,the design is practical rather than memorable
SYNEXP_03520,design,Positive,the build feels solid in my hand
SYNEXP_03520,performance,Negative,performance drops when several apps are open
SYNEXP_03520,camera,Negative,video looks shaky when I move
SYNEXP_03521,battery,Positive,the battery holds up during long commutes
SYNEXP_03521,design,Positive,the finish has held up well
SYNEXP_03521,camera,Positive,portraits look sharp without much effort
SYNEXP_03522,performance,Negative,gaming sessions bring noticeable stutter
SYNEXP_03522,design,Neutral,the build feels ordinary for its price
SYNEXP_03522,display,Positive,scrolling looks smooth
SYNEXP_03523,performance,Positive,switching between tasks feels smooth
SYNEXP_03523,design,Negative,the phone is awkward to hold for long
SYNEXP_03523,display,Negative,display colours look washed out
SYNEXP_03523,battery,Neutral,power use has been neither remarkable nor troublesome
SYNEXP_03524,display,Neutral,colours look fairly standard
SYNEXP_03524,battery,Neutral,the battery gets me through an average day
SYNEXP_03524,camera,Neutral,the camera is fine for casual photos
SYNEXP_03525,design,Positive,its shape is comfortable to hold
SYNEXP_03525,performance,Positive,apps open quickly during everyday use
SYNEXP_03525,battery,Negative,charging feels slow when I am in a hurry
SYNEXP_03525,display,Neutral,screen brightness is adequate indoors
SYNEXP_03526,battery,Positive,the battery holds up during long commutes
SYNEXP_03526,camera,Positive,the camera captures natural colours
SYNEXP_03527,display,Negative,fine text looks less sharp than I hoped
SYNEXP_03527,performance,Positive,switching between tasks feels smooth
SYNEXP_03528,display,Negative,the screen is hard to read in sunlight
SYNEXP_03528,performance,Neutral,performance is adequate for basic tasks
SYNEXP_03528,design,Neutral,the design is practical rather than memorable
SYNEXP_03529,design,Negative,the finish picks up marks easily
SYNEXP_03529,battery,Neutral,the battery gets me through an average day
SYNEXP_03529,camera,Negative,colours in photos sometimes look unnatural
SYNEXP_03529,performance,Positive,apps open quickly during everyday use
SYNEXP_03530,display,Negative,scrolling does not feel as smooth as expected
SYNEXP_03530,battery,Negative,charging feels slow when I am in a hurry
SYNEXP_03530,performance,Negative,the phone feels sluggish after a few minutes
SYNEXP_03531,design,Negative,the frame feels less sturdy than expected
SYNEXP_03531,battery,Positive,I finish most days with power to spare
SYNEXP_03531,camera,Neutral,video quality meets my basic needs
SYNEXP_03531,performance,Positive,games run consistently in my sessions
SYNEXP_03532,display,Positive,scrolling looks smooth
SYNEXP_03532,performance,Positive,games run consistently in my sessions
SYNEXP_03532,battery,Negative,I often need to recharge before dinner
SYNEXP_03533,camera,Positive,focus locks on reliably for quick shots
SYNEXP_03533,display,Positive,scrolling looks smooth
SYNEXP_03533,design,Positive,its shape is comfortable to hold
SYNEXP_03534,performance,Negative,apps pause when I switch between them
SYNEXP_03534,display,Negative,touch response occasionally misses a swipe
SYNEXP_03534,camera,Positive,video remains steady when I walk
SYNEXP_03534,battery,Neutral,the battery gets me through an average day
SYNEXP_03535,design,Positive,the finish has held up well
SYNEXP_03535,camera,Neutral,image quality is acceptable in good light
SYNEXP_03536,battery,Neutral,charging speed feels fairly ordinary
SYNEXP_03536,design,Positive,its shape is comfortable to hold
SYNEXP_03537,camera,Neutral,the camera is fine for casual photos
SYNEXP_03537,display,Positive,text appears crisp on the panel
SYNEXP_03537,design,Positive,the weight feels well balanced
SYNEXP_03537,battery,Positive,I finish most days with power to spare
SYNEXP_03538,battery,Negative,the battery drains faster than I expected
SYNEXP_03538,display,Neutral,screen brightness is adequate indoors
SYNEXP_03539,camera,Positive,video remains steady when I walk
SYNEXP_03539,design,Negative,the buttons are difficult to reach
SYNEXP_03539,performance,Neutral,apps run at a reasonable pace
SYNEXP_03540,camera,Negative,portraits often blur the edges
SYNEXP_03540,battery,Negative,I often need to recharge before dinner
SYNEXP_03540,design,Neutral,the build feels ordinary for its price
SYNEXP_03541,performance,Positive,performance has remained steady after weeks of use
SYNEXP_03541,battery,Negative,standby drain is noticeable overnight
SYNEXP_03541,display,Neutral,the panel does its job without surprises
SYNEXP_03542,performance,Positive,switching between tasks feels smooth
SYNEXP_03542,design,Negative,the finish picks up marks easily
SYNEXP_03543,camera,Negative,portraits often blur the edges
SYNEXP_03543,design,Neutral,the design is practical rather than memorable
SYNEXP_03543,battery,Neutral,the battery gets me through an average day
SYNEXP_03543,display,Positive,screen colours look balanced
SYNEXP_03544,camera,Neutral,the camera is fine for casual photos
SYNEXP_03544,battery,Negative,standby drain is noticeable overnight
SYNEXP_03544,performance,Negative,menus sometimes lag behind my taps
SYNEXP_03545,performance,Negative,the device warms up and slows down during games
SYNEXP_03545,display,Negative,the screen is hard to read in sunlight
SYNEXP_03545,battery,Neutral,battery life is adequate for my usual schedule
SYNEXP_03546,performance,Negative,menus sometimes lag behind my taps
SYNEXP_03546,battery,Neutral,power use has been neither remarkable nor troublesome
SYNEXP_03547,camera,Negative,video looks shaky when I move
SYNEXP_03547,display,Positive,scrolling looks smooth
SYNEXP_03547,design,Negative,the weight becomes tiring after a while
SYNEXP_03548,display,Positive,the display stays readable outdoors
SYNEXP_03548,camera,Negative,colours in photos sometimes look unnatural
SYNEXP_03549,camera,Neutral,video quality meets my basic needs
SYNEXP_03549,design,Positive,the finish has held up well
SYNEXP_03549,performance,Neutral,performance is adequate for basic tasks
SYNEXP_03549,battery,Neutral,battery life is adequate for my usual schedule
SYNEXP_03550,camera,Negative,the camera loses detail indoors
SYNEXP_03550,performance,Neutral,apps run at a reasonable pace
SYNEXP_03550,design,Positive,the finish has held up well
SYNEXP_03550,display,Neutral,the panel does its job without surprises
SYNEXP_03551,battery,Neutral,battery life is adequate for my usual schedule
SYNEXP_03551,display,Negative,the screen is hard to read in sunlight
SYNEXP_03552,design,Positive,the build feels solid in my hand
SYNEXP_03552,display,Negative,fine text looks less sharp than I hoped
SYNEXP_03552,battery,Positive,charging has fitted well into my routine
SYNEXP_03553,performance,Positive,animations feel fluid
SYNEXP_03553,design,Positive,the buttons feel thoughtfully placed
SYNEXP_03553,battery,Neutral,power use has been neither remarkable nor troublesome
SYNEXP_03554,camera,Positive,photos retain pleasing detail in daylight
SYNEXP_03554,design,Positive,the build feels solid in my hand
SYNEXP_03554,display,Positive,the display makes videos enjoyable
SYNEXP_03554,battery,Neutral,battery life is adequate for my usual schedule
SYNEXP_03555,display,Positive,scrolling looks smooth
SYNEXP_03555,battery,Positive,it rarely needs a midday top-up
SYNEXP_03556,camera,Neutral,the camera is fine for casual photos
SYNEXP_03556,design,Positive,the build feels solid in my hand
SYNEXP_03556,battery,Neutral,power use has been neither remarkable nor troublesome
SYNEXP_03556,performance,Positive,animations feel fluid
SYNEXP_03557,design,Negative,the weight becomes tiring after a while
SYNEXP_03557,display,Neutral,screen brightness is adequate indoors
SYNEXP_03558,design,Positive,the design is understated and attractive
SYNEXP_03558,battery,Positive,battery endurance has been dependable
SYNEXP_03559,camera,Neutral,the camera feels typical for this range
SYNEXP_03559,display,Negative,the panel appears dim outdoors
SYNEXP_03559,battery,Neutral,power use has been neither remarkable nor troublesome
SYNEXP_03559,design,Positive,the design is understated and attractive
SYNEXP_03560,performance,Positive,games run consistently in my sessions
SYNEXP_03560,battery,Positive,it rarely needs a midday top-up
SYNEXP_03561,design,Positive,the build feels solid in my hand
SYNEXP_03561,battery,Neutral,power use has been neither remarkable nor troublesome
SYNEXP_03562,performance,Negative,the device warms up and slows down during games
SYNEXP_03562,battery,Positive,it rarely needs a midday top-up
SYNEXP_03562,display,Neutral,colours look fairly standard
SYNEXP_03562,design,Positive,the finish has held up well
SYNEXP_03563,performance,Positive,apps open quickly during everyday use
SYNEXP_03563,camera,Negative,the camera loses detail indoors
SYNEXP_03563,design,Negative,the buttons are difficult to reach
SYNEXP_03564,battery,Positive,I finish most days with power to spare
SYNEXP_03564,performance,Negative,performance drops when several apps are open
SYNEXP_03564,design,Positive,its shape is comfortable to hold
SYNEXP_03565,performance,Neutral,apps run at a reasonable pace
SYNEXP_03565,display,Positive,scrolling looks smooth
SYNEXP_03565,battery,Negative,power drops quickly during navigation
SYNEXP_03565,camera,Positive,video remains steady when I walk
SYNEXP_03566,design,Positive,the design is understated and attractive
SYNEXP_03566,camera,Positive,photos retain pleasing detail in daylight
SYNEXP_03566,display,Positive,text appears crisp on the panel
SYNEXP_03566,performance,Positive,animations feel fluid
SYNEXP_03567,battery,Positive,the battery holds up during long commutes
SYNEXP_03567,display,Negative,the screen is hard to read in sunlight
SYNEXP_03568,battery,Neutral,charging speed feels fairly ordinary
SYNEXP_03568,display,Positive,the display makes videos enjoyable
SYNEXP_03569,display,Neutral,the display is usable in most places
SYNEXP_03569,camera,Neutral,image quality is acceptable in good light
SYNEXP_03569,performance,Negative,performance drops when several apps are open
SYNEXP_03569,battery,Neutral,the battery gets me through an average day
SYNEXP_03570,display,Negative,touch response occasionally misses a swipe
SYNEXP_03570,design,Positive,the build feels solid in my hand
SYNEXP_03570,performance,Neutral,the speed feels normal for routine use
SYNEXP_03571,camera,Negative,autofocus misses moving subjects
SYNEXP_03571,display,Negative,the panel appears dim outdoors
SYNEXP_03572,camera,Negative,colours in photos sometimes look unnatural
SYNEXP_03572,performance,Positive,performance has remained steady after weeks of use
SYNEXP_03572,display,Negative,the panel appears dim outdoors
SYNEXP_03573,performance,Positive,apps open quickly during everyday use
SYNEXP_03573,display,Neutral,screen brightness is adequate indoors
SYNEXP_03573,design,Positive,the design is understated and attractive
SYNEXP_03573,battery,Positive,battery endurance has been dependable
SYNEXP_03574,display,Positive,brightness adjusts well in changing light
SYNEXP_03574,battery,Positive,I finish most days with power to spare
SYNEXP_03574,design,Neutral,the physical layout takes little time to learn
SYNEXP_03574,performance,Negative,apps pause when I switch between them
SYNEXP_03575,display,Positive,scrolling looks smooth
SYNEXP_03575,design,Negative,the buttons are difficult to reach
SYNEXP_03575,performance,Positive,performance has remained steady after weeks of use
SYNEXP_03575,battery,Positive,it rarely needs a midday top-up
SYNEXP_03576,camera,Positive,photos retain pleasing detail in daylight
SYNEXP_03576,performance,Positive,animations feel fluid
SYNEXP_03576,design,Positive,the buttons feel thoughtfully placed
SYNEXP_03577,performance,Negative,the phone feels sluggish after a few minutes
SYNEXP_03577,design,Positive,the build feels solid in my hand
SYNEXP_03578,display,Neutral,screen brightness is adequate indoors
SYNEXP_03578,camera,Negative,portraits often blur the edges
SYNEXP_03579,display,Neutral,screen brightness is adequate indoors
SYNEXP_03579,camera,Negative,colours in photos sometimes look unnatural
SYNEXP_03580,design,Neutral,the build feels ordinary for its price
SYNEXP_03580,battery,Neutral,battery life is adequate for my usual schedule
SYNEXP_03581,design,Positive,its shape is comfortable to hold
SYNEXP_03581,battery,Negative,power drops quickly during navigation
SYNEXP_03581,camera,Negative,autofocus misses moving subjects
SYNEXP_03582,design,Negative,the phone is awkward to hold for long
SYNEXP_03582,display,Neutral,the panel does its job without surprises
SYNEXP_03583,design,Positive,its shape is comfortable to hold
SYNEXP_03583,performance,Positive,the phone stays responsive under a busy workload
SYNEXP_03584,performance,Positive,animations feel fluid
SYNEXP_03584,battery,Neutral,charging speed feels fairly ordinary
SYNEXP_03584,display,Positive,scrolling looks smooth
SYNEXP_03584,design,Negative,the finish picks up marks easily
SYNEXP_03585,display,Negative,the screen is hard to read in sunlight
SYNEXP_03585,design,Positive,the build feels solid in my hand
SYNEXP_03585,battery,Neutral,battery life is adequate for my usual schedule
SYNEXP_03586,performance,Positive,animations feel fluid
SYNEXP_03586,display,Positive,the display makes videos enjoyable
SYNEXP_03586,battery,Positive,battery endurance has been dependable
SYNEXP_03587,design,Positive,the finish has held up well
SYNEXP_03587,display,Negative,display colours look washed out
SYNEXP_03587,camera,Negative,the camera loses detail indoors
SYNEXP_03587,battery,Neutral,power use has been neither remarkable nor troublesome
SYNEXP_03588,battery,Neutral,battery life is adequate for my usual schedule
SYNEXP_03588,performance,Positive,the phone stays responsive under a busy workload
SYNEXP_03589,battery,Neutral,charging speed feels fairly ordinary
SYNEXP_03589,display,Negative,touch response occasionally misses a swipe
SYNEXP_03589,camera,Positive,photos retain pleasing detail in daylight
SYNEXP_03589,design,Positive,the design is understated and attractive
SYNEXP_03590,design,Positive,the weight feels well balanced
SYNEXP_03590,performance,Negative,the device warms up and slows down during games
SYNEXP_03591,performance,Neutral,apps run at a reasonable pace
SYNEXP_03591,camera,Neutral,image quality is acceptable in good light
SYNEXP_03591,display,Positive,scrolling looks smooth
SYNEXP_03592,design,Negative,the phone is awkward to hold for long
SYNEXP_03592,camera,Negative,colours in photos sometimes look unnatural
SYNEXP_03593,performance,Negative,gaming sessions bring noticeable stutter
SYNEXP_03593,battery,Neutral,battery life is adequate for my usual schedule
SYNEXP_03594,battery,Negative,power drops quickly during navigation
SYNEXP_03594,display,Negative,fine text looks less sharp than I hoped
SYNEXP_03594,design,Negative,the frame feels less sturdy than expected
SYNEXP_03595,camera,Negative,video looks shaky when I move
SYNEXP_03595,design,Positive,the finish has held up well
SYNEXP_03595,battery,Positive,the charge comfortably lasts into the evening
SYNEXP_03595,performance,Negative,menus sometimes lag behind my taps
SYNEXP_03596,battery,Positive,I finish most days with power to spare
SYNEXP_03596,performance,Negative,performance drops when several apps are open
SYNEXP_03596,camera,Neutral,image quality is acceptable in good light
SYNEXP_03596,design,Positive,the buttons feel thoughtfully placed
SYNEXP_03597,performance,Positive,apps open quickly during everyday use
SYNEXP_03597,design,Positive,the design is understated and attractive
SYNEXP_03597,display,Positive,text appears crisp on the panel
SYNEXP_03598,performance,Neutral,the speed feels normal for routine use
SYNEXP_03598,battery,Positive,the charge comfortably lasts into the evening
SYNEXP_03598,camera,Negative,video looks shaky when I move
SYNEXP_03599,camera,Neutral,the camera feels typical for this range
SYNEXP_03599,display,Negative,touch response occasionally misses a swipe
SYNEXP_03600,performance,Negative,menus sometimes lag behind my taps
SYNEXP_03600,camera,Neutral,video quality meets my basic needs
SYNEXP_03600,design,Positive,the finish has held up well
SYNEXP_03600,display,Negative,touch response occasionally misses a swipe
SYNEXP_03601,performance,Negative,the phone feels sluggish after a few minutes
SYNEXP_03601,camera,Positive,focus locks on reliably for quick shots
SYNEXP_03602,performance,Negative,gaming sessions bring noticeable stutter
SYNEXP_03602,camera,Negative,portraits often blur the edges
SYNEXP_03603,performance,Positive,switching between tasks feels smooth
SYNEXP_03603,design,Positive,the design is understated and attractive
SYNEXP_03603,battery,Negative,the battery struggles on busy days
SYNEXP_03603,camera,Negative,night photos come out soft
SYNEXP_03604,display,Positive,the display stays readable outdoors
SYNEXP_03604,performance,Positive,performance has remained steady after weeks of use
SYNEXP_03605,display,Negative,display colours look washed out
SYNEXP_03605,design,Negative,the weight becomes tiring after a while
SYNEXP_03605,performance,Positive,apps open quickly during everyday use
SYNEXP_03605,battery,Positive,the battery holds up during long commutes
SYNEXP_03606,display,Neutral,screen brightness is adequate indoors
SYNEXP_03606,battery,Positive,charging has fitted well into my routine
SYNEXP_03606,design,Neutral,the physical layout takes little time to learn
SYNEXP_03606,performance,Neutral,apps run at a reasonable pace
SYNEXP_03607,display,Negative,touch response occasionally misses a swipe
SYNEXP_03607,performance,Positive,animations feel fluid
SYNEXP_03607,design,Neutral,the design is practical rather than memorable
SYNEXP_03608,performance,Positive,apps open quickly during everyday use
SYNEXP_03608,design,Negative,the frame feels less sturdy than expected
SYNEXP_03608,display,Negative,the panel appears dim outdoors
SYNEXP_03608,camera,Negative,autofocus misses moving subjects
SYNEXP_03609,performance,Neutral,performance is adequate for basic tasks
SYNEXP_03609,camera,Negative,colours in photos sometimes look unnatural
SYNEXP_03610,battery,Positive,battery endurance has been dependable
SYNEXP_03610,camera,Positive,photos retain pleasing detail in daylight
SYNEXP_03610,display,Negative,scrolling does not feel as smooth as expected
SYNEXP_03611,design,Positive,the buttons feel thoughtfully placed
SYNEXP_03611,performance,Positive,games run consistently in my sessions
SYNEXP_03611,display,Negative,the screen is hard to read in sunlight
SYNEXP_03612,camera,Neutral,video quality meets my basic needs
SYNEXP_03612,display,Positive,the display stays readable outdoors
SYNEXP_03612,design,Negative,the weight becomes tiring after a while
SYNEXP_03612,battery,Positive,battery endurance has been dependable
SYNEXP_03613,performance,Positive,apps open quickly during everyday use
SYNEXP_03613,camera,Neutral,the camera is fine for casual photos
SYNEXP_03613,display,Neutral,the panel does its job without surprises
SYNEXP_03613,design,Positive,the build feels solid in my hand
SYNEXP_03614,display,Negative,scrolling does not feel as smooth as expected
SYNEXP_03614,battery,Positive,I finish most days with power to spare
SYNEXP_03614,camera,Neutral,image quality is acceptable in good light
SYNEXP_03614,design,Neutral,the design is practical rather than memorable
SYNEXP_03615,performance,Positive,animations feel fluid
SYNEXP_03615,design,Negative,the weight becomes tiring after a while
SYNEXP_03615,camera,Negative,portraits often blur the edges
SYNEXP_03615,battery,Neutral,battery life is adequate for my usual schedule
SYNEXP_03616,performance,Negative,performance drops when several apps are open
SYNEXP_03616,display,Neutral,the panel does its job without surprises
SYNEXP_03616,camera,Positive,night photos have been better than expected
SYNEXP_03617,camera,Negative,autofocus misses moving subjects
SYNEXP_03617,display,Negative,touch response occasionally misses a swipe
SYNEXP_03617,battery,Neutral,charging speed feels fairly ordinary
SYNEXP_03618,design,Negative,the finish picks up marks easily
SYNEXP_03618,performance,Positive,animations feel fluid
SYNEXP_03618,battery,Negative,charging feels slow when I am in a hurry
SYNEXP_03618,display,Positive,the display makes videos enjoyable
SYNEXP_03619,performance,Negative,menus sometimes lag behind my taps
SYNEXP_03619,battery,Neutral,the battery gets me through an average day
SYNEXP_03619,camera,Neutral,video quality meets my basic needs
SYNEXP_03620,design,Negative,the buttons are difficult to reach
SYNEXP_03620,display,Negative,display colours look washed out
SYNEXP_03621,design,Negative,the phone is awkward to hold for long
SYNEXP_03621,camera,Negative,video looks shaky when I move
SYNEXP_03621,performance,Positive,apps open quickly during everyday use
SYNEXP_03621,display,Neutral,colours look fairly standard
SYNEXP_03622,camera,Negative,video looks shaky when I move
SYNEXP_03622,design,Positive,the build feels solid in my hand
SYNEXP_03623,performance,Neutral,the speed feels normal for routine use
SYNEXP_03623,design,Positive,its shape is comfortable to hold
SYNEXP_03624,battery,Negative,the battery struggles on busy days
SYNEXP_03624,performance,Negative,menus sometimes lag behind my taps
SYNEXP_03624,camera,Negative,video looks shaky when I move
SYNEXP_03625,display,Neutral,the panel does its job without surprises
SYNEXP_03625,design,Neutral,the build feels ordinary for its price
SYNEXP_03625,performance,Positive,games run consistently in my sessions
SYNEXP_03625,camera,Positive,photos retain pleasing detail in daylight
SYNEXP_03626,camera,Neutral,the camera feels typical for this range
SYNEXP_03626,battery,Negative,the battery struggles on busy days
SYNEXP_03626,design,Positive,the finish has held up well
SYNEXP_03627,battery,Neutral,power use has been neither remarkable nor troublesome
SYNEXP_03627,display,Neutral,the panel does its job without surprises
SYNEXP_03627,design,Positive,the build feels solid in my hand
SYNEXP_03628,performance,Positive,animations feel fluid
SYNEXP_03628,battery,Neutral,the battery gets me through an average day
SYNEXP_03629,performance,Positive,performance has remained steady after weeks of use
SYNEXP_03629,display,Neutral,colours look fairly standard
SYNEXP_03630,design,Neutral,the design is practical rather than memorable
SYNEXP_03630,display,Positive,the display stays readable outdoors
SYNEXP_03630,performance,Negative,the phone feels sluggish after a few minutes
SYNEXP_03630,battery,Positive,the battery holds up during long commutes
SYNEXP_03631,battery,Positive,I finish most days with power to spare
SYNEXP_03631,display,Neutral,the display is usable in most places
SYNEXP_03631,camera,Neutral,image quality is acceptable in good light
SYNEXP_03631,performance,Positive,games run consistently in my sessions
SYNEXP_03632,camera,Negative,colours in photos sometimes look unnatural
SYNEXP_03632,design,Neutral,its weight is manageable
SYNEXP_03632,performance,Neutral,apps run at a reasonable pace
SYNEXP_03632,battery,Negative,I often need to recharge before dinner
SYNEXP_03633,performance,Positive,switching between tasks feels smooth
SYNEXP_03633,display,Negative,the screen is hard to read in sunlight
SYNEXP_03633,camera,Negative,colours in photos sometimes look unnatural
SYNEXP_03634,battery,Neutral,power use has been neither remarkable nor troublesome
SYNEXP_03634,design,Neutral,the design is practical rather than memorable
SYNEXP_03634,performance,Positive,animations feel fluid
SYNEXP_03635,camera,Positive,photos retain pleasing detail in daylight
SYNEXP_03635,battery,Neutral,power use has been neither remarkable nor troublesome
SYNEXP_03636,battery,Positive,battery endurance has been dependable
SYNEXP_03636,performance,Positive,apps open quickly during everyday use
SYNEXP_03637,battery,Positive,battery endurance has been dependable
SYNEXP_03637,display,Neutral,the display is usable in most places
SYNEXP_03637,design,Positive,its shape is comfortable to hold
SYNEXP_03637,camera,Negative,portraits often blur the edges
SYNEXP_03638,camera,Positive,night photos have been better than expected
SYNEXP_03638,display,Neutral,colours look fairly standard
SYNEXP_03638,design,Negative,the buttons are difficult to reach
SYNEXP_03638,performance,Negative,gaming sessions bring noticeable stutter
SYNEXP_03639,design,Positive,the design is understated and attractive
SYNEXP_03639,display,Negative,touch response occasionally misses a swipe
SYNEXP_03639,battery,Positive,it rarely needs a midday top-up
SYNEXP_03640,display,Negative,the screen is hard to read in sunlight
SYNEXP_03640,design,Neutral,the build feels ordinary for its price
SYNEXP_03640,battery,Positive,it rarely needs a midday top-up
SYNEXP_03641,display,Neutral,the panel does its job without surprises
SYNEXP_03641,performance,Neutral,the speed feels normal for routine use
SYNEXP_03642,performance,Neutral,the speed feels normal for routine use
SYNEXP_03642,display,Neutral,the display is usable in most places
SYNEXP_03642,camera,Negative,video looks shaky when I move
SYNEXP_03643,battery,Positive,the charge comfortably lasts into the evening
SYNEXP_03643,display,Negative,display colours look washed out
SYNEXP_03644,design,Positive,its shape is comfortable to hold
SYNEXP_03644,battery,Negative,the battery struggles on busy days
SYNEXP_03644,display,Negative,scrolling does not feel as smooth as expected
SYNEXP_03645,camera,Negative,night photos come out soft
SYNEXP_03645,design,Negative,the frame feels less sturdy than expected
SYNEXP_03646,performance,Positive,animations feel fluid
SYNEXP_03646,display,Neutral,the panel does its job without surprises
SYNEXP_03646,camera,Positive,the camera captures natural colours
SYNEXP_03646,design,Negative,the finish picks up marks easily
SYNEXP_03647,performance,Neutral,the speed feels normal for routine use
SYNEXP_03647,camera,Negative,the camera loses detail indoors
SYNEXP_03648,performance,Negative,performance drops when several apps are open
SYNEXP_03648,design,Negative,the frame feels less sturdy than expected
SYNEXP_03648,battery,Positive,the charge comfortably lasts into the evening
SYNEXP_03648,display,Neutral,the panel does its job without surprises
SYNEXP_03649,display,Negative,display colours look washed out
SYNEXP_03649,design,Neutral,the physical layout takes little time to learn
SYNEXP_03650,display,Positive,the display stays readable outdoors
SYNEXP_03650,battery,Positive,it rarely needs a midday top-up
SYNEXP_03651,display,Positive,brightness adjusts well in changing light
SYNEXP_03651,camera,Positive,photos retain pleasing detail in daylight
SYNEXP_03651,design,Neutral,the design is practical rather than memorable
SYNEXP_03651,battery,Positive,charging has fitted well into my routine
SYNEXP_03652,camera,Neutral,image quality is acceptable in good light
SYNEXP_03652,design,Neutral,the physical layout takes little time to learn
SYNEXP_03653,display,Neutral,the panel does its job without surprises
SYNEXP_03653,battery,Neutral,battery life is adequate for my usual schedule
SYNEXP_03653,performance,Negative,gaming sessions bring noticeable stutter
SYNEXP_03654,display,Neutral,the panel does its job without surprises
SYNEXP_03654,camera,Neutral,the camera feels typical for this range
SYNEXP_03655,camera,Negative,portraits often blur the edges
SYNEXP_03655,battery,Positive,it rarely needs a midday top-up
SYNEXP_03656,battery,Positive,battery endurance has been dependable
SYNEXP_03656,design,Neutral,the physical layout takes little time to learn
SYNEXP_03656,camera,Positive,video remains steady when I walk
SYNEXP_03657,camera,Positive,night photos have been better than expected
SYNEXP_03657,design,Negative,the design feels bulky in a pocket
SYNEXP_03657,battery,Positive,it rarely needs a midday top-up
SYNEXP_03658,display,Neutral,the display is usable in most places
SYNEXP_03658,design,Negative,the finish picks up marks easily
SYNEXP_03658,camera,Positive,video remains steady when I walk
SYNEXP_03659,camera,Neutral,video quality meets my basic needs
SYNEXP_03659,display,Positive,the display stays readable outdoors
SYNEXP_03659,design,Negative,the weight becomes tiring after a while
SYNEXP_03660,battery,Positive,the battery holds up during long commutes
SYNEXP_03660,camera,Positive,portraits look sharp without much effort
SYNEXP_03660,performance,Neutral,the speed feels normal for routine use
SYNEXP_03660,design,Negative,the buttons are difficult to reach
SYNEXP_03661,display,Negative,scrolling does not feel as smooth as expected
SYNEXP_03661,camera,Neutral,image quality is acceptable in good light
SYNEXP_03662,battery,Positive,I finish most days with power to spare
SYNEXP_03662,performance,Negative,the phone feels sluggish after a few minutes
SYNEXP_03662,camera,Negative,portraits often blur the edges
SYNEXP_03663,camera,Neutral,the camera is fine for casual photos
SYNEXP_03663,battery,Positive,the charge comfortably lasts into the evening
SYNEXP_03663,design,Positive,the weight feels well balanced
SYNEXP_03664,performance,Positive,switching between tasks feels smooth
SYNEXP_03664,design,Neutral,the design is practical rather than memorable
SYNEXP_03664,display,Positive,screen colours look balanced
SYNEXP_03665,camera,Negative,colours in photos sometimes look unnatural
SYNEXP_03665,display,Positive,text appears crisp on the panel
SYNEXP_03666,battery,Negative,the battery struggles on busy days
SYNEXP_03666,performance,Positive,games run consistently in my sessions
SYNEXP_03667,performance,Positive,performance has remained steady after weeks of use
SYNEXP_03667,display,Negative,the panel appears dim outdoors
SYNEXP_03667,battery,Negative,I often need to recharge before dinner
SYNEXP_03667,camera,Neutral,the camera is fine for casual photos
SYNEXP_03668,performance,Neutral,multitasking is workable without standing out
SYNEXP_03668,battery,Positive,I finish most days with power to spare
SYNEXP_03668,design,Positive,the weight feels well balanced
SYNEXP_03669,battery,Negative,charging feels slow when I am in a hurry
SYNEXP_03669,display,Negative,touch response occasionally misses a swipe
SYNEXP_03669,camera,Positive,night photos have been better than expected
SYNEXP_03670,battery,Negative,the battery struggles on busy days
SYNEXP_03670,performance,Positive,performance has remained steady after weeks of use
SYNEXP_03670,design,Positive,its shape is comfortable to hold
SYNEXP_03670,camera,Positive,photos retain pleasing detail in daylight
SYNEXP_03671,display,Positive,text appears crisp on the panel
SYNEXP_03671,battery,Neutral,power use has been neither remarkable nor troublesome
SYNEXP_03671,performance,Positive,performance has remained steady after weeks of use
SYNEXP_03671,design,Negative,the phone is awkward to hold for long
SYNEXP_03672,design,Positive,the weight feels well balanced
SYNEXP_03672,camera,Positive,portraits look sharp without much effort
SYNEXP_03673,design,Neutral,the build feels ordinary for its price
SYNEXP_03673,performance,Negative,the phone feels sluggish after a few minutes
SYNEXP_03674,battery,Neutral,battery life is adequate for my usual schedule
SYNEXP_03674,design,Positive,the design is understated and attractive
SYNEXP_03675,design,Negative,the buttons are difficult to reach
SYNEXP_03675,camera,Positive,photos retain pleasing detail in daylight
SYNEXP_03675,performance,Neutral,the speed feels normal for routine use
SYNEXP_03675,battery,Positive,it rarely needs a midday top-up
SYNEXP_03676,camera,Neutral,the camera feels typical for this range
SYNEXP_03676,performance,Neutral,apps run at a reasonable pace
SYNEXP_03676,battery,Positive,the battery holds up during long commutes
SYNEXP_03676,display,Neutral,screen brightness is adequate indoors
SYNEXP_03677,display,Positive,the display makes videos enjoyable
SYNEXP_03677,camera,Positive,portraits look sharp without much effort
SYNEXP_03677,design,Positive,its shape is comfortable to hold
SYNEXP_03678,performance,Negative,menus sometimes lag behind my taps
SYNEXP_03678,camera,Neutral,the camera is fine for casual photos
SYNEXP_03678,design,Negative,the frame feels less sturdy than expected
SYNEXP_03679,battery,Positive,the charge comfortably lasts into the evening
SYNEXP_03679,design,Positive,its shape is comfortable to hold
SYNEXP_03680,design,Negative,the frame feels less sturdy than expected
SYNEXP_03680,battery,Positive,it rarely needs a midday top-up
SYNEXP_03680,performance,Neutral,apps run at a reasonable pace
SYNEXP_03680,camera,Positive,photos retain pleasing detail in daylight
SYNEXP_03681,battery,Neutral,battery life is adequate for my usual schedule
SYNEXP_03681,camera,Positive,portraits look sharp without much effort
SYNEXP_03681,display,Positive,text appears crisp on the panel
SYNEXP_03681,design,Neutral,its weight is manageable
SYNEXP_03682,display,Neutral,screen brightness is adequate indoors
SYNEXP_03682,battery,Positive,it rarely needs a midday top-up
SYNEXP_03682,design,Negative,the buttons are difficult to reach
SYNEXP_03682,camera,Positive,portraits look sharp without much effort
SYNEXP_03683,display,Positive,brightness adjusts well in changing light
SYNEXP_03683,performance,Negative,the phone feels sluggish after a few minutes
SYNEXP_03683,battery,Positive,I finish most days with power to spare
SYNEXP_03684,performance,Positive,switching between tasks feels smooth
SYNEXP_03684,display,Negative,the screen is hard to read in sunlight
SYNEXP_03684,design,Negative,the frame feels less sturdy than expected
SYNEXP_03684,camera,Neutral,the camera feels typical for this range
SYNEXP_03685,performance,Negative,the device warms up and slows down during games
SYNEXP_03685,display,Positive,brightness adjusts well in changing light
SYNEXP_03686,performance,Neutral,the speed feels normal for routine use
SYNEXP_03686,battery,Positive,the charge comfortably lasts into the evening
SYNEXP_03686,camera,Positive,focus locks on reliably for quick shots
SYNEXP_03687,camera,Negative,night photos come out soft
SYNEXP_03687,display,Neutral,screen brightness is adequate indoors
SYNEXP_03688,design,Positive,the finish has held up well
SYNEXP_03688,battery,Negative,charging feels slow when I am in a hurry
SYNEXP_03689,battery,Negative,the battery struggles on busy days
SYNEXP_03689,display,Neutral,the panel does its job without surprises
SYNEXP_03689,camera,Positive,the camera captures natural colours
SYNEXP_03690,battery,Positive,the charge comfortably lasts into the evening
SYNEXP_03690,performance,Negative,apps pause when I switch between them
SYNEXP_03691,display,Neutral,the panel does its job without surprises
SYNEXP_03691,camera,Neutral,video quality meets my basic needs
SYNEXP_03691,performance,Negative,apps pause when I switch between them
SYNEXP_03692,performance,Neutral,performance is adequate for basic tasks
SYNEXP_03692,display,Neutral,the panel does its job without surprises
SYNEXP_03692,design,Positive,the buttons feel thoughtfully placed
SYNEXP_03693,camera,Positive,focus locks on reliably for quick shots
SYNEXP_03693,design,Negative,the finish picks up marks easily
SYNEXP_03693,performance,Positive,switching between tasks feels smooth
SYNEXP_03693,display,Neutral,the panel does its job without surprises
SYNEXP_03694,display,Negative,fine text looks less sharp than I hoped
SYNEXP_03694,battery,Positive,it rarely needs a midday top-up
SYNEXP_03694,camera,Neutral,the camera feels typical for this range
SYNEXP_03694,performance,Positive,switching between tasks feels smooth
SYNEXP_03695,design,Neutral,its weight is manageable
SYNEXP_03695,display,Neutral,the display is usable in most places
SYNEXP_03695,camera,Negative,night photos come out soft
SYNEXP_03695,battery,Neutral,charging speed feels fairly ordinary
SYNEXP_03696,display,Neutral,the display is usable in most places
SYNEXP_03696,camera,Positive,photos retain pleasing detail in daylight
SYNEXP_03696,design,Neutral,the physical layout takes little time to learn
SYNEXP_03697,battery,Neutral,power use has been neither remarkable nor troublesome
SYNEXP_03697,camera,Positive,the camera captures natural colours
SYNEXP_03697,performance,Negative,apps pause when I switch between them
SYNEXP_03698,design,Negative,the finish picks up marks easily
SYNEXP_03698,battery,Positive,charging has fitted well into my routine
SYNEXP_03699,battery,Neutral,power use has been neither remarkable nor troublesome
SYNEXP_03699,design,Positive,the buttons feel thoughtfully placed
SYNEXP_03699,performance,Neutral,the speed feels normal for routine use
SYNEXP_03700,camera,Neutral,video quality meets my basic needs
SYNEXP_03700,display,Positive,scrolling looks smooth
SYNEXP_03701,camera,Neutral,video quality meets my basic needs
SYNEXP_03701,display,Positive,brightness adjusts well in changing light
SYNEXP_03702,display,Neutral,colours look fairly standard
SYNEXP_03702,performance,Negative,performance drops when several apps are open
SYNEXP_03703,camera,Positive,video remains steady when I walk
SYNEXP_03703,design,Positive,the weight feels well balanced
SYNEXP_03704,performance,Positive,the phone stays responsive under a busy workload
SYNEXP_03704,design,Negative,the phone is awkward to hold for long
SYNEXP_03704,display,Positive,text appears crisp on the panel
SYNEXP_03705,design,Positive,the buttons feel thoughtfully placed
SYNEXP_03705,performance,Neutral,the speed feels normal for routine use
SYNEXP_03706,design,Positive,the buttons feel thoughtfully placed
SYNEXP_03706,battery,Positive,it rarely needs a midday top-up
SYNEXP_03707,battery,Negative,charging feels slow when I am in a hurry
SYNEXP_03707,display,Neutral,the display is usable in most places
SYNEXP_03707,performance,Positive,performance has remained steady after weeks of use
SYNEXP_03707,camera,Positive,video remains steady when I walk
SYNEXP_03708,performance,Negative,the device warms up and slows down during games
SYNEXP_03708,camera,Neutral,the camera feels typical for this range
SYNEXP_03708,design,Positive,the buttons feel thoughtfully placed
SYNEXP_03708,battery,Neutral,the battery gets me through an average day
SYNEXP_03709,design,Neutral,the build feels ordinary for its price
SYNEXP_03709,camera,Positive,the camera captures natural colours
SYNEXP_03709,display,Neutral,the panel does its job without surprises
SYNEXP_03709,performance,Negative,the phone feels sluggish after a few minutes
SYNEXP_03710,design,Positive,the weight feels well balanced
SYNEXP_03710,camera,Negative,autofocus misses moving subjects
SYNEXP_03710,performance,Positive,performance has remained steady after weeks of use
SYNEXP_03711,display,Positive,brightness adjusts well in changing light
SYNEXP_03711,performance,Positive,games run consistently in my sessions
SYNEXP_03712,battery,Negative,standby drain is noticeable overnight
SYNEXP_03712,camera,Negative,autofocus misses moving subjects
SYNEXP_03712,performance,Negative,apps pause when I switch between them
SYNEXP_03712,design,Neutral,the physical layout takes little time to learn
SYNEXP_03713,battery,Negative,charging feels slow when I am in a hurry
SYNEXP_03713,camera,Neutral,the camera is fine for casual photos
SYNEXP_03713,design,Positive,the finish has held up well
SYNEXP_03714,display,Positive,scrolling looks smooth
SYNEXP_03714,camera,Neutral,the camera feels typical for this range
SYNEXP_03714,design,Negative,the finish picks up marks easily
SYNEXP_03714,performance,Positive,apps open quickly during everyday use
SYNEXP_03715,camera,Negative,night photos come out soft
SYNEXP_03715,battery,Neutral,the battery gets me through an average day
SYNEXP_03716,performance,Positive,switching between tasks feels smooth
SYNEXP_03716,design,Positive,its shape is comfortable to hold
SYNEXP_03717,display,Neutral,the display is usable in most places
SYNEXP_03717,camera,Negative,night photos come out soft
SYNEXP_03718,battery,Negative,standby drain is noticeable overnight
SYNEXP_03718,display,Negative,the panel appears dim outdoors
SYNEXP_03719,camera,Neutral,image quality is acceptable in good light
SYNEXP_03719,performance,Negative,apps pause when I switch between them
SYNEXP_03719,design,Positive,the buttons feel thoughtfully placed
SYNEXP_03719,battery,Negative,the battery struggles on busy days
SYNEXP_03720,design,Neutral,the design is practical rather than memorable
SYNEXP_03720,performance,Positive,apps open quickly during everyday use
SYNEXP_03720,display,Negative,the panel appears dim outdoors
SYNEXP_03721,camera,Neutral,the camera feels typical for this range
SYNEXP_03721,battery,Negative,the battery struggles on busy days
SYNEXP_03721,display,Negative,touch response occasionally misses a swipe
SYNEXP_03722,performance,Positive,the phone stays responsive under a busy workload
SYNEXP_03722,design,Negative,the buttons are difficult to reach
SYNEXP_03722,display,Negative,fine text looks less sharp than I hoped
SYNEXP_03723,camera,Positive,portraits look sharp without much effort
SYNEXP_03723,battery,Neutral,battery life is adequate for my usual schedule
SYNEXP_03723,display,Negative,fine text looks less sharp than I hoped
SYNEXP_03723,performance,Negative,gaming sessions bring noticeable stutter
SYNEXP_03724,performance,Positive,animations feel fluid
SYNEXP_03724,display,Positive,the display makes videos enjoyable
SYNEXP_03725,design,Negative,the frame feels less sturdy than expected
SYNEXP_03725,display,Negative,touch response occasionally misses a swipe
SYNEXP_03726,camera,Neutral,video quality meets my basic needs
SYNEXP_03726,performance,Positive,switching between tasks feels smooth
SYNEXP_03726,display,Negative,the panel appears dim outdoors
SYNEXP_03726,battery,Positive,I finish most days with power to spare
SYNEXP_03727,camera,Positive,photos retain pleasing detail in daylight
SYNEXP_03727,display,Neutral,colours look fairly standard
SYNEXP_03727,battery,Negative,the battery drains faster than I expected
SYNEXP_03728,performance,Negative,the phone feels sluggish after a few minutes
SYNEXP_03728,battery,Negative,charging feels slow when I am in a hurry
SYNEXP_03729,display,Negative,touch response occasionally misses a swipe
SYNEXP_03729,design,Negative,the phone is awkward to hold for long
SYNEXP_03729,battery,Negative,the battery struggles on busy days
SYNEXP_03729,performance,Neutral,apps run at a reasonable pace
SYNEXP_03730,design,Negative,the phone is awkward to hold for long
SYNEXP_03730,display,Positive,text appears crisp on the panel
SYNEXP_03730,performance,Neutral,multitasking is workable without standing out
SYNEXP_03730,battery,Neutral,charging speed feels fairly ordinary
SYNEXP_03731,battery,Positive,battery endurance has been dependable
SYNEXP_03731,camera,Negative,autofocus misses moving subjects
SYNEXP_03731,design,Negative,the design feels bulky in a pocket
SYNEXP_03732,performance,Neutral,multitasking is workable without standing out
SYNEXP_03732,design,Positive,the weight feels well balanced
SYNEXP_03733,camera,Positive,the camera captures natural colours
SYNEXP_03733,design,Neutral,its weight is manageable
SYNEXP_03733,performance,Positive,switching between tasks feels smooth
SYNEXP_03733,display,Neutral,the display is usable in most places
SYNEXP_03734,design,Positive,the buttons feel thoughtfully placed
SYNEXP_03734,display,Neutral,the panel does its job without surprises
SYNEXP_03734,performance,Positive,switching between tasks feels smooth
SYNEXP_03734,camera,Negative,autofocus misses moving subjects
SYNEXP_03735,display,Positive,screen colours look balanced
SYNEXP_03735,performance,Negative,apps pause when I switch between them
SYNEXP_03736,performance,Neutral,multitasking is workable without standing out
SYNEXP_03736,display,Negative,display colours look washed out
SYNEXP_03737,camera,Negative,autofocus misses moving subjects
SYNEXP_03737,display,Positive,screen colours look balanced
SYNEXP_03737,design,Negative,the buttons are difficult to reach
SYNEXP_03737,battery,Positive,battery endurance has been dependable
SYNEXP_03738,design,Positive,the finish has held up well
SYNEXP_03738,display,Negative,the panel appears dim outdoors
SYNEXP_03738,battery,Positive,it rarely needs a midday top-up
SYNEXP_03739,display,Negative,touch response occasionally misses a swipe
SYNEXP_03739,battery,Positive,the battery holds up during long commutes
SYNEXP_03739,camera,Neutral,image quality is acceptable in good light
SYNEXP_03739,design,Positive,the design is understated and attractive
SYNEXP_03740,camera,Neutral,image quality is acceptable in good light
SYNEXP_03740,battery,Positive,the charge comfortably lasts into the evening
SYNEXP_03740,design,Positive,the finish has held up well
SYNEXP_03740,performance,Positive,games run consistently in my sessions
SYNEXP_03741,camera,Negative,the camera loses detail indoors
SYNEXP_03741,performance,Neutral,the speed feels normal for routine use
SYNEXP_03742,camera,Positive,video remains steady when I walk
SYNEXP_03742,design,Negative,the buttons are difficult to reach
SYNEXP_03742,display,Negative,scrolling does not feel as smooth as expected
SYNEXP_03742,performance,Positive,performance has remained steady after weeks of use
SYNEXP_03743,display,Neutral,the panel does its job without surprises
SYNEXP_03743,battery,Neutral,charging speed feels fairly ordinary
SYNEXP_03743,performance,Neutral,apps run at a reasonable pace
SYNEXP_03744,camera,Positive,the camera captures natural colours
SYNEXP_03744,battery,Positive,charging has fitted well into my routine
SYNEXP_03744,display,Negative,fine text looks less sharp than I hoped
SYNEXP_03745,battery,Negative,charging feels slow when I am in a hurry
SYNEXP_03745,design,Negative,the phone is awkward to hold for long
SYNEXP_03745,performance,Negative,the phone feels sluggish after a few minutes
SYNEXP_03746,battery,Negative,standby drain is noticeable overnight
SYNEXP_03746,display,Neutral,colours look fairly standard
SYNEXP_03746,design,Neutral,the design is practical rather than memorable
SYNEXP_03746,performance,Negative,performance drops when several apps are open
SYNEXP_03747,design,Positive,the finish has held up well
SYNEXP_03747,display,Neutral,the display is usable in most places
SYNEXP_03747,battery,Positive,I finish most days with power to spare
SYNEXP_03747,performance,Positive,apps open quickly during everyday use
SYNEXP_03748,design,Positive,the buttons feel thoughtfully placed
SYNEXP_03748,battery,Positive,I finish most days with power to spare
SYNEXP_03748,performance,Positive,apps open quickly during everyday use
SYNEXP_03749,design,Negative,the buttons are difficult to reach
SYNEXP_03749,performance,Negative,the phone feels sluggish after a few minutes
SYNEXP_03749,battery,Positive,the battery holds up during long commutes
SYNEXP_03749,camera,Positive,the camera captures natural colours
SYNEXP_03750,camera,Positive,night photos have been better than expected
SYNEXP_03750,performance,Negative,apps pause when I switch between them
SYNEXP_03751,camera,Positive,portraits look sharp without much effort
SYNEXP_03751,design,Negative,the phone is awkward to hold for long
SYNEXP_03752,display,Negative,fine text looks less sharp than I hoped
SYNEXP_03752,design,Positive,the build feels solid in my hand
SYNEXP_03752,camera,Positive,video remains steady when I walk
SYNEXP_03753,design,Negative,the design feels bulky in a pocket
SYNEXP_03753,camera,Positive,portraits look sharp without much effort
SYNEXP_03754,design,Negative,the buttons are difficult to reach
SYNEXP_03754,camera,Negative,portraits often blur the edges
SYNEXP_03754,battery,Neutral,the battery gets me through an average day
SYNEXP_03755,battery,Neutral,power use has been neither remarkable nor troublesome
SYNEXP_03755,display,Negative,display colours look washed out
SYNEXP_03755,performance,Positive,performance has remained steady after weeks of use
SYNEXP_03756,display,Negative,the panel appears dim outdoors
SYNEXP_03756,battery,Positive,the battery holds up during long commutes
SYNEXP_03757,performance,Positive,performance has remained steady after weeks of use
SYNEXP_03757,design,Positive,the design is understated and attractive
SYNEXP_03757,battery,Neutral,power use has been neither remarkable nor troublesome
SYNEXP_03757,display,Negative,touch response occasionally misses a swipe
SYNEXP_03758,camera,Positive,photos retain pleasing detail in daylight
SYNEXP_03758,display,Positive,scrolling looks smooth
SYNEXP_03758,battery,Negative,the battery drains faster than I expected
SYNEXP_03759,design,Neutral,the design is practical rather than memorable
SYNEXP_03759,battery,Negative,the battery struggles on busy days
SYNEXP_03760,camera,Neutral,the camera is fine for casual photos
SYNEXP_03760,design,Neutral,the build feels ordinary for its price
SYNEXP_03760,battery,Negative,I often need to recharge before dinner
SYNEXP_03760,performance,Positive,apps open quickly during everyday use
SYNEXP_03761,battery,Positive,the charge comfortably lasts into the evening
SYNEXP_03761,display,Neutral,colours look fairly standard
SYNEXP_03761,camera,Neutral,image quality is acceptable in good light
SYNEXP_03761,design,Positive,the build feels solid in my hand
SYNEXP_03762,performance,Neutral,multitasking is workable without standing out
SYNEXP_03762,camera,Positive,photos retain pleasing detail in daylight
SYNEXP_03762,battery,Positive,the battery holds up during long commutes
SYNEXP_03763,design,Positive,the weight feels well balanced
SYNEXP_03763,battery,Neutral,battery life is adequate for my usual schedule
SYNEXP_03764,display,Negative,the panel appears dim outdoors
SYNEXP_03764,performance,Neutral,multitasking is workable without standing out
SYNEXP_03764,battery,Positive,the charge comfortably lasts into the evening
SYNEXP_03764,design,Positive,the buttons feel thoughtfully placed
SYNEXP_03765,display,Negative,the screen is hard to read in sunlight
SYNEXP_03765,camera,Neutral,image quality is acceptable in good light
SYNEXP_03766,battery,Positive,the charge comfortably lasts into the evening
SYNEXP_03766,camera,Positive,portraits look sharp without much effort
SYNEXP_03767,design,Positive,the build feels solid in my hand
SYNEXP_03767,performance,Neutral,the speed feels normal for routine use
SYNEXP_03768,performance,Negative,the phone feels sluggish after a few minutes
SYNEXP_03768,design,Negative,the finish picks up marks easily
SYNEXP_03769,performance,Negative,the phone feels sluggish after a few minutes
SYNEXP_03769,design,Negative,the phone is awkward to hold for long
SYNEXP_03769,battery,Neutral,charging speed feels fairly ordinary
SYNEXP_03769,display,Neutral,screen brightness is adequate indoors
